invoice_id,customer_id,placed_at_utc,delivery_slot,grand_total,paid_total,declared_items,campaign_ref,order_status
300006,1206,2024/09/10 08:03,,3430.18,,10,LUX-R6,shipped
300009,1228,2024-09-04T06:22:43Z,,2757.05,2757.05,4,WINTER-FLYER,paid
300010,1230,2024-09-18T06:48:08Z,,5589.04,,13,WINTER-FLYER,canceled
300014,1362,2024-09-22T14:53:28Z,,1212.2,,4,NONE,paid
300023,1449,2024-09-17T14:34:46Z,,2605.59,,7,RAMADAN-BUNDLE,paid
300026,1462,2024-09-24T07:05:41Z,,1441.88,1441.88,3,WINTER-FLYER,pending_hold
300027,1469,2024-09-28T06:24:50Z,,2762.08,,7,RAMADAN-BUNDLE,paid
300029,1481,2024-09-25T10:49:26Z,,1829.26,1829.26,3,,paid
300031,1490,2024-09-20T11:01:05Z,,3841.49,3841.49,5,NONE,pending_hold
300032,1511,2024-09-17T12:32:45Z,,7043.28,,13,,pending_hold
300034,1535,2024-09-26T14:19:59Z,,3494.67,3494.67,6,,pending_hold
300038,1564,2024-09-13T14:53:56Z,,3856.67,,8,LUX-R6,canceled
300045,1629,2024-09-28T09:13:28Z,,3114.3,3114.30,8,RAMADAN-BUNDLE,paid
300048,1702,2024-09-10T08:06:18Z,,2605.58,,7,NONE,paid
300051,1708,2024-09-01T18:52:48Z,,4689.99,4689.99,3,,paid
300055,1856,2024-09-04T12:43:04Z,,3666.2,,6,NONE,paid
300057,1903,2024-09-16T07:11:58Z,,8075.56,,10,NONE,paid
300061,1956,2024-09-01T19:16:39Z,,2577.07,2577.07,9,WINTER-FLYER,canceled
300067,2026,2024-09-02T09:50:25Z,,1714.28,,5,LUX-R6,pending_hold
300070,2090,2024-09-08T12:58:42Z,,6099.19,6099.19,9,,paid
300073,2094,2024-09-22T06:38:19Z,,1353.35,1353.35,3,WINTER-FLYER,canceled
300076,2118,2024/09/13 08:10,,5158.46,,12,NONE,canceled
300078,2144,2024-09-12T08:59:25Z,,6051.85,,4,NONE,paid
300080,2144,2024-09-13T07:55:44Z,,2873.16,2873.16,7,NONE,canceled
300081,2152,2024-09-22T10:05:09Z,,2829.27,,4,NONE,paid
300096,2399,2024-09-28T12:38:35Z,,2003.15,,7,,canceled
300098,2422,2024-09-10T11:22:49Z,,3081.49,3081.49,7,,canceled
300099,2444,2024-09-11T08:00:56Z,,1401.03,1401.03,4,NONE,paid
300100,2444,2024-09-17T14:43:38Z,,1416.99,1416.99,5,LUX-R6,paid
300103,2565,2024-09-02T08:01:50Z,,1491.43,1491.43,2,WINTER-FLYER,paid
300104,2581,2024-09-18T13:49:18Z,,4750.26,,5,NONE,paid
300105,2581,2024-09-03T09:36:20Z,,1226.06,,4,,paid
300109,2656,2024-09-12T09:56:03Z,,1153.25,1153.25,3,LUX-R6,shipped
300113,2678,2024-09-25T10:50:13Z,,3180.4,,8,,paid
300114,2678,2024-09-08T12:35:09Z,,3381.33,,6,WINTER-FLYER,pending_hold
300115,2678,2024-09-09T10:20:19Z,,6441.57,6441.57,10,RAMADAN-BUNDLE,pending_hold
300120,2725,2024-09-07T07:23:50Z,,1356.25,1356.25,2,NONE,paid
300122,2738,2024-09-24T12:01:27Z,,340.09,,3,WINTER-FLYER,pending_hold
300130,2790,2024-09-12T10:00:06Z,,1106.85,,4,WINTER-FLYER,paid
300133,1022,2024-10-08T11:11:08Z,,8556.26,,13,,paid
300138,1080,2024-10-12T13:04:04Z,,4646.79,,9,WINTER-FLYER,shipped
300140,1115,2024-10-04T06:35:07Z,,2821.51,2821.51,8,NONE,shipped
300147,1200,2024-10-05T12:12:23Z,,8355.34,,8,RAMADAN-BUNDLE,canceled
300151,1263,2024-10-14T13:33:26Z,,2503.82,,7,NONE,shipped
300152,1263,2024-10-28T12:02:15Z,,4244.56,,15,RAMADAN-BUNDLE,paid
300165,1333,2024-10-01T09:45:04Z,,711.36,711.36,3,NONE,shipped
300166,1348,2024-10-08T09:23:05Z,,4722.82,,8,,canceled
300167,1348,2024-10-08T06:20:07Z,,2242.37,2242.37,6,LUX-R6,pending_hold
300168,1362,2024-10-12T14:08:56Z,,1069.47,,4,,paid
300170,1364,2024-10-17T09:21:57Z,,2857.8,,5,LUX-R6,canceled
300176,1394,2024-10-06T08:26:40Z,,6001.96,,4,LUX-R6,paid
300178,1394,2024-10-27T11:22:17Z,,2733.67,2733.67,7,LUX-R6,paid
300179,1394,2024-10-11T11:24:51Z,,4490.16,,11,WINTER-FLYER,paid
300183,1446,2024-10-16T10:11:41Z,,4440.97,,8,WINTER-FLYER,canceled
300186,1449,2024-10-01T12:22:22Z,,6195.08,,5,NONE,pending_hold
300192,1472,2024-10-13T10:37:51Z,,3763.26,3763.26,5,,paid
300193,1472,2024-10-12T12:02:48Z,,2534.61,2534.61,7,LUX-R6,paid
300195,1483,2024-10-18T07:05:53Z,,5555.88,,7,NONE,shipped
300196,1492,2024-10-27T11:51:04Z,,2226.08,,5,LUX-R6,pending_hold
300197,1492,2024-10-23T11:52:48Z,,3250.73,,9,RAMADAN-BUNDLE,paid
300205,1573,2024/10/10 11:55,,7530.3,7530.30,12,NONE,paid
300214,1610,2024-10-26T12:17:48Z,,3912.15,3912.15,8,NONE,paid
300215,1610,2024-10-11T10:57:09Z,,5165.56,,9,NONE,pending_hold
300221,1664,2024-10-07T11:13:43Z,,4352.1,4352.10,10,WINTER-FLYER,paid
300227,1671,2024-10-12T13:04:27Z,,1964.92,1964.92,8,WINTER-FLYER,pending_hold
300230,1702,2024-10-15T09:15:16Z,,3242.41,3242.41,13,WINTER-FLYER,canceled
300232,1708,2024/10/08 10:37,,1714.45,,4,NONE,shipped
300234,1767,2024-10-28T06:02:57Z,,3602.33,3602.33,5,RAMADAN-BUNDLE,paid
300238,1813,2024-10-10T08:24:10Z,,1565.42,,6,LUX-R6,paid
300239,1817,2024-10-25T09:33:47Z,,3787.19,3787.19,5,NONE,paid
300240,1835,2024-10-11T12:28:55Z,,3485.24,,5,RAMADAN-BUNDLE,canceled
300246,1848,2024-10-21T06:53:08Z,,3587.91,,4,RAMADAN-BUNDLE,shipped
300248,1872,2024-10-08T09:54:13Z,,3844.17,3844.17,8,,paid
300249,1872,2024-10-18T08:00:06Z,,3783.15,,7,LUX-R6,paid
300250,1882,2024-10-14T13:02:10Z,,4867.78,,6,WINTER-FLYER,paid
300253,1908,2024/10/04 08:37,,2306.26,2306.26,5,NONE,paid
300256,1938,2024-10-26T16:56:37Z,,2140.33,,6,NONE,paid
300257,1938,2024-10-18T10:24:56Z,,4843.25,4843.25,10,WINTER-FLYER,shipped
300260,1956,2024-10-14T11:27:26Z,,2969.46,,6,WINTER-FLYER,paid
300264,1989,2024-10-12T10:51:29Z,,2049.4,,2,NONE,shipped
300270,2010,2024-10-11T15:16:26Z,,1834.22,,4,WINTER-FLYER,canceled
300274,2024,2024-10-13T12:06:26Z,,1670.42,,5,NONE,paid
300276,2036,2024-10-22T11:49:06Z,,2999.66,2999.66,8,,shipped
300282,2110,2024-10-28T11:07:27Z,,6389.55,6389.55,7,LUX-R6,shipped
300284,2118,2024-10-23T07:55:26Z,,2111.95,2111.95,5,RAMADAN-BUNDLE,paid
300296,2227,2024-10-10T06:11:54Z,,2252.82,,8,LUX-R6,paid
300298,2229,2024-10-09T13:44:02Z,,6711.59,6711.59,7,,canceled
300299,2229,2024-10-09T06:44:30Z,,2492.72,2492.72,7,LUX-R6,paid
300303,2240,2024-10-16T11:45:22Z,,1664.59,1664.59,2,LUX-R6,shipped
300307,2294,2024-10-07T11:03:53Z,,1139.9,1139.90,4,RAMADAN-BUNDLE,pending_hold
300319,2345,2024-10-26T14:03:38Z,,1108.96,1108.96,6,,paid
300320,2345,2024-10-26T08:40:59Z,,2223.25,,4,NONE,paid
300323,2369,2024-10-21T06:57:42Z,,5688.96,,6,RAMADAN-BUNDLE,paid
300325,2408,2024-10-24T12:53:25Z,,4404.36,4404.36,7,,paid
300326,2435,2024-10-22T09:21:57Z,,3273.25,,8,NONE,paid
300332,2475,2024-10-02T14:54:21Z,,7974.62,,14,,shipped
300334,2506,2024-10-09T10:53:05Z,,2935.34,,8,NONE,paid
300336,2508,2024-10-12T09:24:53Z,,1262.27,,4,WINTER-FLYER,pending_hold
300340,2542,2024-10-12T07:39:08Z,,1618.01,,5,NONE,paid
300345,2609,2024-10-02T12:15:44Z,,3172.69,3172.69,7,RAMADAN-BUNDLE,paid
300349,2630,2024-10-15T06:19:48Z,,7539.78,7539.78,15,WINTER-FLYER,paid
300351,2653,2024-10-14T06:44:40Z,,4353.06,4353.06,4,NONE,paid
300352,2654,2024-10-13T14:43:27Z,,4996.05,4996.05,11,LUX-R6,pending_hold
300354,2654,2024-10-11T06:18:37Z,,198.38,,2,RAMADAN-BUNDLE,canceled
300358,2668,2024-10-04T13:28:18Z,,4906.05,4906.05,9,NONE,pending_hold
300359,2671,2024-10-01T06:15:19Z,,1535.75,1535.75,7,WINTER-FLYER,shipped
300360,2671,2024-10-01T10:19:54Z,,2773.36,2773.36,6,NONE,shipped
300362,2693,2024-10-23T14:37:11Z,,3288.9,,9,,pending_hold
300364,2725,2024-10-22T06:34:44Z,,3357.78,,6,RAMADAN-BUNDLE,canceled
300367,2729,2024-10-07T11:28:14Z,,2990.56,,8,LUX-R6,pending_hold
300377,2769,2024-10-24T06:18:38Z,,3163.84,3163.84,7,LUX-R6,paid
300379,2774,2024-10-15T10:13:05Z,,280.84,,3,NONE,paid
300380,2774,2024-10-28T12:44:43Z,,5453.4,5453.40,10,,pending_hold
300381,2783,2024-10-11T06:37:19Z,,4634.06,,10,WINTER-FLYER,canceled
300385,1013,2024-11-18T09:46:39Z,,5753.69,,7,NONE,shipped
300386,1013,2024/11/10 08:10,,3889.2,,2,NONE,pending_hold
300388,1016,2024-11-21T16:42:54Z,,1009.67,,2,RAMADAN-BUNDLE,shipped
300392,1019,2024-11-08T09:00:35Z,,3596.45,,7,NONE,paid
300395,1021,2024-11-12T07:05:16Z,,5994.92,5994.92,7,NONE,paid
300399,1026,2024-11-26T08:55:27Z,,4407.23,,10,LUX-R6,paid
300400,1041,2024-11-03T06:13:34Z,,9834.63,9834.63,13,WINTER-FLYER,paid
300405,1074,2024-11-01T11:00:52Z,,2710.87,2710.87,8,NONE,paid
300408,1084,2024-11-21T09:51:23Z,,2361.11,2361.11,4,RAMADAN-BUNDLE,canceled
300411,1116,2024-11-22T16:43:25Z,,2610.93,,5,,pending_hold
300414,1144,2024-11-19T12:47:48Z,,2587.32,,7,NONE,pending_hold
300416,1158,2024-11-06T10:18:58Z,,3225.21,,5,WINTER-FLYER,canceled
300417,1158,2024-11-04T08:04:51Z,,4715.85,4715.85,12,NONE,paid
300422,1175,2024-11-15T12:32:41Z,,2896.94,2896.94,7,NONE,paid
300423,1178,2024-11-20T08:55:57Z,,1051.9,1051.90,2,WINTER-FLYER,paid
300429,1186,2024-11-18T06:40:29Z,,7722.12,,11,NONE,paid
300434,1206,2024-11-05T11:39:30Z,,2145.53,2145.53,3,NONE,paid
300435,1226,2024-11-22T09:16:11Z,,1895.19,1895.19,5,LUX-R6,pending_hold
300436,1226,2024/11/02 12:35,,4507.72,,3,WINTER-FLYER,paid
300437,1227,2024-11-23T13:21:15Z,,2529.39,,8,LUX-R6,pending_hold
300450,1293,2024-11-04T08:12:44Z,,4081.86,4081.86,5,WINTER-FLYER,paid
300453,1306,2024-11-12T10:54:15Z,,3873.82,,8,RAMADAN-BUNDLE,paid
300455,1323,2024-11-17T09:38:37Z,,4829.55,4829.55,7,LUX-R6,paid
300456,1324,2024/11/14 09:12,,771.13,771.13,4,NONE,paid
300462,1349,2024-11-02T09:21:29Z,,2689.5,2689.50,6,LUX-R6,paid
300464,1358,2024-11-07T14:23:10Z,,3004.73,,5,WINTER-FLYER,paid
300465,1370,2024/11/05 08:23,,1108.04,,5,,paid
300467,1383,2024-11-28T09:10:28Z,,4114.1,4114.10,7,LUX-R6,shipped
300470,1394,2024-11-04T13:32:59Z,,2129.77,,4,NONE,paid
300471,1394,2024-11-06T12:43:59Z,,3251.76,3251.76,6,NONE,canceled
300479,1426,2024-11-07T09:25:10Z,,3322.59,3322.59,7,NONE,pending_hold
300482,1432,2024-11-28T10:31:32Z,,3715.38,,9,WINTER-FLYER,shipped
300483,1433,2024-11-14T12:18:29Z,,3525.32,,5,NONE,paid
300487,1444,2024-11-07T10:10:44Z,,5809.37,,10,LUX-R6,paid
300489,1449,2024-11-22T08:27:14Z,,5316.46,5316.46,15,WINTER-FLYER,shipped
300495,1490,2024/11/08 08:21,,1070.22,,5,RAMADAN-BUNDLE,paid
300496,1492,2024-11-03T08:04:48Z,,7871.21,,12,RAMADAN-BUNDLE,paid
300497,1492,2024-11-22T13:43:42Z,,2214.12,,8,NONE,pending_hold
300501,1506,2024/11/07 08:56,,3353.68,3353.68,15,LUX-R6,shipped
300507,1539,2024-11-06T09:08:22Z,,629.93,,4,NONE,paid
300508,1539,2024-11-05T08:46:44Z,,1077.23,,3,WINTER-FLYER,paid
300522,1609,2024-11-09T09:26:46Z,,1801.07,,4,NONE,pending_hold
300523,1614,2024-11-25T10:41:59Z,,3428.26,,6,LUX-R6,pending_hold
300525,1620,2024-11-11T13:45:08Z,,794.55,794.55,4,LUX-R6,canceled
300529,1623,2024-11-17T07:25:06Z,,4395.23,,12,NONE,paid
300531,1624,2024-11-07T14:12:36Z,,3821.05,,5,NONE,paid
300538,1699,2024-11-04T06:54:39Z,,7055.03,,12,,paid
300540,1702,2024-11-06T09:26:11Z,,4592.55,4592.55,8,,paid
300541,1702,2024-11-27T06:40:11Z,,1379.98,,6,NONE,paid
300545,1708,2024-11-17T08:45:14Z,,6622.59,6622.59,9,NONE,shipped
300550,1711,2024-11-03T10:57:08Z,,2837.62,2837.62,6,LUX-R6,canceled
300552,1733,2024-11-28T12:19:43Z,,3793.2,3793.20,7,LUX-R6,paid
300553,1733,2024-11-06T13:11:45Z,,5337.46,5337.46,9,NONE,shipped
300555,1756,2024-11-28T10:14:44Z,,1804.99,,8,NONE,paid
300560,1767,2024-11-12T06:31:41Z,,2971.27,,8,LUX-R6,pending_hold
300565,1837,2024-11-10T11:44:38Z,,1506.14,,8,NONE,paid
300568,1846,2024-11-03T07:48:27Z,,1947.68,1947.68,5,NONE,pending_hold
300569,1851,2024-11-27T06:25:47Z,,3122.06,,8,NONE,shipped
300570,1851,2024-11-18T11:23:16Z,,3213.11,,7,WINTER-FLYER,paid
300571,1851,2024-11-17T10:17:00Z,,6228.14,6228.14,14,WINTER-FLYER,paid
300578,1888,2024-11-18T16:49:51Z,,5225.48,,3,,canceled
300579,1888,2024-11-19T11:36:30Z,,990.85,,5,WINTER-FLYER,paid
300580,1893,2024-11-03T06:21:18Z,,3166.44,3166.44,7,RAMADAN-BUNDLE,shipped
300587,1915,2024-11-27T13:39:24Z,,2810.22,,7,NONE,paid
300594,1938,2024-11-22T14:24:39Z,,10625.72,10625.72,13,WINTER-FLYER,paid
300596,1944,2024-11-12T08:39:39Z,,1795.99,,7,WINTER-FLYER,pending_hold
300605,1980,2024-11-27T15:30:24Z,,1050.32,,6,WINTER-FLYER,paid
300608,1989,2024-11-01T11:55:06Z,,3773.39,,8,NONE,pending_hold
300611,1995,2024-11-02T14:59:46Z,,1823.05,1823.05,5,LUX-R6,pending_hold
300613,2000,2024-11-26T12:41:44Z,,1744.78,1744.78,3,,pending_hold
300614,2010,2024-11-11T13:36:29Z,,963.94,963.94,4,RAMADAN-BUNDLE,shipped
300615,2010,2024/11/26 11:32,,6562.41,,8,,paid
300623,2057,2024-11-23T10:06:38Z,,4184.46,4184.46,8,LUX-R6,paid
300624,2057,2024-11-11T09:23:11Z,,6643.22,,9,NONE,paid
300626,2060,2024-11-21T08:15:29Z,,2902.86,,4,,canceled
300627,2078,2024-11-17T06:32:36Z,,7940.49,,11,NONE,paid
300629,2078,2024-11-23T14:10:29Z,,3762.84,3762.84,7,RAMADAN-BUNDLE,shipped
300632,2104,2024-11-06T14:28:07Z,,1354.49,,5,NONE,pending_hold
300637,2150,2024-11-22T12:34:23Z,,4627.39,,9,RAMADAN-BUNDLE,paid
300639,2178,2024/11/14 13:39,,4017.97,4017.97,6,RAMADAN-BUNDLE,canceled
300640,2180,2024-11-15T13:53:53Z,,5739.41,5739.41,9,RAMADAN-BUNDLE,canceled
300641,2180,2024-11-15T10:09:37Z,,4067.05,4067.05,8,,paid
300643,2180,2024-11-10T12:09:38Z,,5546.42,,10,,shipped
300644,2180,2024-11-05T12:10:36Z,,1782.37,1782.37,6,,paid
300646,2180,2024/11/05 10:41,,3407.78,,8,LUX-R6,paid
300647,2183,2024-11-14T10:28:08Z,,3249.03,,3,WINTER-FLYER,paid
300649,2201,2024-11-25T13:36:27Z,,1811.18,,3,RAMADAN-BUNDLE,paid
300658,2270,2024-11-16T06:42:16Z,,5366.82,,10,WINTER-FLYER,pending_hold
300659,2270,2024/11/15 13:27,,8190.31,8190.31,11,LUX-R6,canceled
300667,2307,2024-11-28T10:53:00Z,,7119.58,,8,NONE,shipped
300674,2327,2024-11-21T08:43:05Z,,2044.84,,6,WINTER-FLYER,paid
300678,2333,2024-11-28T12:45:12Z,,3477.85,,5,LUX-R6,paid
300681,2341,2024-11-06T10:25:15Z,,5589.73,,14,WINTER-FLYER,paid
300685,2362,2024-11-19T09:03:44Z,,3889.35,,6,,paid
300690,2378,2024-11-22T07:20:26Z,,278.57,278.57,5,,paid
300692,2385,2024-11-20T11:25:35Z,,8986.81,,9,,paid
300693,2385,2024-11-07T08:38:01Z,,1909.39,,4,RAMADAN-BUNDLE,canceled
300698,2399,2024-11-01T06:26:14Z,,6647.85,6647.85,11,WINTER-FLYER,paid
300702,2400,2024-11-17T06:44:23Z,,2826.01,2826.01,6,WINTER-FLYER,pending_hold
300703,2400,2024-11-18T12:52:33Z,,3333.59,3333.59,8,NONE,paid
300707,2422,2024/11/08 13:10,,3632.38,3632.38,8,RAMADAN-BUNDLE,paid
300717,2493,2024-11-06T11:03:40Z,,1082.58,1082.58,4,LUX-R6,shipped
300721,2508,2024-11-21T08:04:20Z,,5723.85,5723.85,6,WINTER-FLYER,paid
300722,2518,2024-11-02T08:34:57Z,,2019.48,2019.48,6,NONE,paid
300727,2540,2024-11-14T06:41:07Z,,3844.56,3844.56,7,RAMADAN-BUNDLE,pending_hold
300728,2542,2024-11-27T10:27:26Z,,2802.33,2802.33,9,RAMADAN-BUNDLE,paid
300729,2542,2024/11/05 09:27,,3238.48,,10,NONE,shipped
300730,2542,2024-11-05T11:09:48Z,,4023.09,,8,RAMADAN-BUNDLE,paid
300736,2549,2024-11-25T15:28:45Z,,2558.61,,3,NONE,paid
300740,2565,2024-11-14T13:42:33Z,,2366.94,,5,WINTER-FLYER,paid
300741,2565,2024-11-12T12:51:58Z,,5057.17,5057.17,15,NONE,paid
300742,2568,2024-11-08T10:40:21Z,,1912.12,,7,NONE,paid
300744,2579,2024-11-24T14:48:16Z,,2835.94,,4,NONE,paid
300746,2579,2024-11-06T12:08:56Z,,969.14,,4,,canceled
300747,2581,2024-11-05T07:49:21Z,,3897.87,,8,WINTER-FLYER,shipped
300749,2588,2024-11-04T07:42:53Z,,456.82,456.82,2,LUX-R6,paid
300751,2606,2024-11-13T06:05:53Z,,5839.09,5839.09,8,RAMADAN-BUNDLE,paid
300759,2638,2024-11-22T12:53:16Z,,6612.81,,9,WINTER-FLYER,pending_hold
300761,2639,2024-11-02T08:40:05Z,,3419.74,,8,,paid
300767,2656,2024-11-20T10:15:54Z,,3164.54,3164.54,6,NONE,shipped
300771,2662,2024-11-28T17:24:11Z,,5316.36,,13,NONE,canceled
300773,2673,2024-11-23T14:43:15Z,,1027.15,1027.15,4,,paid
300778,2683,2024-11-02T11:28:58Z,,7102.48,,9,WINTER-FLYER,canceled
300780,2689,2024-11-27T08:54:01Z,,1777.97,1777.97,4,WINTER-FLYER,pending_hold
300787,2709,2024-11-05T14:37:44Z,,5904.58,5904.58,11,RAMADAN-BUNDLE,shipped
300789,2716,2024-11-19T10:47:13Z,,5187.91,,10,LUX-R6,shipped
300793,2746,2024-11-15T09:06:56Z,,8717.27,8717.27,12,WINTER-FLYER,canceled
300794,2747,2024-11-13T09:36:22Z,,5026.69,5026.69,12,WINTER-FLYER,paid
300795,2747,2024-11-18T09:54:16Z,,6299.29,,9,WINTER-FLYER,canceled
300799,2752,2024-11-24T16:35:07Z,,5169.95,,7,NONE,canceled
300803,2760,2024-11-18T11:38:45Z,,2366.39,,5,LUX-R6,shipped
300804,2760,2024-11-02T12:56:52Z,,1621.52,1621.52,6,,shipped
300807,2769,2024-11-05T18:12:18Z,,3361.77,3361.77,4,WINTER-FLYER,canceled
300809,2777,2024-11-22T11:20:52Z,,1941.78,,6,NONE,paid
300813,2784,2024-11-27T12:18:00Z,,3027.04,3027.04,4,,canceled
300816,2790,2024-11-22T12:35:15Z,,1103.07,,4,,canceled
300818,1002,2024-12-27T09:00:57Z,,3019.1,,8,,paid
300822,1019,2024-12-14T08:26:19Z,,6920.0,6920.00,9,NONE,shipped
300831,1049,2024-12-16T12:53:46Z,,2672.77,2672.77,8,RAMADAN-BUNDLE,shipped
300833,1049,2024-12-05T09:51:07Z,,3817.78,3817.78,11,NONE,paid
300834,1049,2024-12-27T10:22:38Z,,4700.75,4700.75,5,LUX-R6,shipped
300835,1056,2024-12-20T12:41:08Z,,759.14,,3,WINTER-FLYER,pending_hold
300836,1059,2024-12-22T08:43:21Z,,4838.13,,6,NONE,paid
300839,1064,2024-12-05T06:26:56Z,,1708.06,,5,WINTER-FLYER,paid
300840,1074,2024-12-24T06:20:11Z,,5181.62,5181.62,7,RAMADAN-BUNDLE,pending_hold
300842,1076,2024-12-06T10:34:06Z,,2785.4,2785.40,10,NONE,shipped
300845,1080,2024-12-26T12:01:35Z,,2801.57,2801.57,6,,paid
300846,1084,2024-12-19T11:24:58Z,,4501.26,,8,RAMADAN-BUNDLE,paid
300847,1084,2024-12-10T12:36:06Z,,3019.57,,5,LUX-R6,paid
300848,1093,2024-12-19T07:03:52Z,,1959.15,1959.15,6,RAMADAN-BUNDLE,paid
300853,1102,2024-12-09T15:32:27Z,,3833.64,3833.64,6,WINTER-FLYER,paid
300854,1102,2024-12-28T11:16:11Z,,2143.3,,10,WINTER-FLYER,pending_hold
300863,1138,2024/12/09 15:46,,5813.92,,7,,canceled
300864,1138,2024-12-13T07:15:30Z,,2864.31,,6,,shipped
300866,1144,2024-12-21T13:40:11Z,,1159.66,,3,LUX-R6,paid
300878,1178,2024-12-23T08:27:46Z,,2652.7,,6,LUX-R6,pending_hold
300884,1183,2024-12-18T10:55:07Z,,5970.44,5970.44,11,NONE,shipped
300885,1183,2024-12-05T06:04:52Z,,6379.82,6379.82,9,WINTER-FLYER,shipped
300886,1183,2024-12-15T06:11:21Z,,5562.97,5562.97,12,LUX-R6,canceled
300897,1220,2024-12-16T13:20:34Z,,1094.29,1094.29,3,LUX-R6,canceled
300899,1220,2024-12-26T09:00:21Z,,4364.55,,9,WINTER-FLYER,paid
300900,1220,2024-12-25T15:11:28Z,,1098.86,,3,NONE,canceled
300904,1227,2024/12/01 10:52,,9010.12,9010.12,14,NONE,paid
300905,1227,2024-12-19T06:55:46Z,,3018.58,3018.58,4,RAMADAN-BUNDLE,paid
300913,1230,2024-12-28T08:54:47Z,,2969.5,2969.50,3,LUX-R6,paid
300915,1230,2024-12-22T13:15:51Z,,713.87,713.87,2,WINTER-FLYER,paid
300917,1230,2024-12-11T13:19:02Z,,5159.27,5159.27,10,,pending_hold
300918,1241,2024-12-23T09:51:02Z,,5040.82,5040.82,6,WINTER-FLYER,paid
300919,1243,2024-12-13T11:59:12Z,,2473.78,2473.78,4,NONE,shipped
300921,1260,2024-12-03T10:45:34Z,,2995.37,,4,NONE,pending_hold
300922,1263,2024-12-28T10:33:12Z,,2912.51,,4,WINTER-FLYER,paid
300926,1274,2024-12-28T12:16:10Z,,5044.84,5044.84,9,NONE,paid
300927,1278,2024-12-16T06:27:15Z,,3671.11,3671.11,6,LUX-R6,paid
300928,1278,2024-12-12T08:07:36Z,,6326.27,6326.27,12,LUX-R6,paid
300930,1288,2024-12-02T09:31:23Z,,1484.37,,3,LUX-R6,canceled
300931,1289,2024-12-23T09:52:12Z,,8334.49,,11,NONE,paid
300934,1297,2024-12-01T07:49:34Z,,651.35,,3,LUX-R6,paid
300941,1317,2024/12/16 14:00,,4900.69,,2,,shipped
300948,1322,2024-12-12T10:57:33Z,,1752.32,,4,,pending_hold
300949,1323,2024-12-24T10:31:06Z,,2220.1,,6,NONE,canceled
300950,1323,2024-12-06T08:54:33Z,,2382.68,,7,NONE,paid
300951,1324,2024-12-07T06:23:38Z,,5249.76,5249.76,10,WINTER-FLYER,paid
300953,1329,2024-12-07T10:29:47Z,,5428.86,,10,NONE,paid
300954,1335,2024-12-08T13:42:47Z,,6839.45,6839.45,10,LUX-R6,paid
300961,1362,2024-12-07T14:34:19Z,,566.99,566.99,2,RAMADAN-BUNDLE,pending_hold
300962,1362,2024-12-07T06:14:34Z,,4549.98,4549.98,8,WINTER-FLYER,paid
300967,1370,2024-12-08T12:53:28Z,,2710.76,2710.76,9,LUX-R6,shipped
300969,1373,2024-12-15T09:17:20Z,,5171.71,5171.71,11,RAMADAN-BUNDLE,paid
300970,1383,2024-12-15T11:18:42Z,,2693.01,2693.01,4,NONE,shipped
300971,1383,2024-12-18T08:02:05Z,,4854.81,4854.81,15,,shipped
300975,1413,2024-12-28T14:51:21Z,,14459.69,,15,RAMADAN-BUNDLE,shipped
300976,1413,2024-12-14T10:16:06Z,,3666.86,,5,RAMADAN-BUNDLE,canceled
300978,1418,2024/12/24 12:36,,7361.51,,11,RAMADAN-BUNDLE,paid
300979,1419,2024-12-23T06:15:45Z,,6112.16,6112.16,11,NONE,pending_hold
300981,1421,2024-12-22T10:26:03Z,,3020.16,,5,RAMADAN-BUNDLE,shipped
300982,1427,2024-12-06T06:13:22Z,,10067.65,10067.65,14,,shipped
300984,1444,2024-12-06T11:07:07Z,,1648.43,1648.43,7,NONE,pending_hold
300986,1449,2024-12-28T07:26:28Z,,5276.27,,9,RAMADAN-BUNDLE,pending_hold
300992,1457,2024-12-04T07:21:47Z,,4874.07,4874.07,7,NONE,paid
301000,1481,2024-12-08T06:36:28Z,,4575.92,4575.92,8,,paid
301001,1481,2024-12-25T13:35:05Z,,5413.35,,8,LUX-R6,pending_hold
301010,1506,2024-12-21T14:07:40Z,,1273.56,1273.56,2,NONE,paid
301012,1513,2024-12-02T09:31:26Z,,3949.51,,4,,paid
301013,1526,2024-12-25T14:52:45Z,,1908.86,,4,WINTER-FLYER,shipped
301015,1539,2024-12-11T09:48:52Z,,1593.82,1593.82,6,WINTER-FLYER,canceled
301016,1549,2024-12-17T11:39:35Z,,4786.93,,9,RAMADAN-BUNDLE,canceled
301025,1573,2024-12-18T13:51:31Z,,3635.11,3635.11,8,WINTER-FLYER,pending_hold
301030,1583,2024-12-22T06:53:04Z,,2370.86,2370.86,4,WINTER-FLYER,pending_hold
301036,1593,2024-12-06T08:48:19Z,,3620.76,,5,,shipped
301041,1614,2024-12-23T12:18:49Z,,2144.67,2144.67,4,NONE,canceled
301042,1614,2024-12-04T06:34:56Z,,2473.71,2473.71,8,WINTER-FLYER,paid
301046,1620,2024-12-10T11:27:52Z,,4443.38,,5,NONE,pending_hold
301047,1621,2024/12/03 15:00,,1065.88,,4,NONE,pending_hold
301049,1624,2024-12-25T07:42:12Z,,321.67,,2,,canceled
301051,1629,2024-12-17T11:29:07Z,,3012.63,,6,WINTER-FLYER,canceled
301052,1629,2024-12-26T10:37:37Z,,3905.99,,4,RAMADAN-BUNDLE,paid
301057,1650,2024-12-07T11:22:59Z,,1200.84,,4,WINTER-FLYER,paid
301058,1650,2024-12-02T07:36:38Z,,2254.85,,7,NONE,shipped
301060,1659,2024-12-16T11:52:52Z,,2374.46,2374.46,4,WINTER-FLYER,paid
301062,1671,2024-12-26T09:12:07Z,,2230.02,2230.02,9,LUX-R6,paid
301070,1676,2024/12/16 08:06,,10071.68,,10,LUX-R6,pending_hold
301072,1708,2024-12-14T09:23:25Z,,2209.29,,6,,paid
301077,1720,2024-12-14T11:45:01Z,,2991.16,,5,NONE,paid
301081,1736,2024-12-25T07:31:12Z,,2842.62,2842.62,7,,canceled
301082,1750,2024/12/09 08:35,,5364.33,,10,LUX-R6,shipped
301084,1756,2024-12-18T12:52:11Z,,6434.54,6434.54,7,NONE,paid
301087,1764,2024-12-05T07:00:08Z,,2825.81,,4,LUX-R6,paid
301091,1767,2024-12-09T10:55:36Z,,8136.77,8136.77,11,LUX-R6,paid
301092,1780,2024-12-17T10:50:03Z,,7480.29,,14,,shipped
301095,1788,2024-12-01T13:03:45Z,,3902.25,,10,,paid
301100,1793,2024-12-07T06:45:39Z,,3021.19,3021.19,6,,shipped
301103,1793,2024-12-25T10:38:24Z,,3340.63,,5,LUX-R6,canceled
301105,1795,2024-12-20T12:39:17Z,,1674.24,,4,WINTER-FLYER,shipped
301108,1802,2024-12-15T09:22:21Z,,4404.14,4404.14,7,LUX-R6,shipped
301109,1802,2024-12-17T09:58:52Z,,2179.55,2179.55,8,NONE,shipped
301110,1813,2024-12-21T08:39:22Z,,4838.55,,7,NONE,paid
301111,1824,2024-12-16T10:13:48Z,,4480.03,,6,,paid
301117,1847,2024-12-24T12:58:50Z,,3667.82,,8,,shipped
301119,1865,2024-12-05T06:00:27Z,,2823.45,2823.45,15,LUX-R6,paid
301123,1882,2024-12-09T10:26:50Z,,5770.83,5770.83,11,NONE,paid
301126,1903,2024-12-10T14:51:51Z,,1751.27,1751.27,9,NONE,paid
301129,1911,2024-12-07T07:01:06Z,,1312.75,,5,,paid
301130,1914,2024-12-28T14:03:48Z,,5004.24,5004.24,5,WINTER-FLYER,shipped
301133,1921,2024-12-03T10:41:43Z,,2737.95,,5,WINTER-FLYER,shipped
301140,1945,2024-12-19T13:20:29Z,,4239.7,4239.70,8,NONE,paid
301144,1956,2024-12-24T11:17:17Z,,8894.73,,14,LUX-R6,canceled
301145,1957,2024-12-17T09:23:36Z,,6710.1,,12,LUX-R6,paid
301146,1961,2024-12-08T15:00:58Z,,8517.27,8517.27,15,NONE,canceled
301147,1970,2024-12-13T09:37:28Z,,1705.29,,8,RAMADAN-BUNDLE,shipped
301150,1989,2024-12-22T08:11:06Z,,1844.49,1844.49,8,WINTER-FLYER,pending_hold
301160,2001,2024-12-28T12:00:10Z,,2340.84,,3,NONE,canceled
301166,2026,2024/12/22 09:10,,8558.99,8558.99,10,NONE,pending_hold
301170,2032,2024-12-10T13:31:59Z,,2838.02,,3,RAMADAN-BUNDLE,paid
301172,2041,2024-12-12T10:49:01Z,,3584.07,,8,NONE,shipped
301183,2094,2024-12-09T12:17:01Z,,7930.07,7930.07,10,WINTER-FLYER,paid
301184,2099,2024-12-05T10:33:38Z,,3058.25,3058.25,5,NONE,paid
301189,2110,2024-12-14T11:37:49Z,,2677.69,,5,RAMADAN-BUNDLE,shipped
301193,2120,2024-12-11T07:23:17Z,,4058.01,,9,WINTER-FLYER,shipped
301195,2133,2024-12-07T12:00:03Z,,3199.85,,4,,shipped
301212,2180,2024-12-18T09:10:59Z,,4158.82,4158.82,8,NONE,shipped
301213,2180,2024-12-12T16:12:33Z,,2846.62,2846.62,9,NONE,pending_hold
301220,2201,2024-12-03T07:14:33Z,,3916.62,,5,LUX-R6,pending_hold
301229,2240,2024-12-03T06:16:51Z,,1872.38,1872.38,4,NONE,canceled
301230,2240,2024-12-24T06:08:08Z,,2917.97,,9,RAMADAN-BUNDLE,paid
301247,2291,2024-12-09T14:53:01Z,,5124.53,,15,RAMADAN-BUNDLE,canceled
301249,2294,2024-12-24T09:38:56Z,,1259.78,1259.78,4,LUX-R6,paid
301251,2307,2024-12-07T12:00:51Z,,5213.56,5213.56,5,NONE,paid
301252,2308,2024-12-20T10:37:26Z,,6841.6,,8,LUX-R6,paid
301254,2316,2024-12-04T16:24:23Z,,416.75,416.75,3,NONE,paid
301256,2330,2024-12-04T13:34:21Z,,4471.56,4471.56,10,LUX-R6,paid
301257,2333,2024-12-07T14:17:30Z,,2448.46,2448.46,11,RAMADAN-BUNDLE,shipped
301260,2334,2024-12-25T10:13:47Z,,1040.2,,3,NONE,paid
301262,2340,2024-12-05T09:52:21Z,,3749.63,3749.63,8,,paid
301265,2358,2024-12-02T11:26:26Z,,4502.28,4502.28,7,,pending_hold
301269,2368,2024-12-07T07:09:20Z,,2960.5,,9,,paid
301271,2368,2024-12-02T14:36:40Z,,1007.31,,3,NONE,paid
301277,2378,2024-12-04T08:55:15Z,,5031.38,5031.38,8,NONE,pending_hold
301282,2394,2024-12-12T10:47:37Z,,7057.62,7057.62,5,NONE,paid
301283,2394,2024-12-23T08:04:45Z,,6799.51,6799.51,15,RAMADAN-BUNDLE,paid
301288,2400,2024-12-05T10:03:03Z,,1110.5,,6,NONE,pending_hold
301297,2417,2024-12-13T14:02:21Z,,4494.53,,6,NONE,pending_hold
301298,2417,2024-12-06T08:40:04Z,,3312.68,3312.68,13,NONE,paid
301305,2434,2024-12-03T10:05:11Z,,7774.64,,14,,canceled
301314,2473,2024-12-13T06:04:04Z,,5404.9,5404.90,10,NONE,shipped
301317,2475,2024-12-25T10:17:22Z,,3279.0,,7,LUX-R6,pending_hold
301318,2478,2024/12/05 13:55,,2037.23,2037.23,4,LUX-R6,paid
301319,2486,2024-12-12T10:39:36Z,,1947.88,,6,RAMADAN-BUNDLE,canceled
301328,2515,2024/12/16 15:18,,4138.76,,10,WINTER-FLYER,pending_hold
301329,2518,2024/12/14 10:52,,3571.74,3571.74,8,LUX-R6,paid
301330,2518,2024-12-24T06:47:34Z,,1990.82,1990.82,4,NONE,paid
301334,2524,2024-12-22T10:07:45Z,,2324.85,,4,,canceled
301338,2540,2024-12-01T11:33:04Z,,2737.38,2737.38,5,NONE,paid
301343,2544,2024-12-16T06:54:17Z,,5313.63,,3,LUX-R6,paid
301353,2579,2024-12-28T08:39:06Z,,5082.3,5082.30,11,,paid
301355,2591,2024-12-28T06:24:03Z,,4107.76,,5,LUX-R6,paid
301364,2616,2024-12-17T15:48:03Z,,4043.04,,8,,paid
301372,2639,2024-12-19T10:54:45Z,,3316.58,3316.58,5,RAMADAN-BUNDLE,pending_hold
301373,2644,2024-12-20T14:29:17Z,,2088.73,2088.73,5,WINTER-FLYER,canceled
301378,2662,2024/12/24 08:00,,2632.38,2632.38,4,RAMADAN-BUNDLE,canceled
301379,2662,2024-12-23T07:35:08Z,,2794.71,2794.71,5,WINTER-FLYER,canceled
301388,2673,2024-12-27T06:37:39Z,,2359.32,,6,WINTER-FLYER,paid
301393,2683,2024-12-11T08:20:25Z,,3652.13,3652.13,7,,pending_hold
301395,2689,2024-12-12T11:46:14Z,,7426.49,,11,,pending_hold
301397,2692,2024-12-06T12:59:28Z,,5861.18,5861.18,14,LUX-R6,paid
301402,2700,2024/12/20 16:35,,2599.02,,4,NONE,shipped
301403,2708,2024/12/27 12:02,,2781.0,,8,WINTER-FLYER,paid
301405,2725,2024/12/20 14:11,,7228.41,7228.41,15,NONE,pending_hold
301407,2725,2024-12-14T14:15:55Z,,2330.84,,8,NONE,paid
301408,2728,2024-12-07T14:11:30Z,,2541.36,,6,NONE,paid
301411,2729,2024-12-27T10:01:15Z,,3602.43,,7,,paid
301417,2746,2024-12-07T10:33:14Z,,1435.85,,5,RAMADAN-BUNDLE,pending_hold
301420,2754,2024-12-02T08:02:45Z,,5339.84,,11,NONE,paid
301423,2762,2024-12-07T14:08:23Z,,2803.99,,7,NONE,shipped
301441,2789,2024-12-10T13:45:51Z,,822.43,,6,WINTER-FLYER,pending_hold
301442,2789,2024-12-20T06:42:13Z,,4553.66,4553.66,12,,paid
301447,2807,2024-12-23T12:39:59Z,,3805.34,3805.34,7,NONE,pending_hold
301452,1003,2025-01-11T09:55:36Z,,6467.39,6467.39,8,,pending_hold
301453,1009,2025-01-16T11:42:01Z,,6781.39,,12,NONE,pending_hold
301456,1018,2025-01-18T08:29:38Z,,1987.49,1987.49,6,WINTER-FLYER,paid
301460,1021,2025-01-25T11:53:40Z,,15338.37,15338.37,14,NONE,pending_hold
301462,1024,2025-01-26T11:09:02Z,,1589.37,1589.37,3,RAMADAN-BUNDLE,canceled
301463,1024,2025-01-02T10:43:44Z,,4088.51,,3,,canceled
301466,1027,2025-01-17T11:42:01Z,,4702.84,4702.84,10,,paid
301470,1041,2025-01-01T06:38:33Z,,4269.31,,7,LUX-R6,paid
301471,1049,2025/01/12 13:09,,5302.82,,5,,paid
301475,1056,2025-01-02T12:10:42Z,,1001.4,,5,RAMADAN-BUNDLE,shipped
301477,1067,2025-01-04T11:32:41Z,,1265.62,1265.62,4,RAMADAN-BUNDLE,paid
301478,1071,2025-01-28T09:12:17Z,,1587.44,,3,LUX-R6,pending_hold
301485,1099,2025-01-25T08:22:50Z,,1285.85,1285.85,5,NONE,shipped
301486,1100,2025/01/09 12:29,,3683.4,3683.40,5,,paid
301488,1100,2025-01-18T07:24:12Z,,4420.4,4420.40,5,NONE,shipped
301497,1138,2025/01/09 12:36,,1813.2,,8,RAMADAN-BUNDLE,pending_hold
301499,1159,2025-01-01T08:42:23Z,,8868.31,,14,RAMADAN-BUNDLE,paid
301500,1159,2025-01-01T10:23:19Z,,5247.84,,4,LUX-R6,shipped
301503,1160,2025-01-02T10:03:20Z,,918.42,,7,RAMADAN-BUNDLE,paid
301510,1181,2025-01-01T12:15:44Z,,1090.24,1090.24,4,RAMADAN-BUNDLE,paid
301512,1181,2025-01-22T13:07:03Z,,1739.15,,5,,canceled
301513,1183,2025-01-28T11:57:08Z,,7544.76,7544.76,15,NONE,paid
301515,1183,2025-01-25T10:01:38Z,,4869.08,,10,WINTER-FLYER,paid
301517,1199,2025-01-25T08:53:08Z,,3819.67,,5,WINTER-FLYER,paid
301522,1211,2025-01-27T09:22:19Z,,1510.06,,6,NONE,shipped
301525,1222,2025-01-06T10:28:54Z,,4127.8,4127.80,10,RAMADAN-BUNDLE,shipped
301527,1226,2025-01-15T06:13:40Z,,7915.27,,13,LUX-R6,canceled
301528,1227,2025-01-18T11:57:29Z,,5948.29,,15,,paid
301532,1230,2025-01-04T11:21:55Z,,753.23,,4,LUX-R6,canceled
301535,1248,2025-01-01T10:02:55Z,,1922.12,1922.12,4,,paid
301536,1260,2025-01-08T06:16:26Z,,2785.76,,4,,paid
301539,1271,2025-01-02T09:20:18Z,,774.84,,5,WINTER-FLYER,canceled
301540,1271,2025-01-18T10:30:31Z,,2598.05,,6,WINTER-FLYER,paid
301541,1271,2025-01-02T11:15:27Z,,8885.21,,11,RAMADAN-BUNDLE,paid
301542,1271,2025-01-28T09:36:01Z,,2614.47,2614.47,11,WINTER-FLYER,paid
301548,1279,2025-01-06T11:47:26Z,,3610.99,,6,NONE,paid
301553,1293,2025-01-14T08:04:59Z,,3640.83,3640.83,9,NONE,paid
301560,1320,2025-01-06T11:07:04Z,,3423.34,3423.34,5,NONE,paid
301561,1324,2025-01-04T07:40:51Z,,2614.76,2614.76,5,WINTER-FLYER,canceled
301566,1329,2025-01-12T13:47:13Z,,4984.78,,6,LUX-R6,paid
301572,1337,2025-01-24T13:57:45Z,,5099.63,5099.63,15,WINTER-FLYER,canceled
301578,1356,2025-01-10T10:34:44Z,,3537.86,,11,NONE,canceled
301579,1358,2025-01-12T14:46:36Z,,4921.32,,7,WINTER-FLYER,pending_hold
301580,1362,2025-01-23T11:02:20Z,,305.88,,2,NONE,paid
301587,1370,2025-01-20T10:59:40Z,,3619.38,3619.38,5,NONE,canceled
301593,1382,2025-01-05T09:26:01Z,,4632.56,4632.56,6,RAMADAN-BUNDLE,paid
301596,1382,2025-01-15T14:20:05Z,,5532.01,,10,NONE,shipped
301598,1383,2025-01-22T06:56:46Z,,2250.65,2250.65,8,RAMADAN-BUNDLE,shipped
301603,1394,2025-01-17T07:10:31Z,,2721.93,2721.93,7,RAMADAN-BUNDLE,paid
301604,1394,2025-01-06T08:27:22Z,,697.56,697.56,5,,paid
301609,1407,2025/01/03 11:24,,6997.79,6997.79,7,,pending_hold
301617,1431,2025-01-05T11:13:36Z,,4655.92,,5,NONE,canceled
301618,1433,2025-01-04T08:11:06Z,,2152.87,,7,NONE,paid
301627,1457,2025-01-23T12:38:51Z,,5830.84,,13,NONE,paid
301636,1498,2025-01-23T10:42:00Z,,2073.05,2073.05,13,LUX-R6,paid
301640,1511,2025-01-06T11:12:22Z,,3395.03,,8,WINTER-FLYER,paid
301648,1551,2025-01-10T07:01:49Z,,562.68,,4,NONE,pending_hold
301652,1565,2025-01-10T10:13:18Z,,3428.81,3428.81,4,,paid
301653,1565,2025-01-07T09:34:01Z,,5196.72,,5,LUX-R6,paid
301655,1569,2025-01-24T16:05:14Z,,1803.82,,3,NONE,paid
301657,1573,2025-01-28T11:28:39Z,,4541.94,,9,,paid
301659,1584,2025-01-24T10:58:50Z,,1596.24,1596.24,5,NONE,paid
301662,1585,2025-01-11T12:18:51Z,,2044.62,2044.62,6,RAMADAN-BUNDLE,shipped
301663,1587,2025-01-26T08:52:01Z,,4270.55,4270.55,7,WINTER-FLYER,paid
301667,1599,2025-01-19T06:27:59Z,,4550.54,,9,RAMADAN-BUNDLE,canceled
301673,1624,2025-01-12T10:59:42Z,,5708.47,,14,NONE,paid
301674,1629,2025/01/22 14:25,,4237.53,,6,LUX-R6,shipped
301692,1673,2025-01-20T13:32:27Z,,3488.04,3488.04,10,LUX-R6,paid
301700,1701,2025-01-15T06:21:31Z,,4679.4,,10,RAMADAN-BUNDLE,pending_hold
301701,1701,2025-01-26T07:03:56Z,,6450.22,6450.22,9,LUX-R6,canceled
301703,1702,2025-01-09T12:18:23Z,,3019.55,3019.55,7,LUX-R6,paid
301707,1710,2025-01-10T06:22:53Z,,4007.01,4007.01,11,WINTER-FLYER,canceled
301708,1720,2025-01-10T11:54:04Z,,1094.71,1094.71,3,NONE,shipped
301716,1733,2025-01-05T10:00:32Z,,1823.28,,3,LUX-R6,shipped
301720,1747,2025-01-24T09:35:14Z,,2315.9,,2,LUX-R6,paid
301721,1747,2025-01-23T09:24:32Z,,1604.44,,5,,paid
301725,1750,2025-01-08T08:16:58Z,,6322.6,,6,,paid
301730,1767,2025-01-06T09:08:34Z,,1777.12,,3,RAMADAN-BUNDLE,pending_hold
301731,1767,2025-01-09T07:15:39Z,,1410.86,,3,WINTER-FLYER,shipped
301739,1789,2025-01-17T06:31:58Z,,2621.1,,6,NONE,shipped
301740,1793,2025-01-09T08:05:43Z,,4824.71,,11,LUX-R6,pending_hold
301743,1812,2025-01-22T14:32:13Z,,2874.22,,5,LUX-R6,canceled
301749,1837,2025-01-05T15:43:41Z,,5747.52,,7,LUX-R6,paid
301752,1839,2025-01-10T10:22:56Z,,3039.94,,5,,pending_hold
301768,1895,2025-01-07T10:46:07Z,,2766.65,,9,,paid
301772,1908,2025-01-13T09:53:15Z,,6099.32,6099.32,9,,canceled
301773,1908,2025-01-14T14:38:13Z,,4517.61,,12,RAMADAN-BUNDLE,paid
301775,1911,2025-01-05T10:42:16Z,,1079.97,1079.97,6,WINTER-FLYER,pending_hold
301778,1915,2025-01-15T10:48:08Z,,2278.83,2278.83,9,,paid
301779,1925,2025-01-10T10:09:37Z,,5334.76,,6,NONE,shipped
301787,1945,2025-01-03T12:37:43Z,,2402.08,2402.08,3,NONE,paid
301788,1945,2025-01-10T11:05:16Z,,1985.75,1985.75,8,NONE,shipped
301789,1945,2025-01-02T08:52:50Z,,1594.16,1594.16,4,WINTER-FLYER,paid
301800,1980,2025-01-01T16:00:31Z,,4231.2,,7,NONE,pending_hold
301801,1988,2025-01-03T06:34:54Z,,1668.36,,3,LUX-R6,paid
301806,1993,2025-01-02T08:55:51Z,,5282.56,,6,NONE,shipped
301807,1993,2025-01-12T09:32:30Z,,6558.57,6558.57,5,NONE,paid
301808,1993,2025-01-19T11:19:04Z,,2623.36,2623.36,2,WINTER-FLYER,paid
301810,1994,2025-01-10T15:28:48Z,,1812.95,,6,NONE,paid
301815,2010,2025-01-21T14:19:15Z,,2020.89,,8,RAMADAN-BUNDLE,paid
301820,2024,2025-01-13T12:08:38Z,,6479.1,,8,WINTER-FLYER,pending_hold
301821,2024,2025/01/26 09:13,,2105.45,,6,RAMADAN-BUNDLE,canceled
301823,2040,2025-01-01T10:14:10Z,,2140.46,,6,LUX-R6,paid
301832,2057,2025-01-24T07:07:51Z,,1535.92,1535.92,5,WINTER-FLYER,shipped
301839,2084,2025-01-25T06:45:39Z,,1122.46,,3,RAMADAN-BUNDLE,shipped
301840,2090,2025-01-01T11:09:13Z,,6137.5,,8,WINTER-FLYER,paid
301845,2107,2025-01-15T17:54:27Z,,2318.0,,6,NONE,shipped
301848,2120,2025-01-13T08:47:26Z,,900.03,900.03,3,,paid
301850,2123,2025-01-17T10:10:02Z,,4172.58,,3,LUX-R6,shipped
301851,2123,2025-01-06T06:41:44Z,,1418.61,,5,,paid
301855,2124,2025-01-27T10:16:02Z,,4969.58,4969.58,6,NONE,pending_hold
301857,2144,2025-01-14T07:55:30Z,,1933.86,,5,WINTER-FLYER,paid
301858,2149,2025-01-03T08:09:28Z,,1893.44,,5,WINTER-FLYER,paid
301859,2149,2025-01-15T06:35:31Z,,4248.51,4248.51,9,NONE,paid
301861,2152,2025-01-16T06:54:08Z,,3777.76,,7,,pending_hold
301864,2159,2025-01-10T11:35:46Z,,6482.73,,10,NONE,canceled
301868,2180,2025-01-02T17:26:03Z,,2085.54,,5,LUX-R6,canceled
301869,2182,2025-01-14T12:45:53Z,,2876.62,2876.62,8,,paid
301870,2182,2025-01-26T10:53:38Z,,4180.48,,10,NONE,canceled
301883,2225,2025/01/11 08:50,,6714.27,6714.27,8,NONE,pending_hold
301886,2230,2025-01-15T08:47:42Z,,2244.56,,7,LUX-R6,paid
301889,2235,2025/01/08 13:16,,4617.34,,10,,paid
301891,2246,2025-01-24T12:23:26Z,,2021.31,,6,NONE,paid
301901,2272,2025/01/15 17:09,,8108.74,,10,RAMADAN-BUNDLE,paid
301907,2279,2025-01-02T13:46:47Z,,3244.31,3244.31,8,RAMADAN-BUNDLE,paid
301916,2300,2025-01-16T11:09:22Z,,1814.85,1814.85,5,NONE,paid
301918,2311,2025-01-21T06:03:34Z,,8845.75,8845.75,10,,paid
301921,2327,2025-01-28T12:02:46Z,,4913.1,,7,NONE,pending_hold
301925,2332,2025-01-15T06:06:49Z,,1861.54,,7,,shipped
301927,2334,2025-01-23T07:16:11Z,,1063.78,1063.78,3,LUX-R6,shipped
301935,2369,2025-01-26T09:03:19Z,,2467.97,,5,NONE,paid
301939,2370,2025-01-21T15:42:42Z,,3653.17,,10,NONE,shipped
301940,2370,2025-01-12T09:48:27Z,,4041.04,,9,NONE,paid
301942,2373,2025-01-28T11:15:11Z,,5105.72,,12,,canceled
301944,2380,2025-01-18T13:03:31Z,,455.56,,2,LUX-R6,pending_hold
301946,2388,2025-01-01T18:47:10Z,,3203.17,,5,NONE,paid
301947,2394,2025-01-24T12:54:44Z,,6473.2,,11,LUX-R6,shipped
301948,2399,2025-01-05T10:50:25Z,,5849.94,,6,NONE,pending_hold
301949,2400,2025-01-14T14:03:34Z,,3503.65,,7,NONE,paid
301950,2400,2025-01-12T06:58:07Z,,1396.02,1396.02,4,LUX-R6,paid
301952,2411,2025-01-04T09:24:47Z,,2009.19,,5,NONE,paid
301953,2417,2025-01-05T09:01:43Z,,1969.21,,3,NONE,shipped
301954,2417,2025/01/05 14:56,,5696.07,,11,NONE,canceled
301958,2426,2025/01/18 14:27,,4406.12,,11,LUX-R6,paid
301960,2426,2025-01-06T12:44:17Z,,3725.65,3725.65,10,RAMADAN-BUNDLE,paid
301974,2482,2025/01/24 12:50,,1629.96,,3,NONE,paid
301981,2486,2025-01-27T11:03:08Z,,9834.39,9834.39,12,NONE,paid
301984,2493,2025-01-20T11:06:02Z,,6479.97,,9,NONE,paid
301986,2506,2025/01/14 18:20,,920.57,,3,,paid
301989,2515,2025-01-07T07:23:54Z,,6581.43,,9,NONE,paid
301994,2518,2025-01-23T15:46:58Z,,3875.28,,8,LUX-R6,canceled
301996,2523,2025-01-19T12:48:36Z,,1856.05,1856.05,2,NONE,paid
301997,2526,2025-01-04T12:48:50Z,,2307.85,2307.85,7,WINTER-FLYER,paid
302003,2544,2025-01-25T10:39:32Z,,1168.23,,6,NONE,paid
302008,2549,2025-01-22T10:16:13Z,,4353.75,4353.75,15,WINTER-FLYER,pending_hold
302009,2549,2025-01-17T06:39:23Z,,2715.38,,7,NONE,canceled
302010,2560,2025/01/16 08:38,,1908.68,1908.68,5,NONE,paid
302015,2565,2025-01-24T13:10:28Z,,1967.78,,4,RAMADAN-BUNDLE,paid
302020,2577,2025-01-03T10:08:21Z,,4487.23,,7,NONE,paid
302022,2579,2025-01-18T13:22:17Z,,3766.99,3766.99,7,NONE,shipped
302023,2579,2025-01-10T11:11:39Z,,4046.21,,5,NONE,paid
302027,2587,2025-01-16T11:44:41Z,,4189.28,,9,LUX-R6,paid
302031,2594,2025/01/21 14:38,,2063.61,2063.61,5,NONE,paid
302033,2596,2025-01-03T10:10:56Z,,3108.93,3108.93,8,NONE,paid
302040,2609,2025/01/18 10:00,,1727.37,,5,LUX-R6,paid
302043,2609,2025-01-10T09:13:58Z,,2703.54,2703.54,11,NONE,canceled
302051,2616,2025-01-22T06:12:56Z,,5566.11,,10,NONE,shipped
302062,2639,2025-01-14T10:46:47Z,,2290.0,,4,RAMADAN-BUNDLE,paid
302068,2644,2025-01-13T09:45:11Z,,4357.15,4357.15,5,NONE,pending_hold
302072,2668,2025/01/28 08:37,,4921.97,,12,NONE,canceled
302079,2683,2025/01/24 13:08,,5167.79,5167.79,7,WINTER-FLYER,paid
302082,2700,2025-01-04T07:02:39Z,,2657.91,,12,NONE,canceled
302083,2700,2025-01-12T11:50:41Z,,2600.26,,11,LUX-R6,paid
302090,2720,2025/01/06 16:32,,3932.95,,6,NONE,paid
302091,2725,2025-01-18T10:55:17Z,,926.54,926.54,6,NONE,paid
302092,2725,2025-01-06T10:46:35Z,,2382.91,2382.91,3,LUX-R6,canceled
302096,2732,2025/01/19 08:55,,3660.11,3660.11,5,LUX-R6,shipped
302097,2732,2025-01-20T12:45:11Z,,2208.7,2208.70,8,LUX-R6,pending_hold
302098,2736,2025-01-20T13:00:55Z,,4378.05,,12,LUX-R6,canceled
302099,2736,2025-01-06T09:52:09Z,,6034.8,6034.80,9,LUX-R6,canceled
302100,2738,2025-01-20T10:07:35Z,,4288.91,,9,RAMADAN-BUNDLE,paid
302101,2738,2025-01-14T10:51:40Z,,3139.39,,7,NONE,paid
302111,2747,2025-01-16T10:41:11Z,,4630.68,,6,NONE,paid
302113,2751,2025-01-14T10:42:45Z,,4163.09,,10,,paid
302114,2752,2025-01-04T12:06:22Z,,2504.92,2504.92,2,,paid
302116,2752,2025-01-22T10:57:42Z,,1870.03,,4,WINTER-FLYER,canceled
302118,2754,2025-01-17T10:39:34Z,,5560.87,,10,NONE,pending_hold
302119,2754,2025-01-26T10:42:55Z,,3558.81,3558.81,9,NONE,paid
302122,2758,2025-01-28T12:01:17Z,,4678.94,,8,WINTER-FLYER,pending_hold
302123,2758,2025-01-07T09:27:09Z,,2393.07,,7,RAMADAN-BUNDLE,paid
302134,2779,2025/01/27 10:37,,2677.56,,4,NONE,shipped
302136,2782,2025-01-20T08:12:25Z,,1150.62,,2,RAMADAN-BUNDLE,shipped
302137,2783,2025-01-08T06:17:48Z,,2569.79,,2,RAMADAN-BUNDLE,canceled
302145,2798,2025-01-07T14:30:36Z,,3938.68,3938.68,10,LUX-R6,paid
302151,1006,2025-02-27T14:51:18Z,,1133.66,1133.66,3,NONE,paid
302152,1011,2025-02-18T09:47:04Z,,4317.14,4317.14,5,LUX-R6,pending_hold
302166,1029,2025-02-22T09:43:52Z,,1976.64,1976.64,7,RAMADAN-BUNDLE,pending_hold
302173,1049,2025-02-22T09:40:14Z,,2110.74,,6,,paid
302175,1051,2025-02-18T09:21:35Z,,922.63,,6,,paid
302177,1051,2025-02-05T14:04:17Z,,399.88,399.88,3,NONE,shipped
302178,1051,2025-02-10T06:26:37Z,,2604.78,,4,RAMADAN-BUNDLE,pending_hold
302180,1052,2025-02-10T06:40:08Z,,3324.06,3324.06,7,NONE,canceled
302197,1080,2025-02-10T07:00:28Z,,1208.36,1208.36,3,,canceled
302199,1084,2025-02-25T07:32:07Z,,3056.23,,12,NONE,paid
302204,1093,2025-02-07T10:13:25Z,,1256.68,,4,NONE,shipped
302208,1102,2025-02-06T08:40:48Z,,2470.35,,7,LUX-R6,paid
302216,1115,2025-02-12T08:17:57Z,,3530.88,,5,,canceled
302218,1117,2025-02-28T12:55:58Z,,3263.4,,10,RAMADAN-BUNDLE,canceled
302224,1144,2025-02-14T07:20:55Z,,2485.49,,2,NONE,canceled
302235,1183,2025-02-18T08:03:49Z,,3918.42,3918.42,7,,paid
302237,1186,2025-02-22T10:41:18Z,,3509.01,,8,RAMADAN-BUNDLE,pending_hold
302241,1193,2025-02-08T13:52:25Z,,2184.45,2184.45,5,WINTER-FLYER,pending_hold
302243,1204,2025-02-28T13:38:27Z,,5475.42,,6,NONE,canceled
302244,1204,2025-02-24T07:59:40Z,,5465.19,,10,RAMADAN-BUNDLE,shipped
302245,1204,2025-02-13T18:01:28Z,,3481.65,,5,LUX-R6,canceled
302249,1211,2025-02-02T09:41:27Z,,3514.18,3514.18,6,NONE,paid
302250,1213,2025-02-07T11:30:14Z,,1970.39,1970.39,4,,paid
302251,1216,2025-02-22T09:26:25Z,,2705.08,,4,NONE,pending_hold
302252,1220,2025-02-20T09:11:40Z,,6289.35,,9,NONE,paid
302254,1222,2025-02-17T09:00:30Z,,3203.33,,3,RAMADAN-BUNDLE,paid
302256,1226,2025-02-02T11:39:46Z,,3435.55,,8,,pending_hold
302259,1229,2025-02-25T09:41:13Z,,6294.98,6294.98,12,LUX-R6,pending_hold
302267,1243,2025-02-25T06:18:59Z,,4750.31,,10,LUX-R6,pending_hold
302269,1248,2025-02-18T11:20:14Z,,2323.96,,7,,shipped
302275,1262,2025-02-04T15:58:03Z,,2561.06,,8,NONE,shipped
302277,1263,2025-02-13T06:06:03Z,,1897.77,,3,WINTER-FLYER,pending_hold
302280,1267,2025-02-08T10:51:34Z,,1693.47,,7,,shipped
302284,1279,2025-02-05T13:57:24Z,,3097.7,3097.70,5,WINTER-FLYER,canceled
302287,1297,2025-02-03T10:10:31Z,,7012.96,,11,RAMADAN-BUNDLE,paid
302292,1305,2025-02-01T11:36:30Z,,2199.44,2199.44,6,WINTER-FLYER,canceled
302293,1305,2025-02-17T06:28:02Z,,3047.87,3047.87,9,NONE,pending_hold
302298,1313,2025-02-06T10:53:53Z,,4670.97,,15,NONE,canceled
302300,1313,2025-02-10T11:49:43Z,,3502.53,,6,NONE,canceled
302302,1314,2025/02/25 13:14,,3377.05,3377.05,6,WINTER-FLYER,pending_hold
302303,1315,2025-02-22T08:00:19Z,,2684.87,,6,WINTER-FLYER,paid
302307,1320,2025-02-16T08:13:26Z,,3381.6,3381.60,4,NONE,paid
302308,1320,2025-02-13T08:19:52Z,,2316.52,,5,LUX-R6,paid
302312,1323,2025-02-11T08:58:37Z,,2319.24,2319.24,6,LUX-R6,shipped
302316,1324,2025/02/22 09:30,,1854.77,1854.77,5,NONE,paid
302318,1329,2025-02-02T12:17:09Z,,2028.19,,5,,paid
302319,1329,2025-02-13T13:44:18Z,,3117.08,,8,NONE,shipped
302321,1333,2025-02-02T12:42:33Z,,3532.88,,7,LUX-R6,paid
302323,1337,2025/02/20 08:58,,3026.35,3026.35,9,NONE,paid
302324,1337,2025-02-27T11:00:38Z,,3793.0,3793.00,8,LUX-R6,paid
302325,1337,2025-02-16T13:34:34Z,,3024.41,3024.41,6,NONE,paid
302329,1342,2025-02-23T08:24:40Z,,5567.35,5567.35,11,,pending_hold
302331,1348,2025-02-15T06:07:02Z,,2909.18,,9,,canceled
302337,1368,2025-02-09T13:07:59Z,,3902.71,3902.71,7,WINTER-FLYER,shipped
302344,1382,2025-02-23T06:41:31Z,,3632.13,3632.13,6,,paid
302345,1383,2025-02-21T10:28:45Z,,4072.22,4072.22,7,LUX-R6,paid
302353,1407,2025-02-13T07:54:01Z,,8561.19,,10,RAMADAN-BUNDLE,pending_hold
302354,1409,2025-02-19T06:20:06Z,,6497.76,,8,RAMADAN-BUNDLE,pending_hold
302355,1411,2025-02-07T10:35:27Z,,2189.08,2189.08,6,RAMADAN-BUNDLE,pending_hold
302370,1435,2025-02-26T16:26:30Z,,1335.0,,6,,paid
302374,1441,2025/02/02 11:14,,5709.02,5709.02,11,WINTER-FLYER,paid
302376,1445,2025-02-12T09:19:59Z,,3380.19,,12,,paid
302377,1445,2025-02-20T10:26:48Z,,1790.24,1790.24,5,,canceled
302378,1446,2025-02-23T12:45:34Z,,3629.33,3629.33,9,LUX-R6,paid
302381,1451,2025-02-04T09:31:58Z,,2657.35,2657.35,3,NONE,paid
302387,1458,2025-02-10T08:22:54Z,,4660.62,4660.62,10,WINTER-FLYER,canceled
302394,1477,2025-02-23T07:50:46Z,,10321.66,,15,,paid
302401,1489,2025-02-01T06:48:44Z,,3263.08,3263.08,9,NONE,paid
302402,1489,2025-02-13T07:06:22Z,,2159.24,2159.24,5,RAMADAN-BUNDLE,canceled
302408,1500,2025-02-09T08:20:33Z,,8328.85,,7,RAMADAN-BUNDLE,shipped
302409,1506,2025-02-03T06:22:57Z,,205.7,,2,LUX-R6,paid
302410,1529,2025-02-02T09:24:16Z,,4640.43,4640.43,10,LUX-R6,paid
302412,1535,2025-02-28T11:26:50Z,,6530.57,6530.57,10,,paid
302416,1539,2025-02-12T06:15:43Z,,1912.99,,2,NONE,paid
302418,1539,2025-02-23T07:25:57Z,,3464.89,3464.89,12,LUX-R6,paid
302420,1539,2025-02-18T08:10:44Z,,5918.67,5918.67,10,LUX-R6,shipped
302422,1547,2025/02/19 09:55,,3140.59,3140.59,6,NONE,paid
302424,1549,2025-02-15T07:02:07Z,,3086.66,,7,NONE,canceled
302433,1564,2025-02-01T08:48:42Z,,5497.81,,10,LUX-R6,paid
302437,1569,2025-02-19T08:12:48Z,,7037.34,,15,LUX-R6,paid
302441,1577,2025-02-01T09:43:43Z,,2517.65,2517.65,9,WINTER-FLYER,canceled
302444,1585,2025-02-24T14:18:04Z,,3257.94,3257.94,7,,paid
302446,1596,2025-02-15T16:02:41Z,,2782.36,2782.36,14,LUX-R6,canceled
302447,1596,2025-02-05T14:35:00Z,,4462.73,,8,RAMADAN-BUNDLE,paid
302448,1599,2025-02-02T11:15:32Z,,2847.08,2847.08,7,RAMADAN-BUNDLE,paid
302449,1608,2025-02-25T16:57:50Z,,6103.16,,11,,paid
302453,1614,2025-02-24T08:50:38Z,,2442.63,2442.63,5,WINTER-FLYER,shipped
302462,1623,2025-02-28T08:42:07Z,,2813.04,,4,LUX-R6,pending_hold
302473,1635,2025-02-28T13:21:55Z,,6843.16,6843.16,14,,canceled
302479,1651,2025-02-17T06:15:36Z,,3975.53,,5,RAMADAN-BUNDLE,pending_hold
302480,1652,2025-02-16T06:46:11Z,,5891.02,,13,NONE,pending_hold
302481,1659,2025-02-08T12:31:32Z,,3241.82,3241.82,9,LUX-R6,pending_hold
302485,1664,2025/02/28 08:24,,3852.07,,11,RAMADAN-BUNDLE,pending_hold
302494,1677,2025-02-10T06:35:45Z,,2765.39,,5,LUX-R6,shipped
302497,1690,2025-02-13T10:17:49Z,,3819.27,,8,RAMADAN-BUNDLE,paid
302498,1690,2025-02-11T12:31:55Z,,7798.54,,15,NONE,canceled
302504,1701,2025-02-14T06:33:07Z,,1810.13,1810.13,4,RAMADAN-BUNDLE,paid
302510,1709,2025-02-17T10:52:45Z,,6032.24,6032.24,12,LUX-R6,canceled
302520,1723,2025-02-06T10:27:41Z,,2997.36,,5,LUX-R6,pending_hold
302525,1733,2025-02-17T09:05:47Z,,1806.78,,3,WINTER-FLYER,paid
302536,1764,2025-02-17T07:52:53Z,,2984.01,,4,NONE,canceled
302544,1771,2025-02-11T13:58:19Z,,3967.58,3967.58,7,RAMADAN-BUNDLE,paid
302545,1771,2025-02-14T07:34:39Z,,3701.74,3701.74,4,LUX-R6,paid
302552,1794,2025-02-17T13:32:54Z,,3642.78,3642.78,5,,paid
302564,1827,2025-02-23T06:26:36Z,,2216.26,2216.26,5,WINTER-FLYER,shipped
302566,1830,2025-02-11T13:10:24Z,,1662.38,1662.38,4,LUX-R6,shipped
302567,1837,2025-02-19T11:53:49Z,,3071.29,3071.29,7,,canceled
302568,1838,2025-02-22T11:49:05Z,,2252.49,,11,NONE,paid
302569,1842,2025-02-22T06:25:51Z,,3142.2,3142.20,9,NONE,pending_hold
302585,1864,2025/02/18 09:22,,1610.02,1610.02,5,WINTER-FLYER,paid
302588,1869,2025-02-08T13:58:51Z,,2735.8,,6,,paid
302589,1870,2025-02-27T08:29:08Z,,3712.45,,4,RAMADAN-BUNDLE,paid
302591,1870,2025-02-22T11:02:35Z,,4756.32,,4,WINTER-FLYER,shipped
302602,1896,2025/02/07 08:42,,3593.42,3593.42,6,NONE,paid
302607,1907,2025-02-12T11:10:10Z,,865.29,,4,NONE,paid
302609,1908,2025-02-23T07:53:10Z,,6507.88,6507.88,11,RAMADAN-BUNDLE,canceled
302610,1908,2025/02/28 14:35,,8422.65,,8,NONE,pending_hold
302611,1909,2025-02-22T14:45:13Z,,4451.85,4451.85,6,,pending_hold
302612,1909,2025-02-11T09:01:21Z,,1649.61,,2,NONE,paid
302616,1915,2025-02-12T06:22:55Z,,1821.99,,2,RAMADAN-BUNDLE,canceled
302618,1915,2025-02-06T07:40:43Z,,3676.96,3676.96,10,NONE,paid
302622,1917,2025-02-05T06:24:37Z,,2492.84,,5,LUX-R6,canceled
302623,1917,2025-02-15T09:07:00Z,,1400.0,,6,,paid
302624,1920,2025-02-03T10:47:55Z,,3410.07,3410.07,12,NONE,shipped
302628,1929,2025-02-11T13:08:29Z,,3773.54,,6,NONE,paid
302631,1938,2025-02-25T09:50:28Z,,3558.15,3558.15,6,WINTER-FLYER,paid
302632,1944,2025-02-15T11:51:04Z,,5592.54,5592.54,9,,paid
302635,1945,2025-02-15T07:25:20Z,,5891.43,5891.43,5,WINTER-FLYER,shipped
302638,1952,2025-02-07T10:15:41Z,,5413.55,,12,WINTER-FLYER,canceled
302646,1975,2025-02-06T10:36:57Z,,5627.59,5627.59,11,RAMADAN-BUNDLE,paid
302650,1987,2025-02-01T08:26:38Z,,3278.61,3278.61,10,NONE,paid
302654,1989,2025-02-12T07:52:16Z,,6309.81,6309.81,6,,canceled
302656,1993,2025-02-24T10:45:55Z,,2116.66,2116.66,3,NONE,paid
302657,1993,2025-02-23T10:44:51Z,,2171.5,2171.50,2,WINTER-FLYER,shipped
302660,2000,2025-02-15T10:53:28Z,,4117.42,4117.42,9,RAMADAN-BUNDLE,paid
302661,2001,2025-02-20T09:17:37Z,,9189.84,9189.84,14,RAMADAN-BUNDLE,paid
302666,2010,2025-02-02T10:39:28Z,,4472.31,4472.31,8,NONE,canceled
302667,2013,2025/02/02 14:21,,2812.15,,4,NONE,paid
302670,2026,2025-02-18T10:27:46Z,,1786.74,,6,,canceled
302671,2026,2025-02-12T12:57:50Z,,3542.23,,2,NONE,pending_hold
302672,2026,2025-02-07T06:57:53Z,,8547.45,,12,,paid
302675,2030,2025-02-14T09:53:47Z,,2936.91,2936.91,7,NONE,pending_hold
302682,2057,2025-02-25T11:19:53Z,,746.26,746.26,2,NONE,pending_hold
302683,2059,2025-02-21T06:43:15Z,,857.36,857.36,3,,shipped
302684,2066,2025/02/03 09:36,,8784.0,,11,LUX-R6,paid
302691,2104,2025-02-20T16:59:36Z,,3919.97,,7,WINTER-FLYER,pending_hold
302695,2107,2025-02-05T10:22:06Z,,2142.61,,6,,paid
302701,2121,2025-02-14T07:25:40Z,,3024.1,,5,,paid
302702,2122,2025-02-09T06:36:32Z,,1896.76,1896.76,8,NONE,canceled
302712,2146,2025-02-04T06:39:49Z,,3996.54,,6,NONE,canceled
302714,2152,2025-02-10T09:26:27Z,,4017.57,4017.57,4,WINTER-FLYER,canceled
302715,2154,2025-02-16T10:28:57Z,,621.0,,3,WINTER-FLYER,paid
302721,2159,2025-02-20T09:00:22Z,,2991.22,,4,WINTER-FLYER,canceled
302724,2177,2025-02-24T09:39:46Z,,1226.29,,4,WINTER-FLYER,canceled
302729,2183,2025-02-08T08:45:38Z,,7019.08,7019.08,8,LUX-R6,paid
302731,2187,2025-02-09T11:33:16Z,,5279.16,5279.16,15,LUX-R6,shipped
302735,2201,2025-02-18T12:49:44Z,,3577.47,,7,WINTER-FLYER,shipped
302740,2225,2025-02-11T06:48:59Z,,2220.35,2220.35,4,RAMADAN-BUNDLE,paid
302741,2229,2025-02-23T06:16:46Z,,3629.5,3629.50,6,RAMADAN-BUNDLE,paid
302743,2230,2025-02-06T12:53:13Z,,5583.94,,7,NONE,paid
302747,2231,2025-02-19T11:58:53Z,,1722.38,,5,,pending_hold
302749,2233,2025-02-19T10:50:50Z,,6123.27,,9,LUX-R6,canceled
302752,2246,2025-02-21T12:13:32Z,,6213.43,,8,,pending_hold
302753,2246,2025-02-05T09:22:03Z,,5352.64,,7,LUX-R6,paid
302755,2247,2025-02-28T07:33:10Z,,2319.31,,6,,canceled
302761,2252,2025-02-23T11:33:24Z,,4101.61,4101.61,6,WINTER-FLYER,paid
302768,2278,2025-02-20T10:15:42Z,,2476.55,2476.55,7,RAMADAN-BUNDLE,canceled
302784,2294,2025-02-23T13:51:22Z,,8419.26,,9,NONE,paid
302790,2308,2025-02-28T12:05:57Z,,6448.84,,8,NONE,pending_hold
302795,2329,2025-02-20T12:53:21Z,,3629.94,,13,LUX-R6,shipped
302799,2339,2025-02-15T10:21:07Z,,4313.54,4313.54,7,NONE,shipped
302804,2351,2025/02/14 14:19,,1922.66,1922.66,5,RAMADAN-BUNDLE,pending_hold
302806,2353,2025-02-24T08:54:52Z,,2028.63,2028.63,4,NONE,pending_hold
302807,2358,2025-02-14T06:50:59Z,,5259.43,5259.43,7,RAMADAN-BUNDLE,canceled
302810,2364,2025-02-21T08:00:16Z,,2617.95,,6,WINTER-FLYER,pending_hold
302811,2368,2025-02-07T08:23:00Z,,3839.73,3839.73,7,RAMADAN-BUNDLE,pending_hold
302812,2368,2025-02-17T06:45:22Z,,2886.41,,9,RAMADAN-BUNDLE,pending_hold
302815,2373,2025-02-14T09:54:47Z,,1378.87,,5,,canceled
302817,2378,2025-02-18T06:33:02Z,,4878.51,4878.51,9,WINTER-FLYER,paid
302818,2378,2025-02-14T09:48:33Z,,8179.81,,10,NONE,paid
302820,2380,2025-02-08T12:14:53Z,,2427.56,,8,RAMADAN-BUNDLE,canceled
302825,2399,2025-02-06T10:37:33Z,,2460.2,,5,WINTER-FLYER,pending_hold
302830,2413,2025-02-10T13:19:11Z,,5448.29,5448.29,14,WINTER-FLYER,pending_hold
302844,2426,2025-02-06T09:28:43Z,,9155.74,,15,WINTER-FLYER,canceled
302849,2435,2025-02-04T06:16:35Z,,2559.9,2559.90,8,LUX-R6,pending_hold
302850,2435,2025-02-21T17:33:48Z,,961.13,,3,,pending_hold
302858,2444,2025-02-04T08:24:01Z,,3715.05,3715.05,4,NONE,shipped
302864,2457,2025-02-08T07:48:50Z,,400.35,400.35,2,NONE,shipped
302869,2470,2025-02-16T10:44:12Z,,5466.7,5466.70,12,RAMADAN-BUNDLE,paid
302873,2477,2025-02-20T09:53:44Z,,7568.11,,7,NONE,paid
302878,2491,2025-02-02T10:22:20Z,,2683.16,,5,,pending_hold
302881,2498,2025-02-12T08:26:57Z,,8750.08,8750.08,5,WINTER-FLYER,paid
302882,2498,2025-02-10T06:01:58Z,,10889.76,10889.76,13,WINTER-FLYER,shipped
302883,2501,2025-02-08T10:08:55Z,,2241.6,,7,NONE,paid
302884,2507,2025-02-02T07:04:27Z,,6415.46,6415.46,10,NONE,pending_hold
302897,2524,2025-02-20T06:39:28Z,,3478.69,3478.69,8,RAMADAN-BUNDLE,paid
302905,2549,2025-02-19T13:40:54Z,,3532.21,3532.21,6,WINTER-FLYER,canceled
302914,2568,2025-02-23T11:18:35Z,,2136.46,,7,NONE,canceled
302916,2568,2025-02-22T12:34:46Z,,997.26,,6,,pending_hold
302919,2572,2025-02-18T08:29:53Z,,4420.68,4420.68,5,,paid
302920,2575,2025-02-18T17:58:36Z,,2653.25,,8,NONE,paid
302926,2582,2025-02-02T12:11:16Z,,3057.21,,7,LUX-R6,canceled
302929,2594,2025-02-04T12:42:03Z,,2102.65,,8,NONE,canceled
302930,2594,2025-02-18T08:15:24Z,,3016.0,,4,LUX-R6,shipped
302931,2595,2025-02-13T10:29:43Z,,8536.22,8536.22,12,NONE,shipped
302936,2603,2025-02-23T11:38:16Z,,4372.64,,10,NONE,canceled
302939,2609,2025-02-22T06:00:29Z,,3616.21,,8,,paid
302944,2612,2025-02-23T07:05:30Z,,6051.21,,9,NONE,paid
302945,2612,2025-02-23T09:49:15Z,,1700.69,1700.69,7,LUX-R6,paid
302948,2616,2025/02/27 13:19,,6182.17,6182.17,11,NONE,paid
302950,2623,2025-02-06T13:21:15Z,,2058.83,,3,LUX-R6,paid
302951,2624,2025-02-19T14:52:49Z,,6663.83,6663.83,9,WINTER-FLYER,paid
302958,2628,2025-02-28T11:43:37Z,,2721.75,2721.75,6,NONE,paid
302971,2653,2025-02-02T07:42:51Z,,4917.98,,7,NONE,paid
302974,2656,2025-02-14T07:49:51Z,,4422.82,,8,NONE,paid
302977,2664,2025-02-18T11:04:14Z,,1532.91,,2,NONE,canceled
302980,2671,2025-02-10T06:42:52Z,,1013.56,1013.56,2,RAMADAN-BUNDLE,pending_hold
302982,2674,2025-02-02T11:54:01Z,,5879.08,5879.08,14,NONE,paid
302988,2693,2025-02-26T11:04:03Z,,2583.37,2583.37,5,NONE,paid
302994,2697,2025-02-07T10:48:08Z,,934.1,934.10,4,RAMADAN-BUNDLE,paid
302995,2700,2025-02-21T06:12:53Z,,4220.63,,8,RAMADAN-BUNDLE,paid
302999,2706,2025-02-27T06:49:32Z,,5150.52,5150.52,15,,shipped
303001,2716,2025-02-05T07:35:10Z,,3322.12,,10,,pending_hold
303002,2716,2025-02-13T15:12:57Z,,5485.05,5485.05,4,WINTER-FLYER,canceled
303003,2720,2025-02-21T14:29:56Z,,3404.67,,11,NONE,paid
303004,2723,2025-02-08T12:32:36Z,,4227.88,4227.88,8,RAMADAN-BUNDLE,paid
303010,2734,2025-02-06T07:42:03Z,,2501.99,,4,NONE,paid
303012,2734,2025-02-14T10:43:00Z,,2989.2,,4,NONE,canceled
303014,2734,2025/02/18 13:07,,1222.47,,5,,shipped
303016,2734,2025-02-10T07:47:32Z,,1592.01,1592.01,4,,shipped
303019,2740,2025-02-22T12:11:29Z,,3723.84,,11,NONE,pending_hold
303020,2740,2025-02-10T07:24:32Z,,2447.6,2447.60,2,RAMADAN-BUNDLE,paid
303023,2745,2025/02/22 11:27,,854.47,854.47,7,LUX-R6,paid
303026,2747,2025-02-13T06:49:39Z,,1247.17,,3,NONE,pending_hold
303029,2752,2025-02-12T06:38:02Z,,2516.52,,6,LUX-R6,paid
303032,2752,2025-02-26T14:33:32Z,,2685.2,2685.20,7,WINTER-FLYER,paid
303035,2754,2025-02-19T10:30:26Z,,1510.64,,4,RAMADAN-BUNDLE,pending_hold
303038,2758,2025-02-28T07:09:21Z,,1955.21,1955.21,3,NONE,paid
303040,2758,2025-02-02T06:38:12Z,,8556.55,,9,,shipped
303041,2759,2025-02-13T10:25:15Z,,5467.65,,10,WINTER-FLYER,paid
303047,2772,2025-02-16T13:22:52Z,,6892.25,,15,WINTER-FLYER,pending_hold
303056,2798,2025/02/27 09:29,,4089.58,4089.58,8,,pending_hold
303057,2798,2025/02/07 15:40,,7178.58,7178.58,10,,paid
303062,2816,2025/02/23 10:26,,3538.71,3538.71,8,LUX-R6,paid
303072,1019,2025-03-23T14:08:39Z,,2316.04,,3,,paid
303075,1026,2025-03-22T18:50:07Z,,2846.36,2846.36,9,NONE,paid
303076,1034,2025-03-09T12:37:35Z,,4306.13,,6,NONE,paid
303078,1037,2025-03-02T19:00:12Z,,3734.11,3734.11,4,LUX-R6,paid
303081,1046,2025-03-01T16:39:10Z,,5100.85,,10,LUX-R6,shipped
303087,1051,2025-03-21T21:10:21Z,,1774.45,1774.45,5,NONE,pending_hold
303091,1064,2025-03-16T20:27:31Z,,1099.5,1099.50,3,NONE,paid
303100,1076,2025-03-12T19:20:49Z,,2730.75,,9,LUX-R6,shipped
303102,1076,2025-03-21T17:56:47Z,,5908.52,,9,NONE,paid
303103,1077,2025-03-25T21:20:02Z,,2959.4,,12,,shipped
303105,1080,2025-03-25T19:36:02Z,,4697.98,4697.98,8,,canceled
303108,1083,2025-03-24T21:49:31Z,,2889.97,2889.97,7,WINTER-FLYER,paid
303110,1087,2025-03-12T21:28:03Z,,2588.74,,10,WINTER-FLYER,paid
303111,1089,2025-03-07T21:08:22Z,,1883.04,,5,,paid
303112,1089,2025-03-22T18:46:38Z,,5749.35,5749.35,8,RAMADAN-BUNDLE,paid
303114,1091,2025-03-10T21:34:14Z,,8035.13,8035.13,15,,paid
303115,1093,2025-03-13T19:34:52Z,,3725.26,,7,NONE,paid
303116,1100,2025-03-05T21:45:04Z,,4925.89,,7,LUX-R6,paid
303119,1106,2025-03-01T16:18:19Z,,2728.31,2728.31,5,LUX-R6,pending_hold
303122,1112,2025-03-17T19:01:11Z,,7005.18,,8,,pending_hold
303123,1112,2025-03-19T14:17:30Z,,4521.93,,8,NONE,paid
303130,1117,2025-03-02T18:23:17Z,,2087.68,2087.68,6,NONE,paid
303136,1135,2025-03-14T11:52:58Z,,2396.84,2396.84,6,WINTER-FLYER,pending_hold
303139,1160,2025-03-12T21:05:31Z,,4493.78,,10,WINTER-FLYER,canceled
303146,1175,2025-03-04T15:19:53Z,,1140.16,,4,NONE,paid
303148,1178,2025-03-22T21:54:00Z,,874.49,874.49,3,LUX-R6,shipped
303150,1178,2025-03-20T13:31:33Z,,739.51,,5,LUX-R6,shipped
303152,1183,2025-03-23T18:00:59Z,,5071.85,5071.85,11,NONE,pending_hold
303158,1192,2025-03-02T21:04:13Z,,912.67,912.67,3,,canceled
303163,1196,2025-03-28T13:36:17Z,,3708.03,,15,RAMADAN-BUNDLE,shipped
303164,1196,2025/03/21 23:16,,3453.72,,2,WINTER-FLYER,paid
303165,1199,2025-03-23T16:01:02Z,,3802.35,3802.35,8,WINTER-FLYER,pending_hold
303167,1200,2025-03-13T21:17:38Z,,3119.44,3119.44,9,,canceled
303172,1227,2025-03-10T21:16:52Z,,3525.48,,7,RAMADAN-BUNDLE,shipped
303176,1230,2025-03-07T21:21:54Z,,1554.09,1554.09,3,,paid
303184,1237,2025-03-24T17:11:13Z,,5925.91,,9,,canceled
303185,1237,2025-03-17T21:03:18Z,,5372.3,,7,RAMADAN-BUNDLE,shipped
303189,1246,2025-03-17T18:49:16Z,,2615.11,,6,NONE,canceled
303190,1248,2025/03/28 18:27,,1111.0,,5,LUX-R6,paid
303197,1263,2025-03-17T21:20:06Z,,5138.72,5138.72,11,NONE,shipped
303204,1271,2025-03-18T18:20:42Z,,982.18,,2,NONE,paid
303205,1271,2025-03-10T15:38:41Z,,5616.12,,8,RAMADAN-BUNDLE,paid
303207,1274,2025-03-26T16:40:05Z,,3528.29,3528.29,13,WINTER-FLYER,paid
303212,1287,2025-03-23T18:13:05Z,,4852.0,4852.00,13,RAMADAN-BUNDLE,canceled
303214,1290,2025-03-09T18:56:08Z,,7007.72,,7,WINTER-FLYER,pending_hold
303216,1297,2025-03-17T11:56:42Z,,4464.72,,7,LUX-R6,pending_hold
303219,1305,2025-03-10T16:34:45Z,,1981.85,1981.85,5,RAMADAN-BUNDLE,paid
303220,1305,2025-03-20T21:40:47Z,,1109.91,1109.91,5,LUX-R6,canceled
303222,1308,2025-03-01T18:43:47Z,,2629.66,,2,RAMADAN-BUNDLE,paid
303225,1313,2025-03-19T15:00:33Z,,2588.89,,9,RAMADAN-BUNDLE,paid
303230,1317,2025-03-20T19:29:08Z,,446.4,446.40,3,,shipped
303234,1329,2025-03-17T21:33:24Z,,2142.94,,5,NONE,canceled
303236,1336,2025-03-20T14:56:31Z,,4423.15,,8,RAMADAN-BUNDLE,shipped
303238,1337,2025-03-12T20:46:21Z,,3171.71,3171.71,8,,pending_hold
303240,1342,2025-03-21T21:07:27Z,,6115.93,,8,LUX-R6,shipped
303241,1342,2025-03-14T18:37:05Z,,4160.57,,11,NONE,shipped
303247,1349,2025-03-21T21:46:08Z,,3078.89,,7,WINTER-FLYER,canceled
303248,1356,2025-03-22T21:12:09Z,,8944.14,,12,WINTER-FLYER,canceled
303255,1370,2025-03-22T17:45:29Z,,2274.12,,6,NONE,paid
303263,1383,2025-03-08T21:11:57Z,,1811.76,1811.76,6,LUX-R6,canceled
303264,1383,2025-03-15T15:11:28Z,,5454.19,,11,LUX-R6,paid
303266,1386,2025/03/09 20:25,,4458.79,4458.79,6,,paid
303274,1396,2025-03-23T18:00:46Z,,3607.7,3607.70,8,NONE,paid
303275,1400,2025-03-14T15:47:36Z,,3995.25,,7,LUX-R6,pending_hold
303281,1407,2025-03-06T13:10:30Z,,2278.66,,7,WINTER-FLYER,paid
303282,1407,2025-03-08T21:31:24Z,,2004.21,2004.21,8,NONE,paid
303283,1409,2025-03-03T20:13:27Z,,1951.25,1951.25,6,NONE,paid
303291,1419,2025-03-20T16:26:25Z,,5935.74,5935.74,9,RAMADAN-BUNDLE,canceled
303293,1426,2025-03-25T17:44:38Z,,5047.04,,7,RAMADAN-BUNDLE,paid
303304,1440,2025-03-26T20:26:32Z,,2145.66,2145.66,10,NONE,canceled
303306,1441,2025-03-07T18:08:05Z,,2038.25,,6,NONE,canceled
303307,1441,2025-03-13T18:28:33Z,,2222.99,,2,WINTER-FLYER,pending_hold
303308,1441,2025-03-24T20:46:14Z,,5192.6,5192.60,8,NONE,canceled
303312,1446,2025-03-09T13:31:49Z,,3264.22,,4,NONE,shipped
303315,1454,2025-03-06T18:02:03Z,,1426.84,,4,NONE,paid
303316,1461,2025-03-25T21:41:05Z,,4824.06,,5,,shipped
303319,1466,2025-03-03T20:34:07Z,,2598.09,2598.09,3,NONE,paid
303321,1468,2025-03-24T12:29:51Z,,2540.32,,5,WINTER-FLYER,paid
303323,1468,2025-03-10T21:10:20Z,,3027.42,3027.42,4,NONE,paid
303326,1474,2025-03-13T16:22:28Z,,5714.3,5714.30,9,NONE,shipped
303329,1477,2025-03-24T19:35:25Z,,2430.93,,4,RAMADAN-BUNDLE,paid
303331,1478,2025-03-23T21:24:19Z,,6283.1,6283.10,9,LUX-R6,paid
303333,1480,2025-03-12T19:01:26Z,,2782.8,2782.80,2,,paid
303334,1481,2025-03-08T16:49:53Z,,2000.26,2000.26,7,WINTER-FLYER,paid
303335,1481,2025-03-23T21:06:23Z,,5388.49,5388.49,12,LUX-R6,pending_hold
303343,1511,2025-03-21T21:12:06Z,,1666.72,,3,WINTER-FLYER,paid
303357,1549,2025-03-17T14:08:46Z,,1110.85,1110.85,5,WINTER-FLYER,paid
303360,1552,2025-03-17T17:21:51Z,,8052.22,,9,RAMADAN-BUNDLE,pending_hold
303367,1565,2025-03-20T15:52:12Z,,2315.31,,5,,canceled
303370,1572,2025/03/26 14:15,,4161.42,4161.42,5,WINTER-FLYER,paid
303371,1573,2025-03-16T18:28:31Z,,3556.31,,8,RAMADAN-BUNDLE,paid
303376,1583,2025-03-21T21:00:33Z,,2954.11,2954.11,7,RAMADAN-BUNDLE,canceled
303377,1583,2025-03-22T21:13:32Z,,7116.66,,14,RAMADAN-BUNDLE,pending_hold
303381,1585,2025-03-26T12:02:52Z,,6080.66,,9,NONE,paid
303382,1585,2025-03-13T18:36:18Z,,4589.16,4589.16,8,NONE,paid
303383,1585,2025-03-28T21:05:25Z,,2153.56,2153.56,4,,paid
303384,1585,2025-03-17T19:25:31Z,,3927.12,3927.12,15,RAMADAN-BUNDLE,shipped
303388,1589,2025-03-18T21:43:14Z,,3643.27,3643.27,7,LUX-R6,shipped
303392,1594,2025-03-13T16:06:17Z,,2265.39,,5,,paid
303394,1601,2025-03-23T16:51:16Z,,1799.74,,5,,paid
303396,1609,2025-03-14T15:48:22Z,,3609.11,3609.11,8,RAMADAN-BUNDLE,paid
303403,1627,2025-03-13T17:05:53Z,,2283.19,,5,NONE,paid
303405,1631,2025-03-04T16:20:42Z,,2094.91,2094.91,8,LUX-R6,paid
303407,1631,2025-03-27T17:58:21Z,,8495.71,,9,WINTER-FLYER,paid
303409,1633,2025-03-27T18:41:46Z,,3480.35,,6,,paid
303410,1633,2025-03-02T16:51:00Z,,1953.23,,4,NONE,shipped
303412,1635,2025-03-27T17:24:34Z,,6492.84,,8,LUX-R6,paid
303413,1642,2025-03-07T20:16:22Z,,7683.75,7683.75,15,NONE,shipped
303420,1659,2025-03-21T20:55:02Z,,1532.61,1532.61,3,RAMADAN-BUNDLE,pending_hold
303421,1660,2025-03-07T20:41:52Z,,2710.14,,6,LUX-R6,paid
303423,1664,2025-03-28T16:10:41Z,,966.47,,5,,paid
303426,1676,2025-03-06T17:32:25Z,,1016.47,,6,NONE,shipped
303427,1676,2025-03-11T21:40:34Z,,5282.07,5282.07,9,,pending_hold
303428,1677,2025-03-16T21:41:16Z,,2069.12,2069.12,7,NONE,paid
303429,1678,2025-03-15T13:09:21Z,,3454.89,,6,NONE,canceled
303438,1701,2025-03-07T19:55:53Z,,2448.28,2448.28,6,NONE,paid
303439,1701,2025-03-04T14:52:18Z,,5590.54,5590.54,6,,canceled
303446,1722,2025-03-26T17:34:10Z,,889.81,,4,WINTER-FLYER,paid
303449,1722,2025/03/12 15:24,,6171.09,6171.09,12,,pending_hold
303452,1723,2025-03-10T21:04:00Z,,6693.52,,6,LUX-R6,pending_hold
303453,1726,2025-03-04T17:29:48Z,,2790.72,,5,LUX-R6,pending_hold
303465,1750,2025-03-14T21:56:31Z,,2405.96,,5,RAMADAN-BUNDLE,pending_hold
303467,1753,2025-03-02T18:56:49Z,,2552.7,2552.70,8,,paid
303473,1767,2025-03-01T18:34:17Z,,2379.76,,4,RAMADAN-BUNDLE,shipped
303479,1780,2025-03-21T20:09:22Z,,5562.51,,11,NONE,canceled
303487,1798,2025-03-02T15:24:53Z,,2444.39,2444.39,6,NONE,shipped
303490,1801,2025-03-08T14:44:41Z,,1017.12,1017.12,4,LUX-R6,paid
303491,1802,2025-03-01T20:21:02Z,,6654.27,,12,,paid
303496,1813,2025/03/27 22:39,,802.73,802.73,3,,pending_hold
303500,1819,2025-03-26T16:32:26Z,,4140.32,,11,,paid
303503,1829,2025-03-06T13:29:02Z,,3359.22,,6,LUX-R6,shipped
303504,1830,2025-03-20T19:11:15Z,,1834.54,1834.54,3,LUX-R6,shipped
303508,1842,2025/03/02 23:23,,2038.49,2038.49,7,RAMADAN-BUNDLE,paid
303510,1842,2025-03-16T18:14:35Z,,3348.99,,4,LUX-R6,paid
303511,1843,2025-03-28T12:52:43Z,,1211.17,1211.17,4,WINTER-FLYER,paid
303515,1848,2025-03-21T21:41:26Z,,5827.97,,10,NONE,paid
303517,1858,2025-03-20T19:56:32Z,,8798.36,,11,NONE,paid
303518,1858,2025-03-06T18:29:29Z,,3327.27,,4,NONE,pending_hold
303519,1861,2025-03-05T20:33:36Z,,2036.76,2036.76,5,LUX-R6,paid
303520,1863,2025-03-11T19:28:04Z,,1589.61,,6,LUX-R6,paid
303523,1863,2025-03-02T19:15:02Z,,1879.85,,8,RAMADAN-BUNDLE,paid
303524,1864,2025-03-13T12:34:51Z,,4858.73,,6,LUX-R6,paid
303537,1882,2025-03-26T15:53:26Z,,2296.54,2296.54,9,NONE,canceled
303539,1888,2025-03-07T16:52:22Z,,2395.72,2395.72,7,RAMADAN-BUNDLE,canceled
303544,1904,2025-03-09T21:26:14Z,,3207.08,,4,NONE,canceled
303545,1906,2025-03-19T17:59:49Z,,1517.95,1517.95,3,NONE,pending_hold
303547,1907,2025-03-10T19:25:36Z,,1679.65,,6,RAMADAN-BUNDLE,shipped
303548,1907,2025-03-16T18:03:25Z,,2433.52,,6,RAMADAN-BUNDLE,pending_hold
303550,1908,2025-03-14T18:37:11Z,,1423.53,,10,WINTER-FLYER,canceled
303559,1926,2025-03-24T17:48:37Z,,3141.64,3141.64,4,RAMADAN-BUNDLE,paid
303561,1930,2025-03-04T17:42:15Z,,7471.37,,11,NONE,canceled
303563,1930,2025-03-16T17:07:47Z,,6903.7,,8,,shipped
303566,1938,2025-03-02T18:57:58Z,,1552.77,1552.77,6,,shipped
303570,1946,2025/03/16 23:48,,4488.44,,6,LUX-R6,canceled
303573,1952,2025-03-07T19:19:52Z,,5423.76,5423.76,8,NONE,paid
303574,1954,2025-03-17T21:06:51Z,,1731.94,,6,NONE,shipped
303579,1962,2025-03-13T19:44:21Z,,4199.4,4199.40,10,NONE,paid
303589,1979,2025-03-01T21:34:21Z,,5932.53,,10,LUX-R6,pending_hold
303591,1985,2025-03-24T17:46:38Z,,575.45,575.45,2,NONE,paid
303592,1985,2025-03-02T18:27:04Z,,7134.26,,15,NONE,canceled
303594,1986,2025-03-12T16:15:57Z,,2258.42,2258.42,8,NONE,pending_hold
303597,1987,2025-03-08T17:02:24Z,,10753.27,10753.27,11,LUX-R6,paid
303605,1991,2025-03-15T18:51:18Z,,9468.84,,12,NONE,canceled
303607,1993,2025-03-04T18:52:21Z,,1661.66,,6,,paid
303610,1999,2025-03-27T18:43:31Z,,7567.24,7567.24,10,RAMADAN-BUNDLE,paid
303613,2001,2025-03-08T21:10:59Z,,5905.78,5905.78,10,NONE,shipped
303618,2018,2025-03-28T13:06:16Z,,2495.39,,5,RAMADAN-BUNDLE,canceled
303619,2019,2025-03-23T21:46:46Z,,1948.89,,7,NONE,shipped
303623,2024,2025-03-10T14:37:36Z,,6490.21,,12,,shipped
303628,2030,2025-03-20T21:37:09Z,,4458.36,,5,LUX-R6,canceled
303631,2040,2025-03-02T21:35:20Z,,4320.58,,12,WINTER-FLYER,canceled
303641,2068,2025-03-12T18:26:30Z,,2724.2,2724.20,3,LUX-R6,paid
303644,2078,2025-03-02T21:48:39Z,,2406.54,,2,RAMADAN-BUNDLE,paid
303648,2103,2025-03-20T16:44:32Z,,7191.76,,7,RAMADAN-BUNDLE,shipped
303649,2103,2025-03-17T20:55:37Z,,2277.32,2277.32,4,NONE,paid
303650,2104,2025-03-06T20:20:46Z,,5395.13,5395.13,6,,paid
303653,2107,2025-03-09T18:32:49Z,,2684.75,2684.75,9,NONE,shipped
303655,2107,2025-03-10T16:26:19Z,,4235.71,,8,NONE,paid
303659,2112,2025-03-27T21:29:00Z,,4570.12,,6,,shipped
303669,2124,2025-03-18T18:06:18Z,,11132.81,,13,NONE,canceled
303672,2144,2025-03-22T19:53:02Z,,674.21,,5,RAMADAN-BUNDLE,paid
303677,2159,2025-03-12T18:03:53Z,,3955.68,,9,LUX-R6,paid
303685,2171,2025-03-09T17:16:38Z,,1722.65,,4,,paid
303687,2183,2025-03-03T17:35:37Z,,3723.09,,7,NONE,paid
303694,2190,2025-03-10T21:02:17Z,,10240.24,10240.24,14,WINTER-FLYER,paid
303699,2196,2025-03-17T15:18:16Z,,2919.33,,4,LUX-R6,paid
303700,2196,2025-03-13T18:36:50Z,,1591.78,,6,NONE,paid
303701,2199,2025-03-06T14:22:15Z,,13007.11,,15,LUX-R6,paid
303702,2199,2025-03-15T14:21:00Z,,1903.59,,3,LUX-R6,shipped
303706,2200,2025-03-19T18:01:27Z,,4347.79,4347.79,13,WINTER-FLYER,paid
303709,2211,2025/03/13 21:54,,1835.46,1835.46,10,LUX-R6,paid
303711,2214,2025-03-28T14:50:35Z,,2945.39,2945.39,5,NONE,paid
303712,2219,2025-03-02T20:29:52Z,,2075.15,,6,WINTER-FLYER,pending_hold
303713,2222,2025-03-19T20:05:48Z,,9545.1,9545.10,14,NONE,paid
303718,2226,2025/03/09 21:42,,2461.81,,3,WINTER-FLYER,paid
303725,2235,2025-03-12T18:53:25Z,,3415.01,,4,RAMADAN-BUNDLE,shipped
303726,2236,2025-03-23T15:51:07Z,,5828.64,,6,RAMADAN-BUNDLE,paid
303727,2236,2025-03-09T21:26:25Z,,2111.89,,9,WINTER-FLYER,paid
303728,2240,2025-03-23T20:49:28Z,,2133.38,,6,WINTER-FLYER,canceled
303737,2274,2025-03-25T21:17:30Z,,6973.89,6973.89,10,,shipped
303738,2276,2025/03/07 15:25,,6909.42,,8,RAMADAN-BUNDLE,paid
303743,2279,2025-03-04T18:03:39Z,,7776.94,7776.94,9,NONE,paid
303752,2293,2025-03-10T18:04:11Z,,4418.85,,7,WINTER-FLYER,paid
303760,2312,2025/03/16 23:28,,2605.99,2605.99,4,WINTER-FLYER,shipped
303762,2316,2025-03-26T14:34:21Z,,4653.21,,8,NONE,pending_hold
303764,2322,2025-03-27T14:06:21Z,,1668.09,1668.09,9,LUX-R6,canceled
303766,2322,2025-03-05T19:34:26Z,,4561.2,4561.20,11,NONE,paid
303767,2323,2025-03-28T17:52:54Z,,3085.09,,7,LUX-R6,canceled
303770,2328,2025-03-23T17:34:46Z,,1385.11,,4,LUX-R6,paid
303781,2341,2025-03-16T21:43:46Z,,4695.59,4695.59,9,RAMADAN-BUNDLE,paid
303784,2358,2025-03-08T21:19:13Z,,6201.8,6201.80,9,NONE,paid
303790,2361,2025-03-10T21:34:02Z,,3565.99,3565.99,8,NONE,paid
303799,2385,2025-03-09T17:21:50Z,,1980.06,,5,WINTER-FLYER,pending_hold
303801,2388,2025-03-25T18:34:18Z,,3874.32,3874.32,8,LUX-R6,shipped
303806,2399,2025-03-23T21:17:58Z,,3688.89,3688.89,5,RAMADAN-BUNDLE,pending_hold
303812,2402,2025-03-26T17:05:56Z,,1538.29,1538.29,5,NONE,paid
303813,2405,2025-03-09T21:30:55Z,,4053.81,,8,NONE,paid
303822,2414,2025-03-20T14:07:38Z,,2494.95,,4,LUX-R6,canceled
303825,2418,2025-03-24T17:29:49Z,,6024.07,6024.07,8,WINTER-FLYER,paid
303828,2426,2025-03-25T16:34:01Z,,3812.4,,12,NONE,canceled
303831,2441,2025-03-16T16:18:16Z,,2556.26,2556.26,8,NONE,paid
303833,2444,2025-03-03T19:20:02Z,,2455.18,2455.18,5,,paid
303835,2453,2025-03-02T20:05:37Z,,3356.03,3356.03,10,,paid
303837,2462,2025-03-12T14:44:36Z,,2431.09,2431.09,6,,canceled
303839,2468,2025-03-11T14:21:22Z,,2629.71,2629.71,6,WINTER-FLYER,paid
303840,2469,2025-03-28T18:06:45Z,,1848.88,1848.88,5,NONE,canceled
303845,2473,2025-03-20T19:59:01Z,,3044.21,,10,RAMADAN-BUNDLE,paid
303848,2477,2025-03-28T20:40:30Z,,8488.13,,12,NONE,shipped
303856,2507,2025-03-27T18:02:08Z,,3980.55,3980.55,13,NONE,paid
303857,2507,2025-03-04T16:57:54Z,,2475.06,,5,,pending_hold
303859,2518,2025-03-04T20:22:14Z,,7125.55,,11,NONE,canceled
303866,2524,2025-03-16T18:03:44Z,,2813.21,,10,RAMADAN-BUNDLE,paid
303870,2530,2025-03-26T17:38:24Z,,398.04,,3,RAMADAN-BUNDLE,pending_hold
303876,2543,2025-03-06T18:03:11Z,,5871.06,,8,LUX-R6,pending_hold
303882,2566,2025/03/06 22:18,,2565.62,,7,WINTER-FLYER,canceled
303887,2579,2025-03-05T19:15:42Z,,5470.94,,15,LUX-R6,shipped
303890,2579,2025-03-08T17:05:42Z,,5874.63,,11,LUX-R6,canceled
303891,2581,2025-03-22T15:19:10Z,,2205.64,,5,NONE,pending_hold
303892,2582,2025-03-18T13:46:41Z,,10432.94,,14,LUX-R6,paid
303895,2589,2025-03-24T18:23:47Z,,1810.49,,3,RAMADAN-BUNDLE,paid
303896,2591,2025-03-23T20:21:19Z,,5395.42,5395.42,5,RAMADAN-BUNDLE,pending_hold
303898,2594,2025-03-07T17:37:46Z,,3811.9,3811.90,7,NONE,shipped
303899,2594,2025-03-17T16:09:53Z,,8153.61,8153.61,9,WINTER-FLYER,paid
303905,2609,2025-03-05T20:42:11Z,,2586.77,,7,,shipped
303906,2612,2025-03-11T14:14:50Z,,2905.26,,5,NONE,paid
303914,2624,2025-03-12T16:37:13Z,,3670.3,,8,WINTER-FLYER,paid
303916,2626,2025-03-11T16:22:24Z,,1971.06,,5,RAMADAN-BUNDLE,paid
303917,2627,2025/03/07 21:42,,10339.8,10339.80,12,NONE,shipped
303923,2647,2025-03-13T19:33:53Z,,174.57,,2,,pending_hold
303927,2649,2025-03-24T19:35:25Z,,3902.69,3902.69,8,NONE,canceled
303932,2652,2025-03-24T21:01:40Z,,2739.6,2739.60,6,NONE,paid
303934,2654,2025-03-15T19:38:09Z,,3552.84,,10,WINTER-FLYER,shipped
303937,2664,2025-03-20T19:02:27Z,,901.68,901.68,3,,shipped
303939,2668,2025-03-12T21:28:00Z,,848.89,,3,NONE,paid
303943,2674,2025-03-24T14:34:03Z,,2743.39,,6,NONE,pending_hold
303945,2675,2025-03-06T15:46:53Z,,2979.18,,7,WINTER-FLYER,canceled
303952,2693,2025-03-09T15:05:41Z,,2173.3,,7,RAMADAN-BUNDLE,paid
303954,2697,2025-03-07T15:17:05Z,,4578.06,,7,WINTER-FLYER,paid
303955,2698,2025-03-04T14:07:51Z,,1689.51,,4,NONE,pending_hold
303957,2700,2025/03/06 21:54,,3307.03,,9,RAMADAN-BUNDLE,paid
303959,2705,2025-03-11T21:06:30Z,,2980.09,,7,NONE,paid
303964,2709,2025-03-19T20:08:35Z,,4249.34,,9,LUX-R6,canceled
303966,2711,2025-03-24T17:12:11Z,,5081.62,,10,NONE,paid
303971,2720,2025-03-24T20:40:08Z,,2217.29,2217.29,9,WINTER-FLYER,shipped
303974,2726,2025-03-17T20:23:22Z,,1704.97,1704.97,5,WINTER-FLYER,shipped
303976,2726,2025-03-04T18:37:02Z,,2948.87,,3,NONE,pending_hold
303981,2732,2025-03-09T18:58:00Z,,357.61,357.61,2,WINTER-FLYER,paid
303985,2734,2025-03-16T20:08:27Z,,5256.0,,7,WINTER-FLYER,canceled
303986,2740,2025-03-08T19:01:51Z,,1950.99,,7,WINTER-FLYER,paid
303988,2742,2025-03-28T19:42:00Z,,3582.21,,7,LUX-R6,paid
303994,2752,2025/03/15 18:46,,2315.1,2315.10,3,WINTER-FLYER,pending_hold
303995,2752,2025-03-28T19:03:08Z,,5215.99,5215.99,9,LUX-R6,canceled
303998,2759,2025-03-06T15:48:23Z,,4478.68,,5,NONE,paid
304000,2759,2025-03-18T21:40:40Z,,1860.35,,4,NONE,pending_hold
304001,2759,2025-03-03T17:00:59Z,,2685.98,2685.98,6,LUX-R6,shipped
304002,2760,2025-03-08T19:11:04Z,,5785.93,5785.93,10,NONE,paid
304008,2776,2025-03-24T18:56:34Z,,6617.88,,15,NONE,paid
304009,2776,2025-03-20T15:16:24Z,,7287.77,,8,NONE,shipped
304011,2779,2025/03/25 17:05,,2751.37,2751.37,5,LUX-R6,pending_hold
304012,2779,2025-03-11T19:53:24Z,,3526.94,3526.94,4,LUX-R6,paid
304013,2780,2025-03-10T21:22:24Z,,5341.95,5341.95,7,WINTER-FLYER,paid
304016,2783,2025-03-10T12:55:23Z,,2183.69,,7,LUX-R6,canceled
304017,2784,2025-03-28T18:35:44Z,,6333.92,6333.92,14,LUX-R6,pending_hold
304018,2784,2025-03-05T21:38:40Z,,2594.66,2594.66,4,WINTER-FLYER,shipped
304020,2790,2025-03-12T18:08:14Z,,2022.26,2022.26,9,NONE,canceled
304022,2790,2025-03-25T21:40:24Z,,559.65,559.65,4,LUX-R6,paid
304023,2790,2025-03-21T20:23:59Z,,1244.4,1244.40,5,NONE,paid
304024,2791,2025-03-15T17:44:15Z,,3942.88,3942.88,9,NONE,paid
304027,2805,2025-03-15T15:24:19Z,,1036.17,,2,WINTER-FLYER,shipped
304032,1011,2025-04-27T06:10:34Z,,2671.21,2671.21,6,WINTER-FLYER,paid
304033,1015,2025-04-20T11:13:46Z,,774.3,774.30,3,RAMADAN-BUNDLE,canceled
304034,1015,2025-04-25T07:52:50Z,,3590.13,3590.13,5,RAMADAN-BUNDLE,shipped
304042,1021,2025-04-02T12:43:58Z,,4980.22,4980.22,6,RAMADAN-BUNDLE,paid
304052,1028,2025-04-26T17:24:22Z,,4735.5,,9,,paid
304053,1034,2025-04-15T09:56:59Z,,3038.81,,5,RAMADAN-BUNDLE,paid
304069,1064,2025-04-08T07:26:27Z,,5637.11,,11,,canceled
304071,1065,2025-04-18T06:49:13Z,,991.44,991.44,4,WINTER-FLYER,paid
304072,1066,2025-04-05T09:27:24Z,,2247.82,,5,,paid
304073,1066,2025/04/01 11:43,,1832.51,,3,WINTER-FLYER,paid
304083,1080,2025-04-19T07:26:06Z,,4425.76,4425.76,11,NONE,paid
304085,1083,2025-04-01T07:50:33Z,,2514.49,,3,RAMADAN-BUNDLE,paid
304089,1089,2025-04-01T06:12:56Z,,4611.84,4611.84,10,NONE,pending_hold
304090,1100,2025-04-27T09:09:09Z,,1415.15,,2,WINTER-FLYER,paid
304106,1126,2025-04-05T14:04:40Z,,7335.85,,14,NONE,paid
304108,1144,2025-04-04T11:41:30Z,,9473.97,9473.97,14,,paid
304110,1154,2025-04-10T10:51:40Z,,2091.21,,10,RAMADAN-BUNDLE,paid
304116,1162,2025-04-02T11:59:57Z,,5715.73,5715.73,13,WINTER-FLYER,paid
304117,1165,2025/04/10 15:21,,4492.06,,10,RAMADAN-BUNDLE,paid
304120,1178,2025-04-05T06:06:27Z,,3807.18,3807.18,8,NONE,paid
304129,1204,2025-04-04T11:17:01Z,,4617.06,,5,,paid
304134,1216,2025-04-20T09:35:06Z,,2276.75,,5,NONE,pending_hold
304136,1220,2025-04-17T12:24:05Z,,6268.81,,11,,paid
304137,1220,2025-04-05T11:08:51Z,,3804.65,3804.65,10,NONE,pending_hold
304142,1228,2025/04/18 09:42,,6840.51,,10,NONE,paid
304147,1230,2025/04/10 13:35,,4613.53,,7,RAMADAN-BUNDLE,pending_hold
304156,1244,2025-04-15T13:14:40Z,,3873.74,3873.74,7,RAMADAN-BUNDLE,paid
304165,1262,2025-04-08T06:00:58Z,,5229.66,5229.66,8,,paid
304166,1262,2025-04-04T15:42:36Z,,2663.45,2663.45,6,NONE,paid
304171,1267,2025-04-15T10:31:03Z,,1509.3,,4,LUX-R6,paid
304174,1271,2025-04-01T07:50:06Z,,2128.32,,4,WINTER-FLYER,paid
304175,1271,2025-04-04T18:34:10Z,,4611.83,4611.83,8,,paid
304177,1274,2025-04-05T13:04:03Z,,929.7,929.70,9,NONE,canceled
304180,1278,2025-04-09T06:29:45Z,,160.41,,3,,shipped
304182,1287,2025-04-07T06:29:48Z,,2602.27,2602.27,6,,paid
304184,1290,2025-04-22T10:41:37Z,,2046.41,2046.41,3,LUX-R6,shipped
304185,1290,2025-04-14T13:00:59Z,,2269.77,2269.77,6,WINTER-FLYER,pending_hold
304192,1297,2025-04-15T09:43:39Z,,3349.57,3349.57,11,,paid
304204,1313,2025-04-04T09:05:51Z,,1548.68,,3,NONE,canceled
304206,1316,2025-04-01T11:34:36Z,,2068.43,,6,WINTER-FLYER,paid
304207,1317,2025-04-18T13:02:40Z,,2610.98,2610.98,5,LUX-R6,shipped
304209,1320,2025-04-04T07:47:20Z,,3958.66,,5,,pending_hold
304210,1320,2025-04-12T06:19:26Z,,1299.67,1299.67,7,,paid
304211,1321,2025-04-09T07:05:12Z,,3383.98,3383.98,6,,paid
304214,1323,2025-04-06T15:12:54Z,,3032.19,3032.19,5,LUX-R6,paid
304216,1324,2025-04-10T16:49:41Z,,2657.25,2657.25,4,NONE,shipped
304217,1329,2025-04-20T10:22:18Z,,3537.62,,6,NONE,paid
304219,1329,2025-04-11T07:30:17Z,,2855.39,2855.39,5,NONE,paid
304220,1333,2025-04-05T15:48:58Z,,3301.19,3301.19,5,LUX-R6,pending_hold
304223,1335,2025-04-05T06:10:13Z,,1986.05,,4,RAMADAN-BUNDLE,paid
304226,1337,2025-04-12T07:49:15Z,,4228.86,,9,,paid
304229,1346,2025-04-03T14:02:25Z,,3998.19,3998.19,7,,paid
304231,1346,2025-04-15T11:31:23Z,,6230.0,,13,NONE,paid
304232,1348,2025-04-20T09:53:31Z,,2037.28,2037.28,3,LUX-R6,shipped
304235,1355,2025-04-08T11:42:44Z,,3038.71,3038.71,4,,pending_hold
304236,1359,2025-04-02T09:09:28Z,,2471.49,,7,NONE,pending_hold
304243,1374,2025-04-26T10:28:31Z,,2221.67,2221.67,4,NONE,paid
304245,1377,2025-04-10T08:22:10Z,,3698.12,,10,NONE,pending_hold
304249,1383,2025-04-27T06:36:36Z,,4304.88,4304.88,9,WINTER-FLYER,pending_hold
304251,1383,2025-04-26T06:52:58Z,,2957.4,2957.40,5,,paid
304252,1386,2025-04-24T13:55:26Z,,8882.48,,11,LUX-R6,paid
304256,1392,2025/04/03 13:58,,8615.37,,9,LUX-R6,paid
304259,1394,2025/04/15 15:50,,5290.95,5290.95,10,,pending_hold
304260,1394,2025-04-14T10:13:10Z,,4461.02,4461.02,7,LUX-R6,shipped
304264,1400,2025-04-06T10:03:45Z,,1981.83,1981.83,4,RAMADAN-BUNDLE,pending_hold
304269,1415,2025-04-10T07:46:27Z,,1236.01,1236.01,4,LUX-R6,shipped
304271,1419,2025-04-26T14:38:44Z,,6955.59,,7,NONE,paid
304273,1426,2025-04-22T12:01:05Z,,2986.07,,5,RAMADAN-BUNDLE,shipped
304274,1428,2025-04-02T07:11:46Z,,690.9,,5,,pending_hold
304278,1432,2025-04-05T07:52:20Z,,6289.03,,6,RAMADAN-BUNDLE,paid
304280,1435,2025-04-25T11:40:46Z,,1999.07,1999.07,2,LUX-R6,shipped
304282,1444,2025-04-25T07:38:43Z,,2410.67,,2,NONE,paid
304288,1449,2025-04-06T10:29:06Z,,1954.18,,4,WINTER-FLYER,canceled
304292,1457,2025-04-19T10:23:47Z,,3254.85,,8,WINTER-FLYER,shipped
304295,1461,2025/04/24 15:54,,3473.13,,5,NONE,pending_hold
304296,1462,2025-04-15T11:19:21Z,,5279.53,5279.53,10,RAMADAN-BUNDLE,paid
304298,1465,2025-04-16T14:10:23Z,,2304.64,,4,LUX-R6,paid
304300,1467,2025-04-27T12:30:06Z,,2181.16,2181.16,2,NONE,paid
304301,1467,2025-04-08T14:18:02Z,,2477.5,,7,NONE,canceled
304302,1468,2025-04-24T12:39:28Z,,4137.14,,9,NONE,pending_hold
304305,1470,2025-04-16T09:31:44Z,,2730.69,,8,,shipped
304309,1477,2025-04-09T12:29:31Z,,2712.46,,9,NONE,paid
304317,1485,2025-04-15T10:55:51Z,,6553.33,6553.33,11,NONE,paid
304318,1487,2025-04-17T09:25:44Z,,9114.74,9114.74,11,NONE,paid
304320,1492,2025-04-01T12:11:15Z,,6755.07,6755.07,12,RAMADAN-BUNDLE,shipped
304321,1496,2025-04-11T10:28:00Z,,6920.85,,10,RAMADAN-BUNDLE,pending_hold
304323,1500,2025-04-23T08:35:22Z,,7673.75,,11,RAMADAN-BUNDLE,paid
304328,1533,2025-04-16T13:17:09Z,,5978.73,,9,RAMADAN-BUNDLE,paid
304330,1535,2025-04-14T09:39:37Z,,7639.58,,12,,pending_hold
304332,1539,2025-04-16T10:57:07Z,,745.82,745.82,4,NONE,canceled
304336,1551,2025-04-02T12:26:31Z,,2293.09,,2,WINTER-FLYER,paid
304339,1558,2025-04-21T13:42:05Z,,2768.92,,9,WINTER-FLYER,paid
304343,1563,2025-04-07T07:45:19Z,,4887.04,,10,LUX-R6,paid
304351,1571,2025-04-15T07:59:09Z,,3495.96,3495.96,10,NONE,paid
304353,1571,2025-04-04T08:54:11Z,,2668.59,2668.59,8,,paid
304359,1585,2025-04-18T11:41:38Z,,1716.23,,4,RAMADAN-BUNDLE,paid
304371,1604,2025-04-26T06:34:20Z,,2089.92,2089.92,8,RAMADAN-BUNDLE,pending_hold
304376,1605,2025-04-17T14:35:07Z,,6168.56,6168.56,9,NONE,paid
304378,1607,2025-04-21T09:10:28Z,,6424.75,,13,RAMADAN-BUNDLE,shipped
304385,1610,2025-04-11T15:51:07Z,,7134.43,7134.43,10,RAMADAN-BUNDLE,pending_hold
304389,1618,2025-04-09T11:32:36Z,,8412.6,8412.60,15,NONE,paid
304392,1620,2025-04-26T13:53:48Z,,4296.37,4296.37,7,NONE,paid
304393,1621,2025-04-18T15:02:48Z,,4247.61,4247.61,5,NONE,canceled
304396,1624,2025-04-12T09:58:38Z,,4741.93,,6,WINTER-FLYER,paid
304405,1637,2025-04-12T07:07:21Z,,2210.06,2210.06,5,NONE,paid
304413,1648,2025-04-20T10:48:39Z,,2037.82,,5,RAMADAN-BUNDLE,canceled
304414,1648,2025-04-13T12:06:45Z,,1443.61,,3,LUX-R6,pending_hold
304418,1650,2025/04/25 14:12,,1831.26,,6,WINTER-FLYER,paid
304420,1650,2025-04-01T11:54:30Z,,3628.22,3628.22,5,LUX-R6,shipped
304421,1660,2025-04-02T16:06:38Z,,4105.69,,6,,paid
304427,1668,2025-04-14T11:31:07Z,,2246.59,2246.59,6,RAMADAN-BUNDLE,paid
304432,1676,2025-04-22T10:39:00Z,,3146.27,,5,LUX-R6,paid
304435,1683,2025-04-15T10:41:42Z,,3622.82,3622.82,3,NONE,canceled
304438,1698,2025-04-06T13:53:35Z,,4808.38,4808.38,15,LUX-R6,paid
304447,1720,2025-04-28T10:11:36Z,,2876.98,2876.98,6,LUX-R6,paid
304451,1722,2025-04-22T10:05:59Z,,7338.86,7338.86,9,RAMADAN-BUNDLE,canceled
304452,1722,2025-04-25T10:13:49Z,,4169.61,4169.61,8,LUX-R6,paid
304453,1722,2025-04-26T08:18:42Z,,3701.87,,9,,paid
304455,1726,2025-04-15T12:19:15Z,,4182.62,,6,LUX-R6,paid
304457,1731,2025-04-17T12:51:09Z,,6311.52,6311.52,9,NONE,paid
304458,1731,2025-04-16T09:22:34Z,,3157.9,,6,,shipped
304459,1735,2025-04-25T06:46:49Z,,1942.66,1942.66,6,WINTER-FLYER,shipped
304462,1744,2025-04-12T07:15:11Z,,2735.58,2735.58,6,LUX-R6,shipped
304463,1744,2025-04-26T06:07:42Z,,3646.37,3646.37,7,WINTER-FLYER,paid
304464,1746,2025-04-16T06:56:56Z,,2052.28,,7,NONE,canceled
304465,1747,2025-04-27T10:18:02Z,,1464.81,,3,NONE,shipped
304467,1750,2025-04-26T06:54:53Z,,6383.39,,13,WINTER-FLYER,paid
304471,1755,2025-04-07T08:31:22Z,,1541.4,1541.40,4,RAMADAN-BUNDLE,paid
304472,1758,2025-04-06T06:43:58Z,,3120.44,3120.44,5,NONE,paid
304476,1767,2025-04-05T09:13:03Z,,7541.72,,13,WINTER-FLYER,canceled
304479,1771,2025-04-15T13:31:53Z,,4549.66,4549.66,7,WINTER-FLYER,shipped
304481,1777,2025-04-10T12:02:53Z,,3041.48,3041.48,7,NONE,pending_hold
304482,1780,2025-04-18T10:43:50Z,,946.0,946.00,5,,paid
304485,1784,2025-04-15T13:15:44Z,,2405.58,,5,NONE,canceled
304488,1790,2025-04-15T07:54:35Z,,2811.94,2811.94,10,NONE,pending_hold
304497,1812,2025-04-06T11:40:21Z,,9852.99,,11,WINTER-FLYER,paid
304504,1827,2025-04-11T09:59:33Z,,2520.55,,7,LUX-R6,paid
304509,1832,2025-04-25T15:16:34Z,,2316.58,2316.58,6,WINTER-FLYER,shipped
304512,1842,2025-04-16T11:44:31Z,,2397.89,2397.89,7,RAMADAN-BUNDLE,paid
304516,1851,2025-04-26T08:40:05Z,,7884.67,,12,NONE,pending_hold
304519,1854,2025-04-01T15:11:08Z,,4245.61,4245.61,10,NONE,canceled
304520,1856,2025-04-09T09:47:19Z,,3808.61,,10,NONE,shipped
304521,1857,2025-04-24T11:05:03Z,,2868.73,2868.73,5,,canceled
304523,1858,2025-04-22T12:52:34Z,,1118.91,1118.91,3,NONE,paid
304529,1864,2025-04-20T13:36:46Z,,3870.77,3870.77,8,WINTER-FLYER,paid
304532,1865,2025-04-09T06:24:11Z,,4805.59,,9,LUX-R6,paid
304535,1865,2025-04-21T07:02:17Z,,1939.25,,8,RAMADAN-BUNDLE,paid
304536,1867,2025-04-10T09:52:46Z,,6930.3,,8,RAMADAN-BUNDLE,pending_hold
304541,1872,2025-04-18T06:07:13Z,,3940.08,,4,NONE,paid
304543,1893,2025-04-16T10:36:52Z,,4881.27,,10,WINTER-FLYER,shipped
304545,1896,2025-04-03T08:37:17Z,,2545.84,2545.84,2,WINTER-FLYER,paid
304546,1896,2025-04-04T09:07:06Z,,2716.19,2716.19,6,LUX-R6,pending_hold
304552,1904,2025-04-08T06:52:57Z,,2345.78,,6,LUX-R6,paid
304555,1908,2025-04-07T14:16:12Z,,7155.95,7155.95,8,NONE,paid
304561,1915,2025-04-17T11:31:54Z,,5278.79,,15,NONE,paid
304562,1915,2025-04-19T08:19:40Z,,5659.78,,10,LUX-R6,canceled
304568,1921,2025-04-01T06:02:09Z,,1198.0,,3,,canceled
304570,1929,2025/04/23 10:20,,1383.57,,5,WINTER-FLYER,canceled
304571,1929,2025-04-11T15:48:33Z,,8231.82,,10,RAMADAN-BUNDLE,shipped
304573,1929,2025-04-10T07:50:00Z,,7353.11,,15,WINTER-FLYER,paid
304576,1930,2025-04-17T10:38:39Z,,695.9,695.90,3,NONE,pending_hold
304577,1934,2025-04-17T10:07:13Z,,1609.44,,4,WINTER-FLYER,pending_hold
304586,1945,2025-04-03T09:52:07Z,,4193.45,4193.45,5,NONE,paid
304588,1947,2025-04-21T13:21:29Z,,486.56,486.56,3,,pending_hold
304597,1963,2025-04-28T08:59:29Z,,4429.73,4429.73,7,LUX-R6,paid
304600,1979,2025-04-04T06:05:16Z,,4245.06,,10,,paid
304601,1980,2025-04-19T08:11:17Z,,2689.09,2689.09,5,,shipped
304603,1981,2025-04-12T06:08:00Z,,2626.47,2626.47,4,NONE,paid
304605,1985,2025-04-13T13:23:28Z,,3580.9,,8,NONE,paid
304606,1987,2025-04-05T12:50:51Z,,1914.86,,5,LUX-R6,canceled
304609,1989,2025-04-03T13:11:50Z,,3590.74,,12,RAMADAN-BUNDLE,shipped
304617,2017,2025-04-05T10:26:06Z,,883.47,,5,RAMADAN-BUNDLE,pending_hold
304619,2017,2025-04-27T07:52:54Z,,6442.1,,6,,canceled
304620,2017,2025-04-12T06:42:30Z,,1794.77,,3,,paid
304623,2023,2025/04/22 13:05,,4434.38,,12,,pending_hold
304626,2026,2025-04-28T07:30:34Z,,2702.75,,2,LUX-R6,canceled
304631,2034,2025/04/14 13:52,,5616.83,,6,NONE,paid
304636,2044,2025-04-07T11:51:18Z,,3484.18,3484.18,11,WINTER-FLYER,pending_hold
304641,2053,2025-04-01T10:00:05Z,,1177.78,,5,NONE,paid
304644,2060,2025-04-17T11:15:31Z,,1707.09,1707.09,4,WINTER-FLYER,pending_hold
304646,2068,2025-04-22T08:20:23Z,,2526.62,2526.62,5,,shipped
304647,2068,2025-04-17T15:30:43Z,,3497.85,,7,NONE,paid
304652,2078,2025-04-11T09:30:59Z,,3713.93,,6,,shipped
304653,2086,2025-04-05T15:26:07Z,,1028.64,,3,WINTER-FLYER,paid
304655,2090,2025-04-10T08:28:40Z,,2721.68,,7,,pending_hold
304658,2094,2025-04-01T16:07:58Z,,2761.94,2761.94,6,LUX-R6,canceled
304660,2101,2025-04-03T13:15:35Z,,3644.73,,8,RAMADAN-BUNDLE,shipped
304662,2103,2025-04-20T11:28:47Z,,6320.29,6320.29,9,,paid
304663,2104,2025-04-24T11:47:06Z,,6152.63,,15,WINTER-FLYER,shipped
304666,2110,2025-04-10T08:06:13Z,,1601.62,,3,NONE,pending_hold
304667,2111,2025-04-28T09:23:15Z,,3067.29,3067.29,8,,paid
304668,2112,2025-04-05T09:05:02Z,,1702.14,,5,,shipped
304669,2117,2025-04-16T11:18:38Z,,1392.93,,3,,paid
304674,2123,2025-04-08T10:00:24Z,,1455.87,1455.87,5,WINTER-FLYER,pending_hold
304676,2124,2025-04-11T10:18:07Z,,4645.53,,8,NONE,pending_hold
304678,2133,2025-04-22T06:02:25Z,,3415.78,3415.78,5,NONE,paid
304681,2142,2025-04-11T06:24:53Z,,1077.63,1077.63,2,RAMADAN-BUNDLE,canceled
304686,2145,2025-04-26T10:22:14Z,,2881.59,,7,RAMADAN-BUNDLE,shipped
304688,2148,2025-04-06T10:57:23Z,,3312.29,3312.29,6,,pending_hold
304689,2152,2025-04-25T11:42:37Z,,6144.32,,9,NONE,paid
304690,2154,2025-04-15T12:08:22Z,,4592.61,,8,,paid
304691,2156,2025/04/13 12:38,,2567.79,2567.79,4,NONE,paid
304692,2157,2025-04-27T06:52:12Z,,2809.16,2809.16,7,,paid
304697,2162,2025-04-27T08:25:01Z,,7353.41,7353.41,15,RAMADAN-BUNDLE,paid
304700,2167,2025-04-14T12:24:56Z,,3265.11,3265.11,6,NONE,canceled
304703,2182,2025-04-27T10:32:34Z,,1894.81,,5,,pending_hold
304705,2183,2025-04-25T13:09:57Z,,4551.68,4551.68,10,WINTER-FLYER,pending_hold
304707,2184,2025-04-03T10:43:50Z,,3234.41,,7,RAMADAN-BUNDLE,pending_hold
304708,2185,2025-04-15T09:11:47Z,,1505.65,,7,,shipped
304709,2185,2025-04-05T06:46:25Z,,4914.87,,13,NONE,paid
304713,2194,2025-04-11T09:31:00Z,,1444.7,,6,RAMADAN-BUNDLE,canceled
304714,2199,2025-04-08T16:09:16Z,,1602.32,,7,LUX-R6,pending_hold
304716,2200,2025-04-01T12:02:54Z,,7178.75,7178.75,8,,paid
304725,2214,2025-04-06T11:27:35Z,,3293.23,,5,LUX-R6,canceled
304726,2219,2025-04-04T12:43:02Z,,8863.18,,13,,paid
304731,2225,2025-04-02T08:26:37Z,,3963.59,3963.59,6,WINTER-FLYER,pending_hold
304732,2225,2025-04-26T15:44:14Z,,4696.83,,8,,canceled
304734,2230,2025-04-15T08:56:34Z,,665.6,665.60,5,RAMADAN-BUNDLE,paid
304736,2233,2025-04-10T11:16:22Z,,5005.85,,7,NONE,paid
304737,2233,2025-04-26T13:39:53Z,,2295.05,2295.05,2,NONE,paid
304738,2235,2025-04-02T07:06:54Z,,4948.27,4948.27,15,,pending_hold
304741,2236,2025-04-05T09:07:52Z,,2851.52,2851.52,5,RAMADAN-BUNDLE,paid
304745,2245,2025/04/20 08:13,,5784.34,5784.34,10,NONE,shipped
304748,2247,2025/04/21 08:01,,2301.73,2301.73,5,RAMADAN-BUNDLE,paid
304749,2247,2025-04-18T08:39:14Z,,1583.67,1583.67,4,,pending_hold
304750,2247,2025-04-06T07:30:51Z,,6210.8,,9,WINTER-FLYER,pending_hold
304755,2262,2025-04-11T15:20:29Z,,2198.66,2198.66,10,WINTER-FLYER,shipped
304757,2268,2025-04-20T15:23:23Z,,3787.22,3787.22,10,,paid
304763,2273,2025-04-16T07:49:17Z,,2795.72,,6,LUX-R6,paid
304771,2290,2025-04-21T11:02:14Z,,2356.49,2356.49,5,NONE,canceled
304774,2294,2025-04-01T15:39:34Z,,5430.85,,7,WINTER-FLYER,paid
304775,2296,2025-04-08T14:38:58Z,,822.89,,4,WINTER-FLYER,canceled
304785,2320,2025-04-20T09:51:22Z,,1403.58,1403.58,2,LUX-R6,shipped
304788,2323,2025-04-09T12:46:15Z,,3275.76,3275.76,7,WINTER-FLYER,shipped
304789,2327,2025-04-06T07:38:18Z,,4848.83,4848.83,7,,canceled
304790,2328,2025-04-09T10:08:00Z,,2696.55,,5,NONE,pending_hold
304796,2338,2025-04-13T12:50:37Z,,2843.55,2843.55,6,NONE,paid
304797,2339,2025-04-17T13:30:01Z,,3613.95,3613.95,7,NONE,shipped
304798,2345,2025-04-16T12:15:08Z,,3016.83,3016.83,9,,paid
304801,2356,2025-04-28T11:57:02Z,,1772.51,,5,NONE,paid
304803,2359,2025-04-16T15:44:18Z,,6057.14,,10,NONE,paid
304807,2362,2025-04-05T12:34:30Z,,5318.79,5318.79,5,NONE,paid
304810,2369,2025-04-25T11:48:22Z,,1461.96,1461.96,4,NONE,shipped
304812,2373,2025-04-23T06:40:26Z,,1769.43,1769.43,5,NONE,paid
304816,2388,2025-04-03T18:35:44Z,,9169.41,,8,LUX-R6,shipped
304817,2388,2025/04/11 14:28,,13855.58,13855.58,10,WINTER-FLYER,paid
304818,2391,2025-04-27T17:31:31Z,,4867.29,4867.29,8,RAMADAN-BUNDLE,pending_hold
304820,2396,2025-04-01T07:29:31Z,,4940.86,4940.86,10,WINTER-FLYER,paid
304821,2399,2025-04-13T08:26:01Z,,5099.89,5099.89,7,NONE,paid
304822,2400,2025-04-18T12:46:01Z,,1494.97,,3,RAMADAN-BUNDLE,canceled
304827,2405,2025-04-14T09:48:53Z,,2365.05,,3,NONE,paid
304832,2412,2025-04-02T10:56:17Z,,1821.07,1821.07,6,,pending_hold
304833,2414,2025-04-16T06:58:50Z,,2254.75,,7,NONE,paid
304836,2415,2025-04-02T09:10:47Z,,2499.21,,5,RAMADAN-BUNDLE,paid
304838,2419,2025-04-24T11:47:22Z,,2482.61,,10,RAMADAN-BUNDLE,canceled
304842,2420,2025-04-25T10:38:45Z,,1527.57,1527.57,7,WINTER-FLYER,shipped
304845,2422,2025-04-04T12:08:47Z,,2339.08,2339.08,4,LUX-R6,pending_hold
304847,2428,2025-04-19T06:25:16Z,,5413.34,,6,NONE,paid
304848,2438,2025-04-27T10:20:24Z,,4415.67,,10,WINTER-FLYER,shipped
304850,2441,2025-04-14T13:17:01Z,,4022.57,4022.57,9,NONE,paid
304852,2442,2025-04-18T09:29:03Z,,2669.91,,4,NONE,canceled
304855,2444,2025-04-11T13:25:28Z,,10127.62,10127.62,15,NONE,pending_hold
304862,2469,2025-04-14T13:48:14Z,,5048.8,,9,RAMADAN-BUNDLE,pending_hold
304863,2469,2025-04-14T11:06:59Z,,5224.22,,13,WINTER-FLYER,paid
304865,2475,2025-04-04T10:59:02Z,,6957.97,,12,,paid
304867,2478,2025-04-08T17:21:48Z,,1972.99,,6,RAMADAN-BUNDLE,paid
304872,2493,2025/04/17 12:59,,4995.21,4995.21,10,NONE,paid
304873,2494,2025-04-14T08:03:12Z,,1478.55,,4,RAMADAN-BUNDLE,pending_hold
304879,2506,2025-04-27T12:10:21Z,,2739.38,,2,WINTER-FLYER,canceled
304885,2518,2025-04-07T06:32:00Z,,5541.99,,11,NONE,paid
304888,2520,2025-04-28T09:00:03Z,,3141.09,3141.09,8,NONE,pending_hold
304892,2524,2025-04-20T12:41:26Z,,1714.61,,5,LUX-R6,paid
304894,2525,2025-04-24T06:57:49Z,,3566.13,,6,LUX-R6,paid
304899,2541,2025-04-20T06:10:52Z,,604.24,604.24,7,,canceled
304902,2548,2025-04-12T12:27:26Z,,1876.94,,5,RAMADAN-BUNDLE,paid
304905,2559,2025-04-22T07:30:08Z,,3215.7,,4,NONE,shipped
304909,2562,2025-04-01T09:59:06Z,,3320.15,,9,LUX-R6,shipped
304913,2568,2025-04-06T10:39:13Z,,4042.82,,8,,paid
304914,2568,2025-04-10T11:36:51Z,,6122.35,6122.35,10,LUX-R6,canceled
304915,2568,2025-04-13T12:39:39Z,,2968.01,2968.01,9,NONE,paid
304918,2578,2025-04-14T13:48:31Z,,7844.99,,11,NONE,canceled
304927,2588,2025-04-04T13:18:40Z,,1825.14,,4,NONE,paid
304930,2595,2025-04-08T09:27:06Z,,5653.33,,9,WINTER-FLYER,pending_hold
304931,2596,2025-04-18T13:53:57Z,,4750.76,,8,NONE,paid
304932,2603,2025-04-03T15:07:03Z,,3172.48,,7,LUX-R6,shipped
304933,2609,2025-04-27T10:14:19Z,,1747.9,,6,NONE,shipped
304937,2615,2025-04-14T09:11:40Z,,1658.94,1658.94,4,RAMADAN-BUNDLE,pending_hold
304940,2623,2025/04/22 14:11,,1885.18,1885.18,5,NONE,paid
304943,2626,2025-04-08T07:23:06Z,,6927.97,,9,WINTER-FLYER,paid
304945,2626,2025-04-18T08:47:58Z,,3464.17,,7,LUX-R6,pending_hold
304947,2628,2025-04-04T06:28:15Z,,2665.64,,4,NONE,paid
304950,2635,2025-04-11T14:36:49Z,,2297.19,,4,LUX-R6,paid
304951,2635,2025-04-05T06:04:09Z,,3774.26,,6,WINTER-FLYER,shipped
304952,2638,2025-04-26T11:10:19Z,,3100.56,3100.56,8,WINTER-FLYER,paid
304958,2649,2025-04-03T09:44:24Z,,1020.54,1020.54,3,NONE,shipped
304959,2650,2025-04-11T11:29:58Z,,2004.12,2004.12,5,NONE,paid
304962,2654,2025-04-13T06:53:30Z,,4782.51,,6,RAMADAN-BUNDLE,paid
304965,2657,2025-04-09T10:01:29Z,,3890.0,3890.00,6,,paid
304974,2674,2025-04-03T12:00:51Z,,1230.12,1230.12,3,NONE,paid
304977,2678,2025-04-23T11:35:52Z,,4364.0,,8,NONE,paid
304979,2680,2025-04-01T09:37:14Z,,971.72,,2,WINTER-FLYER,shipped
304982,2683,2025-04-11T12:08:43Z,,4202.67,4202.67,7,WINTER-FLYER,canceled
304983,2687,2025-04-18T08:49:34Z,,3798.12,,6,LUX-R6,paid
304984,2692,2025-04-12T12:42:47Z,,5449.87,,7,RAMADAN-BUNDLE,paid
304985,2693,2025-04-11T06:01:22Z,,5656.54,,15,RAMADAN-BUNDLE,paid
304986,2693,2025-04-12T18:03:39Z,,984.68,984.68,3,NONE,shipped
304988,2696,2025-04-07T08:28:25Z,,6207.39,,14,RAMADAN-BUNDLE,pending_hold
304993,2698,2025/04/16 11:17,,6078.79,6078.79,6,,shipped
304996,2706,2025-04-01T08:58:19Z,,1393.48,,2,LUX-R6,shipped
305000,2711,2025-04-20T08:00:45Z,,5609.56,,11,NONE,paid
305006,2720,2025-04-23T09:40:43Z,,6246.67,,6,WINTER-FLYER,paid
305008,2720,2025-04-18T07:57:29Z,,2149.28,,5,NONE,shipped
305012,2726,2025-04-24T13:50:46Z,,1295.37,,5,,paid
305017,2734,2025-04-24T09:03:25Z,,5767.91,,10,LUX-R6,pending_hold
305018,2734,2025-04-24T06:37:28Z,,4389.04,,10,RAMADAN-BUNDLE,paid
305021,2742,2025-04-15T19:58:39Z,,2356.74,2356.74,5,NONE,paid
305023,2742,2025-04-23T11:40:57Z,,9061.41,9061.41,15,,paid
305027,2747,2025-04-27T06:45:21Z,,4991.21,,8,WINTER-FLYER,paid
305037,2758,2025-04-03T08:38:51Z,,3044.69,,8,RAMADAN-BUNDLE,paid
305039,2759,2025-04-05T09:34:43Z,,3416.32,,10,NONE,shipped
305042,2762,2025-04-07T15:05:32Z,,2616.61,2616.61,4,,shipped
305049,2779,2025-04-11T14:03:00Z,,4236.09,,9,WINTER-FLYER,shipped
305051,2781,2025-04-19T08:21:17Z,,3017.96,,5,RAMADAN-BUNDLE,pending_hold
305058,2784,2025-04-24T09:36:13Z,,3955.99,,6,NONE,paid
305064,2790,2025-04-07T06:24:25Z,,7461.2,7461.20,14,LUX-R6,paid
305068,2802,2025-04-11T07:12:26Z,,3786.71,3786.71,7,RAMADAN-BUNDLE,pending_hold
305070,2809,2025-04-11T09:06:05Z,,2791.86,,7,NONE,paid
305079,1003,2025-05-02T06:24:09Z,,2938.09,2938.09,8,RAMADAN-BUNDLE,paid
305081,1003,2025-05-08T13:51:30Z,,2868.68,,7,WINTER-FLYER,paid
305086,1013,2025/05/02 12:28,,207.66,207.66,3,,shipped
305087,1013,2025-05-13T12:13:03Z,,2849.51,2849.51,4,WINTER-FLYER,pending_hold
305090,1016,2025-05-27T06:31:22Z,,4610.39,,10,LUX-R6,pending_hold
305108,1037,2025-05-03T11:10:28Z,,4159.23,4159.23,9,RAMADAN-BUNDLE,paid
305113,1040,2025-05-23T09:43:22Z,,2728.14,,7,RAMADAN-BUNDLE,canceled
305114,1041,2025-05-13T07:55:21Z,,1622.21,1622.21,6,NONE,paid
305115,1042,2025-05-17T06:37:32Z,,3493.69,,7,WINTER-FLYER,paid
305121,1047,2025-05-26T13:48:31Z,,5599.71,5599.71,9,RAMADAN-BUNDLE,paid
305126,1062,2025-05-12T07:02:29Z,,3579.02,3579.02,9,RAMADAN-BUNDLE,shipped
305127,1063,2025-05-20T06:55:31Z,,2558.11,,7,,paid
305129,1063,2025-05-20T06:23:18Z,,6214.39,,9,RAMADAN-BUNDLE,canceled
305137,1083,2025-05-20T11:59:29Z,,2959.3,,5,,canceled
305141,1089,2025-05-06T12:13:52Z,,3012.65,3012.65,3,NONE,paid
305142,1091,2025-05-21T06:55:53Z,,4411.64,,7,RAMADAN-BUNDLE,shipped
305145,1097,2025-05-02T17:01:04Z,,2607.59,,8,,canceled
305149,1100,2025-05-28T08:04:54Z,,2089.73,,5,NONE,paid
305155,1115,2025-05-01T08:54:12Z,,1105.36,,4,RAMADAN-BUNDLE,pending_hold
305159,1120,2025-05-06T12:34:08Z,,4585.29,4585.29,8,LUX-R6,pending_hold
305161,1126,2025-05-19T06:41:27Z,,3907.79,,6,NONE,pending_hold
305162,1126,2025-05-23T10:43:54Z,,1579.22,1579.22,6,RAMADAN-BUNDLE,paid
305166,1134,2025-05-09T11:10:17Z,,1988.38,1988.38,7,LUX-R6,paid
305168,1138,2025-05-06T10:05:08Z,,2589.34,,4,NONE,paid
305175,1154,2025-05-19T13:40:58Z,,1324.01,,5,NONE,canceled
305178,1158,2025-05-14T06:19:12Z,,5972.4,,13,WINTER-FLYER,paid
305179,1160,2025-05-10T11:35:13Z,,3518.54,,10,NONE,paid
305181,1160,2025-05-10T12:48:59Z,,2664.19,,4,NONE,shipped
305183,1166,2025-05-18T13:50:32Z,,2688.11,2688.11,6,LUX-R6,paid
305184,1167,2025/05/03 09:47,,3132.14,3132.14,5,LUX-R6,canceled
305186,1169,2025-05-12T09:31:05Z,,2050.38,,5,,pending_hold
305188,1174,2025/05/25 08:23,,3446.56,,6,WINTER-FLYER,paid
305195,1183,2025-05-15T10:06:59Z,,1503.2,,4,,paid
305196,1186,2025-05-15T14:01:57Z,,743.06,743.06,3,NONE,pending_hold
305197,1188,2025-05-25T06:56:12Z,,3090.63,3090.63,9,NONE,canceled
305201,1193,2025-05-11T11:58:39Z,,5685.86,,12,NONE,paid
305210,1208,2025-05-26T06:48:24Z,,4896.72,,6,LUX-R6,paid
305212,1212,2025-05-20T14:12:09Z,,5333.95,5333.95,6,NONE,paid
305215,1220,2025-05-02T12:24:51Z,,4929.27,,9,NONE,shipped
305234,1241,2025-05-24T11:39:53Z,,3703.15,,11,NONE,paid
305241,1260,2025/05/11 09:01,,1866.28,1866.28,4,LUX-R6,paid
305244,1262,2025-05-27T06:35:32Z,,3282.88,3282.88,3,RAMADAN-BUNDLE,paid
305249,1265,2025-05-02T08:36:49Z,,3275.07,,7,LUX-R6,paid
305250,1267,2025-05-27T09:55:14Z,,4494.11,,7,NONE,paid
305257,1273,2025-05-20T06:58:00Z,,2592.53,,7,RAMADAN-BUNDLE,paid
305259,1277,2025-05-25T14:21:27Z,,2038.47,2038.47,2,RAMADAN-BUNDLE,shipped
305260,1282,2025-05-09T10:35:39Z,,4194.65,,10,NONE,canceled
305262,1286,2025-05-15T06:53:26Z,,3000.86,3000.86,3,NONE,shipped
305265,1289,2025-05-04T10:12:27Z,,5691.88,5691.88,15,RAMADAN-BUNDLE,paid
305271,1296,2025-05-05T14:32:25Z,,2581.53,,3,LUX-R6,shipped
305275,1297,2025-05-20T10:40:09Z,,1190.17,,2,NONE,paid
305279,1303,2025-05-11T09:48:51Z,,2482.92,,7,WINTER-FLYER,paid
305281,1305,2025-05-08T11:04:52Z,,9744.18,,15,NONE,canceled
305282,1313,2025-05-18T16:33:05Z,,5001.18,5001.18,8,,canceled
305283,1313,2025-05-25T10:18:36Z,,3101.31,,4,,paid
305284,1313,2025-05-21T14:42:15Z,,3667.42,,10,RAMADAN-BUNDLE,pending_hold
305285,1314,2025-05-17T16:52:31Z,,2455.11,2455.11,7,NONE,paid
305291,1322,2025-05-26T10:33:28Z,,2462.77,,7,NONE,paid
305294,1331,2025-05-15T11:29:58Z,,4373.15,,10,NONE,shipped
305298,1342,2025-05-10T18:00:04Z,,4193.46,,11,LUX-R6,paid
305302,1345,2025-05-07T11:34:04Z,,3675.81,,7,NONE,paid
305307,1348,2025-05-26T08:13:47Z,,3249.86,3249.86,3,RAMADAN-BUNDLE,paid
305312,1364,2025-05-03T07:32:38Z,,426.11,,2,RAMADAN-BUNDLE,paid
305324,1383,2025-05-06T16:43:39Z,,8992.11,8992.11,8,WINTER-FLYER,pending_hold
305325,1384,2025-05-14T11:39:06Z,,2247.98,,5,,shipped
305327,1388,2025/05/13 08:49,,1958.87,1958.87,8,WINTER-FLYER,shipped
305332,1407,2025-05-20T08:28:49Z,,4765.97,,11,NONE,paid
305338,1418,2025-05-16T13:07:01Z,,2704.29,,5,RAMADAN-BUNDLE,paid
305339,1419,2025-05-14T08:34:25Z,,471.95,,2,LUX-R6,pending_hold
305348,1430,2025-05-04T09:10:51Z,,1452.77,1452.77,3,NONE,paid
305352,1435,2025-05-10T09:11:14Z,,1393.46,1393.46,2,NONE,paid
305353,1436,2025-05-10T10:39:52Z,,1206.41,,3,NONE,paid
305355,1443,2025-05-11T09:30:34Z,,1850.18,,4,NONE,paid
305361,1451,2025-05-15T10:22:19Z,,1882.0,1882.00,5,RAMADAN-BUNDLE,paid
305362,1451,2025-05-17T06:17:45Z,,5274.33,5274.33,13,RAMADAN-BUNDLE,paid
305364,1454,2025-05-10T14:21:49Z,,3716.72,3716.72,4,WINTER-FLYER,shipped
305368,1455,2025-05-15T12:53:53Z,,2949.51,,8,WINTER-FLYER,canceled
305369,1465,2025-05-10T09:45:44Z,,7138.54,7138.54,8,,paid
305377,1473,2025-05-23T10:14:10Z,,6161.08,6161.08,12,RAMADAN-BUNDLE,canceled
305378,1477,2025/05/08 10:25,,3775.16,3775.16,8,WINTER-FLYER,paid
305381,1477,2025-05-22T06:50:25Z,,211.8,211.80,3,LUX-R6,shipped
305382,1478,2025-05-10T09:26:31Z,,2039.54,,6,LUX-R6,paid
305386,1478,2025-05-17T10:53:51Z,,2243.65,,5,,paid
305389,1481,2025-05-09T14:06:06Z,,6337.63,,6,NONE,paid
305392,1492,2025-05-11T09:47:11Z,,3475.76,3475.76,6,NONE,shipped
305396,1497,2025-05-07T07:06:49Z,,706.71,,2,LUX-R6,pending_hold
305397,1499,2025-05-19T06:07:05Z,,7915.56,,14,,paid
305398,1501,2025-05-02T06:25:38Z,,7490.37,,13,NONE,pending_hold
305402,1524,2025-05-09T10:01:03Z,,988.89,988.89,3,WINTER-FLYER,canceled
305405,1529,2025-05-20T07:34:03Z,,2245.63,,5,LUX-R6,shipped
305406,1529,2025-05-07T09:38:03Z,,965.36,,4,LUX-R6,pending_hold
305408,1535,2025/05/28 17:25,,6002.19,,13,WINTER-FLYER,canceled
305412,1540,2025/05/13 15:52,,2810.14,,2,NONE,paid
305420,1551,2025-05-06T09:57:45Z,,3058.17,3058.17,8,LUX-R6,paid
305421,1552,2025-05-15T14:31:47Z,,2809.18,2809.18,7,NONE,paid
305422,1553,2025/05/26 12:42,,3190.72,3190.72,5,NONE,shipped
305424,1555,2025-05-19T10:30:10Z,,2855.14,2855.14,3,LUX-R6,canceled
305429,1558,2025-05-08T08:12:29Z,,3003.83,,4,,pending_hold
305430,1561,2025/05/26 16:26,,2962.63,2962.63,5,NONE,shipped
305435,1571,2025-05-15T10:45:45Z,,2650.96,2650.96,5,RAMADAN-BUNDLE,paid
305438,1573,2025-05-12T07:57:12Z,,1987.47,1987.47,6,LUX-R6,paid
305440,1574,2025/05/10 08:29,,3374.72,3374.72,3,RAMADAN-BUNDLE,pending_hold
305441,1574,2025-05-15T14:10:48Z,,4708.58,4708.58,5,,shipped
305442,1577,2025-05-16T12:03:57Z,,3646.36,,7,,paid
305444,1587,2025-05-10T07:29:49Z,,2664.55,2664.55,6,,paid
305447,1589,2025-05-11T07:18:58Z,,2165.58,2165.58,6,,paid
305448,1589,2025-05-05T10:15:00Z,,1918.65,,4,RAMADAN-BUNDLE,paid
305449,1590,2025-05-10T09:23:22Z,,634.23,634.23,2,RAMADAN-BUNDLE,pending_hold
305451,1593,2025-05-14T09:59:43Z,,3291.51,3291.51,5,NONE,paid
305453,1597,2025-05-12T07:54:53Z,,5510.62,,8,WINTER-FLYER,paid
305457,1599,2025-05-09T16:28:49Z,,1532.44,1532.44,4,NONE,paid
305458,1599,2025/05/04 12:01,,3495.57,,14,,canceled
305464,1608,2025-05-01T06:03:53Z,,3579.76,,6,LUX-R6,paid
305472,1614,2025-05-04T10:24:38Z,,3417.65,3417.65,4,NONE,shipped
305476,1621,2025-05-27T09:39:55Z,,4616.33,4616.33,8,WINTER-FLYER,paid
305479,1626,2025-05-25T12:29:57Z,,920.11,,4,RAMADAN-BUNDLE,pending_hold
305480,1627,2025-05-27T14:47:52Z,,1725.67,1725.67,5,RAMADAN-BUNDLE,canceled
305483,1631,2025/05/12 14:37,,4150.9,4150.90,6,,paid
305486,1633,2025-05-01T09:19:32Z,,6349.43,6349.43,9,RAMADAN-BUNDLE,shipped
305487,1636,2025-05-05T07:13:59Z,,1168.23,,3,LUX-R6,canceled
305488,1638,2025-05-04T09:39:33Z,,1751.81,1751.81,4,,shipped
305489,1639,2025-05-19T11:46:16Z,,5606.18,5606.18,8,RAMADAN-BUNDLE,pending_hold
305490,1639,2025-05-26T11:08:57Z,,1403.15,1403.15,3,NONE,canceled
305492,1645,2025-05-24T13:45:17Z,,3335.99,,7,,paid
305498,1664,2025-05-19T11:01:28Z,,2682.17,,4,RAMADAN-BUNDLE,canceled
305503,1670,2025/05/23 12:47,,2407.21,2407.21,6,RAMADAN-BUNDLE,shipped
305504,1670,2025-05-08T11:35:14Z,,5695.13,,10,LUX-R6,pending_hold
305512,1675,2025-05-16T06:59:59Z,,2499.02,,11,LUX-R6,canceled
305514,1676,2025-05-07T10:17:52Z,,3874.05,3874.05,12,,paid
305523,1698,2025-05-05T06:15:57Z,,6886.57,,7,WINTER-FLYER,pending_hold
305527,1701,2025-05-17T07:26:45Z,,3541.58,,4,LUX-R6,paid
305528,1702,2025-05-23T07:26:32Z,,2547.0,,9,RAMADAN-BUNDLE,paid
305529,1702,2025-05-24T10:53:45Z,,698.9,698.90,6,WINTER-FLYER,paid
305531,1705,2025-05-22T08:22:19Z,,6518.6,,10,NONE,paid
305532,1705,2025-05-15T10:54:03Z,,1560.03,1560.03,7,WINTER-FLYER,shipped
305544,1725,2025/05/27 17:30,,4825.26,,11,LUX-R6,shipped
305545,1725,2025-05-27T15:14:13Z,,1886.65,1886.65,7,NONE,shipped
305551,1733,2025-05-22T15:45:49Z,,6515.83,,11,LUX-R6,pending_hold
305553,1738,2025-05-18T10:24:02Z,,4790.35,,8,WINTER-FLYER,paid
305554,1741,2025-05-10T07:10:53Z,,8091.15,,10,RAMADAN-BUNDLE,canceled
305556,1750,2025-05-27T12:01:28Z,,2057.19,2057.19,4,RAMADAN-BUNDLE,paid
305561,1754,2025-05-22T10:52:13Z,,2178.99,2178.99,6,LUX-R6,canceled
305564,1755,2025-05-24T13:24:05Z,,4060.06,4060.06,5,NONE,canceled
305566,1756,2025-05-19T17:31:45Z,,4412.1,,7,,paid
305569,1762,2025-05-27T08:53:35Z,,3150.85,,2,WINTER-FLYER,shipped
305572,1765,2025-05-03T10:27:40Z,,9415.81,9415.81,11,LUX-R6,canceled
305573,1770,2025-05-28T14:10:58Z,,1971.91,1971.91,7,RAMADAN-BUNDLE,canceled
305575,1776,2025-05-25T06:03:04Z,,3434.24,,15,NONE,shipped
305578,1778,2025-05-20T08:20:47Z,,3529.89,,6,WINTER-FLYER,paid
305580,1778,2025-05-16T10:09:09Z,,4404.54,4404.54,10,LUX-R6,paid
305583,1778,2025-05-27T10:22:17Z,,1582.28,,6,LUX-R6,pending_hold
305585,1781,2025-05-07T13:11:01Z,,2777.66,2777.66,10,WINTER-FLYER,paid
305589,1789,2025-05-13T14:39:00Z,,2054.32,,4,LUX-R6,shipped
305590,1793,2025-05-17T07:13:22Z,,825.71,825.71,3,NONE,shipped
305597,1807,2025-05-17T07:23:19Z,,2422.38,2422.38,5,NONE,pending_hold
305602,1820,2025-05-20T06:24:33Z,,3567.43,,13,WINTER-FLYER,paid
305603,1821,2025-05-19T11:50:56Z,,1456.07,,5,NONE,paid
305605,1824,2025-05-18T11:21:32Z,,4984.53,4984.53,7,NONE,paid
305608,1832,2025-05-15T07:17:44Z,,4605.48,,11,NONE,paid
305610,1838,2025-05-09T15:05:44Z,,3458.82,3458.82,6,RAMADAN-BUNDLE,paid
305612,1843,2025-05-28T07:08:36Z,,1701.45,1701.45,5,RAMADAN-BUNDLE,pending_hold
305613,1843,2025-05-22T11:20:16Z,,5285.1,5285.10,12,NONE,canceled
305621,1857,2025-05-21T06:17:12Z,,1137.78,,4,NONE,pending_hold
305625,1863,2025-05-03T08:14:03Z,,2027.55,,6,RAMADAN-BUNDLE,canceled
305626,1863,2025-05-02T13:16:36Z,,1134.0,,3,,pending_hold
305627,1864,2025-05-07T13:38:22Z,,222.82,222.82,3,LUX-R6,shipped
305628,1864,2025-05-07T10:04:02Z,,3235.67,,8,WINTER-FLYER,shipped
305630,1865,2025-05-11T11:43:34Z,,3324.53,3324.53,7,,canceled
305632,1866,2025-05-07T06:05:26Z,,8003.49,8003.49,9,NONE,pending_hold
305639,1875,2025-05-19T07:21:10Z,,2333.88,,7,,pending_hold
305640,1877,2025-05-23T10:43:47Z,,2214.97,,4,WINTER-FLYER,paid
305652,1894,2025-05-28T14:40:14Z,,2861.47,,8,RAMADAN-BUNDLE,paid
305654,1896,2025-05-23T10:07:23Z,,2060.36,2060.36,4,LUX-R6,paid
305659,1900,2025/05/01 09:44,,3222.5,,10,NONE,paid
305660,1900,2025-05-02T14:54:54Z,,2441.13,2441.13,5,NONE,paid
305662,1902,2025-05-28T11:26:20Z,,6264.5,6264.50,12,NONE,pending_hold
305672,1921,2025-05-16T15:04:47Z,,6644.48,,10,NONE,shipped
305673,1925,2025-05-24T12:42:17Z,,5466.18,5466.18,10,NONE,pending_hold
305674,1925,2025-05-28T10:59:25Z,,4304.53,,9,RAMADAN-BUNDLE,shipped
305675,1925,2025-05-17T10:23:35Z,,4114.59,,9,NONE,paid
305678,1926,2025-05-01T08:42:07Z,,1328.11,,5,LUX-R6,shipped
305680,1930,2025-05-04T16:52:46Z,,3392.45,,4,,pending_hold
305685,1936,2025-05-09T13:00:52Z,,4897.42,4897.42,13,LUX-R6,paid
305688,1938,2025-05-11T12:49:01Z,,2013.15,2013.15,8,,shipped
305689,1938,2025-05-10T06:08:35Z,,837.11,837.11,2,NONE,pending_hold
305691,1938,2025-05-27T10:00:12Z,,3287.35,,4,RAMADAN-BUNDLE,paid
305692,1945,2025-05-13T11:12:50Z,,1958.31,,7,NONE,canceled
305693,1945,2025-05-07T12:28:44Z,,5774.4,5774.40,12,LUX-R6,canceled
305694,1945,2025-05-20T11:59:38Z,,6698.3,,14,,paid
305695,1946,2025-05-22T12:03:05Z,,2410.76,,8,,paid
305699,1950,2025-05-10T12:09:20Z,,1684.92,,7,RAMADAN-BUNDLE,paid
305704,1957,2025-05-10T11:48:21Z,,1617.0,1617.00,7,,paid
305705,1960,2025-05-19T06:13:06Z,,3841.06,3841.06,5,,paid
305708,1961,2025/05/02 12:57,,6055.88,6055.88,9,NONE,pending_hold
305709,1961,2025-05-12T09:15:40Z,,3045.26,3045.26,6,LUX-R6,paid
305711,1961,2025-05-27T13:18:44Z,,3601.44,,4,NONE,canceled
305715,1962,2025-05-19T09:06:58Z,,5503.39,5503.39,8,NONE,paid
305725,1987,2025-05-16T06:36:13Z,,6265.01,,8,LUX-R6,paid
305728,1987,2025-05-24T13:37:51Z,,1605.98,1605.98,3,LUX-R6,paid
305741,2000,2025-05-12T06:32:04Z,,2308.38,2308.38,4,NONE,paid
305744,2007,2025-05-07T11:11:12Z,,2058.0,,4,WINTER-FLYER,pending_hold
305750,2017,2025/05/06 12:42,,6657.21,6657.21,6,LUX-R6,shipped
305752,2019,2025-05-16T12:56:32Z,,8587.02,8587.02,13,LUX-R6,paid
305757,2026,2025-05-18T09:41:33Z,,5243.86,5243.86,7,LUX-R6,paid
305758,2026,2025-05-26T09:12:16Z,,2123.42,2123.42,7,NONE,paid
305775,2044,2025-05-16T08:14:10Z,,2584.06,2584.06,4,,canceled
305783,2053,2025-05-25T16:39:34Z,,1650.79,1650.79,8,WINTER-FLYER,paid
305784,2055,2025-05-23T07:24:32Z,,4821.34,4821.34,6,,paid
305785,2060,2025-05-14T12:58:40Z,,946.28,,3,NONE,paid
305788,2064,2025-05-10T10:44:37Z,,2142.83,2142.83,11,RAMADAN-BUNDLE,canceled
305789,2064,2025-05-25T11:16:02Z,,4724.32,4724.32,7,,canceled
305790,2066,2025-05-19T14:27:17Z,,1913.54,,6,WINTER-FLYER,shipped
305796,2071,2025-05-04T14:55:26Z,,2647.83,,9,LUX-R6,canceled
305799,2078,2025-05-28T06:18:49Z,,2281.77,,5,NONE,paid
305803,2087,2025-05-11T18:50:01Z,,2852.76,2852.76,8,LUX-R6,shipped
305805,2090,2025/05/22 10:42,,2669.44,2669.44,10,RAMADAN-BUNDLE,pending_hold
305810,2096,2025-05-04T14:01:45Z,,2510.04,2510.04,7,NONE,shipped
305813,2099,2025-05-22T11:00:31Z,,4388.35,,9,RAMADAN-BUNDLE,paid
305817,2103,2025-05-08T13:22:37Z,,817.97,817.97,3,NONE,paid
305818,2107,2025-05-14T14:55:02Z,,6195.6,,9,NONE,shipped
305823,2112,2025-05-16T10:51:46Z,,4556.06,4556.06,11,WINTER-FLYER,paid
305829,2119,2025-05-15T13:37:23Z,,2165.42,2165.42,4,,paid
305830,2121,2025-05-28T07:40:44Z,,4563.91,4563.91,6,NONE,canceled
305832,2124,2025-05-09T08:28:38Z,,2961.77,,9,NONE,canceled
305833,2130,2025-05-12T12:08:21Z,,4922.19,4922.19,10,LUX-R6,shipped
305834,2130,2025-05-11T11:44:25Z,,2966.8,2966.80,9,,paid
305840,2159,2025-05-13T10:25:17Z,,1193.15,,5,LUX-R6,paid
305842,2167,2025-05-06T09:58:15Z,,2855.34,,13,WINTER-FLYER,pending_hold
305844,2167,2025/05/05 11:26,,2958.83,2958.83,6,,pending_hold
305847,2170,2025-05-08T09:42:08Z,,5196.42,,15,LUX-R6,paid
305851,2180,2025-05-14T07:10:10Z,,3222.65,,5,NONE,canceled
305854,2182,2025-05-27T15:30:27Z,,4113.1,4113.10,12,WINTER-FLYER,pending_hold
305855,2183,2025-05-11T07:49:18Z,,6158.73,,6,RAMADAN-BUNDLE,canceled
305856,2183,2025-05-07T10:18:18Z,,5995.44,,8,RAMADAN-BUNDLE,paid
305860,2187,2025/05/06 13:00,,884.94,,5,LUX-R6,canceled
305862,2194,2025-05-02T11:55:46Z,,5616.18,,10,LUX-R6,shipped
305863,2198,2025-05-26T12:46:50Z,,1320.8,1320.80,4,NONE,paid
305867,2199,2025-05-07T14:46:41Z,,3343.72,,8,,paid
305868,2201,2025-05-13T10:21:43Z,,4367.45,4367.45,8,,pending_hold
305869,2204,2025-05-27T10:28:41Z,,1273.8,,4,NONE,paid
305870,2204,2025-05-25T10:22:50Z,,7935.7,7935.70,11,LUX-R6,paid
305872,2210,2025-05-13T12:48:06Z,,9570.83,,13,WINTER-FLYER,paid
305873,2214,2025-05-12T12:13:10Z,,1672.88,1672.88,7,WINTER-FLYER,shipped
305877,2215,2025-05-26T10:24:33Z,,2350.51,2350.51,3,WINTER-FLYER,paid
305879,2222,2025-05-15T09:24:25Z,,3584.19,,8,RAMADAN-BUNDLE,paid
305881,2223,2025-05-09T07:18:24Z,,3640.52,3640.52,8,WINTER-FLYER,paid
305883,2225,2025-05-08T11:54:55Z,,2677.09,,8,NONE,paid
305884,2226,2025-05-08T13:37:59Z,,5368.71,5368.71,13,NONE,canceled
305887,2227,2025-05-10T08:05:03Z,,4951.94,4951.94,7,NONE,pending_hold
305890,2229,2025-05-04T08:21:44Z,,1992.44,1992.44,4,WINTER-FLYER,pending_hold
305892,2230,2025-05-10T11:36:07Z,,2985.14,,3,NONE,paid
305899,2247,2025-05-13T11:36:12Z,,4090.75,,6,NONE,paid
305901,2252,2025-05-22T09:47:23Z,,6066.37,,9,WINTER-FLYER,shipped
305903,2252,2025-05-01T06:20:27Z,,748.7,748.70,2,,paid
305904,2254,2025-05-15T08:45:05Z,,3793.2,,4,NONE,paid
305906,2260,2025-05-26T08:08:05Z,,2728.01,2728.01,6,LUX-R6,shipped
305908,2265,2025-05-08T09:08:18Z,,6445.84,6445.84,11,LUX-R6,canceled
305911,2273,2025-05-14T14:02:55Z,,2102.67,2102.67,6,RAMADAN-BUNDLE,shipped
305912,2273,2025-05-27T12:17:51Z,,6150.37,,11,RAMADAN-BUNDLE,shipped
305921,2284,2025-05-09T14:54:29Z,,4022.37,,7,NONE,shipped
305928,2294,2025-05-12T06:00:57Z,,3131.91,,6,LUX-R6,canceled
305930,2299,2025-05-07T09:17:21Z,,862.62,,2,,canceled
305934,2315,2025-05-28T09:02:43Z,,6202.76,6202.76,11,WINTER-FLYER,paid
305940,2328,2025-05-07T16:55:58Z,,3207.63,3207.63,5,RAMADAN-BUNDLE,paid
305942,2331,2025-05-01T09:08:55Z,,1312.63,,3,,paid
305948,2342,2025-05-21T06:20:54Z,,6692.81,,10,LUX-R6,paid
305950,2342,2025-05-14T12:40:48Z,,8214.67,,11,LUX-R6,canceled
305957,2353,2025-05-21T12:57:36Z,,4077.09,4077.09,6,,paid
305960,2354,2025/05/15 11:00,,3664.77,,3,RAMADAN-BUNDLE,paid
305966,2360,2025-05-22T10:53:23Z,,4635.14,4635.14,11,LUX-R6,paid
305967,2362,2025-05-05T10:59:43Z,,2436.33,,11,,canceled
305974,2368,2025-05-05T12:07:04Z,,2775.53,,6,WINTER-FLYER,canceled
305977,2372,2025-05-02T12:50:54Z,,4059.48,,6,WINTER-FLYER,paid
305982,2378,2025-05-27T06:01:42Z,,6323.99,,10,,paid
305991,2399,2025-05-17T06:44:47Z,,4585.57,,12,,shipped
305995,2406,2025/05/09 15:28,,1920.0,,2,NONE,canceled
305998,2411,2025-05-01T07:33:27Z,,10264.09,10264.09,14,NONE,paid
306006,2417,2025-05-24T09:26:57Z,,4752.05,4752.05,9,,pending_hold
306010,2419,2025-05-22T08:17:11Z,,2757.2,2757.20,3,WINTER-FLYER,pending_hold
306015,2435,2025-05-15T07:34:19Z,,2290.97,,6,RAMADAN-BUNDLE,paid
306016,2436,2025-05-21T16:32:11Z,,5590.95,,9,NONE,paid
306019,2438,2025-05-26T14:38:06Z,,14638.69,14638.69,14,NONE,shipped
306020,2441,2025-05-22T13:54:30Z,,2705.1,2705.10,5,NONE,shipped
306021,2443,2025-05-10T11:49:29Z,,6462.12,6462.12,10,NONE,paid
306028,2468,2025-05-20T15:08:06Z,,2697.93,,2,WINTER-FLYER,paid
306029,2469,2025-05-15T06:53:38Z,,1838.83,1838.83,4,LUX-R6,paid
306033,2478,2025-05-02T12:57:07Z,,3944.64,,10,NONE,paid
306035,2478,2025-05-01T06:21:45Z,,2318.11,2318.11,4,NONE,canceled
306038,2481,2025-05-23T07:20:21Z,,6222.33,6222.33,15,RAMADAN-BUNDLE,canceled
306039,2482,2025-05-03T17:06:55Z,,5254.83,,11,WINTER-FLYER,canceled
306040,2485,2025-05-25T12:05:06Z,,911.79,,3,LUX-R6,paid
306042,2488,2025-05-25T09:14:49Z,,6923.83,6923.83,8,LUX-R6,paid
306047,2494,2025-05-23T15:04:12Z,,2881.81,,5,WINTER-FLYER,shipped
306048,2498,2025-05-05T12:46:35Z,,2283.44,,4,,paid
306050,2504,2025-05-22T16:43:11Z,,6761.95,,10,LUX-R6,shipped
306052,2506,2025-05-16T08:44:05Z,,1303.18,,6,WINTER-FLYER,canceled
306053,2508,2025-05-09T06:26:53Z,,1665.88,,4,NONE,paid
306056,2510,2025-05-13T13:18:05Z,,2509.05,,4,LUX-R6,paid
306061,2522,2025-05-05T09:11:07Z,,8015.91,,8,,pending_hold
306062,2523,2025-05-22T06:03:44Z,,3078.42,,4,WINTER-FLYER,pending_hold
306066,2530,2025-05-14T06:20:42Z,,5020.6,,11,RAMADAN-BUNDLE,canceled
306067,2540,2025-05-11T11:59:53Z,,701.32,,4,RAMADAN-BUNDLE,paid
306068,2540,2025-05-10T07:20:15Z,,904.48,904.48,2,LUX-R6,canceled
306072,2547,2025-05-20T10:17:25Z,,2530.62,,4,NONE,pending_hold
306073,2547,2025-05-01T13:00:43Z,,1559.73,,3,RAMADAN-BUNDLE,shipped
306080,2555,2025-05-02T09:01:39Z,,8632.83,,11,LUX-R6,paid
306081,2560,2025/05/26 12:05,,3553.12,3553.12,5,,canceled
306098,2595,2025-05-13T06:46:20Z,,2748.74,,6,NONE,pending_hold
306102,2612,2025-05-24T06:08:39Z,,2949.58,2949.58,3,NONE,canceled
306106,2615,2025-05-14T08:36:23Z,,3767.84,,6,LUX-R6,shipped
306108,2615,2025-05-17T07:17:26Z,,1253.08,,2,,shipped
306111,2620,2025-05-23T14:58:58Z,,1932.37,1932.37,8,,paid
306112,2620,2025-05-10T14:18:59Z,,2345.28,,9,NONE,shipped
306114,2622,2025-05-11T07:22:25Z,,4783.86,4783.86,10,NONE,paid
306117,2624,2025-05-01T09:50:52Z,,3643.45,,9,NONE,paid
306119,2626,2025-05-04T06:03:09Z,,8485.12,,15,NONE,pending_hold
306129,2639,2025-05-07T09:10:06Z,,2414.8,,6,LUX-R6,pending_hold
306132,2641,2025-05-23T12:41:40Z,,5363.24,5363.24,15,NONE,canceled
306133,2641,2025-05-26T06:18:31Z,,2718.87,2718.87,5,NONE,canceled
306139,2648,2025-05-14T09:27:44Z,,8031.3,8031.30,7,NONE,canceled
306142,2651,2025-05-01T08:19:32Z,,7539.17,,13,,paid
306148,2655,2025-05-08T12:54:51Z,,7030.45,,12,NONE,pending_hold
306150,2657,2025-05-19T14:04:29Z,,3958.76,,7,,shipped
306151,2658,2025-05-13T11:02:22Z,,3629.62,,5,NONE,paid
306154,2665,2025-05-03T14:13:07Z,,3720.45,3720.45,6,LUX-R6,paid
306161,2677,2025-05-09T12:10:47Z,,6598.74,6598.74,6,RAMADAN-BUNDLE,canceled
306169,2686,2025-05-16T12:57:00Z,,2182.54,2182.54,2,NONE,paid
306171,2687,2025-05-26T06:15:31Z,,2116.81,,4,LUX-R6,paid
306174,2694,2025-05-28T07:05:43Z,,2309.2,2309.20,4,WINTER-FLYER,paid
306176,2698,2025-05-12T11:10:13Z,,3207.69,3207.69,6,LUX-R6,shipped
306179,2706,2025-05-06T14:20:47Z,,1643.38,1643.38,5,NONE,paid
306180,2709,2025-05-05T06:38:05Z,,3542.77,3542.77,10,NONE,shipped
306188,2720,2025-05-05T12:28:44Z,,3750.97,,9,NONE,paid
306195,2732,2025-05-16T07:56:20Z,,6471.32,6471.32,14,LUX-R6,paid
306208,2752,2025-05-15T11:13:20Z,,2851.85,2851.85,4,RAMADAN-BUNDLE,paid
306209,2752,2025-05-19T10:18:21Z,,486.31,486.31,3,,shipped
306214,2759,2025/05/04 09:05,,9086.08,,13,NONE,paid
306215,2761,2025-05-18T10:01:09Z,,4046.84,,8,WINTER-FLYER,canceled
306217,2763,2025-05-12T10:17:59Z,,3539.9,,5,WINTER-FLYER,paid
306218,2763,2025-05-04T09:56:49Z,,3543.88,,3,LUX-R6,paid
306219,2763,2025-05-28T07:10:54Z,,1854.52,,5,RAMADAN-BUNDLE,paid
306223,2772,2025-05-09T06:42:18Z,,5087.32,5087.32,7,WINTER-FLYER,paid
306229,2783,2025-05-14T13:12:02Z,,4688.54,,9,LUX-R6,paid
306230,2784,2025-05-05T09:15:56Z,,1542.98,,5,,shipped
306231,2787,2025-05-06T06:25:05Z,,8318.9,8318.90,13,LUX-R6,canceled
306236,2796,2025-05-07T12:33:02Z,,1954.16,,7,NONE,shipped
306238,2802,2025-05-18T06:31:01Z,,1303.37,,5,,canceled
306243,2815,2025-05-13T08:45:33Z,,2461.26,,5,LUX-R6,canceled
306252,1008,2025-06-24T10:52:56Z,,7605.26,7605.26,10,LUX-R6,paid
306253,1011,2025-06-02T09:20:01Z,,4148.28,,5,LUX-R6,pending_hold
306255,1014,2025-06-26T09:05:29Z,,3158.06,,4,NONE,canceled
306259,1017,2025-06-22T10:43:37Z,,1596.76,1596.76,6,RAMADAN-BUNDLE,paid
306260,1017,2025-06-11T09:56:28Z,,3741.87,3741.87,9,LUX-R6,paid
306261,1020,2025-06-02T09:57:41Z,,2012.66,,3,RAMADAN-BUNDLE,paid
306263,1026,2025-06-07T12:34:40Z,,2699.09,2699.09,5,LUX-R6,paid
306266,1038,2025-06-09T16:34:08Z,,1939.95,1939.95,4,LUX-R6,shipped
306269,1039,2025-06-13T06:50:00Z,,2958.2,,8,NONE,shipped
306273,1039,2025-06-04T16:32:54Z,,1650.79,,6,RAMADAN-BUNDLE,paid
306274,1048,2025-06-02T06:13:35Z,,3773.22,,9,NONE,shipped
306275,1049,2025-06-26T14:40:01Z,,8054.76,,8,LUX-R6,paid
306276,1049,2025-06-28T06:14:01Z,,8566.59,,7,RAMADAN-BUNDLE,paid
306288,1066,2025-06-09T12:13:37Z,,2084.86,2084.86,5,NONE,paid
306289,1068,2025-06-08T13:58:17Z,,5265.42,5265.42,10,NONE,paid
306290,1076,2025-06-27T11:13:33Z,,2082.85,,5,WINTER-FLYER,paid
306291,1079,2025-06-14T06:02:52Z,,2118.29,2118.29,4,NONE,paid
306293,1080,2025-06-24T11:56:18Z,,2042.66,2042.66,3,NONE,pending_hold
306294,1080,2025-06-02T10:17:37Z,,5516.27,,12,,paid
306298,1089,2025-06-27T09:52:57Z,,1660.58,1660.58,4,RAMADAN-BUNDLE,canceled
306302,1098,2025-06-20T16:03:44Z,,638.16,,4,WINTER-FLYER,paid
306305,1100,2025-06-10T12:26:29Z,,2105.17,,5,NONE,pending_hold
306308,1103,2025-06-24T12:49:15Z,,3535.25,,7,LUX-R6,canceled
306313,1115,2025-06-25T07:45:43Z,,4713.42,,13,NONE,shipped
306314,1116,2025-06-27T08:52:58Z,,7354.53,,9,NONE,canceled
306315,1118,2025-06-02T11:22:10Z,,1252.62,1252.62,5,,paid
306317,1120,2025-06-02T12:46:42Z,,2672.85,,8,,canceled
306318,1120,2025-06-11T11:30:03Z,,3957.68,,7,WINTER-FLYER,canceled
306319,1124,2025/06/24 08:47,,988.94,,4,RAMADAN-BUNDLE,paid
306324,1146,2025-06-13T10:25:06Z,,7509.47,7509.47,13,NONE,shipped
306325,1148,2025-06-27T06:33:33Z,,2157.59,2157.59,7,NONE,paid
306326,1148,2025-06-04T07:12:21Z,,4213.96,,7,LUX-R6,paid
306330,1154,2025-06-26T09:10:14Z,,4987.96,4987.96,8,NONE,canceled
306333,1164,2025-06-03T11:59:47Z,,2925.53,,6,NONE,paid
306339,1171,2025-06-08T13:01:18Z,,2318.59,,5,,pending_hold
306346,1181,2025-06-17T16:04:29Z,,975.7,,5,RAMADAN-BUNDLE,pending_hold
306347,1183,2025-06-26T09:57:28Z,,3969.19,3969.19,8,WINTER-FLYER,shipped
306355,1197,2025-06-11T17:50:54Z,,2079.57,,4,,paid
306357,1201,2025-06-22T09:11:10Z,,1363.75,1363.75,3,WINTER-FLYER,paid
306360,1206,2025-06-23T08:54:39Z,,1530.4,,2,WINTER-FLYER,paid
306361,1207,2025-06-02T09:44:07Z,,2489.15,,6,LUX-R6,pending_hold
306364,1211,2025/06/26 08:34,,7870.72,,11,RAMADAN-BUNDLE,paid
306367,1216,2025-06-16T06:53:31Z,,6927.52,,11,RAMADAN-BUNDLE,paid
306381,1230,2025-06-22T12:04:23Z,,6334.02,6334.02,15,LUX-R6,paid
306382,1230,2025-06-17T06:08:42Z,,3542.94,3542.94,8,LUX-R6,paid
306384,1232,2025-06-03T14:18:51Z,,2119.78,2119.78,6,NONE,paid
306388,1233,2025-06-02T09:41:16Z,,548.3,548.30,4,NONE,paid
306390,1238,2025-06-22T06:03:06Z,,4571.16,,13,LUX-R6,canceled
306396,1249,2025-06-16T08:40:37Z,,2758.71,,5,,canceled
306399,1252,2025-06-18T10:20:45Z,,2251.35,,3,RAMADAN-BUNDLE,canceled
306409,1265,2025-06-02T11:55:39Z,,7299.45,,11,NONE,shipped
306414,1271,2025-06-20T08:38:01Z,,4349.28,4349.28,6,RAMADAN-BUNDLE,paid
306421,1277,2025-06-25T10:10:45Z,,1982.43,,7,WINTER-FLYER,paid
306426,1289,2025-06-21T06:21:17Z,,2470.34,2470.34,2,NONE,paid
306431,1298,2025-06-11T12:05:13Z,,1611.42,1611.42,4,RAMADAN-BUNDLE,pending_hold
306436,1305,2025-06-22T16:13:46Z,,1266.28,,2,NONE,pending_hold
306438,1305,2025-06-26T11:40:02Z,,2729.66,,7,,paid
306442,1308,2025/06/22 15:27,,3702.19,3702.19,4,WINTER-FLYER,paid
306444,1313,2025-06-21T08:09:55Z,,3229.75,3229.75,11,NONE,paid
306446,1313,2025-06-22T06:09:46Z,,4867.01,,5,RAMADAN-BUNDLE,paid
306447,1313,2025-06-06T11:09:39Z,,9584.42,9584.42,9,,paid
306448,1313,2025-06-21T10:33:38Z,,948.6,948.60,3,NONE,canceled
306449,1315,2025-06-27T12:00:55Z,,3879.97,3879.97,7,RAMADAN-BUNDLE,canceled
306460,1331,2025-06-06T12:40:47Z,,5745.83,,8,,shipped
306461,1332,2025-06-12T06:23:15Z,,6741.65,6741.65,11,RAMADAN-BUNDLE,canceled
306463,1333,2025-06-12T06:41:43Z,,1750.15,1750.15,6,WINTER-FLYER,canceled
306465,1334,2025-06-24T07:41:54Z,,3040.86,,8,WINTER-FLYER,shipped
306469,1337,2025-06-10T06:56:22Z,,3358.34,3358.34,9,WINTER-FLYER,paid
306476,1348,2025-06-18T07:03:14Z,,3581.7,3581.70,8,WINTER-FLYER,pending_hold
306480,1351,2025-06-25T09:59:36Z,,2367.66,,2,NONE,canceled
306481,1354,2025-06-16T08:37:29Z,,2899.11,2899.11,4,NONE,pending_hold
306484,1356,2025-06-28T11:55:40Z,,9408.66,,12,,paid
306486,1361,2025-06-18T08:18:22Z,,7110.36,,8,,paid
306487,1362,2025-06-10T06:03:06Z,,1510.91,1510.91,9,WINTER-FLYER,pending_hold
306489,1365,2025-06-21T10:05:27Z,,5201.33,,15,LUX-R6,pending_hold
306497,1384,2025-06-06T06:51:53Z,,4280.01,4280.01,9,RAMADAN-BUNDLE,shipped
306501,1388,2025-06-24T09:01:17Z,,3427.06,,4,NONE,shipped
306502,1388,2025-06-22T14:14:20Z,,4227.67,,11,NONE,paid
306503,1393,2025-06-09T14:54:12Z,,3495.81,,13,NONE,paid
306505,1396,2025-06-07T13:17:31Z,,755.82,755.82,5,NONE,paid
306522,1415,2025/06/28 14:24,,1560.65,1560.65,4,NONE,shipped
306523,1416,2025-06-02T08:26:17Z,,951.81,951.81,8,NONE,canceled
306525,1423,2025-06-21T10:19:29Z,,5112.22,5112.22,13,NONE,canceled
306536,1431,2025-06-15T11:04:32Z,,1899.94,,3,WINTER-FLYER,pending_hold
306538,1435,2025-06-04T13:25:51Z,,5658.38,5658.38,9,WINTER-FLYER,paid
306542,1436,2025-06-27T06:13:19Z,,4801.2,4801.20,7,NONE,paid
306544,1440,2025-06-11T09:46:08Z,,2235.12,2235.12,6,RAMADAN-BUNDLE,paid
306546,1443,2025-06-25T11:16:33Z,,5416.47,,7,WINTER-FLYER,shipped
306548,1445,2025-06-13T12:35:06Z,,4911.66,,12,NONE,paid
306553,1456,2025-06-07T08:04:08Z,,4434.62,4434.62,11,NONE,paid
306555,1456,2025-06-05T16:36:42Z,,2211.13,,7,NONE,paid
306557,1457,2025-06-17T11:47:32Z,,2573.03,2573.03,9,,canceled
306558,1457,2025/06/17 08:56,,5435.21,5435.21,5,NONE,paid
306561,1458,2025-06-14T10:49:36Z,,1388.25,1388.25,4,LUX-R6,paid
306562,1462,2025-06-07T07:31:00Z,,7461.28,7461.28,13,LUX-R6,canceled
306564,1465,2025-06-24T10:24:59Z,,2482.39,,3,NONE,pending_hold
306569,1469,2025-06-16T09:49:39Z,,2847.16,2847.16,10,LUX-R6,canceled
306571,1472,2025-06-26T13:43:00Z,,6301.58,,9,LUX-R6,shipped
306583,1483,2025-06-15T12:33:20Z,,2594.97,,9,RAMADAN-BUNDLE,shipped
306585,1487,2025-06-23T11:42:38Z,,4618.66,4618.66,8,RAMADAN-BUNDLE,shipped
306590,1492,2025-06-26T14:12:33Z,,1445.34,,5,LUX-R6,paid
306594,1497,2025-06-01T11:29:40Z,,4699.32,4699.32,9,NONE,canceled
306596,1501,2025-06-17T08:47:14Z,,242.37,242.37,3,RAMADAN-BUNDLE,paid
306602,1510,2025-06-08T14:02:46Z,,4797.21,4797.21,6,,pending_hold
306606,1512,2025-06-03T12:51:09Z,,5991.71,,9,RAMADAN-BUNDLE,shipped
306610,1520,2025-06-05T10:20:31Z,,5234.71,5234.71,7,RAMADAN-BUNDLE,paid
306611,1520,2025-06-28T12:54:48Z,,5600.75,,10,NONE,shipped
306613,1522,2025-06-21T10:35:23Z,,4028.59,4028.59,9,,pending_hold
306615,1524,2025-06-18T09:16:40Z,,3740.81,3740.81,9,,pending_hold
306617,1527,2025-06-19T06:56:04Z,,1506.79,,5,NONE,shipped
306618,1529,2025-06-27T06:08:59Z,,4741.96,,6,,canceled
306621,1535,2025-06-20T07:10:21Z,,3917.21,,9,LUX-R6,pending_hold
306623,1536,2025-06-07T09:38:02Z,,446.5,446.50,2,NONE,paid
306624,1537,2025-06-25T11:34:47Z,,1706.33,,3,,paid
306628,1545,2025-06-09T10:15:50Z,,1460.02,1460.02,7,RAMADAN-BUNDLE,pending_hold
306632,1549,2025-06-01T10:26:53Z,,4482.11,,11,WINTER-FLYER,paid
306634,1552,2025-06-07T12:59:35Z,,7677.46,7677.46,8,WINTER-FLYER,canceled
306639,1554,2025-06-19T14:13:03Z,,2492.23,,5,NONE,pending_hold
306641,1555,2025-06-28T15:54:04Z,,3325.55,3325.55,8,LUX-R6,paid
306646,1558,2025-06-14T06:21:39Z,,2998.66,,4,NONE,paid
306650,1565,2025-06-21T06:05:54Z,,4174.44,4174.44,13,NONE,canceled
306652,1565,2025-06-06T10:17:29Z,,2153.92,2153.92,5,NONE,pending_hold
306655,1569,2025-06-02T08:14:28Z,,1122.1,,4,NONE,shipped
306661,1573,2025/06/14 09:29,,3120.05,,7,LUX-R6,shipped
306663,1578,2025-06-21T13:29:04Z,,3910.15,3910.15,5,LUX-R6,paid
306669,1584,2025-06-20T10:11:33Z,,2554.46,,3,LUX-R6,paid
306671,1585,2025-06-15T06:01:10Z,,2536.52,2536.52,6,,paid
306673,1589,2025-06-28T12:55:37Z,,2531.7,,4,LUX-R6,shipped
306680,1594,2025-06-15T10:07:18Z,,6004.42,6004.42,3,,shipped
306681,1596,2025-06-09T08:52:09Z,,796.5,796.50,6,,paid
306682,1599,2025-06-05T11:26:00Z,,1565.47,,6,NONE,paid
306685,1604,2025-06-09T08:12:41Z,,3592.21,,9,RAMADAN-BUNDLE,canceled
306690,1613,2025/06/24 12:32,,2949.21,2949.21,10,,shipped
306693,1616,2025-06-23T08:29:16Z,,1813.9,1813.90,4,LUX-R6,pending_hold
306695,1619,2025-06-01T07:26:43Z,,2421.34,2421.34,7,NONE,shipped
306699,1622,2025-06-22T09:33:05Z,,6707.08,6707.08,14,RAMADAN-BUNDLE,paid
306701,1624,2025-06-12T09:52:13Z,,5695.26,,11,,pending_hold
306702,1625,2025-06-20T07:58:47Z,,3076.62,3076.62,5,NONE,pending_hold
306706,1633,2025-06-19T10:01:43Z,,8637.85,,10,RAMADAN-BUNDLE,paid
306707,1633,2025-06-14T08:01:04Z,,2039.29,2039.29,6,,paid
306708,1634,2025-06-09T12:34:30Z,,4593.31,4593.31,6,NONE,canceled
306713,1637,2025-06-10T10:50:02Z,,6444.03,,12,WINTER-FLYER,paid
306715,1639,2025-06-21T08:30:59Z,,2968.35,2968.35,6,,paid
306717,1639,2025-06-08T07:34:05Z,,4828.11,,6,NONE,pending_hold
306720,1642,2025-06-05T08:02:27Z,,3368.29,3368.29,10,NONE,paid
306721,1648,2025-06-22T10:16:26Z,,2314.53,,4,NONE,paid
306727,1657,2025-06-19T13:07:28Z,,510.07,,2,NONE,paid
306729,1660,2025-06-19T14:12:10Z,,1658.17,,4,,pending_hold
306732,1663,2025-06-08T09:55:16Z,,3412.28,,7,WINTER-FLYER,canceled
306736,1671,2025-06-07T10:11:50Z,,1070.53,,2,,shipped
306739,1680,2025/06/21 09:09,,2769.19,,7,NONE,pending_hold
306744,1689,2025-06-02T07:06:28Z,,1573.25,,6,NONE,pending_hold
306746,1695,2025-06-08T10:57:31Z,,2250.74,2250.74,2,RAMADAN-BUNDLE,paid
306751,1702,2025/06/18 14:47,,2813.71,2813.71,7,LUX-R6,canceled
306753,1705,2025-06-09T15:29:37Z,,1903.6,,5,WINTER-FLYER,paid
306754,1708,2025-06-06T13:22:13Z,,1408.35,1408.35,4,LUX-R6,paid
306755,1708,2025-06-04T13:58:52Z,,2330.85,,5,NONE,paid
306756,1709,2025-06-18T11:47:34Z,,3668.95,3668.95,8,NONE,paid
306758,1720,2025-06-28T07:15:47Z,,5066.41,5066.41,11,LUX-R6,pending_hold
306767,1733,2025-06-09T15:17:16Z,,1745.1,,4,WINTER-FLYER,canceled
306773,1750,2025-06-10T07:30:10Z,,1987.72,1987.72,6,WINTER-FLYER,paid
306775,1750,2025-06-23T06:33:24Z,,7128.33,7128.33,11,RAMADAN-BUNDLE,pending_hold
306779,1756,2025-06-18T08:28:27Z,,2779.23,2779.23,3,,paid
306783,1759,2025-06-07T10:43:44Z,,6202.19,,14,NONE,paid
306789,1767,2025-06-23T10:14:07Z,,1946.97,1946.97,7,RAMADAN-BUNDLE,paid
306795,1776,2025-06-09T10:15:36Z,,2848.0,2848.00,8,LUX-R6,shipped
306798,1778,2025-06-22T14:00:52Z,,8966.53,,14,,paid
306803,1785,2025-06-03T09:55:58Z,,2518.95,,4,LUX-R6,canceled
306804,1789,2025-06-03T14:34:02Z,,3170.32,3170.32,5,NONE,paid
306806,1790,2025-06-11T10:46:07Z,,4105.72,4105.72,9,LUX-R6,shipped
306813,1799,2025-06-12T07:06:25Z,,4030.91,,7,NONE,shipped
306816,1804,2025-06-10T10:07:19Z,,7122.74,,13,,shipped
306820,1808,2025-06-26T09:02:27Z,,133.94,133.94,3,NONE,canceled
306827,1817,2025-06-12T15:59:35Z,,1765.54,,7,NONE,paid
306830,1821,2025-06-21T09:41:37Z,,7095.22,7095.22,11,NONE,pending_hold
306831,1821,2025-06-27T08:16:32Z,,4184.06,,7,NONE,pending_hold
306835,1829,2025/06/17 15:38,,2538.01,2538.01,3,NONE,paid
306838,1832,2025-06-02T09:01:55Z,,5039.03,,10,RAMADAN-BUNDLE,paid
306840,1835,2025-06-21T13:43:15Z,,1930.41,1930.41,4,LUX-R6,paid
306841,1837,2025-06-28T10:34:07Z,,2949.93,,6,NONE,paid
306850,1848,2025-06-12T10:56:53Z,,3379.11,,10,RAMADAN-BUNDLE,canceled
306851,1849,2025-06-20T13:22:54Z,,1147.01,1147.01,6,NONE,canceled
306859,1857,2025-06-10T07:53:48Z,,4830.47,,14,,pending_hold
306864,1860,2025-06-26T06:43:49Z,,4072.58,,9,LUX-R6,pending_hold
306865,1860,2025-06-11T15:11:06Z,,4253.18,4253.18,7,,pending_hold
306866,1865,2025/06/08 11:44,,7927.87,,15,NONE,canceled
306880,1888,2025-06-22T11:03:36Z,,3317.4,,8,WINTER-FLYER,canceled
306886,1896,2025-06-20T07:43:55Z,,2544.44,2544.44,6,LUX-R6,canceled
306888,1901,2025-06-28T10:07:49Z,,9135.34,,13,WINTER-FLYER,pending_hold
306890,1904,2025-06-11T10:09:11Z,,2714.8,,7,NONE,canceled
306891,1904,2025-06-08T07:48:27Z,,1343.4,,3,LUX-R6,shipped
306895,1909,2025-06-09T07:01:49Z,,2636.81,,9,WINTER-FLYER,paid
306899,1917,2025-06-26T08:17:24Z,,3468.89,3468.89,6,WINTER-FLYER,paid
306902,1931,2025-06-14T10:41:52Z,,1759.71,,3,NONE,paid
306903,1931,2025-06-21T17:38:04Z,,5212.39,,9,,shipped
306911,1946,2025-06-09T08:18:53Z,,2971.98,2971.98,4,NONE,paid
306915,1953,2025-06-11T08:54:47Z,,6320.62,,10,WINTER-FLYER,canceled
306919,1960,2025-06-24T08:33:55Z,,3522.86,,5,WINTER-FLYER,canceled
306921,1961,2025-06-17T13:55:01Z,,1373.17,,2,,paid
306923,1961,2025-06-15T11:36:42Z,,4501.02,4501.02,10,LUX-R6,paid
306925,1962,2025-06-04T11:04:49Z,,2963.1,2963.10,6,NONE,canceled
306926,1963,2025-06-14T06:58:23Z,,4179.04,4179.04,8,NONE,paid
306928,1968,2025-06-26T09:18:01Z,,6508.32,6508.32,10,,paid
306939,1987,2025-06-24T06:33:47Z,,783.02,,3,NONE,paid
306947,1993,2025-06-15T12:30:30Z,,4685.52,,10,WINTER-FLYER,canceled
306948,1994,2025-06-10T08:41:11Z,,4410.53,4410.53,8,WINTER-FLYER,pending_hold
306953,2002,2025-06-22T13:22:34Z,,3067.89,3067.89,6,NONE,canceled
306957,2014,2025-06-15T09:27:46Z,,6611.86,6611.86,15,NONE,paid
306958,2014,2025/06/27 12:06,,1561.01,1561.01,4,RAMADAN-BUNDLE,shipped
306959,2017,2025-06-18T11:08:12Z,,5336.32,,3,,paid
306961,2019,2025-06-25T06:35:31Z,,3971.9,3971.90,6,NONE,paid
306962,2023,2025-06-24T10:43:57Z,,2265.81,2265.81,7,NONE,pending_hold
306963,2026,2025-06-05T13:41:12Z,,1552.2,,6,NONE,paid
306964,2026,2025/06/23 11:18,,1976.95,,6,NONE,shipped
306973,2047,2025-06-13T11:46:08Z,,643.62,,3,RAMADAN-BUNDLE,shipped
306975,2053,2025-06-09T09:12:07Z,,5986.84,5986.84,7,RAMADAN-BUNDLE,paid
306983,2060,2025-06-28T10:02:55Z,,2745.97,2745.97,6,RAMADAN-BUNDLE,paid
306984,2062,2025-06-03T08:33:38Z,,2130.14,,4,RAMADAN-BUNDLE,shipped
306987,2065,2025-06-16T11:56:39Z,,1816.69,,4,NONE,shipped
306988,2069,2025-06-15T15:21:32Z,,7839.12,7839.12,10,WINTER-FLYER,paid
306989,2069,2025-06-10T08:51:18Z,,3879.11,3879.11,4,LUX-R6,shipped
306994,2073,2025-06-17T11:27:35Z,,2895.97,2895.97,6,WINTER-FLYER,pending_hold
306997,2078,2025-06-13T11:43:41Z,,1382.9,1382.90,4,RAMADAN-BUNDLE,shipped
307009,2089,2025-06-07T07:52:52Z,,2501.36,2501.36,8,WINTER-FLYER,shipped
307011,2090,2025-06-28T07:16:04Z,,6882.3,,8,NONE,pending_hold
307014,2093,2025-06-11T10:17:03Z,,2546.91,2546.91,5,NONE,paid
307015,2096,2025-06-23T15:53:37Z,,6970.48,6970.48,14,RAMADAN-BUNDLE,canceled
307023,2118,2025-06-17T13:39:45Z,,1266.37,1266.37,3,,paid
307024,2119,2025-06-18T13:10:34Z,,3548.46,,7,,paid
307027,2124,2025-06-05T11:16:12Z,,1106.63,,7,RAMADAN-BUNDLE,paid
307028,2125,2025-06-02T15:19:23Z,,9369.71,,8,LUX-R6,pending_hold
307030,2130,2025-06-23T06:51:47Z,,8315.47,,10,RAMADAN-BUNDLE,paid
307033,2136,2025-06-10T13:50:20Z,,5111.97,,9,LUX-R6,pending_hold
307035,2140,2025-06-06T10:56:09Z,,2413.55,2413.55,8,LUX-R6,paid
307043,2152,2025-06-16T06:45:46Z,,7441.32,,10,NONE,canceled
307044,2154,2025-06-20T13:24:50Z,,8443.13,,13,,paid
307046,2154,2025-06-11T12:00:21Z,,689.98,,2,RAMADAN-BUNDLE,shipped
307065,2195,2025-06-14T09:24:11Z,,1692.01,1692.01,5,WINTER-FLYER,pending_hold
307067,2196,2025-06-05T09:18:32Z,,986.33,986.33,3,NONE,pending_hold
307069,2199,2025-06-28T09:59:23Z,,8391.78,,15,LUX-R6,paid
307079,2206,2025-06-01T10:58:45Z,,4140.04,4140.04,6,WINTER-FLYER,shipped
307084,2214,2025-06-20T10:49:37Z,,1813.07,1813.07,6,NONE,pending_hold
307089,2220,2025-06-01T07:00:07Z,,1612.86,1612.86,4,WINTER-FLYER,canceled
307093,2226,2025-06-17T10:21:01Z,,4519.39,4519.39,8,RAMADAN-BUNDLE,paid
307098,2234,2025-06-25T07:48:49Z,,2750.91,2750.91,3,NONE,paid
307106,2245,2025-06-27T14:31:40Z,,6473.03,,13,WINTER-FLYER,paid
307121,2264,2025-06-05T11:17:43Z,,7016.64,7016.64,7,NONE,paid
307123,2272,2025-06-21T12:16:40Z,,2727.55,2727.55,4,NONE,canceled
307125,2273,2025-06-23T15:25:44Z,,836.62,836.62,2,LUX-R6,canceled
307126,2273,2025-06-22T11:28:57Z,,2939.16,,7,NONE,paid
307136,2288,2025-06-27T09:54:29Z,,750.91,750.91,3,RAMADAN-BUNDLE,pending_hold
307145,2294,2025-06-05T11:11:01Z,,2909.62,,7,NONE,shipped
307150,2306,2025-06-26T12:18:35Z,,10616.18,,10,,canceled
307152,2308,2025-06-03T11:28:59Z,,3266.48,3266.48,4,,shipped
307154,2309,2025-06-14T11:49:59Z,,6080.58,,9,NONE,pending_hold
307155,2315,2025-06-10T08:24:13Z,,2422.93,,4,,shipped
307170,2334,2025-06-16T11:06:38Z,,2385.4,2385.40,6,WINTER-FLYER,canceled
307171,2335,2025-06-23T08:32:10Z,,6213.82,,10,NONE,shipped
307178,2349,2025-06-15T11:38:14Z,,4283.45,,4,WINTER-FLYER,paid
307190,2362,2025-06-21T09:07:37Z,,4647.54,4647.54,11,,shipped
307192,2363,2025-06-05T09:29:27Z,,1550.37,,5,,shipped
307193,2365,2025-06-25T10:57:32Z,,3106.24,3106.24,4,NONE,paid
307196,2369,2025-06-26T14:46:18Z,,572.15,572.15,2,NONE,shipped
307198,2372,2025-06-12T07:47:42Z,,2200.1,,4,,canceled
307205,2380,2025-06-11T14:36:47Z,,5806.21,,6,LUX-R6,pending_hold
307207,2385,2025-06-10T16:28:03Z,,3124.42,,7,NONE,paid
307211,2390,2025-06-08T14:49:10Z,,1435.88,1435.88,6,RAMADAN-BUNDLE,paid
307212,2390,2025-06-27T10:49:44Z,,7304.35,,11,LUX-R6,paid
307214,2394,2025-06-16T07:44:48Z,,3928.65,3928.65,11,LUX-R6,paid
307215,2398,2025-06-08T12:39:54Z,,4184.42,,13,,pending_hold
307218,2399,2025-06-23T09:03:10Z,,3320.8,,10,RAMADAN-BUNDLE,shipped
307220,2400,2025-06-22T11:05:20Z,,3332.09,3332.09,7,LUX-R6,canceled
307226,2402,2025-06-25T11:59:23Z,,6275.16,,7,NONE,paid
307229,2404,2025-06-16T12:48:32Z,,1078.35,1078.35,5,NONE,canceled
307231,2406,2025-06-06T11:27:13Z,,6166.91,,10,WINTER-FLYER,paid
307234,2413,2025-06-23T12:46:58Z,,2346.81,,4,RAMADAN-BUNDLE,paid
307236,2414,2025-06-17T06:53:34Z,,5393.1,,9,,canceled
307238,2417,2025-06-18T08:11:29Z,,3081.89,,10,NONE,canceled
307239,2417,2025/06/14 13:51,,2009.22,2009.22,7,NONE,paid
307240,2417,2025-06-21T09:34:03Z,,4149.85,,8,NONE,pending_hold
307242,2418,2025-06-11T09:57:27Z,,4592.21,4592.21,9,RAMADAN-BUNDLE,paid
307245,2418,2025-06-08T11:01:12Z,,2344.64,,5,NONE,pending_hold
307247,2419,2025-06-13T07:10:58Z,,7308.44,7308.44,10,,paid
307248,2421,2025/06/11 08:07,,1763.16,1763.16,4,,canceled
307249,2421,2025-06-05T10:20:42Z,,7387.54,7387.54,9,LUX-R6,canceled
307254,2429,2025-06-17T14:36:26Z,,1742.66,,5,RAMADAN-BUNDLE,paid
307258,2437,2025-06-28T06:38:31Z,,1967.37,,6,NONE,canceled
307263,2446,2025-06-15T14:32:37Z,,4309.45,,8,RAMADAN-BUNDLE,pending_hold
307264,2446,2025-06-22T08:37:11Z,,1508.28,1508.28,7,,canceled
307267,2449,2025-06-09T09:41:19Z,,6950.72,,9,,paid
307269,2455,2025-06-24T07:31:32Z,,9364.37,9364.37,13,LUX-R6,canceled
307270,2460,2025-06-22T13:25:37Z,,6247.37,6247.37,9,LUX-R6,paid
307271,2460,2025-06-26T07:47:57Z,,1149.92,1149.92,5,LUX-R6,pending_hold
307281,2472,2025-06-23T08:16:29Z,,2866.05,2866.05,5,LUX-R6,shipped
307283,2474,2025-06-24T07:36:01Z,,6802.0,6802.00,11,,paid
307286,2477,2025-06-19T10:45:37Z,,4981.31,4981.31,10,,shipped
307290,2481,2025-06-16T12:23:12Z,,3035.87,,8,WINTER-FLYER,canceled
307291,2482,2025-06-22T08:37:28Z,,14804.46,,15,,shipped
307293,2484,2025-06-04T11:38:48Z,,1996.82,,4,NONE,pending_hold
307297,2489,2025-06-22T09:05:57Z,,2527.02,,4,WINTER-FLYER,paid
307299,2492,2025/06/05 08:57,,2590.32,,9,NONE,paid
307303,2498,2025-06-24T08:48:24Z,,3514.15,,6,WINTER-FLYER,canceled
307304,2498,2025-06-07T06:31:26Z,,2971.79,,4,,shipped
307307,2503,2025-06-10T16:25:50Z,,4421.38,,3,RAMADAN-BUNDLE,paid
307309,2507,2025-06-06T11:44:10Z,,1663.88,1663.88,9,,paid
307310,2507,2025-06-22T08:16:26Z,,2081.46,2081.46,7,NONE,canceled
307311,2511,2025-06-26T06:54:24Z,,3924.29,,7,WINTER-FLYER,pending_hold
307312,2512,2025-06-24T09:50:27Z,,1741.15,1741.15,4,WINTER-FLYER,shipped
307315,2515,2025-06-18T13:02:04Z,,5014.4,,8,LUX-R6,pending_hold
307319,2518,2025-06-26T09:37:53Z,,2926.0,2926.00,11,NONE,pending_hold
307324,2523,2025-06-22T16:57:49Z,,2516.83,,3,RAMADAN-BUNDLE,pending_hold
307325,2524,2025-06-17T10:14:33Z,,7394.93,,8,WINTER-FLYER,shipped
307326,2530,2025-06-09T08:24:51Z,,7124.33,,7,LUX-R6,shipped
307332,2539,2025-06-23T10:21:49Z,,2325.37,2325.37,4,WINTER-FLYER,canceled
307340,2562,2025-06-16T11:48:16Z,,3191.18,3191.18,5,WINTER-FLYER,pending_hold
307341,2562,2025/06/12 10:18,,6035.21,6035.21,11,NONE,shipped
307353,2595,2025-06-11T08:27:15Z,,1847.93,,5,,paid
307361,2603,2025/06/05 14:34,,1355.06,1355.06,5,RAMADAN-BUNDLE,paid
307362,2603,2025-06-16T11:08:44Z,,3371.68,,9,WINTER-FLYER,shipped
307366,2608,2025-06-09T06:26:36Z,,5308.98,5308.98,9,WINTER-FLYER,canceled
307367,2609,2025-06-01T12:59:17Z,,6696.44,6696.44,9,NONE,pending_hold
307370,2615,2025-06-20T07:16:59Z,,7914.4,,7,LUX-R6,shipped
307372,2623,2025-06-27T08:21:29Z,,6567.44,6567.44,8,RAMADAN-BUNDLE,paid
307377,2627,2025-06-18T12:53:07Z,,2785.91,,4,RAMADAN-BUNDLE,paid
307378,2628,2025-06-24T09:54:08Z,,3142.53,3142.53,7,WINTER-FLYER,paid
307382,2637,2025-06-28T11:30:59Z,,4367.69,4367.69,15,,canceled
307391,2656,2025-06-14T10:34:16Z,,2289.31,,7,RAMADAN-BUNDLE,paid
307392,2658,2025-06-22T06:24:43Z,,539.7,539.70,2,NONE,canceled
307393,2662,2025-06-02T11:02:49Z,,3316.51,,9,LUX-R6,paid
307401,2672,2025-06-17T14:23:43Z,,3666.44,,6,WINTER-FLYER,pending_hold
307402,2672,2025/06/04 16:45,,2319.48,2319.48,4,LUX-R6,pending_hold
307404,2675,2025-06-25T07:07:01Z,,1918.12,,7,NONE,paid
307407,2691,2025/06/02 13:14,,3141.0,,5,,canceled
307408,2693,2025-06-05T11:08:02Z,,5972.6,,11,LUX-R6,paid
307409,2693,2025-06-20T12:57:27Z,,3873.5,,8,LUX-R6,paid
307413,2694,2025-06-01T11:43:46Z,,1242.77,,3,WINTER-FLYER,paid
307420,2703,2025-06-09T13:46:10Z,,3339.22,,4,NONE,pending_hold
307425,2717,2025-06-05T10:09:15Z,,822.12,822.12,4,LUX-R6,paid
307427,2722,2025-06-07T14:15:22Z,,1954.84,1954.84,5,RAMADAN-BUNDLE,shipped
307429,2726,2025-06-11T13:56:02Z,,2958.49,,7,,canceled
307436,2733,2025-06-06T14:06:15Z,,1459.6,1459.60,7,,paid
307439,2735,2025-06-02T13:18:06Z,,3570.49,,5,LUX-R6,canceled
307444,2740,2025-06-24T12:38:46Z,,5980.26,,6,LUX-R6,canceled
307445,2740,2025-06-16T09:36:14Z,,1230.25,,4,,pending_hold
307446,2740,2025-06-19T09:40:53Z,,1657.2,1657.20,5,NONE,paid
307447,2740,2025-06-09T07:31:07Z,,8566.83,,11,LUX-R6,shipped
307450,2742,2025-06-05T08:27:14Z,,5178.38,,7,RAMADAN-BUNDLE,pending_hold
307453,2747,2025-06-18T06:28:54Z,,3468.44,3468.44,5,RAMADAN-BUNDLE,paid
307463,2759,2025-06-14T12:51:58Z,,3510.39,,5,NONE,pending_hold
307464,2765,2025-06-19T09:58:31Z,,1518.48,1518.48,5,RAMADAN-BUNDLE,paid
307466,2767,2025-06-14T09:22:16Z,,1747.81,1747.81,5,NONE,paid
307467,2771,2025-06-19T08:39:54Z,,1636.83,,8,RAMADAN-BUNDLE,paid
307469,2779,2025-06-05T08:34:40Z,,2118.28,,4,,canceled
307472,2782,2025-06-01T10:15:32Z,,3423.34,3423.34,4,RAMADAN-BUNDLE,paid
307473,2783,2025-06-01T06:56:28Z,,4312.09,,8,WINTER-FLYER,pending_hold
307488,2798,2025-06-08T10:35:45Z,,2972.9,,5,NONE,pending_hold
307489,2801,2025/06/12 15:27,,2014.22,,7,,paid
307490,2805,2025-06-24T09:50:28Z,,7546.05,,14,NONE,paid
307494,2815,2025-06-03T06:10:30Z,,5381.31,,14,WINTER-FLYER,pending_hold
307496,2816,2025-06-03T10:45:13Z,,4342.63,4342.63,11,NONE,pending_hold
307500,1001,2025/07/28 14:21,,1566.29,1566.29,4,RAMADAN-BUNDLE,shipped
307501,1003,2025-07-04T11:41:25Z,,3818.32,,7,,shipped
307503,1004,2025-07-14T07:36:36Z,,6830.79,,9,LUX-R6,paid
307512,1015,2025/07/25 17:54,,2735.23,,6,LUX-R6,paid
307513,1017,2025-07-11T06:56:13Z,,1548.85,,3,,pending_hold
307517,1022,2025-07-07T10:55:13Z,,3020.24,,5,LUX-R6,paid
307520,1026,2025-07-28T12:42:49Z,,3087.38,3087.38,7,LUX-R6,canceled
307524,1030,2025-07-12T10:56:54Z,,3546.11,,8,,paid
307530,1040,2025-07-09T09:28:29Z,,2495.95,,3,,paid
307535,1047,2025/07/09 11:49,,6594.31,,13,NONE,paid
307538,1049,2025-07-07T07:45:47Z,,2947.37,2947.37,4,NONE,paid
307542,1055,2025-07-22T08:49:42Z,,4019.71,,6,NONE,paid
307547,1058,2025-07-17T06:25:52Z,,5410.88,5410.88,14,,canceled
307549,1065,2025-07-01T13:57:06Z,,2227.04,,4,,paid
307558,1077,2025-07-10T06:49:46Z,,3210.79,3210.79,7,WINTER-FLYER,canceled
307560,1079,2025-07-22T09:44:23Z,,4414.83,,8,NONE,paid
307562,1083,2025/07/15 14:08,,2282.52,2282.52,4,LUX-R6,canceled
307563,1083,2025-07-02T15:37:16Z,,2354.33,2354.33,3,NONE,paid
307576,1103,2025-07-28T12:08:21Z,,2319.19,,4,,paid
307578,1106,2025-07-16T06:50:22Z,,4159.58,4159.58,4,RAMADAN-BUNDLE,paid
307579,1106,2025-07-22T10:16:36Z,,7222.09,,15,NONE,shipped
307580,1108,2025-07-22T06:56:06Z,,4667.41,,7,WINTER-FLYER,paid
307582,1111,2025-07-18T17:24:57Z,,1354.35,,5,NONE,paid
307584,1112,2025-07-21T11:37:01Z,,2454.9,,6,LUX-R6,paid
307585,1115,2025/07/15 18:46,,3206.83,3206.83,14,,shipped
307594,1130,2025-07-10T11:39:56Z,,5321.9,5321.90,8,,paid
307601,1143,2025-07-13T08:36:39Z,,1267.95,,5,NONE,paid
307602,1144,2025/07/01 08:46,,3689.91,3689.91,2,RAMADAN-BUNDLE,paid
307609,1149,2025-07-11T09:00:20Z,,4756.71,4756.71,7,NONE,pending_hold
307612,1154,2025-07-17T08:43:02Z,,1707.96,,5,NONE,paid
307616,1155,2025-07-10T07:16:23Z,,2479.97,2479.97,3,NONE,pending_hold
307620,1158,2025-07-03T12:20:19Z,,8567.3,,10,NONE,paid
307621,1159,2025-07-02T06:03:08Z,,4446.93,4446.93,3,NONE,paid
307628,1175,2025-07-11T09:03:41Z,,3619.81,,7,WINTER-FLYER,paid
307631,1180,2025-07-18T10:48:20Z,,2878.32,2878.32,7,WINTER-FLYER,paid
307634,1183,2025-07-28T13:19:28Z,,2645.08,2645.08,8,NONE,pending_hold
307636,1187,2025-07-22T12:25:54Z,,1101.85,1101.85,2,NONE,shipped
307640,1192,2025-07-02T08:51:31Z,,2066.97,2066.97,8,LUX-R6,canceled
307644,1192,2025-07-05T11:50:03Z,,2520.34,2520.34,3,RAMADAN-BUNDLE,paid
307647,1193,2025-07-06T08:47:57Z,,5386.96,5386.96,9,WINTER-FLYER,paid
307651,1199,2025-07-22T09:06:17Z,,3213.85,3213.85,4,LUX-R6,shipped
307653,1204,2025-07-24T09:27:19Z,,2710.53,,7,LUX-R6,pending_hold
307662,1220,2025-07-25T13:32:15Z,,1281.14,1281.14,7,RAMADAN-BUNDLE,paid
307664,1222,2025/07/19 11:53,,2322.76,2322.76,6,NONE,paid
307665,1222,2025-07-23T10:08:27Z,,2015.34,,4,,paid
307669,1229,2025-07-07T12:24:25Z,,3362.7,3362.70,9,NONE,paid
307671,1230,2025-07-20T10:49:23Z,,4048.15,4048.15,4,WINTER-FLYER,pending_hold
307674,1232,2025-07-25T10:01:27Z,,1011.36,,4,RAMADAN-BUNDLE,shipped
307676,1232,2025-07-16T06:49:14Z,,3067.18,3067.18,3,WINTER-FLYER,paid
307680,1244,2025-07-14T07:22:37Z,,4472.95,,8,NONE,paid
307688,1261,2025-07-07T06:36:22Z,,5163.46,,8,LUX-R6,paid
307698,1276,2025-07-23T08:02:00Z,,1771.48,,4,,pending_hold
307699,1277,2025-07-24T06:05:39Z,,2124.75,2124.75,4,RAMADAN-BUNDLE,canceled
307700,1281,2025-07-06T12:24:58Z,,3566.12,3566.12,5,NONE,shipped
307708,1287,2025-07-04T10:53:48Z,,6837.84,,14,NONE,paid
307709,1287,2025-07-04T07:53:25Z,,2011.88,,7,WINTER-FLYER,shipped
307722,1297,2025-07-26T09:20:10Z,,294.97,294.97,3,NONE,paid
307730,1304,2025-07-02T12:21:55Z,,2472.15,2472.15,5,,paid
307737,1309,2025-07-17T11:38:39Z,,4948.93,4948.93,10,NONE,shipped
307738,1309,2025-07-27T07:59:28Z,,4689.3,4689.30,9,RAMADAN-BUNDLE,paid
307745,1322,2025-07-24T10:35:53Z,,40.32,,2,NONE,shipped
307750,1331,2025-07-28T16:59:11Z,,3803.8,,7,RAMADAN-BUNDLE,paid
307764,1342,2025-07-16T12:00:20Z,,4172.89,,15,RAMADAN-BUNDLE,pending_hold
307766,1343,2025-07-18T10:44:07Z,,1812.38,1812.38,3,WINTER-FLYER,pending_hold
307773,1362,2025-07-20T06:05:46Z,,2142.2,,4,WINTER-FLYER,canceled
307775,1365,2025-07-03T07:29:45Z,,747.55,747.55,4,LUX-R6,paid
307777,1368,2025-07-04T06:41:56Z,,2308.9,,6,LUX-R6,canceled
307788,1377,2025/07/03 12:00,,4318.54,,7,,paid
307794,1384,2025-07-02T06:49:51Z,,2549.95,,5,LUX-R6,pending_hold
307799,1390,2025-07-08T08:50:46Z,,1855.55,1855.55,3,LUX-R6,canceled
307809,1400,2025-07-02T13:55:49Z,,2105.18,,5,NONE,shipped
307810,1401,2025-07-24T11:57:16Z,,105.32,105.32,2,WINTER-FLYER,shipped
307811,1402,2025-07-07T09:05:00Z,,2857.17,,12,NONE,shipped
307814,1405,2025-07-13T06:06:25Z,,1982.16,1982.16,8,NONE,paid
307817,1414,2025-07-16T09:25:43Z,,1938.05,1938.05,4,WINTER-FLYER,pending_hold
307820,1425,2025/07/11 14:17,,5068.04,,9,WINTER-FLYER,paid
307822,1426,2025/07/16 14:11,,3161.09,3161.09,12,LUX-R6,paid
307824,1427,2025-07-14T13:41:33Z,,1774.49,1774.49,5,,paid
307830,1434,2025-07-15T09:20:19Z,,1573.97,,4,NONE,shipped
307831,1434,2025-07-20T13:42:43Z,,2305.15,2305.15,4,RAMADAN-BUNDLE,paid
307832,1435,2025-07-15T15:09:03Z,,1387.85,1387.85,3,,paid
307837,1440,2025-07-14T07:38:55Z,,1497.8,,5,RAMADAN-BUNDLE,paid
307848,1457,2025-07-08T06:05:35Z,,7485.92,7485.92,7,WINTER-FLYER,pending_hold
307850,1463,2025-07-16T16:29:40Z,,7072.78,,10,NONE,pending_hold
307854,1467,2025-07-11T13:48:03Z,,5646.67,5646.67,9,RAMADAN-BUNDLE,shipped
307855,1471,2025/07/24 15:34,,4436.97,4436.97,14,NONE,paid
307856,1471,2025-07-22T07:17:21Z,,1886.5,1886.50,7,WINTER-FLYER,paid
307860,1474,2025-07-16T10:19:40Z,,8785.36,,10,LUX-R6,shipped
307862,1478,2025-07-10T13:18:13Z,,2345.17,,6,LUX-R6,canceled
307865,1485,2025-07-05T07:04:08Z,,2098.48,2098.48,5,NONE,canceled
307873,1493,2025-07-24T14:48:47Z,,8866.66,,15,LUX-R6,shipped
307875,1497,2025-07-05T15:40:42Z,,835.04,835.04,3,NONE,shipped
307876,1503,2025-07-28T11:24:23Z,,1979.29,,4,NONE,paid
307879,1505,2025-07-17T10:11:26Z,,2376.48,,4,WINTER-FLYER,paid
307882,1508,2025-07-05T10:05:24Z,,5348.33,,6,NONE,paid
307885,1510,2025-07-07T06:25:11Z,,1542.33,,6,NONE,paid
307886,1512,2025-07-17T09:18:59Z,,3506.13,3506.13,7,NONE,pending_hold
307888,1516,2025-07-02T08:38:57Z,,3607.52,3607.52,10,NONE,paid
307891,1519,2025-07-20T09:51:34Z,,6436.64,,12,RAMADAN-BUNDLE,pending_hold
307893,1522,2025-07-25T07:28:15Z,,2423.79,2423.79,5,LUX-R6,canceled
307894,1522,2025-07-15T12:50:25Z,,2770.18,,4,NONE,shipped
307897,1526,2025-07-17T12:21:12Z,,2222.94,,4,NONE,paid
307901,1533,2025-07-06T08:57:14Z,,8371.58,8371.58,12,NONE,paid
307903,1535,2025-07-18T13:10:41Z,,6765.74,6765.74,7,WINTER-FLYER,shipped
307904,1537,2025-07-12T12:53:56Z,,2864.96,2864.96,3,NONE,shipped
307905,1538,2025-07-15T11:26:21Z,,2972.62,,5,NONE,paid
307908,1546,2025-07-22T08:48:46Z,,1641.67,,5,NONE,paid
307914,1558,2025-07-03T08:29:41Z,,6718.74,,8,RAMADAN-BUNDLE,shipped
307917,1559,2025-07-01T15:42:03Z,,2167.11,,4,,paid
307919,1561,2025-07-28T11:27:59Z,,5272.38,5272.38,7,RAMADAN-BUNDLE,paid
307929,1572,2025-07-14T11:09:04Z,,6507.69,,4,,shipped
307933,1574,2025-07-22T11:39:56Z,,4172.66,,10,NONE,canceled
307942,1583,2025-07-14T13:46:39Z,,3650.26,,8,WINTER-FLYER,paid
307945,1589,2025/07/02 10:38,,1971.36,,8,LUX-R6,pending_hold
307952,1595,2025-07-12T11:13:14Z,,1910.28,,3,,paid
307958,1601,2025-07-25T06:39:54Z,,1981.82,,7,RAMADAN-BUNDLE,paid
307961,1603,2025-07-24T18:22:58Z,,2386.97,,6,RAMADAN-BUNDLE,shipped
307974,1624,2025-07-05T14:05:41Z,,921.2,,3,NONE,shipped
307978,1631,2025-07-02T11:53:52Z,,3741.17,,10,,canceled
307979,1631,2025-07-04T07:23:54Z,,503.69,,3,LUX-R6,paid
307980,1632,2025/07/10 19:20,,4953.64,,9,RAMADAN-BUNDLE,paid
307984,1635,2025-07-01T13:04:34Z,,3832.08,3832.08,7,,paid
307985,1635,2025-07-01T09:13:30Z,,4954.86,4954.86,8,NONE,paid
307986,1637,2025-07-02T08:48:29Z,,3744.22,,6,NONE,pending_hold
307988,1639,2025-07-25T14:42:57Z,,4369.29,4369.29,13,LUX-R6,paid
307992,1648,2025-07-02T13:04:59Z,,1546.33,,5,NONE,paid
307994,1649,2025-07-15T09:24:31Z,,8546.78,,10,LUX-R6,paid
307996,1649,2025-07-25T12:59:12Z,,4091.63,4091.63,8,WINTER-FLYER,paid
307997,1649,2025-07-06T15:50:59Z,,3234.78,3234.78,2,RAMADAN-BUNDLE,paid
308001,1650,2025-07-18T08:19:23Z,,5971.86,5971.86,12,LUX-R6,canceled
308003,1652,2025-07-22T11:18:56Z,,4487.89,4487.89,8,,paid
308010,1671,2025-07-18T09:21:10Z,,5119.43,5119.43,10,NONE,shipped
308013,1676,2025/07/07 12:36,,3475.53,3475.53,5,RAMADAN-BUNDLE,shipped
308014,1676,2025-07-20T08:47:38Z,,4490.7,4490.70,11,RAMADAN-BUNDLE,paid
308015,1676,2025-07-14T11:22:00Z,,1910.2,1910.20,8,RAMADAN-BUNDLE,paid
308017,1676,2025-07-18T12:02:26Z,,2610.94,,8,NONE,shipped
308020,1680,2025-07-15T11:00:20Z,,8840.91,,9,NONE,paid
308026,1697,2025-07-14T06:44:50Z,,1077.81,,4,NONE,pending_hold
308029,1701,2025/07/06 11:17,,3159.03,,7,LUX-R6,paid
308030,1701,2025-07-01T07:58:20Z,,3042.29,3042.29,4,NONE,shipped
308036,1708,2025-07-10T08:54:50Z,,5502.97,5502.97,11,LUX-R6,paid
308041,1714,2025-07-28T14:03:59Z,,1423.55,,5,LUX-R6,canceled
308042,1719,2025-07-25T11:30:16Z,,6374.94,6374.94,8,NONE,paid
308043,1720,2025-07-13T11:00:48Z,,815.46,,4,NONE,pending_hold
308044,1720,2025-07-11T06:49:28Z,,3949.62,3949.62,7,NONE,paid
308046,1720,2025-07-21T12:23:07Z,,1923.99,1923.99,3,WINTER-FLYER,paid
308047,1720,2025-07-16T10:42:30Z,,3565.41,3565.41,10,LUX-R6,paid
308048,1722,2025/07/08 15:48,,9687.85,,12,NONE,canceled
308049,1724,2025-07-25T08:29:41Z,,8732.72,8732.72,15,RAMADAN-BUNDLE,paid
308051,1728,2025-07-25T13:05:56Z,,2567.58,2567.58,8,,shipped
308058,1737,2025-07-20T11:20:00Z,,7527.69,,10,WINTER-FLYER,paid
308065,1750,2025-07-09T14:25:29Z,,5039.18,5039.18,9,WINTER-FLYER,paid
308068,1753,2025-07-12T09:00:51Z,,2293.62,2293.62,4,NONE,paid
308079,1768,2025-07-24T09:08:30Z,,2011.14,,4,,paid
308084,1771,2025-07-19T11:28:10Z,,1461.52,,3,,canceled
308089,1778,2025/07/21 13:49,,3997.54,3997.54,10,NONE,paid
308090,1778,2025/07/07 17:33,,758.41,,4,WINTER-FLYER,pending_hold
308094,1781,2025-07-23T11:44:47Z,,2004.75,,4,,pending_hold
308096,1785,2025-07-22T13:27:06Z,,3822.11,3822.11,8,LUX-R6,canceled
308098,1790,2025-07-13T10:16:05Z,,2201.21,,2,LUX-R6,pending_hold
308099,1790,2025-07-26T10:17:38Z,,3200.5,3200.50,8,,paid
308110,1802,2025-07-06T12:39:30Z,,2255.34,,3,NONE,pending_hold
308122,1834,2025-07-19T06:34:28Z,,6056.8,,6,WINTER-FLYER,pending_hold
308130,1857,2025-07-12T10:54:38Z,,1615.44,,5,NONE,paid
308131,1859,2025-07-10T08:52:08Z,,3100.95,3100.95,6,LUX-R6,paid
308133,1860,2025-07-19T10:34:50Z,,6253.26,6253.26,11,RAMADAN-BUNDLE,shipped
308138,1872,2025-07-24T07:53:43Z,,1394.29,,5,RAMADAN-BUNDLE,pending_hold
308141,1876,2025-07-22T08:07:56Z,,3945.56,,7,,paid
308146,1882,2025-07-02T12:39:10Z,,4909.13,,5,NONE,canceled
308148,1887,2025-07-25T06:20:46Z,,2268.72,,5,LUX-R6,shipped
308150,1888,2025-07-21T11:38:46Z,,1865.09,1865.09,6,LUX-R6,paid
308151,1892,2025-07-24T11:20:05Z,,3884.16,,9,WINTER-FLYER,canceled
308153,1894,2025-07-28T08:40:01Z,,1428.99,,10,NONE,paid
308155,1896,2025-07-13T15:02:09Z,,3625.22,,12,LUX-R6,pending_hold
308157,1896,2025-07-07T06:33:18Z,,1044.62,1044.62,2,NONE,paid
308161,1904,2025-07-07T10:50:50Z,,2684.58,,6,NONE,paid
308163,1906,2025-07-14T14:55:55Z,,1503.87,,7,NONE,canceled
308170,1918,2025-07-20T11:27:57Z,,6731.79,6731.79,13,LUX-R6,canceled
308174,1929,2025-07-07T08:53:56Z,,6205.23,6205.23,7,RAMADAN-BUNDLE,pending_hold
308177,1935,2025-07-15T08:36:35Z,,3447.32,3447.32,7,,shipped
308181,1938,2025-07-27T12:11:15Z,,2848.76,,6,WINTER-FLYER,paid
308182,1938,2025-07-24T14:53:17Z,,3217.23,,7,WINTER-FLYER,pending_hold
308186,1945,2025-07-04T09:09:27Z,,3604.51,,10,NONE,paid
308188,1946,2025-07-01T14:14:17Z,,1638.17,,3,RAMADAN-BUNDLE,pending_hold
308194,1951,2025-07-07T06:53:04Z,,4606.69,,7,RAMADAN-BUNDLE,paid
308195,1952,2025-07-26T14:45:53Z,,2732.46,2732.46,6,NONE,pending_hold
308196,1952,2025-07-03T12:23:01Z,,3775.67,3775.67,6,NONE,canceled
308200,1955,2025/07/13 15:04,,4053.38,4053.38,7,NONE,pending_hold
308201,1958,2025-07-17T09:44:03Z,,4019.81,,5,RAMADAN-BUNDLE,shipped
308205,1960,2025-07-28T10:32:19Z,,2624.61,,7,LUX-R6,paid
308210,1962,2025-07-09T09:03:05Z,,4923.06,4923.06,5,RAMADAN-BUNDLE,paid
308211,1963,2025-07-17T06:37:02Z,,3082.42,3082.42,8,NONE,paid
308212,1963,2025-07-23T09:54:01Z,,3392.31,3392.31,9,NONE,paid
308213,1965,2025-07-23T07:47:38Z,,6428.09,6428.09,7,WINTER-FLYER,pending_hold
308214,1968,2025-07-03T06:38:15Z,,4094.83,4094.83,5,RAMADAN-BUNDLE,paid
308216,1969,2025-07-16T11:25:59Z,,8552.74,,11,LUX-R6,canceled
308223,1983,2025/07/23 15:07,,1727.85,,8,WINTER-FLYER,shipped
308224,1984,2025-07-10T08:51:35Z,,4952.2,,6,LUX-R6,pending_hold
308225,1987,2025/07/24 08:37,,2959.99,2959.99,5,RAMADAN-BUNDLE,paid
308229,1991,2025-07-20T06:34:49Z,,1348.87,1348.87,3,WINTER-FLYER,pending_hold
308235,2002,2025-07-12T13:01:10Z,,2231.97,2231.97,4,WINTER-FLYER,pending_hold
308240,2012,2025-07-13T14:09:28Z,,3322.71,,9,NONE,paid
308241,2012,2025-07-03T17:49:32Z,,4781.43,4781.43,7,,pending_hold
308246,2023,2025-07-27T12:59:25Z,,1103.96,,5,NONE,paid
308255,2036,2025-07-05T12:16:24Z,,4021.89,,11,WINTER-FLYER,paid
308256,2037,2025-07-12T13:14:16Z,,5837.43,5837.43,11,NONE,canceled
308259,2046,2025-07-13T11:03:29Z,,1630.04,,2,RAMADAN-BUNDLE,pending_hold
308261,2048,2025-07-05T08:21:39Z,,3103.75,3103.75,6,,paid
308262,2049,2025/07/06 16:51,,1122.51,,2,,paid
308263,2051,2025-07-03T06:49:21Z,,8065.26,,13,LUX-R6,canceled
308265,2052,2025-07-10T12:33:46Z,,3022.8,,5,NONE,paid
308266,2053,2025-07-02T07:52:59Z,,3231.86,3231.86,6,NONE,shipped
308269,2056,2025-07-19T09:58:18Z,,2210.16,,7,NONE,shipped
308270,2057,2025-07-06T10:29:56Z,,2613.95,,6,LUX-R6,shipped
308276,2062,2025-07-07T15:27:13Z,,2565.58,,3,WINTER-FLYER,canceled
308282,2072,2025-07-15T07:12:56Z,,4196.59,4196.59,7,RAMADAN-BUNDLE,pending_hold
308287,2074,2025-07-04T14:24:19Z,,3711.29,3711.29,7,,paid
308288,2074,2025-07-10T12:25:40Z,,1194.0,,2,NONE,paid
308289,2074,2025-07-21T12:12:07Z,,1835.61,1835.61,4,LUX-R6,pending_hold
308290,2079,2025-07-12T10:16:01Z,,3373.43,3373.43,11,RAMADAN-BUNDLE,canceled
308297,2090,2025-07-23T12:45:28Z,,6560.62,,14,NONE,canceled
308303,2092,2025-07-13T12:23:06Z,,6739.79,,9,WINTER-FLYER,canceled
308305,2096,2025-07-19T07:22:04Z,,2192.04,2192.04,4,,shipped
308306,2098,2025-07-04T10:22:03Z,,3901.28,3901.28,6,NONE,canceled
308310,2104,2025/07/14 16:37,,4593.74,,8,NONE,paid
308312,2107,2025-07-28T09:35:00Z,,3551.88,3551.88,6,,paid
308317,2115,2025-07-01T06:51:39Z,,6867.34,6867.34,12,NONE,paid
308322,2121,2025-07-18T12:53:53Z,,3153.75,,9,LUX-R6,canceled
308323,2123,2025-07-10T10:34:57Z,,5347.94,,14,LUX-R6,paid
308324,2128,2025/07/28 11:57,,4242.68,,7,LUX-R6,paid
308325,2133,2025-07-06T08:19:44Z,,8079.08,,10,WINTER-FLYER,paid
308329,2140,2025-07-25T13:06:59Z,,1360.15,,6,,canceled
308334,2145,2025-07-05T06:14:09Z,,2514.55,2514.55,2,,shipped
308336,2149,2025-07-11T06:11:31Z,,2574.94,,6,RAMADAN-BUNDLE,paid
308350,2179,2025-07-02T14:33:08Z,,4608.74,4608.74,4,,paid
308352,2180,2025-07-18T06:05:21Z,,2488.56,,6,WINTER-FLYER,paid
308353,2180,2025-07-05T08:56:55Z,,533.33,,3,NONE,paid
308364,2200,2025-07-15T06:39:37Z,,2103.8,,6,NONE,paid
308366,2202,2025-07-06T10:34:54Z,,4701.36,4701.36,9,,paid
308368,2209,2025-07-17T11:08:08Z,,1564.38,1564.38,5,LUX-R6,canceled
308372,2216,2025-07-09T15:14:17Z,,2661.73,2661.73,12,LUX-R6,paid
308388,2235,2025-07-03T12:28:22Z,,3764.03,,10,NONE,shipped
308389,2235,2025-07-03T10:55:49Z,,1891.14,,4,,paid
308390,2236,2025-07-05T11:16:32Z,,5148.55,,7,RAMADAN-BUNDLE,canceled
308395,2244,2025/07/04 08:57,,2138.57,,4,WINTER-FLYER,paid
308399,2247,2025-07-12T14:04:16Z,,1599.65,1599.65,3,RAMADAN-BUNDLE,paid
308402,2247,2025-07-25T07:19:32Z,,5709.3,,8,RAMADAN-BUNDLE,paid
308403,2247,2025-07-21T10:06:16Z,,3415.7,,11,LUX-R6,canceled
308409,2254,2025-07-27T10:37:59Z,,4592.06,4592.06,7,NONE,paid
308416,2264,2025-07-28T06:07:20Z,,4036.04,,5,LUX-R6,pending_hold
308426,2279,2025-07-09T07:21:02Z,,5653.23,,11,LUX-R6,shipped
308427,2279,2025-07-07T09:57:22Z,,807.46,,5,RAMADAN-BUNDLE,paid
308428,2279,2025-07-13T12:04:21Z,,3390.29,3390.29,8,NONE,pending_hold
308430,2284,2025-07-24T07:04:20Z,,2301.56,2301.56,3,NONE,paid
308434,2289,2025/07/07 08:14,,2731.77,,5,NONE,paid
308435,2289,2025-07-09T06:33:04Z,,2328.75,,5,NONE,canceled
308437,2292,2025-07-02T09:53:20Z,,1447.21,1447.21,6,LUX-R6,paid
308448,2315,2025-07-10T07:35:39Z,,3018.71,,7,LUX-R6,paid
308451,2322,2025-07-05T10:42:10Z,,2832.46,,4,NONE,shipped
308462,2333,2025-07-02T12:39:45Z,,3102.43,3102.43,7,NONE,canceled
308466,2334,2025/07/06 19:23,,2570.81,2570.81,9,NONE,shipped
308474,2339,2025-07-26T08:10:17Z,,3270.79,,5,NONE,pending_hold
308485,2352,2025-07-03T12:17:23Z,,804.66,804.66,3,LUX-R6,canceled
308486,2353,2025-07-20T06:59:12Z,,1199.28,,3,WINTER-FLYER,paid
308491,2357,2025-07-11T09:43:00Z,,5129.33,,9,WINTER-FLYER,pending_hold
308492,2358,2025-07-17T14:40:30Z,,2097.54,2097.54,5,,canceled
308495,2361,2025-07-10T06:01:30Z,,4766.89,4766.89,7,NONE,shipped
308503,2368,2025-07-01T10:24:53Z,,3740.09,,5,,paid
308504,2369,2025-07-06T16:39:20Z,,5015.51,,9,NONE,pending_hold
308513,2379,2025-07-20T06:45:41Z,,1728.31,1728.31,10,,pending_hold
308522,2388,2025-07-05T10:10:07Z,,165.24,165.24,2,NONE,pending_hold
308535,2399,2025-07-05T13:02:40Z,,5689.77,5689.77,7,,paid
308536,2400,2025-07-19T11:22:59Z,,1572.77,,3,,paid
308538,2400,2025-07-13T06:14:36Z,,9013.98,,13,,paid
308543,2402,2025-07-14T10:31:15Z,,4358.33,,8,,shipped
308546,2406,2025-07-24T10:49:28Z,,8759.51,,15,NONE,paid
308548,2411,2025-07-04T09:23:14Z,,3682.88,3682.88,5,RAMADAN-BUNDLE,canceled
308550,2414,2025-07-02T08:39:15Z,,6194.24,6194.24,6,,paid
308552,2414,2025-07-03T16:55:37Z,,2341.5,,3,RAMADAN-BUNDLE,paid
308555,2418,2025-07-04T13:36:42Z,,4872.92,,10,WINTER-FLYER,canceled
308561,2427,2025-07-23T10:52:32Z,,4157.19,,15,WINTER-FLYER,pending_hold
308562,2427,2025-07-15T10:15:19Z,,2319.76,2319.76,5,,pending_hold
308563,2428,2025-07-22T11:49:46Z,,1915.09,1915.09,9,WINTER-FLYER,pending_hold
308570,2430,2025-07-28T13:04:27Z,,4415.38,4415.38,7,RAMADAN-BUNDLE,pending_hold
308571,2430,2025-07-04T11:17:51Z,,5682.86,5682.86,9,,paid
308573,2430,2025-07-03T07:09:14Z,,3748.15,,10,RAMADAN-BUNDLE,shipped
308574,2431,2025-07-06T08:43:07Z,,8367.68,8367.68,15,,canceled
308577,2439,2025-07-16T07:21:11Z,,4458.67,,6,,paid
308579,2439,2025-07-24T13:25:13Z,,3701.35,3701.35,7,RAMADAN-BUNDLE,canceled
308580,2439,2025-07-14T10:09:48Z,,943.29,,3,RAMADAN-BUNDLE,canceled
308582,2441,2025-07-15T17:23:22Z,,5555.18,,7,RAMADAN-BUNDLE,paid
308588,2449,2025-07-03T09:39:47Z,,5160.32,5160.32,9,RAMADAN-BUNDLE,paid
308589,2450,2025-07-05T08:49:36Z,,1584.49,1584.49,6,WINTER-FLYER,pending_hold
308595,2461,2025-07-22T11:46:30Z,,1751.33,1751.33,5,,canceled
308596,2462,2025-07-27T09:53:00Z,,5324.7,,11,LUX-R6,paid
308597,2463,2025-07-27T06:54:02Z,,2651.62,,6,LUX-R6,paid
308601,2474,2025/07/20 17:28,,2092.57,,6,,shipped
308604,2479,2025-07-18T08:20:23Z,,759.58,759.58,6,,pending_hold
308605,2482,2025-07-11T13:37:28Z,,1413.74,1413.74,3,NONE,paid
308606,2484,2025-07-07T06:50:17Z,,4545.18,4545.18,9,LUX-R6,paid
308609,2488,2025-07-02T13:09:53Z,,1055.53,,5,NONE,paid
308611,2489,2025-07-02T07:01:45Z,,2001.09,2001.09,4,NONE,shipped
308617,2505,2025-07-17T08:30:42Z,,4644.68,,10,,paid
308623,2520,2025-07-23T10:14:45Z,,1941.1,,3,,paid
308626,2522,2025-07-19T10:38:35Z,,4857.09,,12,RAMADAN-BUNDLE,canceled
308629,2532,2025-07-23T12:40:51Z,,1949.67,,5,NONE,paid
308633,2538,2025-07-02T06:32:58Z,,1276.12,,5,LUX-R6,paid
308635,2542,2025/07/12 08:30,,1826.88,,7,WINTER-FLYER,paid
308637,2545,2025-07-21T09:11:30Z,,9280.2,9280.20,10,NONE,paid
308640,2549,2025-07-03T09:12:38Z,,1617.84,,5,LUX-R6,shipped
308641,2550,2025-07-18T13:52:55Z,,3854.78,3854.78,5,RAMADAN-BUNDLE,pending_hold
308642,2556,2025-07-23T13:35:18Z,,2457.27,,10,,pending_hold
308643,2560,2025-07-26T06:10:50Z,,2302.29,2302.29,5,NONE,paid
308644,2560,2025-07-19T13:28:27Z,,620.83,,3,,pending_hold
308645,2562,2025-07-18T10:36:26Z,,1735.95,,5,LUX-R6,pending_hold
308650,2568,2025-07-24T10:51:39Z,,4744.61,4744.61,12,NONE,paid
308651,2571,2025-07-10T10:27:39Z,,3138.21,,6,NONE,paid
308653,2575,2025/07/16 11:38,,1991.78,,3,,paid
308657,2575,2025-07-25T09:28:20Z,,4018.06,4018.06,7,NONE,pending_hold
308660,2585,2025-07-08T09:33:27Z,,3238.43,,7,LUX-R6,canceled
308665,2587,2025-07-18T11:11:45Z,,4441.35,4441.35,8,,paid
308669,2595,2025-07-17T11:12:03Z,,2175.9,,6,RAMADAN-BUNDLE,shipped
308671,2599,2025-07-08T09:07:56Z,,5896.03,,11,,pending_hold
308674,2603,2025-07-26T07:52:39Z,,3509.4,,5,RAMADAN-BUNDLE,pending_hold
308680,2608,2025/07/02 10:58,,3188.28,,10,RAMADAN-BUNDLE,paid
308681,2609,2025-07-10T08:50:59Z,,5457.23,,7,NONE,paid
308683,2609,2025-07-24T14:21:55Z,,3581.92,,5,RAMADAN-BUNDLE,paid
308689,2616,2025-07-10T10:20:54Z,,5601.35,5601.35,12,NONE,paid
308690,2617,2025-07-09T10:01:17Z,,1017.69,,6,RAMADAN-BUNDLE,paid
308692,2620,2025-07-16T11:31:24Z,,7494.59,,12,RAMADAN-BUNDLE,paid
308695,2622,2025-07-09T10:23:44Z,,2498.65,,4,LUX-R6,paid
308699,2628,2025-07-25T13:16:53Z,,4228.38,4228.38,9,NONE,shipped
308702,2633,2025-07-15T08:16:35Z,,3610.24,,7,NONE,pending_hold
308703,2633,2025-07-03T09:41:05Z,,5198.0,5198.00,6,NONE,paid
308704,2634,2025-07-03T09:10:07Z,,4609.99,,6,RAMADAN-BUNDLE,canceled
308706,2637,2025-07-13T11:13:00Z,,3597.9,,7,,shipped
308716,2649,2025-07-13T11:50:02Z,,2003.11,2003.11,4,LUX-R6,paid
308721,2654,2025-07-27T12:20:07Z,,4552.22,4552.22,7,RAMADAN-BUNDLE,pending_hold
308722,2656,2025-07-26T08:11:15Z,,1097.91,,3,,canceled
308726,2663,2025-07-10T07:53:04Z,,2464.26,,6,RAMADAN-BUNDLE,shipped
308727,2664,2025-07-10T11:54:35Z,,4802.39,4802.39,10,,paid
308731,2676,2025-07-04T12:39:06Z,,893.59,,7,WINTER-FLYER,pending_hold
308734,2680,2025-07-26T13:12:59Z,,2205.43,,5,WINTER-FLYER,paid
308735,2683,2025-07-28T13:54:37Z,,2995.54,,3,NONE,paid
308737,2687,2025-07-12T10:58:42Z,,871.69,871.69,4,RAMADAN-BUNDLE,paid
308738,2687,2025-07-22T10:15:55Z,,2033.4,2033.40,5,NONE,canceled
308746,2699,2025-07-26T14:07:29Z,,3700.09,3700.09,9,LUX-R6,pending_hold
308748,2706,2025/07/15 14:15,,1111.12,,2,NONE,pending_hold
308751,2709,2025-07-07T10:47:47Z,,4036.18,4036.18,7,NONE,canceled
308756,2726,2025-07-12T11:00:05Z,,1874.18,,9,NONE,canceled
308765,2742,2025-07-28T12:35:58Z,,512.06,512.06,3,LUX-R6,paid
308766,2746,2025-07-14T10:09:44Z,,7276.34,7276.34,9,NONE,canceled
308767,2746,2025-07-10T06:54:46Z,,1073.5,1073.50,2,LUX-R6,paid
308772,2751,2025-07-22T09:20:11Z,,2814.03,2814.03,10,WINTER-FLYER,paid
308775,2754,2025-07-21T09:32:59Z,,3538.46,,8,WINTER-FLYER,pending_hold
308778,2758,2025-07-02T09:57:27Z,,3151.02,,8,,paid
308780,2758,2025-07-06T06:23:19Z,,3249.99,3249.99,9,,canceled
308794,2773,2025-07-15T13:55:40Z,,2505.58,2505.58,3,RAMADAN-BUNDLE,shipped
308796,2776,2025-07-05T11:20:47Z,,6430.68,,8,WINTER-FLYER,paid
308801,2782,2025-07-15T10:58:53Z,,4851.87,4851.87,9,LUX-R6,pending_hold
308805,2787,2025-07-02T09:09:49Z,,2783.17,,4,NONE,canceled
308806,2788,2025-07-23T13:30:57Z,,1879.28,1879.28,3,RAMADAN-BUNDLE,paid
308808,2794,2025-07-23T14:19:05Z,,7912.2,7912.20,6,LUX-R6,paid
308810,2810,2025-07-21T09:08:07Z,,4182.72,,9,WINTER-FLYER,paid
308812,2810,2025-07-17T06:30:30Z,,2208.98,2208.98,5,NONE,shipped
308815,2816,2025-07-15T12:46:19Z,,606.98,606.98,4,LUX-R6,canceled
308816,2816,2025-07-13T12:44:55Z,,1996.49,,6,NONE,paid
308817,1002,2025-08-19T08:52:13Z,,95.24,95.24,3,NONE,paid
308818,1004,2025-08-01T12:19:28Z,,804.05,,6,LUX-R6,canceled
308820,1006,2025-08-18T09:20:39Z,,452.81,,2,WINTER-FLYER,paid
308822,1011,2025-08-08T07:16:09Z,,2574.29,2574.29,4,NONE,paid
308825,1011,2025-08-16T06:40:25Z,,9436.54,9436.54,13,NONE,paid
308832,1019,2025-08-04T10:28:45Z,,4217.78,,4,LUX-R6,canceled
308833,1019,2025-08-13T08:24:06Z,,6273.19,6273.19,9,WINTER-FLYER,pending_hold
308834,1020,2025-08-23T08:38:34Z,,5256.28,,4,,canceled
308843,1034,2025-08-10T11:54:05Z,,3823.58,,7,NONE,canceled
308844,1039,2025-08-10T11:06:20Z,,3167.93,,3,,shipped
308846,1041,2025-08-15T07:40:57Z,,2462.21,,5,WINTER-FLYER,paid
308848,1046,2025-08-06T11:08:49Z,,3936.8,,8,RAMADAN-BUNDLE,paid
308849,1046,2025-08-14T15:27:50Z,,2455.08,,4,NONE,paid
308852,1049,2025-08-13T06:46:06Z,,2094.82,2094.82,4,LUX-R6,paid
308853,1049,2025-08-24T08:46:57Z,,3120.19,,4,LUX-R6,pending_hold
308855,1051,2025-08-10T12:33:46Z,,3905.46,3905.46,4,,canceled
308857,1052,2025-08-17T07:19:31Z,,3183.64,,7,LUX-R6,canceled
308858,1054,2025-08-23T11:43:27Z,,11973.39,11973.39,15,NONE,canceled
308859,1054,2025-08-14T16:16:39Z,,1405.38,1405.38,6,,canceled
308862,1063,2025/08/19 17:31,,2324.01,2324.01,7,,canceled
308867,1066,2025-08-21T08:56:33Z,,2503.9,2503.90,6,WINTER-FLYER,paid
308870,1070,2025-08-05T10:01:55Z,,2646.47,,10,NONE,paid
308874,1076,2025-08-08T06:29:37Z,,2375.7,,6,NONE,pending_hold
308876,1079,2025-08-20T06:19:18Z,,556.34,,3,LUX-R6,canceled
308877,1079,2025-08-13T11:39:28Z,,6601.47,,13,NONE,paid
308882,1083,2025-08-22T06:43:49Z,,2023.37,,5,,pending_hold
308888,1091,2025-08-27T12:45:01Z,,504.74,,2,,canceled
308891,1100,2025-08-15T06:04:16Z,,3069.11,,4,NONE,paid
308894,1109,2025-08-28T10:51:04Z,,1553.66,1553.66,5,WINTER-FLYER,paid
308896,1115,2025-08-06T13:11:08Z,,2618.74,2618.74,7,,pending_hold
308898,1117,2025-08-15T09:33:27Z,,2428.65,2428.65,2,LUX-R6,pending_hold
308905,1125,2025-08-22T11:02:04Z,,2915.05,,8,,pending_hold
308906,1125,2025-08-23T10:56:54Z,,1223.34,,6,NONE,shipped
308913,1137,2025/08/06 08:27,,1275.72,1275.72,4,WINTER-FLYER,pending_hold
308916,1139,2025-08-24T13:36:51Z,,2082.6,,7,NONE,paid
308917,1142,2025-08-19T08:04:41Z,,1706.61,,2,LUX-R6,canceled
308924,1162,2025-08-04T07:27:47Z,,2204.35,2204.35,6,NONE,shipped
308926,1165,2025-08-27T06:07:50Z,,5659.36,5659.36,6,LUX-R6,paid
308927,1166,2025/08/23 16:54,,5493.75,,5,NONE,paid
308930,1176,2025-08-27T08:02:17Z,,1684.67,,2,NONE,paid
308931,1176,2025-08-11T11:15:05Z,,3182.8,3182.80,10,RAMADAN-BUNDLE,shipped
308935,1179,2025-08-10T06:21:06Z,,1886.23,,8,WINTER-FLYER,pending_hold
308951,1199,2025-08-16T06:55:30Z,,1221.77,1221.77,4,,paid
308957,1211,2025-08-13T18:01:39Z,,5785.79,,8,WINTER-FLYER,canceled
308969,1225,2025-08-04T12:28:32Z,,6850.73,6850.73,7,WINTER-FLYER,paid
308971,1227,2025-08-09T06:38:36Z,,7173.68,7173.68,8,NONE,paid
308973,1227,2025-08-23T10:13:21Z,,2689.79,2689.79,7,,pending_hold
308977,1228,2025-08-09T10:54:32Z,,1349.17,1349.17,3,,paid
308981,1232,2025-08-18T08:15:31Z,,2821.02,,7,RAMADAN-BUNDLE,paid
308988,1241,2025/08/01 15:01,,4066.91,,11,WINTER-FLYER,shipped
308989,1241,2025-08-22T14:00:17Z,,2898.51,,2,WINTER-FLYER,paid
308995,1250,2025-08-08T13:52:26Z,,3041.61,3041.61,4,RAMADAN-BUNDLE,paid
308998,1256,2025-08-12T07:05:43Z,,7575.96,,6,LUX-R6,pending_hold
308999,1257,2025-08-05T10:31:42Z,,2424.12,,6,LUX-R6,canceled
309000,1260,2025-08-19T08:08:56Z,,1679.36,,4,WINTER-FLYER,shipped
309003,1262,2025-08-03T11:05:48Z,,724.63,724.63,2,RAMADAN-BUNDLE,paid
309009,1269,2025-08-01T10:20:01Z,,5690.06,5690.06,12,WINTER-FLYER,shipped
309017,1281,2025-08-09T15:15:28Z,,3024.32,,5,NONE,paid
309018,1281,2025-08-11T07:55:05Z,,5438.06,,5,NONE,shipped
309020,1284,2025-08-17T06:53:54Z,,8926.93,,14,NONE,paid
309021,1285,2025-08-15T11:52:57Z,,7486.66,7486.66,6,LUX-R6,pending_hold
309022,1285,2025-08-23T08:46:22Z,,4059.85,,6,WINTER-FLYER,paid
309025,1289,2025-08-19T12:18:50Z,,3125.2,,8,,pending_hold
309027,1289,2025-08-25T09:08:49Z,,2759.15,,6,NONE,paid
309029,1290,2025-08-26T10:52:12Z,,2643.76,,6,WINTER-FLYER,pending_hold
309030,1296,2025-08-05T09:55:23Z,,2413.94,2413.94,7,RAMADAN-BUNDLE,paid
309036,1298,2025-08-27T09:47:39Z,,1780.81,,7,LUX-R6,paid
309042,1299,2025-08-17T11:49:26Z,,3812.09,,8,NONE,paid
309043,1302,2025-08-16T12:47:45Z,,3344.33,,6,,canceled
309045,1304,2025-08-28T14:15:16Z,,4021.48,4021.48,2,WINTER-FLYER,pending_hold
309046,1306,2025-08-18T12:49:46Z,,3764.48,3764.48,7,WINTER-FLYER,canceled
309047,1307,2025-08-07T09:03:36Z,,2892.12,,9,NONE,paid
309051,1313,2025-08-16T10:18:47Z,,4365.86,4365.86,11,NONE,paid
309060,1319,2025-08-11T12:23:03Z,,2064.66,,4,RAMADAN-BUNDLE,paid
309061,1319,2025-08-03T11:35:23Z,,6701.74,,10,LUX-R6,paid
309073,1333,2025-08-28T06:31:09Z,,7818.93,,11,NONE,paid
309074,1333,2025-08-15T10:21:21Z,,739.36,,3,NONE,paid
309089,1351,2025-08-04T07:04:07Z,,1710.03,,4,NONE,paid
309090,1353,2025-08-21T12:27:01Z,,5615.91,,8,NONE,canceled
309095,1361,2025-08-24T07:52:22Z,,5918.5,5918.50,13,WINTER-FLYER,paid
309099,1364,2025-08-16T06:25:17Z,,3154.39,3154.39,4,NONE,paid
309102,1373,2025-08-25T14:59:53Z,,5469.84,,6,,paid
309110,1383,2025-08-13T06:05:21Z,,2368.06,,8,,paid
309114,1388,2025-08-07T07:34:50Z,,8900.71,,11,WINTER-FLYER,shipped
309115,1388,2025-08-28T09:47:15Z,,3834.08,,9,,shipped
309116,1388,2025-08-17T13:57:05Z,,6202.34,,15,RAMADAN-BUNDLE,pending_hold
309119,1391,2025-08-18T13:55:35Z,,2445.22,,2,,shipped
309126,1402,2025-08-16T11:01:58Z,,2661.57,2661.57,4,NONE,paid
309131,1413,2025-08-07T15:54:50Z,,5890.28,,13,RAMADAN-BUNDLE,shipped
309135,1419,2025-08-04T13:19:35Z,,3990.88,,7,,paid
309138,1423,2025-08-26T09:19:56Z,,4479.12,,4,,canceled
309142,1427,2025-08-15T12:12:49Z,,3808.34,3808.34,2,WINTER-FLYER,paid
309149,1436,2025-08-27T12:19:26Z,,5481.51,,12,RAMADAN-BUNDLE,paid
309150,1439,2025-08-10T12:31:49Z,,4575.69,,9,NONE,paid
309152,1440,2025-08-05T09:30:33Z,,3515.81,3515.81,11,NONE,pending_hold
309153,1441,2025-08-02T10:15:47Z,,1896.5,,6,WINTER-FLYER,shipped
309155,1443,2025-08-04T13:24:43Z,,855.44,855.44,4,RAMADAN-BUNDLE,canceled
309156,1443,2025-08-22T09:07:32Z,,3482.03,,5,LUX-R6,paid
309158,1450,2025-08-18T13:35:03Z,,1628.71,1628.71,3,,pending_hold
309164,1456,2025-08-09T08:37:05Z,,2077.14,,6,,paid
309168,1460,2025-08-07T06:52:47Z,,2608.24,2608.24,8,RAMADAN-BUNDLE,paid
309172,1465,2025-08-23T09:44:48Z,,1664.38,,6,,shipped
309173,1465,2025-08-01T10:28:43Z,,9324.16,9324.16,15,WINTER-FLYER,paid
309174,1467,2025-08-18T08:55:36Z,,2211.81,,5,NONE,shipped
309182,1484,2025-08-04T08:09:46Z,,445.51,,2,,paid
309183,1484,2025-08-05T08:47:24Z,,2960.2,,4,WINTER-FLYER,paid
309184,1485,2025-08-16T08:52:16Z,,3102.6,3102.60,7,WINTER-FLYER,paid
309186,1490,2025/08/09 15:22,,1145.97,,2,RAMADAN-BUNDLE,canceled
309187,1490,2025-08-24T11:16:42Z,,3307.65,,6,LUX-R6,pending_hold
309193,1501,2025-08-19T10:18:15Z,,1633.05,1633.05,4,NONE,canceled
309196,1504,2025-08-23T13:37:58Z,,1257.75,1257.75,5,NONE,paid
309202,1508,2025-08-01T08:38:11Z,,4031.62,,8,RAMADAN-BUNDLE,paid
309205,1510,2025-08-27T10:15:07Z,,2943.27,2943.27,6,WINTER-FLYER,paid
309207,1514,2025-08-13T10:47:48Z,,2830.49,,4,LUX-R6,canceled
309209,1516,2025-08-02T12:12:15Z,,3635.45,,5,NONE,pending_hold
309210,1516,2025/08/16 13:28,,3220.02,,9,,shipped
309211,1516,2025-08-13T07:41:03Z,,1519.09,,4,NONE,paid
309213,1516,2025-08-01T19:09:55Z,,2299.06,2299.06,2,RAMADAN-BUNDLE,shipped
309217,1522,2025-08-26T13:50:37Z,,3298.42,3298.42,5,WINTER-FLYER,paid
309234,1539,2025/08/10 15:48,,6903.08,6903.08,15,,paid
309235,1539,2025-08-04T07:07:34Z,,4659.5,4659.50,7,,paid
309237,1540,2025-08-04T08:04:22Z,,4552.23,,9,LUX-R6,paid
309240,1541,2025-08-17T06:46:46Z,,2808.54,2808.54,7,RAMADAN-BUNDLE,shipped
309241,1541,2025-08-18T11:45:17Z,,2676.2,,7,NONE,pending_hold
309254,1558,2025-08-24T07:59:43Z,,3911.47,3911.47,4,NONE,shipped
309255,1561,2025-08-02T06:59:18Z,,1611.58,,4,WINTER-FLYER,shipped
309269,1573,2025-08-08T14:09:25Z,,5204.85,,12,NONE,shipped
309272,1578,2025-08-17T09:47:04Z,,4722.92,,11,RAMADAN-BUNDLE,pending_hold
309277,1586,2025-08-26T11:55:02Z,,3090.67,,3,RAMADAN-BUNDLE,shipped
309284,1591,2025-08-13T13:44:02Z,,4760.6,4760.60,6,LUX-R6,paid
309285,1591,2025-08-01T09:49:45Z,,1316.06,,4,NONE,paid
309292,1602,2025-08-14T06:53:49Z,,1790.69,,4,WINTER-FLYER,canceled
309294,1603,2025-08-25T10:37:47Z,,2907.36,2907.36,5,NONE,pending_hold
309302,1613,2025-08-21T08:01:17Z,,5978.27,,8,NONE,paid
309304,1619,2025-08-19T09:43:38Z,,8212.88,,8,RAMADAN-BUNDLE,paid
309310,1629,2025-08-06T13:45:06Z,,2081.08,2081.08,7,WINTER-FLYER,shipped
309313,1635,2025-08-14T14:24:55Z,,2691.06,2691.06,3,RAMADAN-BUNDLE,canceled
309315,1639,2025-08-16T10:03:25Z,,5437.98,,9,NONE,canceled
309325,1649,2025-08-01T08:07:21Z,,1704.48,,3,,pending_hold
309327,1659,2025-08-16T06:12:54Z,,2906.81,2906.81,8,LUX-R6,paid
309332,1663,2025-08-26T06:58:02Z,,4874.61,,9,NONE,canceled
309333,1665,2025-08-17T06:32:51Z,,9207.35,9207.35,11,NONE,shipped
309337,1670,2025-08-19T10:31:03Z,,2841.45,,7,RAMADAN-BUNDLE,canceled
309340,1675,2025-08-18T09:31:48Z,,3481.78,,10,,canceled
309353,1696,2025/08/09 11:05,,3266.19,,9,LUX-R6,paid
309354,1697,2025-08-07T11:20:12Z,,1236.8,1236.80,5,NONE,pending_hold
309356,1698,2025-08-15T08:37:07Z,,5445.5,5445.50,9,RAMADAN-BUNDLE,paid
309357,1698,2025-08-18T07:51:39Z,,3225.89,3225.89,5,,paid
309358,1699,2025-08-10T13:13:19Z,,3650.4,,9,LUX-R6,paid
309361,1703,2025-08-07T13:43:56Z,,1868.02,,4,NONE,paid
309363,1704,2025-08-21T11:33:57Z,,2880.76,2880.76,9,NONE,canceled
309364,1707,2025/08/18 11:47,,9317.01,9317.01,15,NONE,paid
309366,1709,2025-08-09T09:39:37Z,,2456.14,,8,NONE,paid
309369,1711,2025-08-22T11:11:36Z,,1842.18,1842.18,9,,shipped
309372,1714,2025-08-26T11:07:42Z,,3052.47,,4,NONE,paid
309374,1715,2025-08-11T10:20:11Z,,2234.33,2234.33,6,NONE,pending_hold
309375,1715,2025-08-12T06:14:52Z,,2862.37,2862.37,7,LUX-R6,pending_hold
309381,1720,2025-08-03T14:44:08Z,,963.95,,3,,paid
309384,1722,2025-08-11T06:56:31Z,,5346.39,,9,RAMADAN-BUNDLE,paid
309386,1728,2025-08-15T09:36:25Z,,6019.06,6019.06,11,NONE,shipped
309389,1733,2025-08-05T12:39:49Z,,3364.65,,6,WINTER-FLYER,canceled
309392,1738,2025-08-14T13:29:53Z,,1596.75,,6,RAMADAN-BUNDLE,paid
309393,1740,2025-08-02T11:28:06Z,,4792.21,,8,RAMADAN-BUNDLE,canceled
309395,1745,2025-08-21T06:55:11Z,,1125.5,1125.50,6,RAMADAN-BUNDLE,canceled
309398,1747,2025-08-08T12:56:11Z,,4328.63,4328.63,10,NONE,paid
309412,1764,2025-08-02T07:23:07Z,,2416.55,,3,RAMADAN-BUNDLE,shipped
309413,1764,2025-08-06T10:11:49Z,,3919.77,,4,RAMADAN-BUNDLE,pending_hold
309424,1775,2025-08-22T08:53:28Z,,2891.94,2891.94,2,LUX-R6,paid
309426,1776,2025-08-23T08:26:36Z,,5178.6,,6,,paid
309444,1804,2025-08-16T11:39:05Z,,2014.47,2014.47,5,NONE,paid
309445,1804,2025-08-22T07:47:40Z,,4603.17,,9,RAMADAN-BUNDLE,canceled
309449,1813,2025-08-13T07:27:18Z,,4983.26,,10,LUX-R6,paid
309452,1814,2025-08-10T12:11:28Z,,2295.46,,3,WINTER-FLYER,paid
309454,1816,2025-08-01T10:18:34Z,,1570.31,1570.31,7,NONE,shipped
309456,1817,2025-08-22T11:29:32Z,,2376.91,2376.91,5,RAMADAN-BUNDLE,canceled
309458,1819,2025-08-01T08:59:46Z,,2059.66,,4,NONE,shipped
309469,1839,2025-08-14T07:18:39Z,,3497.79,,5,LUX-R6,paid
309472,1844,2025-08-27T08:26:19Z,,2554.23,,7,WINTER-FLYER,shipped
309479,1859,2025-08-26T12:57:41Z,,5154.93,,7,WINTER-FLYER,shipped
309481,1861,2025-08-20T13:41:51Z,,4306.97,,6,NONE,canceled
309486,1866,2025-08-03T14:13:10Z,,2016.56,,9,NONE,pending_hold
309488,1871,2025-08-07T07:53:38Z,,1435.08,1435.08,4,NONE,paid
309495,1881,2025-08-05T12:24:07Z,,1356.73,,7,RAMADAN-BUNDLE,shipped
309498,1883,2025-08-16T15:15:53Z,,1896.65,1896.65,7,NONE,paid
309503,1892,2025-08-19T10:59:20Z,,4166.99,,7,,paid
309505,1894,2025-08-18T14:17:00Z,,2516.19,,5,WINTER-FLYER,paid
309511,1897,2025/08/21 13:42,,3097.85,,3,WINTER-FLYER,shipped
309513,1900,2025-08-08T06:56:54Z,,4189.45,4189.45,11,NONE,paid
309519,1908,2025-08-08T10:11:40Z,,4421.27,4421.27,13,WINTER-FLYER,paid
309525,1917,2025-08-03T06:27:29Z,,9231.41,9231.41,12,,shipped
309527,1920,2025-08-14T08:56:11Z,,2562.55,,8,NONE,shipped
309530,1926,2025-08-02T13:39:42Z,,11300.74,11300.74,14,,paid
309532,1928,2025-08-13T12:21:19Z,,4826.68,,7,RAMADAN-BUNDLE,canceled
309539,1932,2025-08-08T12:28:33Z,,2383.23,2383.23,3,,shipped
309544,1936,2025-08-05T16:40:31Z,,1759.72,,5,NONE,paid
309552,1945,2025-08-19T10:46:53Z,,1864.4,1864.40,5,WINTER-FLYER,shipped
309553,1945,2025/08/15 09:19,,3994.07,3994.07,8,RAMADAN-BUNDLE,paid
309556,1946,2025-08-02T08:22:01Z,,1906.29,1906.29,8,WINTER-FLYER,paid
309564,1954,2025-08-20T09:55:23Z,,2013.6,,3,WINTER-FLYER,paid
309567,1958,2025-08-19T15:31:36Z,,4868.94,4868.94,15,NONE,paid
309568,1959,2025-08-16T08:49:44Z,,5830.57,,8,NONE,shipped
309569,1959,2025-08-28T08:24:36Z,,3038.09,,5,RAMADAN-BUNDLE,shipped
309571,1960,2025-08-21T07:23:49Z,,2745.92,2745.92,5,NONE,paid
309576,1966,2025-08-02T16:50:14Z,,2992.55,2992.55,5,RAMADAN-BUNDLE,pending_hold
309583,1970,2025-08-22T09:06:56Z,,2308.74,,6,NONE,canceled
309591,1981,2025/08/07 09:39,,7132.01,7132.01,13,,canceled
309593,1982,2025-08-25T11:49:01Z,,1552.26,,5,LUX-R6,paid
309595,1989,2025-08-26T15:36:02Z,,517.57,,2,,pending_hold
309600,1992,2025-08-10T11:10:35Z,,3505.51,,7,RAMADAN-BUNDLE,paid
309602,1993,2025-08-12T09:34:49Z,,2104.66,2104.66,6,NONE,pending_hold
309603,1994,2025/08/11 15:31,,2622.04,2622.04,7,WINTER-FLYER,paid
309619,2015,2025-08-23T10:28:32Z,,4355.02,4355.02,9,,pending_hold
309620,2017,2025-08-07T09:11:49Z,,1989.56,,5,WINTER-FLYER,paid
309624,2018,2025-08-14T06:13:20Z,,2143.95,2143.95,4,LUX-R6,paid
309625,2023,2025-08-09T13:39:39Z,,839.72,,5,WINTER-FLYER,paid
309626,2024,2025-08-24T08:09:28Z,,3294.14,3294.14,5,,paid
309627,2029,2025-08-13T08:21:55Z,,3743.51,3743.51,6,NONE,paid
309629,2031,2025-08-20T12:58:31Z,,5847.34,5847.34,6,WINTER-FLYER,canceled
309633,2037,2025-08-09T09:37:13Z,,4876.07,,7,NONE,canceled
309634,2042,2025-08-11T07:14:18Z,,679.05,679.05,2,,paid
309637,2043,2025-08-07T14:21:22Z,,3752.55,,6,LUX-R6,paid
309640,2043,2025/08/04 18:51,,851.62,,3,LUX-R6,paid
309641,2046,2025-08-01T17:56:14Z,,3317.95,3317.95,8,,paid
309643,2048,2025-08-26T11:56:12Z,,719.4,719.40,3,NONE,shipped
309646,2050,2025-08-23T13:09:47Z,,4248.46,4248.46,10,,shipped
309650,2053,2025-08-15T06:08:51Z,,1874.23,1874.23,7,NONE,shipped
309652,2055,2025-08-10T10:18:18Z,,3810.13,,7,NONE,paid
309654,2055,2025-08-09T12:40:13Z,,6018.43,6018.43,8,RAMADAN-BUNDLE,paid
309657,2061,2025-08-06T09:23:15Z,,1762.56,,6,NONE,paid
309662,2068,2025-08-28T08:54:11Z,,6449.0,6449.00,12,RAMADAN-BUNDLE,canceled
309667,2078,2025-08-25T08:13:34Z,,1408.65,1408.65,3,RAMADAN-BUNDLE,paid
309669,2088,2025-08-14T12:18:23Z,,5265.56,5265.56,5,NONE,paid
309672,2089,2025-08-02T10:04:12Z,,2429.71,2429.71,4,LUX-R6,paid
309673,2090,2025-08-04T11:54:29Z,,2868.52,,7,NONE,paid
309677,2091,2025-08-11T15:55:44Z,,1954.83,1954.83,4,LUX-R6,pending_hold
309680,2092,2025-08-22T13:59:08Z,,4178.7,,10,WINTER-FLYER,canceled
309686,2104,2025-08-10T12:26:26Z,,2889.76,,5,NONE,pending_hold
309691,2107,2025-08-24T12:48:57Z,,3940.65,3940.65,6,NONE,shipped
309696,2118,2025-08-11T09:49:23Z,,3432.85,3432.85,9,NONE,paid
309702,2123,2025-08-07T08:13:30Z,,5115.45,,6,RAMADAN-BUNDLE,paid
309703,2123,2025-08-28T09:31:13Z,,2796.98,,6,NONE,shipped
309708,2132,2025-08-12T06:29:51Z,,7192.86,,7,RAMADAN-BUNDLE,pending_hold
309711,2135,2025-08-06T08:58:18Z,,3577.07,,8,RAMADAN-BUNDLE,paid
309712,2137,2025/08/06 11:06,,2954.3,,5,,paid
309713,2137,2025-08-23T12:50:47Z,,1568.85,1568.85,5,NONE,paid
309716,2147,2025-08-08T06:52:40Z,,2432.62,2432.62,8,,shipped
309717,2148,2025/08/10 13:31,,6119.6,,7,RAMADAN-BUNDLE,paid
309722,2154,2025-08-13T14:36:04Z,,2491.49,,8,LUX-R6,pending_hold
309723,2157,2025-08-21T12:13:11Z,,6481.49,,9,NONE,paid
309725,2160,2025-08-24T15:11:31Z,,9428.86,9428.86,11,NONE,shipped
309730,2167,2025-08-01T07:23:01Z,,1137.37,,7,RAMADAN-BUNDLE,shipped
309731,2168,2025-08-13T06:36:58Z,,5347.31,5347.31,11,NONE,canceled
309733,2170,2025/08/13 08:03,,5888.67,5888.67,12,NONE,paid
309736,2174,2025-08-16T06:07:50Z,,8251.54,8251.54,10,,paid
309737,2174,2025/08/09 08:01,,4599.89,4599.89,7,NONE,paid
309738,2180,2025-08-07T13:25:58Z,,4107.43,,8,,paid
309739,2182,2025-08-21T14:15:31Z,,3667.36,3667.36,9,NONE,canceled
309740,2182,2025-08-14T14:19:08Z,,3623.68,3623.68,6,WINTER-FLYER,paid
309743,2184,2025-08-01T09:05:21Z,,1956.02,,5,NONE,paid
309744,2185,2025-08-04T18:42:37Z,,6517.33,6517.33,10,,paid
309748,2189,2025-08-24T09:49:43Z,,3678.89,3678.89,4,,paid
309755,2196,2025-08-21T13:47:35Z,,6374.08,,8,,canceled
309756,2196,2025-08-23T09:21:28Z,,5476.59,,14,LUX-R6,paid
309760,2200,2025-08-04T07:56:38Z,,10441.53,,9,NONE,paid
309761,2200,2025-08-15T08:23:00Z,,3292.53,,7,RAMADAN-BUNDLE,paid
309763,2202,2025-08-27T10:54:14Z,,2382.43,2382.43,9,,pending_hold
309766,2207,2025-08-01T12:26:09Z,,3469.47,,12,NONE,shipped
309767,2209,2025-08-07T13:24:48Z,,2708.46,,5,WINTER-FLYER,canceled
309768,2209,2025-08-23T10:59:34Z,,572.91,572.91,6,NONE,canceled
309771,2214,2025-08-03T12:20:06Z,,3269.01,,7,,pending_hold
309774,2215,2025-08-08T10:58:06Z,,2905.47,2905.47,7,RAMADAN-BUNDLE,pending_hold
309775,2216,2025-08-15T08:31:52Z,,4731.22,,8,NONE,pending_hold
309780,2222,2025-08-23T10:10:27Z,,6658.51,6658.51,14,RAMADAN-BUNDLE,shipped
309791,2239,2025-08-28T06:38:52Z,,1518.66,,5,RAMADAN-BUNDLE,paid
309792,2240,2025-08-11T11:30:07Z,,3830.12,3830.12,5,NONE,canceled
309796,2246,2025-08-27T07:33:35Z,,2826.69,,7,RAMADAN-BUNDLE,paid
309798,2250,2025-08-02T06:16:10Z,,7297.5,,14,NONE,canceled
309802,2253,2025-08-06T06:49:15Z,,2569.7,,4,NONE,paid
309803,2254,2025-08-15T12:43:17Z,,923.83,,4,NONE,paid
309804,2256,2025-08-09T06:30:42Z,,2991.59,,4,NONE,paid
309806,2259,2025-08-10T12:30:19Z,,5509.83,5509.83,8,RAMADAN-BUNDLE,paid
309813,2269,2025-08-28T08:52:40Z,,4888.08,4888.08,9,NONE,shipped
309814,2269,2025/08/23 11:29,,4687.12,4687.12,4,WINTER-FLYER,paid
309815,2269,2025-08-17T09:57:47Z,,3244.09,,6,,shipped
309827,2292,2025-08-19T11:07:09Z,,2767.27,2767.27,4,LUX-R6,paid
309830,2294,2025-08-11T10:29:48Z,,7115.29,7115.29,3,NONE,paid
309831,2294,2025-08-02T07:21:45Z,,5012.29,,9,RAMADAN-BUNDLE,shipped
309834,2299,2025-08-22T08:15:09Z,,1847.6,,6,NONE,paid
309844,2320,2025-08-03T12:17:50Z,,3250.89,3250.89,9,WINTER-FLYER,paid
309853,2326,2025-08-13T14:29:32Z,,1272.48,,5,NONE,canceled
309865,2343,2025-08-17T16:58:36Z,,2500.78,2500.78,5,RAMADAN-BUNDLE,paid
309870,2352,2025-08-27T08:50:30Z,,3084.61,,4,RAMADAN-BUNDLE,pending_hold
309878,2359,2025-08-28T06:19:10Z,,2371.96,,9,LUX-R6,pending_hold
309883,2368,2025-08-21T11:07:04Z,,2254.58,,8,WINTER-FLYER,canceled
309884,2369,2025-08-17T14:23:03Z,,2951.0,2951.00,6,RAMADAN-BUNDLE,paid
309885,2369,2025-08-22T08:48:55Z,,2942.88,2942.88,6,NONE,paid
309888,2372,2025-08-01T16:10:18Z,,1870.01,1870.01,5,,paid
309890,2375,2025-08-05T06:17:01Z,,1862.66,,9,NONE,paid
309891,2375,2025-08-22T10:50:05Z,,1767.71,,3,RAMADAN-BUNDLE,paid
309900,2389,2025-08-02T12:13:22Z,,1986.55,,4,WINTER-FLYER,paid
309902,2390,2025-08-24T12:38:12Z,,3846.83,,7,RAMADAN-BUNDLE,shipped
309903,2392,2025-08-26T08:59:45Z,,6214.44,,11,LUX-R6,paid
309907,2401,2025-08-27T07:37:12Z,,5211.54,5211.54,10,LUX-R6,paid
309917,2411,2025-08-20T08:52:42Z,,2953.21,,6,LUX-R6,shipped
309925,2419,2025-08-02T12:37:22Z,,4396.26,,9,NONE,canceled
309929,2426,2025-08-01T08:01:13Z,,3817.22,3817.22,8,WINTER-FLYER,pending_hold
309935,2430,2025-08-18T09:47:14Z,,3522.04,,10,NONE,canceled
309937,2430,2025-08-17T07:35:27Z,,5246.04,,11,WINTER-FLYER,pending_hold
309940,2435,2025-08-14T13:53:06Z,,2105.51,2105.51,5,WINTER-FLYER,paid
309943,2437,2025-08-13T06:33:52Z,,7934.23,,12,WINTER-FLYER,pending_hold
309949,2447,2025-08-05T10:38:13Z,,4325.57,4325.57,9,NONE,canceled
309953,2457,2025-08-09T12:59:49Z,,4927.68,4927.68,11,WINTER-FLYER,pending_hold
309956,2461,2025-08-17T10:25:08Z,,2083.7,,5,LUX-R6,paid
309961,2467,2025-08-05T09:05:49Z,,816.39,816.39,5,NONE,shipped
309963,2470,2025-08-22T06:58:12Z,,2248.13,,5,NONE,shipped
309965,2474,2025-08-09T06:14:34Z,,4549.19,4549.19,9,LUX-R6,canceled
309966,2475,2025-08-26T10:38:53Z,,6013.73,6013.73,6,NONE,shipped
309969,2481,2025-08-07T09:27:26Z,,2393.86,,6,NONE,canceled
309970,2482,2025-08-27T06:33:32Z,,4559.79,4559.79,8,WINTER-FLYER,paid
309978,2490,2025/08/18 10:08,,3451.35,,13,RAMADAN-BUNDLE,shipped
309980,2494,2025-08-01T07:58:14Z,,1871.95,,4,LUX-R6,paid
309982,2497,2025-08-24T08:17:17Z,,1826.39,1826.39,7,RAMADAN-BUNDLE,paid
309987,2498,2025-08-04T09:29:14Z,,2649.49,2649.49,4,NONE,paid
309988,2503,2025-08-25T11:28:48Z,,3654.1,,5,,paid
309994,2508,2025-08-03T09:47:06Z,,4713.86,4713.86,8,WINTER-FLYER,shipped
309997,2517,2025-08-19T06:55:25Z,,399.19,399.19,2,NONE,canceled
309998,2518,2025-08-15T17:07:06Z,,2314.79,2314.79,7,,paid
310001,2528,2025/08/10 09:14,,2480.66,2480.66,7,NONE,paid
310008,2537,2025-08-08T15:33:34Z,,5138.31,,10,WINTER-FLYER,pending_hold
310009,2537,2025-08-06T17:39:22Z,,2295.34,,5,NONE,pending_hold
310010,2540,2025-08-21T13:55:18Z,,3362.72,,10,RAMADAN-BUNDLE,canceled
310013,2544,2025-08-18T11:06:14Z,,6672.68,,14,NONE,pending_hold
310015,2546,2025-08-28T17:09:54Z,,2915.25,,5,,paid
310017,2549,2025-08-04T10:33:28Z,,4612.13,4612.13,9,WINTER-FLYER,canceled
310030,2567,2025-08-03T08:48:48Z,,3560.74,,9,LUX-R6,canceled
310033,2571,2025-08-28T08:50:55Z,,2292.51,2292.51,6,RAMADAN-BUNDLE,shipped
310035,2574,2025-08-12T12:25:51Z,,3250.37,,7,NONE,paid
310040,2579,2025-08-26T09:03:29Z,,1935.16,,6,NONE,paid
310041,2579,2025-08-02T08:57:20Z,,2909.07,2909.07,4,LUX-R6,shipped
310050,2590,2025-08-04T10:27:59Z,,1195.85,,4,NONE,paid
310054,2594,2025-08-10T06:05:42Z,,3056.73,,5,NONE,shipped
310057,2597,2025-08-08T08:16:29Z,,5485.23,,9,NONE,paid
310059,2599,2025-08-08T06:43:11Z,,1355.66,,4,NONE,paid
310060,2599,2025-08-19T12:27:32Z,,4336.6,,3,NONE,canceled
310062,2601,2025-08-27T08:57:13Z,,2215.24,,11,LUX-R6,paid
310074,2616,2025-08-19T10:25:17Z,,3938.63,3938.63,6,LUX-R6,paid
310075,2616,2025-08-15T11:43:45Z,,8657.36,,9,RAMADAN-BUNDLE,pending_hold
310080,2625,2025-08-16T08:51:06Z,,8151.05,,12,LUX-R6,paid
310081,2626,2025-08-13T06:59:41Z,,2502.05,2502.05,3,NONE,canceled
310083,2628,2025-08-10T13:05:35Z,,2576.79,2576.79,7,NONE,canceled
310088,2637,2025-08-09T11:20:38Z,,2829.12,,3,,shipped
310092,2645,2025-08-03T12:50:48Z,,7133.85,,13,NONE,pending_hold
310096,2650,2025-08-18T12:57:43Z,,2958.25,,6,NONE,pending_hold
310098,2651,2025-08-13T14:32:54Z,,4364.33,,3,NONE,paid
310099,2652,2025-08-22T08:39:05Z,,3681.72,,8,,paid
310101,2656,2025-08-14T09:09:17Z,,2129.84,2129.84,7,NONE,paid
310103,2656,2025-08-27T12:12:29Z,,6364.41,6364.41,15,,shipped
310104,2656,2025-08-17T10:02:16Z,,2482.84,,8,RAMADAN-BUNDLE,paid
310106,2663,2025-08-21T09:35:45Z,,3172.38,,8,NONE,shipped
310111,2668,2025-08-17T16:20:57Z,,879.94,,4,LUX-R6,paid
310113,2672,2025-08-21T11:45:59Z,,6310.32,6310.32,11,NONE,paid
310117,2677,2025-08-02T10:05:39Z,,4141.79,,8,NONE,paid
310118,2678,2025-08-06T08:45:45Z,,4751.84,4751.84,6,,pending_hold
310119,2678,2025-08-15T12:45:00Z,,1526.69,,5,RAMADAN-BUNDLE,pending_hold
310121,2682,2025-08-02T10:39:16Z,,1523.38,1523.38,3,NONE,shipped
310122,2683,2025-08-10T20:04:46Z,,3071.83,3071.83,7,LUX-R6,paid
310126,2690,2025-08-23T11:02:20Z,,2543.34,,6,NONE,paid
310135,2699,2025-08-19T15:13:55Z,,3620.1,3620.10,10,WINTER-FLYER,pending_hold
310136,2699,2025-08-10T14:07:13Z,,3089.25,3089.25,4,LUX-R6,pending_hold
310138,2701,2025-08-17T14:39:29Z,,7658.24,,11,WINTER-FLYER,shipped
310139,2701,2025-08-19T14:33:34Z,,2803.79,2803.79,3,RAMADAN-BUNDLE,pending_hold
310143,2709,2025/08/18 13:51,,3891.49,,9,NONE,paid
310146,2715,2025-08-18T07:59:45Z,,1998.73,,3,LUX-R6,paid
310147,2715,2025-08-24T17:27:25Z,,2476.32,2476.32,6,,paid
310150,2720,2025-08-07T07:49:38Z,,5127.81,5127.81,8,,canceled
310159,2729,2025-08-08T07:57:12Z,,1265.82,,5,LUX-R6,shipped
310169,2743,2025-08-03T11:49:10Z,,4883.25,,7,NONE,shipped
310171,2747,2025-08-22T06:44:23Z,,3036.88,3036.88,5,LUX-R6,pending_hold
310175,2757,2025-08-07T06:25:11Z,,3189.43,3189.43,6,NONE,paid
310176,2758,2025/08/26 14:01,,3972.2,,5,WINTER-FLYER,pending_hold
310185,2770,2025/08/23 13:55,,4624.28,4624.28,5,NONE,paid
310188,2782,2025-08-04T13:33:04Z,,1367.35,,4,WINTER-FLYER,pending_hold
310190,2784,2025-08-23T09:07:02Z,,2987.57,2987.57,6,NONE,paid
310191,2784,2025-08-17T15:54:01Z,,2756.23,,8,NONE,paid
310192,2785,2025-08-12T13:50:41Z,,1432.21,,3,,shipped
310194,2787,2025-08-22T16:10:42Z,,2749.04,,6,,canceled
310200,2795,2025-08-19T16:37:20Z,,1207.96,,3,LUX-R6,canceled
310203,2795,2025-08-13T06:10:42Z,,1685.59,,5,LUX-R6,paid
310210,2808,2025-08-08T10:48:27Z,,2409.38,2409.38,4,NONE,pending_hold
310212,2809,2025-08-17T08:23:13Z,,5135.56,5135.56,7,LUX-R6,canceled
310213,2810,2025-08-11T12:48:34Z,,4283.79,4283.79,10,WINTER-FLYER,canceled
310216,2816,2025-08-21T06:53:45Z,,5678.21,,9,RAMADAN-BUNDLE,pending_hold
310217,2816,2025-08-27T09:10:43Z,,2618.65,,6,NONE,paid
310219,1000,2025-09-25T14:17:14Z,,3549.76,,7,RAMADAN-BUNDLE,paid
310222,1004,2025-09-24T11:00:24Z,,4466.65,4466.65,11,WINTER-FLYER,paid
310225,1004,2025-09-21T14:36:48Z,,7771.56,,12,NONE,canceled
310227,1014,2025-09-08T12:08:17Z,,1921.15,1921.15,2,RAMADAN-BUNDLE,paid
310229,1014,2025-09-04T14:41:01Z,,3120.55,3120.55,9,WINTER-FLYER,canceled
310230,1015,2025-09-20T06:51:45Z,,4397.67,4397.67,10,RAMADAN-BUNDLE,pending_hold
310238,1026,2025-09-06T12:07:21Z,,2609.49,,3,RAMADAN-BUNDLE,canceled
310239,1027,2025-09-21T06:12:07Z,,7247.93,7247.93,10,NONE,pending_hold
310242,1030,2025-09-10T06:07:14Z,,5583.14,5583.14,14,NONE,paid
310243,1031,2025-09-03T07:55:08Z,,1225.48,1225.48,4,NONE,pending_hold
310244,1031,2025-09-04T07:01:52Z,,6694.26,,10,WINTER-FLYER,paid
310245,1033,2025-09-02T08:27:09Z,,3660.61,,9,LUX-R6,paid
310247,1034,2025-09-22T13:40:38Z,,2142.73,,3,RAMADAN-BUNDLE,paid
310248,1037,2025-09-07T10:29:19Z,,3964.59,,11,NONE,canceled
310256,1045,2025-09-03T10:54:42Z,,9595.62,9595.62,13,LUX-R6,paid
310257,1047,2025/09/15 11:31,,2651.36,,5,LUX-R6,paid
310258,1047,2025-09-28T08:59:13Z,,2716.53,,5,WINTER-FLYER,canceled
310259,1047,2025-09-17T06:05:16Z,,3514.52,3514.52,6,NONE,pending_hold
310262,1051,2025-09-15T14:26:00Z,,1745.3,1745.30,5,LUX-R6,paid
310265,1054,2025-09-15T12:36:15Z,,2270.59,2270.59,6,NONE,shipped
310266,1055,2025-09-18T11:16:00Z,,4099.56,4099.56,6,RAMADAN-BUNDLE,canceled
310269,1060,2025-09-27T11:25:07Z,,1647.29,1647.29,4,LUX-R6,paid
310270,1060,2025-09-12T09:07:07Z,,2476.36,,6,RAMADAN-BUNDLE,paid
310274,1061,2025/09/20 17:17,,4424.02,4424.02,15,LUX-R6,canceled
310283,1068,2025-09-22T14:03:10Z,,2006.46,2006.46,6,NONE,paid
310295,1076,2025-09-04T09:52:08Z,,5365.58,,8,NONE,pending_hold
310297,1079,2025-09-09T06:59:29Z,,595.44,595.44,4,WINTER-FLYER,paid
310298,1080,2025-09-25T10:47:41Z,,5198.49,5198.49,10,LUX-R6,shipped
310300,1081,2025-09-14T12:56:10Z,,4055.51,,12,LUX-R6,canceled
310302,1083,2025-09-19T09:16:52Z,,3966.7,3966.70,7,NONE,pending_hold
310303,1083,2025-09-05T15:06:58Z,,3531.45,,7,LUX-R6,shipped
310305,1086,2025-09-02T10:26:43Z,,2769.27,,7,WINTER-FLYER,shipped
310308,1091,2025-09-16T13:25:23Z,,3474.51,,7,LUX-R6,shipped
310317,1098,2025-09-03T15:15:27Z,,5731.72,5731.72,5,NONE,paid
310319,1103,2025-09-17T08:31:36Z,,1216.5,1216.50,4,LUX-R6,shipped
310326,1109,2025-09-01T06:06:54Z,,6698.0,6698.00,7,WINTER-FLYER,paid
310330,1111,2025-09-07T13:47:55Z,,872.58,,2,RAMADAN-BUNDLE,paid
310336,1123,2025-09-11T10:33:57Z,,6987.33,6987.33,10,,canceled
310339,1129,2025-09-28T13:24:37Z,,1759.87,1759.87,4,WINTER-FLYER,canceled
310343,1139,2025-09-26T14:32:16Z,,1662.94,,4,NONE,paid
310346,1143,2025-09-08T11:38:58Z,,5069.73,,12,LUX-R6,shipped
310348,1144,2025-09-27T11:34:51Z,,2336.95,2336.95,6,LUX-R6,canceled
310350,1148,2025-09-28T08:34:39Z,,1813.19,1813.19,5,LUX-R6,pending_hold
310360,1156,2025-09-06T08:10:20Z,,2692.33,,3,,canceled
310361,1159,2025-09-07T13:47:26Z,,737.05,,8,RAMADAN-BUNDLE,canceled
310365,1163,2025-09-11T08:05:10Z,,5149.55,,8,RAMADAN-BUNDLE,shipped
310366,1164,2025-09-17T13:41:52Z,,5159.07,5159.07,8,WINTER-FLYER,pending_hold
310369,1164,2025-09-08T08:56:14Z,,2381.45,2381.45,4,,paid
310373,1166,2025-09-11T06:45:25Z,,3255.86,,7,NONE,pending_hold
310383,1176,2025-09-04T10:43:07Z,,3661.43,,10,NONE,canceled
310384,1179,2025-09-25T06:18:31Z,,2069.39,2069.39,6,NONE,paid
310389,1183,2025-09-16T12:49:54Z,,2164.08,,6,WINTER-FLYER,shipped
310396,1191,2025-09-15T07:59:09Z,,2330.83,,5,LUX-R6,paid
310410,1230,2025-09-17T09:22:55Z,,3267.22,3267.22,7,WINTER-FLYER,paid
310414,1230,2025-09-18T07:18:31Z,,3148.05,3148.05,5,LUX-R6,pending_hold
310421,1243,2025-09-22T12:17:49Z,,3304.75,,4,WINTER-FLYER,canceled
310422,1244,2025-09-04T07:16:21Z,,2673.97,2673.97,6,LUX-R6,paid
310423,1248,2025-09-17T09:07:17Z,,2386.63,,7,,paid
310425,1253,2025-09-08T12:23:27Z,,6899.48,,8,NONE,paid
310428,1262,2025-09-28T08:49:02Z,,6233.6,,14,NONE,paid
310429,1262,2025-09-28T08:12:35Z,,4399.0,,8,NONE,canceled
310431,1262,2025-09-19T07:18:21Z,,2976.41,,8,RAMADAN-BUNDLE,pending_hold
310433,1268,2025/09/26 10:22,,2634.57,,10,WINTER-FLYER,canceled
310437,1271,2025-09-24T10:52:27Z,,1493.88,1493.88,5,RAMADAN-BUNDLE,paid
310439,1276,2025-09-06T09:23:30Z,,1316.21,1316.21,3,,paid
310442,1279,2025-09-28T09:43:37Z,,1167.74,1167.74,4,WINTER-FLYER,pending_hold
310443,1279,2025-09-16T10:09:04Z,,6886.99,,10,WINTER-FLYER,shipped
310444,1279,2025-09-27T10:19:41Z,,3471.53,,8,NONE,shipped
310451,1288,2025-09-03T09:41:52Z,,2878.04,,12,NONE,shipped
310459,1297,2025-09-23T07:42:23Z,,1643.97,,7,RAMADAN-BUNDLE,pending_hold
310460,1297,2025-09-02T10:26:44Z,,2203.15,,3,RAMADAN-BUNDLE,paid
310463,1298,2025-09-02T10:27:30Z,,1425.41,,4,LUX-R6,shipped
310469,1308,2025-09-22T13:31:24Z,,391.25,,3,RAMADAN-BUNDLE,paid
310470,1308,2025-09-23T06:25:48Z,,1706.37,,4,,paid
310472,1309,2025/09/16 16:07,,4412.15,,9,LUX-R6,paid
310473,1309,2025-09-25T10:20:54Z,,1994.45,,4,WINTER-FLYER,paid
310485,1324,2025-09-21T11:19:45Z,,2028.25,2028.25,2,LUX-R6,canceled
310497,1336,2025-09-11T08:56:30Z,,4703.6,,6,LUX-R6,canceled
310500,1338,2025-09-12T15:03:51Z,,1971.71,,2,NONE,paid
310503,1341,2025-09-05T14:20:52Z,,3264.06,3264.06,6,WINTER-FLYER,shipped
310506,1343,2025-09-21T12:43:55Z,,7323.56,7323.56,8,,paid
310510,1346,2025-09-19T09:51:37Z,,3756.63,,11,RAMADAN-BUNDLE,paid
310511,1347,2025-09-11T15:10:19Z,,5389.01,,10,WINTER-FLYER,paid
310513,1348,2025-09-22T12:34:19Z,,4288.5,4288.50,13,WINTER-FLYER,paid
310514,1351,2025-09-27T08:38:50Z,,3629.37,3629.37,10,,canceled
310515,1352,2025-09-17T11:02:38Z,,4736.21,4736.21,7,WINTER-FLYER,shipped
310519,1355,2025-09-05T06:53:43Z,,3374.86,,6,LUX-R6,shipped
310522,1360,2025-09-09T06:56:22Z,,4301.62,,6,WINTER-FLYER,pending_hold
310525,1366,2025/09/15 09:25,,6661.45,,12,,pending_hold
310526,1367,2025/09/05 15:12,,3514.97,3514.97,10,RAMADAN-BUNDLE,paid
310527,1368,2025-09-06T12:13:10Z,,2485.73,,4,RAMADAN-BUNDLE,paid
310533,1375,2025-09-24T11:05:21Z,,8057.74,8057.74,11,WINTER-FLYER,paid
310535,1377,2025-09-17T09:02:11Z,,4105.44,,7,WINTER-FLYER,canceled
310540,1382,2025-09-13T07:32:14Z,,7278.1,7278.10,9,NONE,paid
310543,1384,2025-09-15T07:35:41Z,,4268.5,,9,NONE,paid
310549,1388,2025-09-28T11:53:52Z,,8527.28,,9,NONE,paid
310551,1390,2025-09-09T15:37:20Z,,2193.94,2193.94,3,LUX-R6,paid
310560,1394,2025-09-04T14:46:38Z,,2616.65,2616.65,7,LUX-R6,paid
310571,1407,2025-09-18T10:31:51Z,,9007.6,9007.60,14,NONE,paid
310572,1409,2025-09-03T07:12:17Z,,3623.56,3623.56,5,RAMADAN-BUNDLE,pending_hold
310574,1413,2025-09-19T09:48:56Z,,5152.57,,11,RAMADAN-BUNDLE,paid
310575,1414,2025-09-01T09:27:09Z,,3698.32,,5,NONE,pending_hold
310583,1423,2025/09/18 14:36,,2020.11,,5,RAMADAN-BUNDLE,canceled
310590,1428,2025-09-26T12:32:44Z,,4109.51,,8,,pending_hold
310593,1433,2025-09-08T13:03:15Z,,3974.07,3974.07,9,RAMADAN-BUNDLE,shipped
310598,1437,2025-09-25T09:57:52Z,,6395.06,,15,WINTER-FLYER,paid
310604,1441,2025-09-26T08:43:22Z,,887.8,,4,WINTER-FLYER,shipped
310610,1443,2025-09-14T11:40:14Z,,3221.46,3221.46,6,NONE,pending_hold
310616,1456,2025-09-03T07:18:59Z,,4798.34,,8,RAMADAN-BUNDLE,canceled
310620,1458,2025-09-11T12:32:14Z,,2834.74,,7,LUX-R6,paid
310629,1472,2025-09-26T09:28:11Z,,2245.79,2245.79,5,RAMADAN-BUNDLE,paid
310630,1472,2025-09-08T08:07:50Z,,5886.55,5886.55,11,WINTER-FLYER,paid
310631,1473,2025/09/15 08:07,,2668.83,,3,NONE,paid
310635,1473,2025-09-26T11:07:29Z,,7959.73,,14,,paid
310639,1487,2025-09-06T09:20:55Z,,1675.3,,2,,pending_hold
310646,1496,2025-09-06T14:16:27Z,,7533.64,7533.64,6,WINTER-FLYER,pending_hold
310651,1501,2025-09-19T12:30:26Z,,4974.08,,15,NONE,pending_hold
310660,1509,2025-09-06T09:53:19Z,,1243.64,1243.64,3,NONE,shipped
310663,1510,2025-09-10T13:22:29Z,,2622.62,,6,NONE,pending_hold
310664,1511,2025-09-25T15:38:20Z,,4014.33,,11,RAMADAN-BUNDLE,paid
310666,1514,2025-09-02T10:39:44Z,,7909.77,7909.77,15,NONE,shipped
310667,1514,2025-09-10T06:48:04Z,,1905.7,,8,LUX-R6,shipped
310670,1516,2025-09-14T13:50:28Z,,2910.46,2910.46,10,RAMADAN-BUNDLE,paid
310672,1517,2025-09-22T06:58:38Z,,5126.08,5126.08,8,NONE,canceled
310676,1518,2025-09-23T07:13:41Z,,4861.71,,6,,shipped
310677,1519,2025-09-07T10:40:23Z,,3766.03,3766.03,4,NONE,pending_hold
310680,1521,2025-09-28T19:19:31Z,,2522.06,,7,LUX-R6,paid
310683,1524,2025-09-13T14:02:09Z,,5896.61,,11,WINTER-FLYER,shipped
310686,1529,2025-09-24T06:18:16Z,,3514.5,3514.50,7,RAMADAN-BUNDLE,paid
310687,1532,2025-09-21T09:43:09Z,,6866.64,6866.64,13,WINTER-FLYER,paid
310688,1535,2025-09-04T09:29:46Z,,1038.3,,5,LUX-R6,paid
310691,1541,2025-09-26T12:13:28Z,,2755.06,,8,LUX-R6,pending_hold
310692,1541,2025-09-19T11:33:08Z,,8086.27,,12,NONE,paid
310693,1541,2025-09-17T11:50:10Z,,925.28,,3,RAMADAN-BUNDLE,canceled
310696,1544,2025-09-18T11:13:53Z,,4303.85,4303.85,9,WINTER-FLYER,shipped
310697,1544,2025-09-18T09:29:55Z,,2008.76,,9,LUX-R6,shipped
310699,1545,2025-09-10T07:03:15Z,,278.43,278.43,3,,paid
310700,1547,2025-09-16T11:38:52Z,,3859.28,,11,RAMADAN-BUNDLE,paid
310701,1548,2025-09-04T06:01:04Z,,2893.36,,5,,paid
310704,1551,2025-09-22T06:21:14Z,,2873.68,,8,RAMADAN-BUNDLE,shipped
310708,1553,2025-09-21T08:53:20Z,,2124.93,2124.93,6,RAMADAN-BUNDLE,canceled
310709,1553,2025/09/17 12:46,,2472.45,2472.45,6,,paid
310714,1555,2025-09-01T15:00:54Z,,1850.56,,3,RAMADAN-BUNDLE,pending_hold
310717,1558,2025-09-25T11:21:58Z,,1989.74,,7,WINTER-FLYER,shipped
310718,1558,2025/09/01 08:00,,2412.41,2412.41,5,NONE,paid
310720,1562,2025-09-16T09:09:50Z,,2083.29,,2,,paid
310723,1564,2025-09-02T06:57:08Z,,2244.98,,4,WINTER-FLYER,pending_hold
310724,1565,2025-09-09T06:46:42Z,,698.54,,2,RAMADAN-BUNDLE,pending_hold
310727,1569,2025-09-06T08:25:33Z,,301.67,301.67,2,,pending_hold
310729,1573,2025-09-04T15:50:48Z,,2306.31,2306.31,4,WINTER-FLYER,paid
310730,1574,2025-09-19T09:15:03Z,,5970.1,,11,NONE,canceled
310731,1574,2025-09-01T06:41:41Z,,377.66,,3,NONE,canceled
310732,1574,2025-09-28T11:47:57Z,,2900.08,2900.08,7,RAMADAN-BUNDLE,shipped
310733,1576,2025/09/04 09:54,,2213.18,,8,WINTER-FLYER,paid
310735,1580,2025-09-22T15:17:43Z,,6033.66,,13,RAMADAN-BUNDLE,shipped
310739,1587,2025-09-07T13:27:59Z,,4416.72,,6,LUX-R6,paid
310741,1588,2025-09-06T06:19:14Z,,4712.61,4712.61,9,WINTER-FLYER,shipped
310742,1588,2025-09-01T09:35:27Z,,2702.54,,5,WINTER-FLYER,pending_hold
310743,1589,2025-09-12T06:25:36Z,,3013.97,3013.97,5,RAMADAN-BUNDLE,pending_hold
310744,1589,2025-09-06T16:15:40Z,,3055.99,3055.99,9,NONE,canceled
310747,1591,2025-09-20T12:28:42Z,,4895.45,4895.45,6,WINTER-FLYER,canceled
310755,1613,2025-09-22T11:40:24Z,,3043.09,3043.09,8,NONE,canceled
310757,1614,2025-09-06T06:49:04Z,,3136.48,,8,NONE,paid
310758,1615,2025-09-22T09:20:55Z,,5956.77,5956.77,6,WINTER-FLYER,paid
310759,1619,2025-09-19T06:10:49Z,,4748.73,,10,WINTER-FLYER,paid
310760,1619,2025-09-09T14:04:48Z,,3413.4,3413.40,9,RAMADAN-BUNDLE,shipped
310762,1620,2025-09-26T10:52:47Z,,3010.09,,13,WINTER-FLYER,canceled
310763,1620,2025-09-16T15:27:54Z,,2157.16,,6,RAMADAN-BUNDLE,pending_hold
310765,1622,2025-09-05T09:23:18Z,,7215.07,,8,NONE,paid
310766,1622,2025-09-21T08:41:21Z,,2524.46,2524.46,5,WINTER-FLYER,paid
310767,1622,2025-09-03T08:05:09Z,,3797.34,3797.34,6,,canceled
310768,1624,2025-09-05T10:07:20Z,,5476.27,5476.27,6,RAMADAN-BUNDLE,paid
310769,1625,2025-09-04T07:56:59Z,,4225.56,,8,RAMADAN-BUNDLE,pending_hold
310771,1629,2025-09-15T13:29:06Z,,1919.02,1919.02,6,,paid
310778,1637,2025-09-04T07:14:34Z,,2311.19,,7,RAMADAN-BUNDLE,shipped
310781,1639,2025-09-05T09:12:10Z,,952.12,,2,RAMADAN-BUNDLE,canceled
310782,1642,2025-09-14T12:34:09Z,,2371.33,,7,NONE,paid
310783,1642,2025-09-22T10:17:17Z,,2830.39,2830.39,8,RAMADAN-BUNDLE,paid
310784,1642,2025-09-13T06:05:39Z,,1754.16,,4,WINTER-FLYER,paid
310793,1649,2025-09-27T07:21:32Z,,2996.27,,9,NONE,paid
310798,1650,2025-09-23T14:50:48Z,,774.36,774.36,3,LUX-R6,pending_hold
310799,1651,2025-09-28T08:13:16Z,,2873.59,,5,WINTER-FLYER,paid
310801,1652,2025-09-02T13:47:44Z,,8501.72,,15,WINTER-FLYER,paid
310805,1654,2025-09-06T12:10:06Z,,3671.14,,6,,pending_hold
310808,1658,2025-09-10T06:37:26Z,,5071.03,,8,WINTER-FLYER,paid
310810,1661,2025-09-02T07:16:50Z,,5694.44,5694.44,13,NONE,canceled
310811,1662,2025-09-20T09:15:16Z,,9382.66,,11,NONE,paid
310813,1664,2025-09-26T14:11:59Z,,5186.38,5186.38,7,,pending_hold
310814,1666,2025-09-08T12:24:15Z,,1897.75,1897.75,4,WINTER-FLYER,paid
310820,1669,2025-09-02T10:15:22Z,,2491.38,,2,RAMADAN-BUNDLE,paid
310821,1670,2025-09-21T07:13:18Z,,4823.12,4823.12,10,LUX-R6,shipped
310825,1671,2025-09-17T08:21:53Z,,1519.44,,3,LUX-R6,paid
310830,1678,2025-09-06T07:33:48Z,,3602.12,3602.12,10,RAMADAN-BUNDLE,pending_hold
310835,1684,2025-09-02T16:04:31Z,,4159.6,,10,LUX-R6,shipped
310837,1685,2025-09-20T12:04:12Z,,6530.09,,9,RAMADAN-BUNDLE,canceled
310839,1686,2025-09-19T11:44:55Z,,1901.65,,5,,paid
310841,1692,2025-09-21T16:04:40Z,,4151.4,4151.40,5,RAMADAN-BUNDLE,pending_hold
310842,1696,2025-09-15T07:19:01Z,,3941.24,,7,LUX-R6,canceled
310843,1697,2025-09-19T06:14:25Z,,5904.74,,10,WINTER-FLYER,canceled
310844,1699,2025-09-08T06:05:54Z,,4405.5,4405.50,7,,paid
310845,1700,2025/09/02 12:13,,2635.41,,4,RAMADAN-BUNDLE,shipped
310849,1701,2025-09-21T06:31:24Z,,7324.85,,8,LUX-R6,pending_hold
310851,1705,2025-09-25T07:37:25Z,,4168.19,4168.19,8,NONE,paid
310861,1713,2025-09-02T08:45:03Z,,2908.21,,7,NONE,paid
310864,1714,2025-09-22T06:56:40Z,,6936.83,,11,,shipped
310865,1714,2025-09-12T10:37:11Z,,5091.58,,7,LUX-R6,paid
310866,1717,2025-09-04T06:07:56Z,,2230.01,2230.01,5,NONE,paid
310871,1725,2025-09-05T09:30:10Z,,5117.09,,9,WINTER-FLYER,pending_hold
310872,1725,2025-09-10T06:32:53Z,,3250.56,3250.56,6,NONE,canceled
310873,1725,2025-09-01T13:52:13Z,,1473.33,,3,NONE,paid
310874,1725,2025-09-06T10:54:17Z,,1219.87,1219.87,4,LUX-R6,shipped
310876,1731,2025-09-13T10:01:54Z,,2965.91,,8,RAMADAN-BUNDLE,paid
310877,1731,2025-09-17T15:21:26Z,,3030.05,,8,NONE,canceled
310881,1733,2025-09-17T20:30:54Z,,1089.36,1089.36,3,NONE,paid
310884,1740,2025-09-16T06:45:36Z,,3572.54,3572.54,10,WINTER-FLYER,shipped
310888,1743,2025-09-09T12:10:18Z,,6041.42,6041.42,6,WINTER-FLYER,shipped
310890,1748,2025-09-02T06:24:56Z,,2101.35,2101.35,2,,pending_hold
310892,1748,2025-09-15T07:09:26Z,,1166.99,,5,LUX-R6,pending_hold
310899,1756,2025-09-22T11:10:41Z,,1820.31,,4,,paid
310900,1757,2025-09-04T13:15:11Z,,2926.74,,4,NONE,paid
310906,1763,2025-09-25T12:50:50Z,,4494.89,,9,NONE,canceled
310920,1779,2025/09/07 09:33,,7340.86,7340.86,10,WINTER-FLYER,pending_hold
310924,1780,2025-09-17T10:24:56Z,,6112.85,,8,RAMADAN-BUNDLE,paid
310926,1784,2025/09/27 13:13,,4109.9,,6,LUX-R6,paid
310931,1785,2025-09-16T08:33:29Z,,3099.56,,4,NONE,paid
310932,1789,2025-09-06T06:55:34Z,,3215.51,,7,RAMADAN-BUNDLE,shipped
310936,1793,2025-09-03T12:00:58Z,,3745.36,3745.36,6,,paid
310940,1793,2025-09-19T11:48:31Z,,5347.45,5347.45,9,WINTER-FLYER,paid
310952,1807,2025-09-09T13:50:22Z,,2821.12,,9,NONE,canceled
310953,1810,2025-09-20T07:52:08Z,,2566.9,2566.90,8,LUX-R6,paid
310955,1810,2025-09-17T09:14:54Z,,2051.19,,5,LUX-R6,pending_hold
310958,1816,2025-09-20T12:22:22Z,,2087.13,,4,LUX-R6,paid
310959,1816,2025-09-20T08:53:31Z,,4408.88,,9,NONE,canceled
310960,1816,2025-09-09T13:43:23Z,,4594.6,,4,NONE,paid
310968,1819,2025-09-18T11:21:29Z,,4325.01,4325.01,5,NONE,canceled
310973,1821,2025-09-13T10:12:46Z,,3017.75,,8,LUX-R6,paid
310975,1823,2025-09-19T08:44:27Z,,3784.83,,11,RAMADAN-BUNDLE,canceled
310979,1832,2025/09/27 12:56,,1870.48,,4,NONE,paid
310984,1843,2025-09-11T12:35:41Z,,3960.92,3960.92,5,LUX-R6,canceled
310989,1849,2025-09-24T08:59:26Z,,5391.03,,6,,paid
310990,1849,2025-09-04T12:19:10Z,,1697.25,,5,NONE,paid
310994,1853,2025-09-11T09:45:56Z,,4848.34,,10,LUX-R6,paid
310995,1853,2025-09-11T11:10:52Z,,2288.98,2288.98,6,NONE,pending_hold
310996,1853,2025-09-25T13:45:31Z,,3250.65,3250.65,5,,paid
310999,1854,2025-09-27T06:14:13Z,,2667.6,,6,,paid
311000,1856,2025-09-22T10:19:15Z,,1121.46,,4,RAMADAN-BUNDLE,paid
311007,1870,2025-09-28T12:19:27Z,,1671.75,,5,WINTER-FLYER,pending_hold
311016,1881,2025-09-17T07:15:46Z,,7881.71,,9,,canceled
311019,1892,2025-09-12T09:04:45Z,,3502.82,,5,,paid
311021,1892,2025-09-25T08:07:58Z,,2205.77,2205.77,10,WINTER-FLYER,paid
311026,1897,2025/09/27 09:04,,1855.73,,5,WINTER-FLYER,pending_hold
311027,1897,2025-09-22T09:12:09Z,,408.5,408.50,3,NONE,pending_hold
311029,1904,2025-09-16T08:12:37Z,,2036.45,2036.45,5,NONE,pending_hold
311030,1904,2025-09-09T13:09:29Z,,2956.38,,8,NONE,canceled
311039,1918,2025/09/03 14:39,,7070.29,7070.29,11,LUX-R6,paid
311040,1918,2025-09-11T10:07:52Z,,6453.01,,12,LUX-R6,paid
311042,1922,2025-09-28T09:36:25Z,,7204.52,7204.52,11,LUX-R6,paid
311043,1922,2025-09-02T09:40:07Z,,1049.09,,2,RAMADAN-BUNDLE,paid
311047,1927,2025/09/11 15:52,,228.35,228.35,2,WINTER-FLYER,shipped
311051,1932,2025-09-14T11:53:34Z,,472.42,,3,RAMADAN-BUNDLE,paid
311055,1936,2025-09-05T13:32:20Z,,4605.5,4605.50,9,WINTER-FLYER,paid
311057,1938,2025-09-24T07:14:26Z,,4106.47,4106.47,8,NONE,paid
311067,1950,2025-09-11T12:53:39Z,,2796.42,,5,NONE,canceled
311070,1953,2025-09-05T12:41:38Z,,6923.23,,15,WINTER-FLYER,paid
311072,1956,2025-09-28T12:44:48Z,,5405.66,,8,,paid
311073,1960,2025-09-17T11:12:01Z,,3884.44,3884.44,8,LUX-R6,paid
311080,1968,2025-09-10T07:04:03Z,,6407.42,6407.42,5,NONE,paid
311081,1968,2025/09/07 09:44,,768.7,768.70,6,,paid
311083,1976,2025-09-04T11:34:26Z,,2611.12,2611.12,9,NONE,canceled
311087,1979,2025-09-27T06:42:37Z,,1754.11,1754.11,7,,pending_hold
311089,1981,2025-09-27T07:31:16Z,,890.15,890.15,3,NONE,canceled
311095,1988,2025-09-13T08:49:20Z,,1962.91,,6,LUX-R6,paid
311096,1989,2025-09-02T10:31:54Z,,770.98,770.98,4,NONE,canceled
311098,1989,2025/09/24 15:59,,2531.25,,7,WINTER-FLYER,paid
311099,1989,2025-09-06T09:27:22Z,,4144.42,,11,NONE,shipped
311103,1994,2025-09-05T11:28:02Z,,3016.88,,10,NONE,pending_hold
311104,1994,2025/09/23 09:47,,4027.17,,6,,paid
311106,1996,2025-09-27T06:52:16Z,,5004.02,5004.02,6,LUX-R6,canceled
311107,1996,2025-09-20T10:59:07Z,,3059.53,,7,RAMADAN-BUNDLE,canceled
311108,1999,2025/09/26 10:57,,2552.29,,6,WINTER-FLYER,pending_hold
311109,2000,2025-09-14T08:36:50Z,,3130.24,,6,NONE,paid
311113,2008,2025-09-20T12:21:25Z,,3383.8,,5,NONE,paid
311118,2012,2025/09/27 15:58,,7315.0,,9,NONE,paid
311119,2017,2025-09-26T11:15:34Z,,2594.12,2594.12,3,NONE,paid
311126,2028,2025-09-08T15:49:59Z,,1895.89,1895.89,9,LUX-R6,paid
311133,2038,2025-09-28T13:51:55Z,,900.96,,4,,paid
311134,2038,2025-09-05T09:00:04Z,,6880.57,6880.57,9,WINTER-FLYER,paid
311151,2061,2025-09-22T12:56:08Z,,2074.41,,3,RAMADAN-BUNDLE,paid
311160,2073,2025-09-23T08:10:40Z,,2497.74,2497.74,6,,paid
311163,2082,2025-09-14T09:36:38Z,,4641.43,,5,WINTER-FLYER,pending_hold
311167,2087,2025-09-05T09:06:59Z,,8273.61,8273.61,15,NONE,shipped
311170,2091,2025-09-08T07:27:59Z,,1103.09,,5,WINTER-FLYER,paid
311172,2094,2025-09-08T08:26:01Z,,2219.69,2219.69,6,WINTER-FLYER,pending_hold
311185,2116,2025-09-04T11:47:56Z,,8827.22,8827.22,15,WINTER-FLYER,paid
311186,2117,2025-09-18T06:58:36Z,,6899.75,6899.75,6,LUX-R6,canceled
311187,2118,2025-09-13T13:05:06Z,,3104.25,,8,NONE,paid
311190,2123,2025-09-22T08:45:02Z,,4926.9,,5,NONE,paid
311191,2123,2025-09-16T15:59:38Z,,4081.11,,8,,paid
311208,2136,2025-09-11T06:32:03Z,,886.11,886.11,4,,paid
311214,2144,2025-09-17T14:14:30Z,,1495.81,1495.81,5,RAMADAN-BUNDLE,pending_hold
311219,2152,2025-09-13T08:25:00Z,,2956.45,2956.45,7,WINTER-FLYER,shipped
311226,2162,2025-09-10T08:04:22Z,,3310.2,3310.20,6,,paid
311233,2172,2025-09-07T12:29:52Z,,4605.69,4605.69,7,LUX-R6,canceled
311234,2173,2025-09-14T18:35:34Z,,1953.94,,5,LUX-R6,paid
311235,2173,2025-09-28T06:38:03Z,,7656.24,7656.24,15,NONE,pending_hold
311236,2173,2025-09-27T12:55:30Z,,1629.6,,3,NONE,paid
311239,2174,2025-09-26T08:41:14Z,,2141.62,,6,WINTER-FLYER,pending_hold
311243,2181,2025-09-09T10:40:26Z,,4594.64,,7,RAMADAN-BUNDLE,paid
311247,2183,2025-09-15T13:42:32Z,,8714.9,,11,NONE,canceled
311248,2183,2025-09-23T08:16:20Z,,1292.69,,6,LUX-R6,paid
311249,2184,2025-09-08T09:13:50Z,,3272.49,,4,RAMADAN-BUNDLE,paid
311251,2185,2025-09-11T16:41:55Z,,1221.07,,5,RAMADAN-BUNDLE,paid
311252,2186,2025/09/02 17:08,,1079.19,1079.19,5,NONE,canceled
311270,2205,2025-09-02T07:54:23Z,,2579.15,2579.15,4,NONE,canceled
311273,2209,2025-09-04T06:51:32Z,,4990.82,,7,NONE,paid
311280,2215,2025-09-08T11:48:33Z,,7093.01,7093.01,15,NONE,canceled
311281,2217,2025-09-18T11:35:41Z,,6072.69,,15,NONE,paid
311287,2226,2025-09-16T10:32:38Z,,8542.39,,9,NONE,paid
311289,2229,2025-09-19T15:39:56Z,,5205.03,5205.03,10,,shipped
311290,2229,2025/09/21 10:37,,1655.16,,4,LUX-R6,paid
311293,2230,2025-09-15T11:17:34Z,,1631.56,1631.56,3,WINTER-FLYER,paid
311297,2234,2025-09-05T13:03:03Z,,3070.04,,5,NONE,paid
311298,2236,2025-09-25T13:44:53Z,,2192.78,,7,NONE,paid
311299,2236,2025-09-25T15:26:42Z,,2849.37,2849.37,3,WINTER-FLYER,canceled
311300,2237,2025-09-12T09:35:08Z,,3772.21,,7,WINTER-FLYER,paid
311301,2237,2025-09-08T09:43:59Z,,3368.78,,10,LUX-R6,pending_hold
311302,2239,2025-09-26T10:07:05Z,,4607.29,,7,NONE,canceled
311305,2242,2025-09-26T06:40:32Z,,4624.29,4624.29,6,,paid
311308,2251,2025-09-15T10:53:34Z,,4389.8,,5,,shipped
311309,2253,2025-09-05T11:24:56Z,,2373.57,2373.57,5,,canceled
311311,2254,2025-09-23T08:36:17Z,,2859.7,2859.70,4,RAMADAN-BUNDLE,pending_hold
311312,2255,2025-09-17T06:55:31Z,,2649.47,,9,,shipped
311313,2255,2025-09-24T14:06:29Z,,2268.38,,5,NONE,paid
311315,2257,2025-09-24T11:11:59Z,,2520.2,2520.20,8,,canceled
311323,2263,2025-09-27T13:16:59Z,,3717.33,3717.33,8,LUX-R6,paid
311328,2264,2025/09/10 09:55,,3283.18,3283.18,9,RAMADAN-BUNDLE,pending_hold
311335,2272,2025-09-27T09:16:35Z,,2661.28,2661.28,3,NONE,pending_hold
311339,2275,2025-09-25T16:33:27Z,,4120.13,4120.13,8,WINTER-FLYER,shipped
311345,2279,2025-09-28T13:37:48Z,,1921.83,,3,,paid
311346,2279,2025-09-13T08:48:30Z,,1726.89,,3,LUX-R6,paid
311350,2284,2025-09-22T09:04:15Z,,7389.56,7389.56,14,,paid
311352,2286,2025/09/06 12:30,,2422.98,,7,NONE,pending_hold
311357,2294,2025-09-09T06:51:18Z,,3464.48,3464.48,8,,canceled
311361,2303,2025-09-01T18:05:51Z,,689.75,,4,WINTER-FLYER,canceled
311364,2313,2025-09-26T08:55:56Z,,4557.41,,10,NONE,shipped
311365,2316,2025-09-07T17:31:43Z,,2345.11,2345.11,6,LUX-R6,pending_hold
311366,2319,2025-09-13T13:44:42Z,,2930.98,2930.98,4,,canceled
311367,2321,2025/09/17 14:48,,5266.87,,14,RAMADAN-BUNDLE,paid
311368,2322,2025-09-04T14:13:47Z,,3023.44,,9,RAMADAN-BUNDLE,pending_hold
311373,2326,2025-09-20T10:30:56Z,,4549.22,,7,WINTER-FLYER,paid
311380,2332,2025-09-18T09:03:12Z,,2335.66,2335.66,5,RAMADAN-BUNDLE,paid
311384,2335,2025-09-28T11:50:25Z,,6840.74,6840.74,6,WINTER-FLYER,paid
311387,2338,2025-09-02T08:04:55Z,,7147.13,7147.13,12,LUX-R6,paid
311388,2339,2025-09-23T12:11:55Z,,4473.75,4473.75,8,NONE,pending_hold
311390,2339,2025-09-03T08:41:16Z,,5531.08,5531.08,9,,paid
311394,2349,2025-09-25T11:37:42Z,,411.06,,5,RAMADAN-BUNDLE,shipped
311397,2349,2025-09-15T14:46:46Z,,2807.5,2807.50,6,LUX-R6,canceled
311398,2350,2025-09-03T10:39:54Z,,1838.75,,5,WINTER-FLYER,canceled
311401,2354,2025-09-07T13:02:04Z,,10256.22,10256.22,15,LUX-R6,shipped
311402,2355,2025-09-13T13:21:03Z,,1818.54,1818.54,8,NONE,canceled
311404,2358,2025/09/15 13:34,,3287.99,3287.99,5,NONE,shipped
311407,2362,2025-09-28T11:45:49Z,,4714.93,4714.93,8,,shipped
311409,2364,2025-09-11T07:37:41Z,,1407.6,,4,RAMADAN-BUNDLE,canceled
311412,2369,2025-09-24T06:08:33Z,,979.34,979.34,2,RAMADAN-BUNDLE,pending_hold
311421,2380,2025-09-03T13:34:29Z,,3961.95,,11,LUX-R6,pending_hold
311423,2381,2025-09-12T09:56:03Z,,3077.15,,5,RAMADAN-BUNDLE,paid
311424,2381,2025-09-03T06:08:51Z,,5064.02,,7,WINTER-FLYER,canceled
311428,2385,2025-09-14T10:14:34Z,,2839.86,,5,NONE,shipped
311430,2386,2025-09-19T06:29:40Z,,6269.57,6269.57,9,,canceled
311434,2392,2025/09/07 08:49,,3336.74,,4,,canceled
311436,2393,2025-09-19T12:03:54Z,,2031.71,2031.71,6,LUX-R6,paid
311439,2394,2025-09-10T12:45:46Z,,2491.25,,6,,paid
311440,2394,2025-09-06T08:05:53Z,,7772.4,,12,RAMADAN-BUNDLE,paid
311443,2399,2025-09-21T11:18:27Z,,3338.45,3338.45,3,RAMADAN-BUNDLE,paid
311444,2399,2025-09-17T09:39:53Z,,803.96,803.96,3,WINTER-FLYER,paid
311453,2405,2025-09-28T08:38:36Z,,3818.74,,7,NONE,paid
311457,2409,2025-09-02T07:58:55Z,,2866.61,,4,NONE,paid
311460,2414,2025-09-13T08:10:27Z,,2854.57,,5,LUX-R6,paid
311464,2419,2025-09-09T12:40:14Z,,3246.32,,8,,shipped
311465,2420,2025-09-20T13:30:20Z,,915.35,915.35,3,,paid
311467,2421,2025-09-09T08:49:51Z,,2113.28,2113.28,6,WINTER-FLYER,paid
311468,2423,2025-09-08T11:59:43Z,,2143.91,,7,NONE,pending_hold
311469,2425,2025-09-24T14:49:15Z,,4299.96,4299.96,6,,canceled
311471,2430,2025-09-28T15:41:45Z,,8996.64,8996.64,15,WINTER-FLYER,pending_hold
311472,2431,2025-09-27T12:07:01Z,,940.66,940.66,2,WINTER-FLYER,canceled
311474,2437,2025-09-11T15:48:59Z,,1837.02,,6,NONE,paid
311476,2438,2025-09-03T16:41:36Z,,2693.51,2693.51,7,RAMADAN-BUNDLE,paid
311478,2441,2025-09-14T12:59:30Z,,1554.11,,7,RAMADAN-BUNDLE,paid
311481,2443,2025-09-02T06:54:02Z,,1769.41,1769.41,5,LUX-R6,canceled
311482,2443,2025-09-25T11:20:37Z,,4734.3,4734.30,7,NONE,pending_hold
311484,2447,2025-09-25T11:47:00Z,,1645.6,1645.60,4,LUX-R6,canceled
311488,2449,2025-09-24T10:07:46Z,,3586.28,3586.28,5,WINTER-FLYER,canceled
311489,2450,2025-09-15T11:37:41Z,,2534.43,2534.43,5,WINTER-FLYER,paid
311496,2460,2025-09-22T10:44:33Z,,5288.45,,7,NONE,paid
311502,2464,2025-09-20T10:01:28Z,,5574.17,5574.17,6,WINTER-FLYER,paid
311505,2467,2025-09-10T10:34:31Z,,10101.31,10101.31,14,NONE,pending_hold
311506,2468,2025-09-23T14:30:10Z,,1684.69,,5,RAMADAN-BUNDLE,shipped
311509,2469,2025-09-16T09:06:59Z,,2041.65,,5,RAMADAN-BUNDLE,shipped
311519,2480,2025-09-23T09:05:35Z,,4249.97,,13,NONE,paid
311522,2482,2025-09-11T12:38:41Z,,1821.5,1821.50,5,NONE,canceled
311523,2482,2025/09/13 14:05,,3231.74,,3,NONE,canceled
311524,2484,2025-09-07T09:00:42Z,,1476.68,1476.68,6,RAMADAN-BUNDLE,pending_hold
311532,2496,2025-09-14T08:44:54Z,,3249.5,3249.50,6,WINTER-FLYER,paid
311534,2498,2025-09-05T08:08:57Z,,857.35,857.35,4,LUX-R6,paid
311540,2505,2025-09-02T06:06:57Z,,7240.41,7240.41,13,WINTER-FLYER,paid
311541,2505,2025-09-18T11:23:03Z,,2433.19,2433.19,4,RAMADAN-BUNDLE,pending_hold
311547,2513,2025-09-04T06:30:22Z,,5098.34,,13,RAMADAN-BUNDLE,paid
311553,2519,2025-09-05T09:52:34Z,,4928.93,,8,,paid
311555,2520,2025-09-09T07:26:54Z,,2306.75,2306.75,4,RAMADAN-BUNDLE,paid
311559,2522,2025-09-25T10:05:20Z,,3894.18,3894.18,2,NONE,paid
311560,2523,2025-09-05T14:08:22Z,,2679.42,2679.42,5,LUX-R6,paid
311562,2524,2025-09-28T12:30:26Z,,3103.66,3103.66,2,LUX-R6,pending_hold
311563,2526,2025-09-13T14:11:28Z,,9347.01,9347.01,15,WINTER-FLYER,paid
311567,2535,2025-09-27T12:15:45Z,,2844.0,,4,NONE,pending_hold
311569,2537,2025-09-22T10:47:00Z,,1480.6,,4,LUX-R6,shipped
311583,2556,2025-09-25T10:37:47Z,,5923.49,5923.49,10,LUX-R6,paid
311584,2560,2025-09-17T09:00:26Z,,2878.78,,5,,canceled
311586,2560,2025-09-28T11:20:50Z,,3994.21,3994.21,7,RAMADAN-BUNDLE,paid
311589,2562,2025-09-19T08:16:44Z,,3401.44,3401.44,5,LUX-R6,canceled
311594,2565,2025-09-05T13:07:42Z,,5846.01,5846.01,12,NONE,paid
311600,2572,2025-09-15T14:54:57Z,,1978.67,,5,,shipped
311604,2578,2025-09-14T10:28:12Z,,5337.12,,6,LUX-R6,paid
311605,2579,2025-09-11T15:59:20Z,,5779.8,,8,LUX-R6,canceled
311607,2579,2025-09-19T06:31:46Z,,5941.62,,4,LUX-R6,paid
311611,2582,2025-09-01T13:47:53Z,,2912.35,,6,,paid
311615,2584,2025-09-27T13:42:07Z,,2554.73,,8,,pending_hold
311618,2588,2025-09-20T13:38:04Z,,2605.08,2605.08,8,WINTER-FLYER,canceled
311619,2589,2025-09-26T07:12:12Z,,2378.52,,6,NONE,canceled
311625,2594,2025/09/01 14:17,,2660.67,,4,NONE,paid
311637,2608,2025/09/21 12:50,,2599.04,,8,,paid
311641,2609,2025-09-25T08:32:45Z,,2460.94,2460.94,4,,pending_hold
311644,2611,2025-09-10T12:30:15Z,,1652.32,1652.32,6,NONE,pending_hold
311647,2615,2025-09-21T10:18:14Z,,6306.53,6306.53,9,,paid
311649,2617,2025-09-15T10:42:14Z,,4400.18,,4,,shipped
311651,2624,2025-09-25T06:36:51Z,,1393.85,1393.85,5,WINTER-FLYER,shipped
311654,2624,2025-09-25T09:11:17Z,,1954.54,1954.54,4,LUX-R6,shipped
311655,2625,2025-09-13T10:29:56Z,,7139.08,,12,RAMADAN-BUNDLE,pending_hold
311656,2625,2025-09-26T08:47:35Z,,2588.92,2588.92,8,WINTER-FLYER,canceled
311658,2626,2025-09-16T10:57:39Z,,3091.56,,6,RAMADAN-BUNDLE,paid
311659,2626,2025-09-11T11:25:48Z,,2767.03,,5,RAMADAN-BUNDLE,paid
311660,2626,2025-09-01T12:42:52Z,,1930.13,1930.13,3,WINTER-FLYER,pending_hold
311661,2627,2025/09/08 17:30,,2612.38,2612.38,10,,canceled
311662,2627,2025/09/05 18:04,,4609.53,,8,RAMADAN-BUNDLE,shipped
311664,2633,2025-09-23T11:46:17Z,,5187.32,,13,LUX-R6,shipped
311668,2648,2025-09-07T10:22:05Z,,3161.78,,6,NONE,paid
311669,2648,2025-09-16T15:01:33Z,,3175.66,3175.66,6,WINTER-FLYER,shipped
311670,2649,2025-09-07T16:34:39Z,,909.73,,5,RAMADAN-BUNDLE,pending_hold
311674,2654,2025-09-25T11:54:37Z,,3302.59,3302.59,7,NONE,paid
311683,2664,2025-09-01T08:51:21Z,,1869.56,,8,RAMADAN-BUNDLE,pending_hold
311686,2668,2025-09-04T10:48:51Z,,2071.09,2071.09,3,RAMADAN-BUNDLE,paid
311689,2669,2025-09-14T10:43:53Z,,5770.2,5770.20,11,RAMADAN-BUNDLE,paid
311690,2672,2025-09-24T08:06:21Z,,3331.79,,7,WINTER-FLYER,pending_hold
311694,2690,2025/09/28 15:06,,5023.5,5023.50,6,WINTER-FLYER,shipped
311697,2696,2025-09-06T10:24:11Z,,3809.47,,4,NONE,paid
311703,2699,2025-09-04T06:03:01Z,,3368.73,,10,NONE,paid
311705,2700,2025-09-13T13:01:07Z,,4106.35,4106.35,6,WINTER-FLYER,paid
311706,2702,2025-09-09T14:57:54Z,,7170.45,7170.45,12,LUX-R6,paid
311716,2714,2025-09-24T10:41:59Z,,3919.55,,7,NONE,canceled
311718,2715,2025-09-13T07:59:55Z,,3885.75,3885.75,10,NONE,paid
311726,2725,2025-09-21T08:49:06Z,,3003.16,3003.16,7,WINTER-FLYER,paid
311728,2726,2025-09-21T20:13:48Z,,2283.66,,3,NONE,paid
311734,2730,2025-09-23T14:40:49Z,,2169.01,2169.01,3,NONE,shipped
311738,2734,2025-09-13T08:49:01Z,,1625.86,,4,WINTER-FLYER,pending_hold
311741,2742,2025-09-10T17:43:45Z,,3315.03,3315.03,6,RAMADAN-BUNDLE,canceled
311746,2744,2025-09-03T12:21:20Z,,4578.74,4578.74,7,NONE,shipped
311750,2752,2025-09-27T12:07:51Z,,642.79,642.79,2,NONE,paid
311753,2758,2025-09-21T09:51:55Z,,3608.59,3608.59,7,RAMADAN-BUNDLE,canceled
311754,2758,2025-09-13T11:54:20Z,,2309.03,,5,,pending_hold
311757,2761,2025-09-02T11:18:50Z,,1059.99,,4,RAMADAN-BUNDLE,shipped
311759,2763,2025-09-18T09:30:01Z,,2295.96,,3,NONE,paid
311763,2769,2025-09-05T13:33:34Z,,3511.61,,6,NONE,paid
311764,2770,2025-09-17T06:21:48Z,,1186.81,1186.81,3,NONE,pending_hold
311776,2781,2025-09-14T13:32:51Z,,8051.84,,15,NONE,canceled
311778,2786,2025-09-06T09:21:05Z,,7549.31,,9,LUX-R6,canceled
311779,2787,2025/09/25 14:18,,5673.25,5673.25,7,WINTER-FLYER,paid
311794,2801,2025-09-18T11:06:57Z,,2139.63,,2,RAMADAN-BUNDLE,pending_hold
311797,2806,2025-09-02T08:49:35Z,,6207.8,,5,NONE,paid
311798,2807,2025-09-08T10:59:46Z,,1791.02,1791.02,6,,paid
311800,2810,2025-09-21T14:44:10Z,,4465.79,4465.79,6,NONE,paid
311802,2811,2025-09-26T06:31:15Z,,6395.06,,13,RAMADAN-BUNDLE,shipped
311805,2816,2025-09-08T13:55:35Z,,1782.43,1782.43,8,WINTER-FLYER,pending_hold
311809,1001,2025-10-22T09:39:55Z,,749.14,749.14,3,WINTER-FLYER,paid
311810,1001,2025-10-19T08:05:43Z,,2713.78,,7,NONE,paid
311814,1006,2025-10-02T10:28:57Z,,4355.96,,4,LUX-R6,pending_hold
311819,1013,2025-10-28T08:10:33Z,,1969.0,,6,RAMADAN-BUNDLE,shipped
311823,1014,2025-10-10T06:53:03Z,,152.86,,4,LUX-R6,shipped
311824,1014,2025/10/12 08:37,,2573.66,2573.66,7,RAMADAN-BUNDLE,shipped
311825,1014,2025-10-06T10:47:59Z,,264.78,264.78,3,WINTER-FLYER,canceled
311835,1019,2025-10-22T09:09:15Z,,6892.24,,7,NONE,canceled
311841,1026,2025-10-23T13:59:19Z,,4801.1,,7,RAMADAN-BUNDLE,paid
311847,1029,2025-10-12T08:57:39Z,,3797.78,,6,,paid
311853,1031,2025-10-19T10:38:46Z,,6082.0,,8,NONE,paid
311856,1033,2025-10-19T09:31:05Z,,2801.42,,5,RAMADAN-BUNDLE,paid
311857,1033,2025/10/14 17:24,,5036.59,,4,LUX-R6,paid
311858,1035,2025-10-17T13:20:01Z,,6771.8,,12,,paid
311865,1048,2025-10-04T10:46:15Z,,7538.46,7538.46,13,NONE,pending_hold
311868,1049,2025-10-11T09:00:12Z,,2703.21,,5,LUX-R6,paid
311870,1051,2025-10-28T09:10:29Z,,3601.75,,5,,canceled
311875,1056,2025-10-14T11:35:18Z,,1716.74,1716.74,3,LUX-R6,canceled
311878,1058,2025-10-25T06:55:00Z,,1623.48,,4,LUX-R6,paid
311880,1060,2025-10-26T07:45:00Z,,2952.6,2952.60,6,,paid
311881,1060,2025-10-15T10:40:13Z,,5018.25,,11,,canceled
311882,1064,2025/10/24 09:06,,2021.32,2021.32,4,NONE,paid
311886,1069,2025-10-20T12:08:32Z,,6728.88,6728.88,8,RAMADAN-BUNDLE,paid
311892,1075,2025-10-22T08:43:01Z,,2256.91,,6,,shipped
311894,1075,2025/10/14 10:41,,4479.21,4479.21,4,LUX-R6,paid
311895,1076,2025-10-14T16:26:03Z,,2348.08,,7,NONE,paid
311896,1079,2025-10-01T15:28:43Z,,2137.85,2137.85,3,NONE,paid
311897,1079,2025-10-15T09:58:38Z,,3032.67,,4,,shipped
311905,1083,2025-10-09T13:43:27Z,,4028.66,,5,,paid
311907,1084,2025-10-01T09:56:05Z,,1695.89,,5,RAMADAN-BUNDLE,canceled
311912,1088,2025-10-17T10:52:05Z,,4539.53,,6,NONE,paid
311913,1092,2025-10-06T07:27:56Z,,3619.66,3619.66,8,WINTER-FLYER,paid
311915,1094,2025-10-06T13:16:28Z,,2873.3,2873.30,4,LUX-R6,pending_hold
311916,1094,2025-10-16T09:20:03Z,,2053.39,2053.39,2,NONE,paid
311918,1095,2025-10-13T11:09:32Z,,782.06,782.06,4,RAMADAN-BUNDLE,pending_hold
311920,1097,2025-10-28T07:33:39Z,,3922.78,,6,RAMADAN-BUNDLE,paid
311921,1099,2025-10-19T12:08:35Z,,1526.64,1526.64,3,WINTER-FLYER,paid
311923,1100,2025-10-22T10:45:39Z,,2600.21,2600.21,5,WINTER-FLYER,paid
311938,1114,2025-10-07T07:10:30Z,,2617.48,,4,RAMADAN-BUNDLE,canceled
311940,1116,2025-10-13T09:47:57Z,,2261.37,2261.37,6,WINTER-FLYER,paid
311945,1125,2025-10-22T15:45:14Z,,3775.9,3775.90,7,WINTER-FLYER,canceled
311947,1128,2025-10-14T06:55:46Z,,84.43,84.43,2,LUX-R6,paid
311948,1130,2025-10-06T13:25:29Z,,2365.7,,6,,shipped
311965,1149,2025-10-13T13:24:23Z,,1416.93,,10,RAMADAN-BUNDLE,paid
311969,1151,2025/10/19 09:00,,4652.93,,9,LUX-R6,paid
311971,1154,2025-10-26T13:37:38Z,,6510.14,6510.14,11,NONE,pending_hold
311978,1160,2025-10-26T12:34:38Z,,7503.8,,8,NONE,paid
311980,1165,2025-10-23T08:44:25Z,,4374.88,,5,NONE,pending_hold
311993,1182,2025-10-27T10:51:04Z,,7018.93,,13,,paid
311995,1183,2025-10-17T08:28:58Z,,1741.54,1741.54,6,WINTER-FLYER,paid
312004,1191,2025-10-02T06:50:49Z,,3339.69,3339.69,11,LUX-R6,paid
312007,1192,2025/10/05 11:27,,2280.77,2280.77,4,NONE,paid
312008,1192,2025-10-17T06:58:27Z,,5361.1,,15,NONE,shipped
312009,1193,2025-10-11T15:53:00Z,,6316.43,,12,WINTER-FLYER,canceled
312010,1193,2025-10-05T11:08:27Z,,3762.0,,4,RAMADAN-BUNDLE,shipped
312013,1196,2025-10-04T18:03:04Z,,7541.05,7541.05,10,NONE,paid
312014,1197,2025-10-14T10:54:55Z,,2041.96,,7,NONE,paid
312015,1197,2025-10-02T11:09:12Z,,3305.38,3305.38,5,NONE,paid
312019,1203,2025-10-22T12:26:04Z,,4058.18,4058.18,7,NONE,pending_hold
312022,1206,2025-10-15T12:28:09Z,,4084.98,4084.98,8,NONE,paid
312023,1206,2025-10-25T11:33:29Z,,4313.08,4313.08,7,LUX-R6,shipped
312024,1206,2025-10-28T08:37:53Z,,2251.5,,4,NONE,shipped
312031,1213,2025-10-16T14:35:32Z,,6151.23,6151.23,8,,canceled
312036,1222,2025/10/23 20:02,,2179.0,2179.00,5,RAMADAN-BUNDLE,paid
312037,1225,2025/10/22 13:16,,715.91,,3,NONE,paid
312038,1227,2025-10-07T11:14:00Z,,2101.61,2101.61,6,NONE,paid
312040,1227,2025-10-17T11:26:42Z,,3277.3,,8,NONE,canceled
312047,1232,2025-10-21T06:57:03Z,,8682.6,8682.60,13,RAMADAN-BUNDLE,pending_hold
312058,1241,2025/10/01 14:02,,2580.98,,6,,paid
312059,1241,2025-10-17T09:33:07Z,,2259.06,2259.06,7,NONE,paid
312069,1257,2025/10/06 12:07,,6216.7,6216.70,9,RAMADAN-BUNDLE,pending_hold
312074,1260,2025-10-27T12:28:07Z,,4145.09,4145.09,7,NONE,pending_hold
312076,1261,2025-10-02T12:27:00Z,,2931.05,,2,LUX-R6,canceled
312078,1262,2025-10-25T08:10:33Z,,3311.4,,6,,paid
312081,1266,2025/10/10 11:34,,8280.86,8280.86,14,WINTER-FLYER,canceled
312083,1271,2025-10-03T14:36:16Z,,4395.18,4395.18,8,NONE,paid
312088,1278,2025-10-09T11:29:06Z,,3337.93,,5,WINTER-FLYER,shipped
312089,1279,2025-10-28T06:47:54Z,,6377.38,,10,RAMADAN-BUNDLE,paid
312095,1284,2025-10-06T07:58:51Z,,2162.68,,4,WINTER-FLYER,paid
312097,1285,2025/10/23 10:14,,4710.09,4710.09,4,RAMADAN-BUNDLE,shipped
312098,1288,2025-10-17T08:29:34Z,,7616.03,,9,RAMADAN-BUNDLE,pending_hold
312099,1288,2025-10-17T12:20:41Z,,2488.48,,5,RAMADAN-BUNDLE,pending_hold
312103,1292,2025-10-08T06:45:47Z,,5304.65,,11,NONE,paid
312104,1294,2025-10-21T10:45:17Z,,1383.8,,7,WINTER-FLYER,paid
312108,1300,2025/10/02 13:53,,3015.92,3015.92,7,RAMADAN-BUNDLE,shipped
312111,1304,2025-10-22T11:21:36Z,,1194.59,,3,RAMADAN-BUNDLE,paid
312112,1304,2025-10-06T09:15:12Z,,2356.72,2356.72,6,NONE,paid
312115,1306,2025-10-20T06:56:53Z,,2049.11,,6,,paid
312123,1311,2025-10-12T06:20:39Z,,2418.36,,6,NONE,paid
312130,1318,2025-10-18T12:10:26Z,,787.52,787.52,4,LUX-R6,paid
312136,1324,2025/10/11 15:20,,3581.36,,8,NONE,pending_hold
312138,1327,2025-10-08T10:57:35Z,,2002.73,2002.73,7,NONE,paid
312146,1331,2025-10-20T08:13:23Z,,1824.14,,5,,canceled
312154,1338,2025-10-26T15:12:42Z,,3197.73,,4,NONE,paid
312157,1340,2025-10-12T11:24:56Z,,3658.57,,8,NONE,shipped
312161,1342,2025-10-01T08:35:04Z,,4653.77,4653.77,10,WINTER-FLYER,paid
312164,1345,2025-10-25T12:57:26Z,,6136.35,,4,NONE,pending_hold
312168,1346,2025-10-27T09:32:11Z,,6279.26,,8,WINTER-FLYER,paid
312169,1346,2025-10-03T06:37:35Z,,5169.68,,9,LUX-R6,paid
312171,1347,2025-10-18T10:05:08Z,,1212.82,,5,,pending_hold
312174,1348,2025-10-04T12:44:53Z,,1287.76,1287.76,6,LUX-R6,paid
312179,1354,2025-10-19T12:04:17Z,,2838.01,2838.01,4,,shipped
312181,1356,2025-10-13T07:53:59Z,,6911.29,,11,LUX-R6,shipped
312182,1356,2025-10-03T10:59:31Z,,1991.06,,5,NONE,canceled
312184,1358,2025-10-09T13:03:47Z,,4595.38,4595.38,9,NONE,paid
312189,1363,2025-10-06T07:33:59Z,,3031.9,3031.90,8,RAMADAN-BUNDLE,paid
312196,1375,2025-10-11T11:26:19Z,,6968.97,,8,,canceled
312200,1378,2025-10-23T11:44:00Z,,2277.23,,9,RAMADAN-BUNDLE,paid
312201,1378,2025-10-11T11:46:57Z,,2534.38,,8,,canceled
312204,1382,2025-10-13T11:27:26Z,,2938.48,2938.48,7,NONE,pending_hold
312205,1383,2025-10-09T09:18:18Z,,871.05,871.05,3,,paid
312206,1384,2025-10-04T12:03:56Z,,3586.54,,7,NONE,shipped
312207,1385,2025-10-07T13:38:29Z,,9071.75,,14,RAMADAN-BUNDLE,pending_hold
312210,1388,2025/10/09 10:18,,5860.11,,8,LUX-R6,shipped
312213,1390,2025-10-17T08:03:55Z,,3593.27,,11,WINTER-FLYER,paid
312215,1393,2025-10-18T14:37:39Z,,1931.77,1931.77,8,RAMADAN-BUNDLE,canceled
312220,1400,2025-10-13T13:38:50Z,,2235.57,,6,NONE,paid
312221,1401,2025/10/14 12:16,,2905.27,,11,,paid
312228,1407,2025-10-06T07:43:36Z,,3298.72,,9,RAMADAN-BUNDLE,paid
312231,1409,2025-10-04T08:07:36Z,,4493.52,,7,NONE,paid
312232,1409,2025-10-24T08:34:55Z,,824.86,,3,,shipped
312233,1410,2025-10-28T12:22:18Z,,1513.5,,4,LUX-R6,paid
312238,1415,2025-10-21T07:35:04Z,,5754.15,,9,WINTER-FLYER,pending_hold
312240,1416,2025-10-09T12:55:39Z,,2804.37,,7,RAMADAN-BUNDLE,paid
312241,1416,2025-10-12T14:08:02Z,,801.94,,5,LUX-R6,canceled
312244,1424,2025-10-15T10:09:17Z,,3191.88,3191.88,7,NONE,paid
312246,1425,2025-10-11T15:45:48Z,,5581.09,,9,,paid
312248,1426,2025-10-28T10:48:23Z,,4246.87,4246.87,10,WINTER-FLYER,canceled
312249,1426,2025-10-07T16:26:12Z,,2500.47,,6,LUX-R6,paid
312250,1427,2025-10-10T06:56:59Z,,5051.82,5051.82,14,LUX-R6,canceled
312251,1427,2025-10-07T06:56:02Z,,3738.44,,7,RAMADAN-BUNDLE,pending_hold
312259,1433,2025-10-11T06:54:50Z,,3102.73,3102.73,10,NONE,pending_hold
312261,1441,2025-10-15T07:28:44Z,,3797.68,,5,NONE,paid
312263,1445,2025-10-23T08:41:06Z,,4427.98,4427.98,6,NONE,canceled
312264,1446,2025-10-13T10:09:36Z,,2040.93,2040.93,4,WINTER-FLYER,paid
312266,1450,2025-10-01T06:04:14Z,,1500.73,,6,RAMADAN-BUNDLE,pending_hold
312272,1456,2025-10-21T06:16:58Z,,1843.28,,8,NONE,canceled
312274,1456,2025-10-01T16:47:34Z,,7852.02,7852.02,15,LUX-R6,paid
312276,1458,2025-10-24T06:16:22Z,,7098.7,7098.70,12,NONE,shipped
312279,1460,2025-10-10T11:08:30Z,,5824.46,5824.46,10,NONE,paid
312280,1460,2025-10-07T07:07:08Z,,6388.23,6388.23,8,RAMADAN-BUNDLE,paid
312281,1460,2025-10-13T11:37:41Z,,8040.91,8040.91,8,WINTER-FLYER,paid
312282,1460,2025-10-14T12:26:24Z,,1041.71,,3,RAMADAN-BUNDLE,pending_hold
312284,1465,2025-10-12T09:55:37Z,,8148.14,,15,LUX-R6,paid
312290,1472,2025-10-10T08:03:37Z,,5766.22,,6,LUX-R6,paid
312294,1477,2025-10-13T10:29:37Z,,1766.64,,6,LUX-R6,pending_hold
312299,1484,2025-10-14T07:35:12Z,,1957.66,1957.66,6,WINTER-FLYER,paid
312303,1488,2025-10-22T09:13:20Z,,899.26,899.26,4,NONE,pending_hold
312305,1490,2025-10-02T09:17:53Z,,7109.05,,10,NONE,paid
312307,1492,2025-10-21T11:52:38Z,,3170.67,,5,LUX-R6,pending_hold
312308,1494,2025-10-01T10:08:52Z,,2114.47,2114.47,6,,paid
312311,1501,2025-10-26T09:36:14Z,,1783.46,1783.46,6,WINTER-FLYER,paid
312312,1502,2025-10-21T09:32:20Z,,1297.72,,4,NONE,paid
312315,1503,2025-10-23T09:50:08Z,,2082.77,,4,RAMADAN-BUNDLE,paid
312318,1505,2025-10-27T11:41:20Z,,2641.07,,6,,canceled
312323,1510,2025-10-18T13:03:57Z,,14220.13,,10,RAMADAN-BUNDLE,shipped
312324,1514,2025-10-16T08:41:46Z,,4934.02,4934.02,7,RAMADAN-BUNDLE,pending_hold
312325,1514,2025-10-21T08:55:18Z,,2471.77,2471.77,6,NONE,paid
312327,1516,2025-10-18T13:53:09Z,,594.0,594.00,5,LUX-R6,canceled
312330,1516,2025-10-25T11:11:12Z,,2777.7,2777.70,5,NONE,paid
312331,1517,2025-10-25T07:06:56Z,,5790.43,5790.43,15,NONE,paid
312333,1520,2025-10-18T12:06:41Z,,2349.95,2349.95,6,RAMADAN-BUNDLE,canceled
312339,1524,2025-10-13T08:47:24Z,,1385.03,,7,RAMADAN-BUNDLE,pending_hold
312358,1545,2025-10-17T09:50:28Z,,5304.02,,9,NONE,paid
312363,1553,2025-10-15T14:04:22Z,,1132.61,1132.61,4,RAMADAN-BUNDLE,paid
312365,1554,2025-10-08T10:58:03Z,,4277.53,4277.53,10,RAMADAN-BUNDLE,paid
312366,1556,2025-10-05T07:56:17Z,,2965.9,,8,LUX-R6,canceled
312368,1558,2025-10-12T11:25:10Z,,690.32,690.32,4,NONE,paid
312369,1558,2025-10-08T12:31:12Z,,3071.9,3071.90,7,LUX-R6,shipped
312375,1565,2025-10-14T06:56:14Z,,3056.89,,7,RAMADAN-BUNDLE,paid
312376,1566,2025/10/17 08:25,,4530.49,,12,,paid
312380,1570,2025-10-10T15:31:55Z,,1188.63,,4,RAMADAN-BUNDLE,canceled
312381,1570,2025-10-08T11:21:16Z,,3010.62,,5,LUX-R6,paid
312382,1572,2025-10-09T07:23:45Z,,4146.68,4146.68,11,,paid
312384,1574,2025-10-06T08:29:07Z,,627.89,627.89,3,NONE,pending_hold
312385,1575,2025-10-07T08:26:12Z,,3840.1,,7,WINTER-FLYER,shipped
312386,1576,2025-10-27T11:07:29Z,,970.03,,7,LUX-R6,paid
312391,1580,2025-10-14T09:59:51Z,,2784.67,,5,NONE,pending_hold
312393,1580,2025-10-05T13:18:08Z,,6510.79,,12,RAMADAN-BUNDLE,pending_hold
312398,1586,2025-10-01T08:36:00Z,,3183.73,,12,WINTER-FLYER,pending_hold
312403,1587,2025-10-08T09:47:35Z,,2157.9,2157.90,6,RAMADAN-BUNDLE,canceled
312405,1588,2025-10-09T16:32:44Z,,1623.76,,6,NONE,paid
312407,1590,2025-10-25T11:55:04Z,,2489.03,,4,NONE,paid
312413,1598,2025-10-22T10:55:33Z,,2206.79,,5,WINTER-FLYER,paid
312416,1599,2025-10-18T12:56:54Z,,3207.0,3207.00,6,WINTER-FLYER,canceled
312419,1601,2025-10-14T06:20:01Z,,1000.73,,2,NONE,paid
312421,1603,2025-10-05T15:08:07Z,,2167.12,,4,WINTER-FLYER,canceled
312423,1604,2025-10-09T14:30:33Z,,4365.0,4365.00,7,LUX-R6,paid
312426,1605,2025-10-08T10:33:19Z,,2051.64,2051.64,2,NONE,shipped
312430,1615,2025-10-23T11:21:01Z,,2691.26,2691.26,5,LUX-R6,paid
312432,1616,2025-10-22T13:16:27Z,,4334.57,,7,RAMADAN-BUNDLE,paid
312433,1617,2025-10-02T15:14:15Z,,605.38,,3,LUX-R6,canceled
312436,1622,2025-10-19T10:40:13Z,,2078.11,,3,LUX-R6,paid
312438,1622,2025-10-07T12:45:00Z,,4994.44,,10,WINTER-FLYER,canceled
312442,1624,2025-10-25T10:27:19Z,,2327.62,2327.62,7,LUX-R6,paid
312447,1631,2025-10-19T06:29:05Z,,4517.68,,7,NONE,pending_hold
312454,1636,2025-10-05T11:52:04Z,,7568.89,,9,LUX-R6,pending_hold
312456,1637,2025-10-01T07:46:17Z,,6267.59,6267.59,10,NONE,paid
312459,1638,2025-10-03T14:31:53Z,,2089.19,,5,,pending_hold
312460,1640,2025-10-27T19:59:54Z,,1796.68,,5,NONE,paid
312464,1648,2025-10-11T06:55:21Z,,4073.71,,9,WINTER-FLYER,shipped
312468,1653,2025-10-11T10:58:12Z,,3353.7,,7,WINTER-FLYER,pending_hold
312472,1657,2025-10-10T12:36:25Z,,925.3,,5,WINTER-FLYER,paid
312480,1664,2025-10-18T13:28:20Z,,4993.17,4993.17,7,RAMADAN-BUNDLE,shipped
312481,1664,2025-10-09T09:08:15Z,,6685.52,6685.52,13,,shipped
312486,1669,2025-10-23T12:22:23Z,,1569.4,,5,RAMADAN-BUNDLE,shipped
312487,1669,2025-10-22T13:33:28Z,,1220.62,1220.62,3,NONE,paid
312494,1679,2025-10-08T15:16:34Z,,3501.98,,2,RAMADAN-BUNDLE,paid
312502,1686,2025-10-22T12:20:16Z,,1421.46,,5,LUX-R6,canceled
312510,1699,2025-10-04T12:20:59Z,,498.51,,3,WINTER-FLYER,paid
312520,1709,2025-10-17T10:44:18Z,,1874.94,,4,LUX-R6,paid
312521,1710,2025-10-08T15:29:48Z,,6603.73,6603.73,9,NONE,paid
312528,1715,2025-10-10T06:01:15Z,,11165.08,,11,NONE,paid
312530,1720,2025-10-16T16:26:07Z,,4178.43,4178.43,11,RAMADAN-BUNDLE,shipped
312531,1720,2025-10-03T10:41:34Z,,1848.22,1848.22,4,NONE,shipped
312535,1735,2025-10-07T14:50:11Z,,5943.31,,9,NONE,paid
312540,1742,2025-10-16T10:40:19Z,,1675.49,,4,RAMADAN-BUNDLE,paid
312550,1755,2025-10-19T08:58:23Z,,993.08,993.08,5,NONE,paid
312552,1757,2025-10-05T13:26:31Z,,6023.28,6023.28,12,,paid
312555,1765,2025-10-27T13:28:41Z,,1350.47,,3,WINTER-FLYER,paid
312562,1769,2025-10-17T06:55:17Z,,1392.81,1392.81,3,NONE,pending_hold
312564,1771,2025-10-07T09:58:58Z,,5928.02,5928.02,6,NONE,canceled
312565,1772,2025-10-19T08:08:40Z,,1543.94,,5,NONE,canceled
312568,1778,2025-10-20T08:12:29Z,,4657.89,4657.89,8,NONE,paid
312576,1789,2025/10/26 14:32,,1073.37,1073.37,6,,paid
312579,1793,2025-10-16T10:53:29Z,,1461.99,1461.99,7,RAMADAN-BUNDLE,pending_hold
312586,1802,2025-10-07T07:34:21Z,,4428.28,,8,LUX-R6,paid
312603,1819,2025-10-03T10:27:19Z,,2300.55,,8,WINTER-FLYER,shipped
312605,1821,2025-10-03T07:51:24Z,,3235.05,3235.05,7,,pending_hold
312607,1822,2025-10-23T13:48:37Z,,2287.06,2287.06,4,NONE,shipped
312618,1826,2025-10-28T12:07:25Z,,5213.53,5213.53,13,LUX-R6,paid
312626,1832,2025-10-23T15:53:10Z,,3605.66,,5,RAMADAN-BUNDLE,shipped
312630,1835,2025-10-20T09:11:29Z,,2572.94,2572.94,3,WINTER-FLYER,paid
312633,1839,2025-10-23T07:17:22Z,,2218.4,,6,NONE,paid
312634,1841,2025-10-19T06:01:55Z,,3792.08,3792.08,4,LUX-R6,paid
312641,1848,2025-10-07T10:02:19Z,,1934.71,1934.71,5,NONE,paid
312642,1849,2025-10-17T14:31:08Z,,3796.28,3796.28,8,LUX-R6,paid
312646,1853,2025-10-17T13:34:05Z,,2333.83,,6,RAMADAN-BUNDLE,pending_hold
312648,1853,2025-10-11T11:20:07Z,,2704.68,,5,NONE,shipped
312649,1853,2025-10-21T09:58:15Z,,6027.04,6027.04,14,NONE,pending_hold
312651,1859,2025-10-02T10:43:54Z,,5677.61,5677.61,7,LUX-R6,shipped
312654,1860,2025-10-03T09:05:59Z,,2393.18,,7,NONE,pending_hold
312656,1862,2025-10-07T08:32:24Z,,4076.63,4076.63,9,,paid
312659,1864,2025-10-11T12:25:49Z,,2248.14,,4,NONE,paid
312663,1866,2025-10-15T08:28:41Z,,3597.21,,7,WINTER-FLYER,paid
312667,1876,2025-10-15T08:46:12Z,,1981.79,,9,NONE,paid
312668,1876,2025-10-26T09:15:58Z,,1120.08,1120.08,4,NONE,paid
312672,1879,2025-10-25T11:16:36Z,,3145.74,,10,RAMADAN-BUNDLE,paid
312673,1882,2025-10-06T11:46:11Z,,1685.75,,6,WINTER-FLYER,paid
312674,1882,2025-10-14T08:51:33Z,,3040.67,,7,,shipped
312679,1884,2025-10-20T13:48:32Z,,1938.59,1938.59,2,WINTER-FLYER,paid
312681,1885,2025-10-05T12:46:58Z,,3474.82,,8,WINTER-FLYER,paid
312685,1894,2025-10-15T07:50:11Z,,2111.47,2111.47,6,LUX-R6,shipped
312686,1895,2025-10-19T08:58:01Z,,2477.43,,5,NONE,shipped
312687,1896,2025-10-24T12:53:07Z,,3337.86,3337.86,9,LUX-R6,paid
312692,1900,2025-10-02T13:23:15Z,,3611.23,,2,WINTER-FLYER,paid
312703,1910,2025-10-15T10:09:54Z,,5014.11,,7,NONE,pending_hold
312706,1917,2025-10-21T09:09:02Z,,8899.19,,11,NONE,canceled
312715,1929,2025/10/12 11:14,,3841.62,3841.62,10,RAMADAN-BUNDLE,paid
312726,1945,2025-10-28T12:08:13Z,,2790.39,2790.39,4,,pending_hold
312729,1946,2025-10-13T12:34:52Z,,4724.34,,12,RAMADAN-BUNDLE,paid
312730,1946,2025-10-01T07:55:53Z,,5857.18,,11,WINTER-FLYER,paid
312732,1950,2025-10-13T08:06:40Z,,1851.59,,3,RAMADAN-BUNDLE,shipped
312738,1960,2025-10-10T08:19:50Z,,5108.17,5108.17,8,NONE,paid
312739,1960,2025/10/21 10:40,,7282.88,,15,LUX-R6,paid
312743,1961,2025-10-21T11:54:56Z,,1401.57,,4,NONE,paid
312745,1961,2025-10-23T08:24:31Z,,8416.26,,13,NONE,pending_hold
312748,1963,2025-10-11T10:49:13Z,,2380.34,2380.34,5,,pending_hold
312752,1970,2025-10-16T11:06:06Z,,2918.25,,7,NONE,paid
312753,1971,2025-10-08T06:42:09Z,,1484.38,1484.38,3,NONE,paid
312754,1972,2025-10-09T06:58:44Z,,5625.38,,7,,canceled
312759,1978,2025-10-10T08:01:08Z,,2803.18,,8,,pending_hold
312760,1980,2025-10-27T15:06:56Z,,5332.57,5332.57,8,NONE,shipped
312771,1994,2025-10-07T16:02:27Z,,3762.95,,6,NONE,paid
312774,1997,2025-10-04T09:10:09Z,,3213.54,,7,RAMADAN-BUNDLE,canceled
312775,1998,2025-10-19T15:55:54Z,,3782.14,3782.14,8,,shipped
312777,2004,2025-10-06T09:41:19Z,,987.28,,3,WINTER-FLYER,shipped
312783,2006,2025-10-16T08:14:31Z,,1860.02,1860.02,9,WINTER-FLYER,shipped
312785,2007,2025-10-13T08:34:03Z,,2092.23,,8,,paid
312787,2009,2025-10-04T10:33:29Z,,3834.08,,6,NONE,paid
312798,2022,2025-10-16T13:48:55Z,,6717.72,,13,NONE,paid
312800,2023,2025-10-15T13:22:10Z,,2580.4,,7,NONE,shipped
312801,2026,2025-10-21T08:19:47Z,,2352.22,2352.22,4,,pending_hold
312802,2026,2025-10-23T13:52:34Z,,5820.73,,8,,paid
312803,2027,2025-10-04T10:05:33Z,,3199.26,3199.26,6,LUX-R6,shipped
312804,2028,2025-10-28T13:42:47Z,,7200.88,,14,NONE,paid
312809,2041,2025-10-22T15:16:46Z,,2415.24,,4,WINTER-FLYER,shipped
312811,2042,2025-10-19T14:31:03Z,,2395.1,,4,,pending_hold
312816,2060,2025-10-28T09:19:38Z,,3426.81,3426.81,8,RAMADAN-BUNDLE,shipped
312818,2062,2025-10-16T08:04:47Z,,1246.68,,7,NONE,paid
312825,2070,2025-10-19T13:00:32Z,,2654.21,,7,NONE,paid
312835,2079,2025-10-20T08:58:05Z,,4279.38,,10,RAMADAN-BUNDLE,pending_hold
312839,2083,2025-10-21T10:16:46Z,,794.76,,3,RAMADAN-BUNDLE,paid
312842,2089,2025-10-13T09:20:39Z,,5851.81,5851.81,12,WINTER-FLYER,shipped
312845,2093,2025-10-13T08:56:49Z,,401.87,401.87,3,NONE,paid
312847,2095,2025-10-27T09:09:50Z,,2745.94,2745.94,4,,paid
312849,2096,2025-10-23T09:48:07Z,,1606.9,,5,NONE,paid
312851,2100,2025-10-27T06:50:12Z,,3686.51,3686.51,8,,paid
312854,2103,2025-10-22T11:47:14Z,,3472.95,,3,,pending_hold
312855,2103,2025-10-13T08:54:13Z,,2610.03,,5,NONE,paid
312859,2106,2025-10-24T08:07:26Z,,4586.8,,8,WINTER-FLYER,shipped
312861,2108,2025-10-21T07:49:15Z,,2383.56,,6,NONE,paid
312865,2113,2025-10-08T12:05:45Z,,9058.02,9058.02,14,,paid
312868,2119,2025-10-06T08:10:46Z,,6489.05,6489.05,15,LUX-R6,pending_hold
312870,2121,2025-10-12T08:52:18Z,,6429.92,,9,WINTER-FLYER,paid
312871,2121,2025-10-25T07:45:56Z,,2162.3,,6,WINTER-FLYER,pending_hold
312874,2123,2025-10-19T06:06:49Z,,3370.05,,7,,shipped
312877,2125,2025/10/20 16:36,,4324.28,4324.28,7,WINTER-FLYER,shipped
312881,2127,2025-10-02T12:23:27Z,,892.59,892.59,4,RAMADAN-BUNDLE,paid
312884,2131,2025-10-28T07:43:43Z,,701.91,701.91,4,WINTER-FLYER,shipped
312897,2151,2025-10-02T12:42:49Z,,1857.5,1857.50,7,RAMADAN-BUNDLE,paid
312901,2156,2025-10-17T11:47:41Z,,486.8,486.80,3,,paid
312904,2158,2025-10-13T09:46:56Z,,6331.4,6331.40,5,WINTER-FLYER,paid
312910,2168,2025-10-19T07:07:16Z,,7277.46,,14,WINTER-FLYER,shipped
312911,2168,2025-10-09T12:01:29Z,,2305.69,,11,,paid
312916,2170,2025-10-26T10:59:34Z,,3695.08,3695.08,8,,canceled
312918,2171,2025-10-27T09:13:42Z,,2218.1,,6,RAMADAN-BUNDLE,paid
312931,2183,2025-10-19T07:56:34Z,,2804.69,2804.69,7,NONE,paid
312932,2184,2025-10-09T13:28:50Z,,4770.93,,8,NONE,paid
312935,2186,2025-10-22T11:14:47Z,,11501.05,,15,NONE,paid
312937,2186,2025-10-24T09:41:58Z,,7297.15,,14,NONE,paid
312947,2191,2025-10-15T11:54:45Z,,3173.76,,5,NONE,shipped
312949,2192,2025-10-05T06:19:23Z,,3431.89,3431.89,7,NONE,paid
312950,2193,2025-10-02T13:28:25Z,,2784.03,2784.03,5,LUX-R6,paid
312953,2196,2025-10-24T09:08:40Z,,5016.36,,9,WINTER-FLYER,canceled
312954,2196,2025-10-21T11:20:42Z,,1880.98,1880.98,6,WINTER-FLYER,paid
312959,2199,2025/10/20 12:54,,1624.88,,5,LUX-R6,pending_hold
312960,2200,2025-10-18T08:37:19Z,,5943.91,5943.91,14,RAMADAN-BUNDLE,paid
312965,2207,2025-10-23T12:27:54Z,,6411.44,,10,,paid
312966,2209,2025-10-04T11:51:54Z,,1388.82,,3,LUX-R6,shipped
312974,2217,2025-10-22T10:18:24Z,,2285.03,,6,RAMADAN-BUNDLE,paid
312976,2223,2025-10-09T11:54:53Z,,960.13,,4,,paid
312977,2226,2025-10-10T09:52:04Z,,5274.62,5274.62,10,NONE,paid
312980,2226,2025-10-13T09:02:57Z,,4555.8,4555.80,8,LUX-R6,paid
312983,2230,2025-10-01T08:45:59Z,,2874.52,,9,NONE,canceled
312984,2231,2025-10-08T06:49:31Z,,4760.18,4760.18,10,NONE,paid
312989,2236,2025-10-08T06:09:23Z,,4859.99,,7,NONE,paid
312994,2237,2025-10-03T09:38:07Z,,1781.46,1781.46,5,,canceled
312996,2239,2025-10-10T08:27:02Z,,2389.65,2389.65,5,,shipped
312999,2243,2025-10-21T09:05:21Z,,2002.78,2002.78,6,NONE,shipped
313004,2249,2025-10-02T13:15:01Z,,934.81,934.81,3,NONE,paid
313006,2251,2025-10-14T06:54:15Z,,5693.81,,11,WINTER-FLYER,canceled
313014,2263,2025/10/12 11:46,,2521.49,2521.49,6,,paid
313021,2271,2025-10-17T09:31:36Z,,4089.72,4089.72,14,,canceled
313028,2281,2025/10/11 15:08,,2047.41,,10,LUX-R6,shipped
313031,2284,2025/10/27 13:02,,4106.83,,9,LUX-R6,pending_hold
313032,2286,2025-10-27T07:20:29Z,,2475.95,,6,,canceled
313033,2287,2025-10-28T09:09:27Z,,2069.37,,5,WINTER-FLYER,paid
313034,2287,2025-10-26T06:06:34Z,,4854.03,4854.03,3,NONE,paid
313036,2287,2025-10-28T08:51:19Z,,2298.45,,8,WINTER-FLYER,shipped
313049,2308,2025/10/17 09:23,,5189.06,5189.06,10,LUX-R6,shipped
313051,2312,2025-10-20T07:26:07Z,,7329.27,,11,NONE,paid
313052,2313,2025-10-19T07:07:50Z,,3840.17,3840.17,8,NONE,paid
313057,2317,2025-10-24T10:33:58Z,,2432.89,,7,RAMADAN-BUNDLE,shipped
313058,2318,2025-10-24T08:10:02Z,,1790.57,1790.57,3,RAMADAN-BUNDLE,paid
313061,2322,2025-10-15T12:04:53Z,,2368.04,,6,RAMADAN-BUNDLE,paid
313066,2329,2025/10/04 13:57,,1624.08,1624.08,4,NONE,paid
313069,2333,2025-10-20T13:50:59Z,,1671.98,1671.98,4,,canceled
313071,2334,2025-10-13T14:06:00Z,,3225.77,,5,NONE,paid
313076,2339,2025-10-28T06:19:35Z,,2884.37,2884.37,6,NONE,paid
313077,2341,2025-10-09T08:29:48Z,,681.34,681.34,3,,pending_hold
313079,2343,2025-10-25T06:28:27Z,,6166.67,6166.67,11,WINTER-FLYER,pending_hold
313090,2349,2025-10-22T06:32:12Z,,1573.64,,4,,pending_hold
313091,2351,2025-10-16T10:17:42Z,,3712.33,3712.33,7,NONE,paid
313101,2362,2025-10-15T12:32:15Z,,2773.43,,6,WINTER-FLYER,paid
313106,2365,2025-10-26T06:33:17Z,,751.86,,4,NONE,shipped
313110,2370,2025-10-21T06:51:11Z,,4590.05,4590.05,9,NONE,paid
313111,2373,2025-10-07T13:15:30Z,,722.0,,4,WINTER-FLYER,paid
313113,2375,2025-10-26T14:53:26Z,,8126.24,8126.24,13,WINTER-FLYER,canceled
313114,2375,2025-10-02T11:35:28Z,,1854.77,,5,NONE,shipped
313115,2378,2025-10-22T15:11:02Z,,1295.45,1295.45,3,NONE,canceled
313116,2379,2025-10-03T11:31:33Z,,3195.91,,3,NONE,paid
313121,2387,2025-10-08T08:47:49Z,,2751.23,,7,,shipped
313123,2391,2025-10-13T08:37:24Z,,3892.99,3892.99,8,WINTER-FLYER,canceled
313125,2392,2025-10-15T13:29:12Z,,1617.48,,6,RAMADAN-BUNDLE,canceled
313126,2392,2025-10-22T12:32:18Z,,1122.26,,6,WINTER-FLYER,shipped
313131,2394,2025-10-13T13:39:54Z,,10085.35,10085.35,15,NONE,pending_hold
313137,2400,2025-10-05T12:02:52Z,,2027.54,2027.54,5,NONE,paid
313139,2401,2025-10-11T12:05:42Z,,3229.68,,7,RAMADAN-BUNDLE,pending_hold
313140,2401,2025-10-27T09:28:57Z,,5625.58,5625.58,8,LUX-R6,paid
313142,2401,2025-10-06T11:57:18Z,,4155.56,,6,NONE,shipped
313146,2406,2025-10-13T11:41:06Z,,1898.29,,5,WINTER-FLYER,canceled
313149,2409,2025-10-25T08:56:38Z,,4269.09,,7,,paid
313151,2414,2025-10-28T09:51:22Z,,9399.58,,15,NONE,pending_hold
313153,2414,2025/10/15 11:44,,4846.73,,9,WINTER-FLYER,shipped
313158,2419,2025-10-12T09:05:30Z,,2940.06,,5,,paid
313160,2422,2025-10-25T09:26:10Z,,3946.93,3946.93,7,WINTER-FLYER,paid
313168,2430,2025/10/20 09:53,,3413.18,,8,WINTER-FLYER,pending_hold
313174,2436,2025-10-03T11:48:34Z,,3020.68,,8,NONE,paid
313177,2441,2025-10-28T09:31:43Z,,4503.18,4503.18,7,NONE,paid
313178,2441,2025-10-26T15:44:57Z,,3646.48,3646.48,9,,paid
313179,2441,2025-10-16T07:28:39Z,,811.7,811.70,4,WINTER-FLYER,paid
313180,2441,2025-10-14T06:50:19Z,,3755.54,,6,,shipped
313190,2452,2025-10-08T08:14:10Z,,4867.8,,7,NONE,paid
313191,2457,2025-10-21T12:46:35Z,,5295.73,,7,LUX-R6,paid
313193,2457,2025-10-24T07:30:17Z,,799.21,,2,,pending_hold
313211,2472,2025-10-08T10:06:04Z,,3530.17,,8,NONE,paid
313212,2474,2025-10-18T11:54:17Z,,3456.37,3456.37,13,LUX-R6,shipped
313213,2474,2025-10-27T09:08:24Z,,2735.4,,5,NONE,shipped
313219,2481,2025-10-26T08:45:42Z,,5009.28,,8,RAMADAN-BUNDLE,paid
313221,2483,2025/10/20 13:00,,6956.58,,11,NONE,canceled
313222,2484,2025-10-14T08:14:26Z,,1332.57,1332.57,3,NONE,paid
313224,2485,2025-10-10T11:32:28Z,,1309.03,1309.03,3,LUX-R6,pending_hold
313226,2488,2025-10-26T10:20:25Z,,6607.96,,13,LUX-R6,shipped
313234,2495,2025-10-19T14:04:00Z,,1991.71,1991.71,3,,paid
313236,2495,2025-10-05T12:55:46Z,,5874.66,,8,LUX-R6,canceled
313242,2498,2025-10-08T07:31:44Z,,3054.11,,7,NONE,shipped
313245,2498,2025-10-02T13:43:09Z,,7039.82,,10,NONE,paid
313249,2501,2025-10-27T07:32:07Z,,2749.52,,6,WINTER-FLYER,paid
313256,2512,2025-10-04T12:02:12Z,,2366.1,,6,LUX-R6,pending_hold
313261,2520,2025-10-05T06:56:02Z,,5001.54,,4,RAMADAN-BUNDLE,pending_hold
313263,2521,2025-10-02T08:32:48Z,,3724.4,,5,WINTER-FLYER,paid
313264,2522,2025-10-19T10:22:13Z,,5156.23,,7,NONE,pending_hold
313274,2531,2025-10-24T10:06:39Z,,5381.21,,9,,canceled
313275,2535,2025-10-26T15:59:53Z,,3647.15,,10,NONE,paid
313281,2544,2025-10-17T14:50:28Z,,2704.76,2704.76,4,LUX-R6,pending_hold
313285,2547,2025-10-25T08:06:54Z,,3074.62,3074.62,7,,pending_hold
313290,2552,2025-10-22T19:51:30Z,,1653.22,1653.22,7,WINTER-FLYER,paid
313291,2553,2025-10-11T08:37:39Z,,7892.66,,13,WINTER-FLYER,paid
313293,2557,2025-10-25T14:08:04Z,,3180.79,3180.79,5,RAMADAN-BUNDLE,pending_hold
313294,2557,2025-10-02T09:42:07Z,,4405.87,,15,RAMADAN-BUNDLE,paid
313296,2560,2025-10-07T08:30:29Z,,8224.73,8224.73,13,NONE,pending_hold
313297,2562,2025-10-24T07:31:08Z,,2856.16,,4,LUX-R6,paid
313299,2563,2025-10-23T14:02:35Z,,681.23,681.23,2,NONE,shipped
313312,2573,2025-10-17T12:51:06Z,,2829.15,2829.15,7,WINTER-FLYER,pending_hold
313313,2576,2025-10-09T17:25:31Z,,4869.93,4869.93,12,,paid
313316,2578,2025-10-24T11:03:04Z,,8462.33,8462.33,10,LUX-R6,paid
313317,2579,2025-10-02T11:16:29Z,,1492.62,,3,LUX-R6,pending_hold
313318,2582,2025-10-18T10:20:27Z,,2463.8,,5,,paid
313319,2582,2025-10-09T09:05:46Z,,9404.13,9404.13,9,WINTER-FLYER,pending_hold
313320,2582,2025-10-03T12:00:58Z,,619.4,,6,RAMADAN-BUNDLE,pending_hold
313324,2588,2025-10-20T16:50:42Z,,3447.18,,7,WINTER-FLYER,shipped
313328,2590,2025-10-07T15:09:21Z,,2859.64,,11,NONE,pending_hold
313337,2599,2025/10/17 12:05,,4948.47,,8,LUX-R6,canceled
313339,2601,2025-10-19T09:28:12Z,,2582.62,,6,RAMADAN-BUNDLE,pending_hold
313340,2603,2025-10-12T10:59:22Z,,6597.17,6597.17,9,,shipped
313341,2608,2025-10-22T09:38:10Z,,2724.22,2724.22,6,NONE,shipped
313343,2610,2025-10-22T11:47:02Z,,797.98,797.98,5,,paid
313347,2612,2025-10-09T10:38:56Z,,3766.19,,13,NONE,paid
313348,2615,2025-10-19T07:26:49Z,,372.03,,3,NONE,pending_hold
313349,2615,2025-10-13T10:05:41Z,,5472.16,5472.16,11,,paid
313357,2622,2025-10-12T12:31:12Z,,1624.42,,9,RAMADAN-BUNDLE,pending_hold
313360,2624,2025-10-02T10:50:32Z,,2344.84,,6,RAMADAN-BUNDLE,pending_hold
313361,2625,2025-10-15T10:51:26Z,,2279.3,,6,RAMADAN-BUNDLE,paid
313365,2632,2025-10-23T12:40:18Z,,2010.94,,2,NONE,paid
313366,2636,2025-10-20T10:02:20Z,,3072.0,,5,NONE,paid
313367,2637,2025-10-19T13:35:51Z,,2806.14,,2,,paid
313370,2648,2025-10-28T14:23:23Z,,6455.34,6455.34,11,NONE,pending_hold
313371,2651,2025-10-15T14:56:38Z,,2072.06,,5,LUX-R6,canceled
313375,2655,2025-10-01T11:36:57Z,,4140.87,,9,LUX-R6,pending_hold
313383,2661,2025-10-26T08:16:44Z,,1707.38,,3,NONE,canceled
313386,2664,2025-10-21T15:35:41Z,,3272.71,,4,NONE,paid
313389,2666,2025-10-21T09:19:19Z,,1808.04,,5,NONE,canceled
313398,2684,2025/10/19 14:34,,3236.72,,6,LUX-R6,shipped
313399,2684,2025/10/06 10:21,,6478.43,6478.43,10,NONE,paid
313400,2687,2025/10/26 10:32,,4047.97,,7,LUX-R6,paid
313406,2698,2025-10-09T09:30:36Z,,3719.36,3719.36,8,WINTER-FLYER,paid
313407,2700,2025-10-23T08:29:26Z,,3932.74,3932.74,9,,canceled
313410,2701,2025-10-09T13:53:57Z,,7122.15,,10,,paid
313412,2707,2025-10-15T10:09:52Z,,2781.47,,5,RAMADAN-BUNDLE,pending_hold
313415,2717,2025-10-08T11:24:20Z,,2590.21,2590.21,4,RAMADAN-BUNDLE,canceled
313420,2731,2025-10-11T08:08:32Z,,4310.68,,7,LUX-R6,paid
313422,2732,2025-10-21T10:06:14Z,,3120.55,,4,,pending_hold
313423,2733,2025-10-27T06:49:07Z,,8090.15,,12,LUX-R6,paid
313425,2734,2025-10-15T12:51:33Z,,5218.22,5218.22,9,,canceled
313426,2738,2025-10-28T14:13:27Z,,5118.71,,11,NONE,paid
313430,2741,2025-10-05T11:53:30Z,,5617.33,,12,,paid
313431,2741,2025-10-12T06:30:56Z,,2507.77,2507.77,3,RAMADAN-BUNDLE,paid
313437,2752,2025-10-14T06:38:34Z,,4214.51,4214.51,10,NONE,pending_hold
313443,2758,2025-10-07T06:21:40Z,,265.82,265.82,2,WINTER-FLYER,pending_hold
313448,2758,2025-10-26T11:53:30Z,,2555.37,2555.37,4,NONE,canceled
313451,2765,2025-10-27T11:17:18Z,,1453.91,,5,LUX-R6,paid
313453,2766,2025-10-21T14:48:03Z,,1011.89,1011.89,3,NONE,paid
313469,2784,2025-10-09T09:39:08Z,,3440.05,,5,,pending_hold
313473,2787,2025-10-25T11:56:49Z,,3706.36,,10,,pending_hold
313474,2787,2025/10/18 12:43,,5596.32,5596.32,9,NONE,pending_hold
313485,2802,2025-10-11T07:14:00Z,,2321.93,,4,WINTER-FLYER,paid
313491,2807,2025-10-09T06:45:31Z,,5038.82,,13,WINTER-FLYER,paid
313500,1002,2025-11-19T10:05:22Z,,4550.91,,8,NONE,pending_hold
313506,1014,2025-11-03T12:00:12Z,,2394.11,2394.11,11,,canceled
313508,1017,2025-11-03T09:10:29Z,,751.93,,2,WINTER-FLYER,canceled
313509,1017,2025-11-06T11:23:46Z,,4321.91,,12,LUX-R6,canceled
313512,1019,2025-11-18T09:52:31Z,,3520.9,,7,NONE,shipped
313513,1020,2025-11-17T07:25:49Z,,2293.72,,5,RAMADAN-BUNDLE,shipped
313519,1024,2025-11-19T09:02:57Z,,2231.81,,5,RAMADAN-BUNDLE,paid
313524,1030,2025-11-07T06:30:43Z,,1805.53,1805.53,7,,paid
313527,1034,2025-11-19T12:24:45Z,,9607.56,,15,,paid
313529,1035,2025-11-12T09:57:26Z,,4122.5,4122.50,11,NONE,paid
313535,1039,2025-11-27T12:17:34Z,,5516.77,,7,NONE,shipped
313537,1039,2025-11-03T08:56:39Z,,2836.5,2836.50,6,,paid
313540,1041,2025-11-16T10:20:29Z,,1348.1,1348.10,4,NONE,pending_hold
313541,1041,2025-11-26T09:07:26Z,,5914.75,,13,,shipped
313543,1042,2025-11-07T10:36:29Z,,1987.55,1987.55,4,WINTER-FLYER,pending_hold
313546,1043,2025-11-11T09:35:02Z,,8705.17,,15,LUX-R6,shipped
313551,1050,2025-11-18T06:59:39Z,,5781.56,5781.56,9,LUX-R6,paid
313558,1054,2025-11-17T13:44:39Z,,4647.2,,11,,paid
313559,1055,2025-11-12T10:10:33Z,,2414.26,,5,WINTER-FLYER,paid
313560,1055,2025/11/07 11:26,,1491.43,,4,WINTER-FLYER,canceled
313564,1057,2025-11-08T10:20:13Z,,1436.26,1436.26,5,NONE,paid
313565,1058,2025-11-07T15:57:56Z,,2224.22,,2,NONE,paid
313570,1064,2025-11-11T15:34:56Z,,3525.43,3525.43,5,NONE,paid
313573,1071,2025-11-20T09:16:36Z,,5535.6,5535.60,7,WINTER-FLYER,canceled
313574,1073,2025-11-19T12:40:25Z,,2393.66,2393.66,7,,shipped
313582,1083,2025-11-15T13:13:27Z,,2202.71,2202.71,7,NONE,paid
313583,1083,2025/11/09 11:08,,14400.98,,11,,paid
313586,1085,2025-11-15T09:07:18Z,,2752.09,,4,NONE,paid
313597,1099,2025-11-22T08:47:17Z,,361.99,361.99,3,NONE,shipped
313598,1105,2025-11-01T06:13:05Z,,3273.77,3273.77,10,WINTER-FLYER,pending_hold
313601,1109,2025-11-14T08:38:45Z,,4915.77,,9,WINTER-FLYER,paid
313604,1111,2025-11-15T07:47:00Z,,2294.09,,4,NONE,pending_hold
313606,1113,2025-11-12T08:22:12Z,,3919.67,,7,NONE,paid
313610,1116,2025-11-15T07:10:18Z,,9270.6,,14,NONE,canceled
313611,1116,2025-11-01T17:25:06Z,,3757.05,,7,WINTER-FLYER,paid
313612,1117,2025-11-04T14:50:43Z,,5738.73,,5,WINTER-FLYER,paid
313614,1119,2025-11-05T13:52:27Z,,2214.31,2214.31,7,RAMADAN-BUNDLE,paid
313619,1124,2025-11-17T06:00:52Z,,3069.5,,5,,shipped
313622,1128,2025-11-03T06:30:14Z,,1972.82,1972.82,5,LUX-R6,pending_hold
313624,1128,2025-11-21T11:56:41Z,,3104.21,,12,RAMADAN-BUNDLE,shipped
313629,1137,2025-11-22T10:47:57Z,,4027.62,4027.62,12,LUX-R6,canceled
313634,1145,2025-11-23T14:35:40Z,,3226.16,3226.16,10,NONE,paid
313639,1151,2025-11-05T10:09:06Z,,2714.04,,4,NONE,shipped
313643,1156,2025-11-24T08:47:17Z,,2579.95,2579.95,3,,paid
313645,1160,2025-11-13T09:29:34Z,,6826.29,,11,LUX-R6,paid
313646,1160,2025-11-16T09:09:26Z,,2608.34,2608.34,7,NONE,shipped
313647,1162,2025-11-03T06:39:13Z,,2081.91,,7,NONE,shipped
313648,1164,2025-11-19T16:23:43Z,,2542.14,2542.14,5,WINTER-FLYER,canceled
313651,1168,2025/11/09 11:47,,1162.93,,4,LUX-R6,paid
313653,1169,2025-11-15T06:29:53Z,,1338.69,1338.69,3,NONE,canceled
313657,1175,2025-11-16T09:44:12Z,,6623.11,6623.11,9,LUX-R6,shipped
313660,1181,2025-11-05T07:27:45Z,,7839.5,,8,NONE,canceled
313669,1187,2025/11/04 13:17,,2323.82,2323.82,4,NONE,paid
313671,1188,2025-11-21T10:16:08Z,,9463.73,,9,LUX-R6,shipped
313672,1188,2025-11-06T09:37:18Z,,2459.56,,7,WINTER-FLYER,canceled
313674,1189,2025-11-06T13:40:49Z,,3479.24,3479.24,6,LUX-R6,pending_hold
313675,1190,2025-11-17T08:39:31Z,,2943.35,,9,LUX-R6,canceled
313680,1194,2025-11-20T09:49:08Z,,4942.14,4942.14,7,LUX-R6,paid
313686,1197,2025-11-06T13:38:45Z,,502.05,,2,,pending_hold
313687,1198,2025-11-14T13:59:08Z,,3805.95,3805.95,10,LUX-R6,paid
313689,1199,2025-11-20T10:33:27Z,,3869.68,,3,NONE,paid
313694,1199,2025-11-23T12:23:08Z,,8344.55,8344.55,10,NONE,shipped
313697,1201,2025-11-18T07:36:34Z,,3703.66,,6,NONE,paid
313702,1209,2025-11-24T13:28:48Z,,2162.93,,7,NONE,paid
313703,1212,2025-11-22T07:31:58Z,,1532.21,,5,RAMADAN-BUNDLE,canceled
313707,1216,2025-11-13T07:29:54Z,,5413.33,5413.33,7,LUX-R6,shipped
313708,1218,2025-11-11T08:04:29Z,,5994.93,,7,RAMADAN-BUNDLE,pending_hold
313711,1224,2025-11-01T07:37:49Z,,2883.13,,11,WINTER-FLYER,paid
313713,1227,2025-11-05T08:33:25Z,,3221.94,,6,WINTER-FLYER,pending_hold
313714,1227,2025/11/20 11:03,,2891.73,2891.73,8,,shipped
313719,1230,2025-11-05T10:52:12Z,,2903.18,2903.18,6,LUX-R6,canceled
313729,1240,2025-11-25T11:25:13Z,,8095.15,8095.15,11,RAMADAN-BUNDLE,canceled
313731,1243,2025-11-10T11:58:05Z,,2721.51,2721.51,4,LUX-R6,shipped
313733,1244,2025-11-01T06:42:15Z,,2295.26,2295.26,5,NONE,paid
313744,1261,2025-11-01T09:05:45Z,,3032.53,,8,RAMADAN-BUNDLE,pending_hold
313750,1265,2025-11-14T09:55:52Z,,4150.59,,9,RAMADAN-BUNDLE,paid
313751,1267,2025-11-17T13:35:49Z,,4915.28,4915.28,11,NONE,paid
313756,1271,2025-11-24T13:16:20Z,,2525.09,,7,NONE,paid
313761,1275,2025-11-03T12:10:01Z,,5720.32,,9,WINTER-FLYER,paid
313762,1275,2025/11/14 11:24,,1543.98,,4,NONE,pending_hold
313770,1284,2025-11-18T10:18:09Z,,2530.63,2530.63,5,NONE,canceled
313772,1286,2025-11-20T18:13:17Z,,4576.57,,7,,paid
313777,1292,2025-11-06T14:50:12Z,,3920.3,,7,,pending_hold
313785,1299,2025-11-18T06:50:17Z,,3674.01,3674.01,7,NONE,pending_hold
313787,1300,2025-11-12T12:10:41Z,,2208.58,2208.58,4,NONE,canceled
313794,1305,2025-11-25T11:22:13Z,,4292.98,4292.98,9,LUX-R6,paid
313795,1305,2025-11-26T15:20:19Z,,9272.22,9272.22,7,LUX-R6,canceled
313797,1308,2025-11-13T11:43:00Z,,3524.76,,9,RAMADAN-BUNDLE,canceled
313798,1309,2025-11-20T12:36:28Z,,2123.41,,9,,paid
313800,1310,2025-11-01T11:41:57Z,,2221.59,,5,NONE,pending_hold
313801,1311,2025-11-24T06:11:41Z,,4299.04,4299.04,9,LUX-R6,pending_hold
313802,1311,2025-11-02T10:40:20Z,,3108.25,3108.25,5,RAMADAN-BUNDLE,paid
313803,1312,2025-11-17T14:08:21Z,,2744.49,2744.49,7,WINTER-FLYER,pending_hold
313804,1313,2025-11-14T11:49:34Z,,2233.06,,6,NONE,paid
313805,1313,2025-11-13T11:11:29Z,,2190.55,2190.55,4,,shipped
313808,1313,2025-11-20T19:33:01Z,,2218.12,2218.12,5,RAMADAN-BUNDLE,paid
313809,1313,2025-11-13T08:09:24Z,,3102.48,3102.48,7,NONE,paid
313811,1316,2025-11-19T08:29:56Z,,3812.17,,3,NONE,paid
313815,1318,2025/11/28 08:35,,2677.88,2677.88,3,LUX-R6,canceled
313818,1319,2025-11-18T14:04:14Z,,4129.76,,6,WINTER-FLYER,canceled
313820,1320,2025/11/16 08:00,,4794.78,,8,,shipped
313821,1321,2025/11/18 08:27,,78.72,,2,WINTER-FLYER,paid
313825,1324,2025-11-25T08:17:23Z,,5392.75,,8,,canceled
313828,1330,2025-11-21T16:03:27Z,,3597.93,3597.93,8,RAMADAN-BUNDLE,paid
313830,1332,2025-11-15T09:02:35Z,,3159.76,3159.76,6,NONE,paid
313835,1337,2025-11-21T13:37:32Z,,834.94,,5,WINTER-FLYER,canceled
313842,1343,2025-11-13T10:18:44Z,,8196.99,8196.99,13,NONE,paid
313849,1348,2025-11-26T11:43:35Z,,3763.02,3763.02,9,RAMADAN-BUNDLE,paid
313851,1348,2025-11-17T08:02:13Z,,4278.81,,5,NONE,pending_hold
313854,1351,2025-11-19T15:19:49Z,,1988.55,1988.55,3,NONE,canceled
313855,1353,2025-11-15T08:13:52Z,,5362.1,5362.10,10,LUX-R6,paid
313862,1362,2025-11-24T08:59:11Z,,976.19,,2,LUX-R6,pending_hold
313864,1362,2025-11-05T08:56:42Z,,1430.96,1430.96,4,WINTER-FLYER,pending_hold
313866,1366,2025-11-19T09:47:20Z,,814.39,,2,NONE,paid
313869,1367,2025-11-09T13:32:21Z,,1387.38,,5,,paid
313873,1375,2025-11-11T06:53:02Z,,7560.93,7560.93,9,LUX-R6,shipped
313882,1380,2025-11-17T11:56:02Z,,2079.04,2079.04,6,NONE,paid
313883,1380,2025-11-14T06:01:36Z,,3240.39,,6,RAMADAN-BUNDLE,paid
313891,1386,2025-11-16T12:53:42Z,,2544.26,2544.26,7,,shipped
313895,1388,2025-11-28T06:38:51Z,,5691.6,5691.60,6,WINTER-FLYER,paid
313896,1388,2025-11-11T06:30:33Z,,5617.56,,8,RAMADAN-BUNDLE,canceled
313903,1397,2025-11-09T06:16:17Z,,1960.07,1960.07,5,NONE,paid
313906,1403,2025-11-13T07:01:13Z,,4938.97,4938.97,8,NONE,paid
313909,1407,2025-11-28T12:19:44Z,,4858.87,,10,LUX-R6,canceled
313912,1412,2025-11-19T08:18:49Z,,2012.33,2012.33,7,NONE,pending_hold
313915,1415,2025-11-05T06:39:56Z,,3636.61,3636.61,9,WINTER-FLYER,shipped
313917,1418,2025-11-23T11:10:58Z,,4375.01,,8,NONE,paid
313920,1419,2025/11/09 16:09,,3610.83,3610.83,6,NONE,canceled
313922,1421,2025-11-27T08:08:52Z,,1786.78,,4,RAMADAN-BUNDLE,canceled
313924,1422,2025-11-12T10:09:45Z,,7965.03,,8,NONE,pending_hold
313930,1426,2025-11-06T06:51:39Z,,731.63,731.63,3,RAMADAN-BUNDLE,paid
313935,1432,2025-11-06T10:58:54Z,,5335.34,5335.34,7,NONE,paid
313937,1434,2025-11-08T06:07:37Z,,2697.68,2697.68,2,NONE,paid
313939,1437,2025-11-11T14:20:50Z,,8415.77,8415.77,12,,pending_hold
313942,1439,2025-11-19T06:01:15Z,,5854.86,,6,NONE,paid
313944,1440,2025-11-25T12:04:22Z,,3290.74,,4,NONE,pending_hold
313952,1453,2025-11-21T07:34:27Z,,1598.01,,5,NONE,paid
313953,1454,2025-11-14T07:42:00Z,,6056.73,,9,WINTER-FLYER,paid
313957,1459,2025-11-13T10:12:20Z,,4376.3,,7,LUX-R6,paid
313958,1459,2025-11-12T11:08:29Z,,1367.65,,5,RAMADAN-BUNDLE,paid
313963,1465,2025-11-28T06:53:42Z,,8188.63,,13,NONE,paid
313967,1468,2025-11-25T10:44:00Z,,1264.33,1264.33,4,LUX-R6,paid
313972,1473,2025-11-06T11:35:00Z,,1439.09,1439.09,6,LUX-R6,paid
313973,1476,2025-11-22T09:16:16Z,,2230.25,2230.25,3,RAMADAN-BUNDLE,paid
313975,1476,2025-11-23T07:55:29Z,,5480.51,5480.51,9,RAMADAN-BUNDLE,shipped
313977,1478,2025-11-20T09:45:08Z,,3931.19,,6,,shipped
313978,1478,2025-11-16T10:48:25Z,,1748.7,,6,RAMADAN-BUNDLE,shipped
313979,1478,2025-11-19T07:25:40Z,,7310.54,,13,RAMADAN-BUNDLE,canceled
313980,1484,2025-11-05T09:50:10Z,,3820.13,,9,NONE,paid
313990,1497,2025-11-19T09:54:37Z,,3276.37,3276.37,4,,paid
313997,1501,2025-11-24T12:47:23Z,,2937.54,2937.54,11,RAMADAN-BUNDLE,paid
313998,1501,2025-11-01T08:40:39Z,,4469.26,4469.26,13,,paid
314002,1504,2025-11-17T07:12:29Z,,4244.69,4244.69,10,NONE,paid
314005,1510,2025-11-25T08:39:58Z,,3192.49,,3,,pending_hold
314009,1515,2025-11-23T15:22:43Z,,3915.95,3915.95,6,WINTER-FLYER,shipped
314011,1517,2025-11-13T08:29:53Z,,3986.78,,10,NONE,paid
314012,1517,2025/11/11 16:28,,3902.81,,9,NONE,paid
314017,1523,2025-11-13T10:00:48Z,,1390.85,1390.85,2,NONE,paid
314019,1524,2025-11-11T09:45:15Z,,2614.77,,6,,canceled
314020,1525,2025-11-26T13:37:52Z,,4254.64,4254.64,9,WINTER-FLYER,canceled
314023,1531,2025-11-15T10:24:27Z,,1615.57,1615.57,7,LUX-R6,shipped
314024,1533,2025-11-05T07:26:23Z,,2606.71,2606.71,8,,paid
314033,1541,2025-11-20T10:23:48Z,,1309.58,1309.58,4,WINTER-FLYER,shipped
314035,1542,2025-11-18T10:37:53Z,,2860.89,,8,,canceled
314038,1544,2025-11-06T11:54:56Z,,3630.56,3630.56,7,LUX-R6,paid
314047,1558,2025-11-25T11:22:30Z,,15636.18,,14,WINTER-FLYER,pending_hold
314050,1566,2025-11-25T14:51:39Z,,1246.06,,4,NONE,paid
314053,1566,2025-11-02T10:33:52Z,,2487.24,2487.24,4,NONE,paid
314054,1569,2025-11-11T08:50:45Z,,2967.6,,12,,paid
314061,1573,2025-11-27T06:04:49Z,,1606.89,1606.89,4,LUX-R6,paid
314067,1584,2025-11-13T06:24:03Z,,2753.89,2753.89,7,NONE,paid
314074,1589,2025-11-11T10:38:31Z,,827.99,827.99,3,WINTER-FLYER,shipped
314077,1590,2025-11-23T07:45:49Z,,2470.15,,6,LUX-R6,shipped
314078,1593,2025-11-18T08:00:05Z,,2950.25,,3,LUX-R6,pending_hold
314080,1594,2025-11-24T12:56:13Z,,1966.43,,4,WINTER-FLYER,shipped
314082,1595,2025-11-26T07:12:28Z,,6263.33,,7,NONE,paid
314088,1603,2025-11-07T10:56:06Z,,2295.11,,5,NONE,paid
314091,1605,2025-11-28T10:43:43Z,,4308.94,4308.94,15,LUX-R6,shipped
314094,1606,2025-11-28T11:33:10Z,,3998.54,3998.54,10,NONE,paid
314095,1607,2025-11-02T11:03:16Z,,2857.87,2857.87,9,,paid
314099,1614,2025-11-05T09:37:56Z,,2719.3,,6,NONE,paid
314101,1620,2025-11-22T11:58:05Z,,4950.96,,8,NONE,canceled
314112,1632,2025-11-20T10:27:10Z,,1769.44,1769.44,3,,pending_hold
314115,1635,2025-11-17T10:01:13Z,,5325.31,,15,RAMADAN-BUNDLE,pending_hold
314116,1635,2025-11-01T09:05:43Z,,5732.69,5732.69,10,NONE,paid
314118,1638,2025-11-14T06:43:51Z,,4115.99,,7,LUX-R6,paid
314119,1639,2025/11/15 16:15,,4456.66,,11,WINTER-FLYER,canceled
314121,1642,2025-11-15T13:09:03Z,,4908.75,,10,NONE,paid
314125,1648,2025/11/13 08:42,,1069.78,1069.78,6,NONE,pending_hold
314127,1649,2025/11/04 12:22,,4031.69,4031.69,7,LUX-R6,paid
314128,1649,2025-11-24T11:59:14Z,,1593.24,,4,NONE,paid
314139,1661,2025/11/24 13:20,,2080.5,2080.50,5,NONE,canceled
314141,1662,2025-11-11T08:16:23Z,,2603.42,2603.42,5,LUX-R6,paid
314147,1667,2025-11-26T10:51:31Z,,1381.86,,6,NONE,shipped
314151,1675,2025-11-13T13:26:05Z,,2589.71,2589.71,8,RAMADAN-BUNDLE,paid
314159,1685,2025-11-12T06:19:49Z,,2812.68,,4,NONE,pending_hold
314160,1686,2025-11-21T10:47:16Z,,596.3,,2,LUX-R6,shipped
314162,1686,2025-11-19T11:41:27Z,,2479.23,,7,WINTER-FLYER,paid
314163,1687,2025-11-20T08:43:16Z,,3448.02,3448.02,7,WINTER-FLYER,paid
314166,1691,2025-11-12T11:15:41Z,,3782.71,3782.71,8,NONE,paid
314167,1695,2025-11-15T06:34:25Z,,1299.6,1299.60,4,NONE,shipped
314169,1697,2025/11/04 11:49,,3258.69,3258.69,9,NONE,shipped
314170,1697,2025-11-13T13:02:02Z,,4214.89,4214.89,7,RAMADAN-BUNDLE,paid
314171,1699,2025-11-27T07:23:53Z,,2786.9,2786.90,5,WINTER-FLYER,paid
314172,1699,2025-11-13T12:29:41Z,,1762.76,1762.76,5,NONE,pending_hold
314173,1699,2025-11-02T06:09:27Z,,4380.7,,8,RAMADAN-BUNDLE,shipped
314174,1701,2025-11-02T06:31:00Z,,4245.9,,10,RAMADAN-BUNDLE,paid
314178,1709,2025/11/05 14:36,,3029.28,3029.28,4,NONE,shipped
314179,1711,2025-11-16T06:30:57Z,,3144.74,,11,WINTER-FLYER,paid
314181,1715,2025-11-18T11:20:59Z,,2800.12,2800.12,7,WINTER-FLYER,paid
314186,1723,2025-11-17T09:42:19Z,,8297.8,8297.80,10,NONE,paid
314192,1728,2025-11-22T12:08:49Z,,4823.74,4823.74,9,WINTER-FLYER,shipped
314197,1740,2025-11-24T10:09:39Z,,1760.97,1760.97,5,,paid
314202,1746,2025-11-07T08:25:21Z,,2982.59,,5,NONE,shipped
314205,1749,2025-11-26T08:29:21Z,,3018.31,3018.31,8,NONE,pending_hold
314211,1756,2025-11-18T08:29:40Z,,5621.28,,8,NONE,paid
314212,1756,2025-11-21T09:03:04Z,,4665.09,,7,LUX-R6,paid
314224,1774,2025/11/20 10:52,,1018.42,1018.42,4,LUX-R6,paid
314229,1781,2025-11-16T14:24:52Z,,9241.21,9241.21,15,NONE,canceled
314234,1784,2025-11-13T09:58:38Z,,3622.8,3622.80,5,LUX-R6,paid
314237,1787,2025-11-21T11:45:19Z,,3594.68,,8,WINTER-FLYER,paid
314246,1800,2025-11-02T06:21:05Z,,3049.89,,6,NONE,shipped
314247,1800,2025-11-08T12:55:14Z,,4311.25,,11,LUX-R6,canceled
314250,1803,2025-11-24T07:38:46Z,,2068.87,2068.87,7,NONE,paid
314251,1805,2025-11-14T09:59:41Z,,1152.22,,5,,paid
314254,1808,2025-11-19T09:01:15Z,,6919.57,,10,LUX-R6,paid
314255,1809,2025-11-16T08:42:57Z,,3698.78,3698.78,4,NONE,paid
314257,1810,2025-11-24T07:48:12Z,,8781.84,8781.84,8,NONE,canceled
314258,1812,2025-11-23T10:09:20Z,,1180.07,1180.07,2,NONE,canceled
314261,1816,2025-11-22T06:45:44Z,,4299.95,,10,,paid
314273,1829,2025-11-21T11:26:14Z,,2595.8,,2,WINTER-FLYER,paid
314292,1853,2025-11-23T13:07:46Z,,3600.16,,4,RAMADAN-BUNDLE,paid
314294,1857,2025-11-14T12:31:13Z,,2826.97,2826.97,9,NONE,paid
314295,1857,2025-11-09T10:40:54Z,,6211.68,,8,NONE,paid
314301,1862,2025-11-23T08:11:54Z,,2314.1,,6,NONE,paid
314303,1863,2025-11-13T14:47:42Z,,4111.97,,9,NONE,paid
314311,1869,2025-11-04T17:43:51Z,,3172.42,3172.42,7,NONE,paid
314315,1872,2025-11-19T08:14:28Z,,5048.46,5048.46,8,NONE,canceled
314316,1874,2025-11-24T11:01:53Z,,2951.9,,8,RAMADAN-BUNDLE,pending_hold
314323,1879,2025-11-04T11:36:26Z,,2306.49,2306.49,9,NONE,paid
314324,1881,2025-11-17T10:23:58Z,,7131.78,7131.78,10,,canceled
314326,1882,2025-11-03T08:03:07Z,,2870.45,2870.45,5,RAMADAN-BUNDLE,paid
314335,1892,2025-11-27T14:54:22Z,,6843.3,,10,NONE,paid
314339,1897,2025-11-17T09:16:15Z,,3939.77,3939.77,9,NONE,paid
314344,1904,2025-11-03T09:54:48Z,,5111.42,,7,NONE,shipped
314346,1907,2025-11-02T14:21:18Z,,1300.98,,2,,shipped
314347,1908,2025-11-15T07:20:20Z,,2764.41,,6,,paid
314348,1909,2025-11-13T06:57:48Z,,3626.39,3626.39,4,NONE,pending_hold
314349,1909,2025-11-19T12:34:43Z,,5892.75,,10,NONE,canceled
314350,1910,2025-11-01T17:57:39Z,,6783.62,6783.62,10,NONE,paid
314352,1912,2025-11-02T08:11:05Z,,5418.18,5418.18,8,WINTER-FLYER,paid
314354,1914,2025-11-09T07:59:06Z,,3535.27,,5,NONE,paid
314361,1924,2025-11-13T12:32:28Z,,4884.33,4884.33,2,RAMADAN-BUNDLE,shipped
314363,1926,2025-11-20T09:29:50Z,,2349.81,,6,LUX-R6,canceled
314380,1945,2025-11-15T06:31:34Z,,4306.17,,6,RAMADAN-BUNDLE,canceled
314382,1946,2025-11-10T10:00:03Z,,4682.62,4682.62,6,,paid
314383,1949,2025-11-06T08:46:15Z,,3348.18,3348.18,7,NONE,pending_hold
314384,1950,2025-11-07T13:47:33Z,,2377.8,,8,NONE,paid
314392,1957,2025-11-24T10:22:04Z,,2358.01,2358.01,7,LUX-R6,pending_hold
314397,1960,2025-11-17T08:09:18Z,,5067.25,,14,,paid
314399,1961,2025-11-05T18:24:33Z,,7542.08,,10,NONE,canceled
314402,1961,2025-11-01T17:34:19Z,,5386.11,,7,LUX-R6,pending_hold
314403,1962,2025-11-15T10:27:25Z,,6486.08,,10,RAMADAN-BUNDLE,canceled
314408,1968,2025-11-10T09:18:50Z,,4745.25,4745.25,5,NONE,shipped
314412,1974,2025-11-21T10:04:30Z,,3870.73,3870.73,7,,pending_hold
314414,1974,2025-11-15T08:56:11Z,,6138.98,6138.98,10,RAMADAN-BUNDLE,shipped
314415,1974,2025-11-21T11:18:03Z,,1928.99,,5,RAMADAN-BUNDLE,paid
314420,1981,2025-11-14T09:09:11Z,,2692.75,,5,RAMADAN-BUNDLE,paid
314423,1981,2025-11-15T09:10:17Z,,2996.65,,7,,paid
314425,1986,2025-11-12T15:54:35Z,,1411.13,1411.13,5,LUX-R6,paid
314429,1990,2025-11-05T06:41:29Z,,4315.37,,9,RAMADAN-BUNDLE,paid
314430,1991,2025-11-28T08:24:44Z,,3769.58,,10,NONE,canceled
314432,1992,2025-11-19T10:09:31Z,,2354.63,2354.63,4,WINTER-FLYER,paid
314433,1993,2025-11-03T10:30:40Z,,5313.6,,8,NONE,paid
314436,1993,2025-11-01T13:28:18Z,,583.11,583.11,2,RAMADAN-BUNDLE,paid
314437,1994,2025-11-14T11:52:50Z,,2903.55,2903.55,8,RAMADAN-BUNDLE,paid
314441,1996,2025-11-21T11:52:13Z,,3785.04,3785.04,8,NONE,shipped
314442,1996,2025-11-03T09:52:41Z,,2851.0,2851.00,5,,paid
314444,1998,2025-11-28T13:40:31Z,,5594.57,5594.57,5,,shipped
314446,1999,2025-11-09T06:06:04Z,,1809.25,,3,RAMADAN-BUNDLE,shipped
314451,2012,2025-11-09T10:17:47Z,,1463.5,,4,LUX-R6,paid
314461,2042,2025-11-17T09:29:54Z,,4313.49,,6,WINTER-FLYER,canceled
314463,2044,2025-11-17T09:55:54Z,,3911.49,,6,NONE,paid
314464,2044,2025-11-21T10:56:16Z,,6369.89,,13,LUX-R6,paid
314465,2047,2025-11-25T12:51:16Z,,3904.4,3904.40,12,RAMADAN-BUNDLE,canceled
314467,2050,2025/11/02 13:22,,1420.42,1420.42,5,LUX-R6,shipped
314469,2052,2025-11-09T07:34:38Z,,2349.28,2349.28,4,NONE,pending_hold
314475,2055,2025-11-15T11:15:55Z,,737.0,,3,NONE,paid
314477,2055,2025-11-14T07:02:31Z,,3007.94,,8,LUX-R6,canceled
314478,2058,2025-11-13T08:56:28Z,,1946.78,,5,LUX-R6,paid
314484,2061,2025-11-10T09:03:41Z,,3547.89,,4,LUX-R6,pending_hold
314485,2063,2025-11-28T11:14:11Z,,2514.75,,9,RAMADAN-BUNDLE,pending_hold
314489,2070,2025-11-21T12:16:52Z,,2470.86,,5,WINTER-FLYER,pending_hold
314491,2073,2025-11-17T07:06:00Z,,5412.98,5412.98,10,NONE,paid
314496,2076,2025-11-13T12:02:28Z,,6130.09,,9,NONE,paid
314500,2087,2025-11-06T08:32:54Z,,6509.7,6509.70,11,LUX-R6,pending_hold
314505,2091,2025-11-18T06:02:01Z,,6706.75,,10,NONE,paid
314510,2101,2025-11-05T11:37:54Z,,4015.35,4015.35,10,NONE,paid
314512,2104,2025-11-21T13:15:00Z,,3900.36,3900.36,10,,shipped
314516,2107,2025-11-27T13:41:07Z,,2304.94,2304.94,8,,paid
314519,2108,2025-11-24T06:51:58Z,,578.33,578.33,5,LUX-R6,canceled
314522,2114,2025/11/13 10:35,,1311.78,,4,NONE,paid
314525,2117,2025-11-23T09:22:51Z,,5924.32,5924.32,8,WINTER-FLYER,paid
314526,2119,2025-11-18T10:21:13Z,,2119.43,2119.43,6,WINTER-FLYER,paid
314534,2123,2025-11-16T07:10:04Z,,5688.98,,12,NONE,canceled
314535,2124,2025-11-20T11:09:47Z,,5801.4,5801.40,11,RAMADAN-BUNDLE,shipped
314536,2124,2025-11-17T12:51:25Z,,563.0,,2,NONE,canceled
314538,2126,2025/11/17 10:37,,6085.51,,12,LUX-R6,paid
314539,2132,2025-11-18T08:06:09Z,,2328.78,,2,RAMADAN-BUNDLE,pending_hold
314540,2132,2025-11-16T07:37:32Z,,2698.55,,4,,paid
314541,2135,2025-11-13T07:21:05Z,,6108.75,,10,WINTER-FLYER,paid
314542,2135,2025-11-08T08:57:20Z,,2683.95,2683.95,9,NONE,canceled
314545,2145,2025-11-10T13:47:08Z,,5604.37,5604.37,8,NONE,pending_hold
314546,2145,2025-11-18T11:23:00Z,,3323.78,,3,LUX-R6,canceled
314551,2148,2025-11-04T07:43:08Z,,4468.94,,13,NONE,paid
314552,2148,2025-11-17T11:01:07Z,,3014.97,,7,NONE,pending_hold
314556,2153,2025-11-12T06:32:30Z,,5887.52,,10,RAMADAN-BUNDLE,canceled
314560,2155,2025-11-03T09:06:59Z,,3261.27,3261.27,6,NONE,shipped
314561,2156,2025-11-27T09:45:07Z,,1300.77,,4,,paid
314562,2157,2025-11-14T11:00:32Z,,6731.77,6731.77,11,WINTER-FLYER,pending_hold
314567,2163,2025-11-11T07:30:56Z,,2243.23,,5,,canceled
314569,2167,2025-11-03T12:06:06Z,,7034.63,7034.63,10,,paid
314571,2168,2025-11-15T12:48:31Z,,183.41,183.41,4,RAMADAN-BUNDLE,paid
314575,2173,2025-11-10T07:37:51Z,,788.4,,6,RAMADAN-BUNDLE,paid
314578,2173,2025/11/23 13:37,,12000.2,,10,RAMADAN-BUNDLE,paid
314579,2174,2025-11-17T06:09:55Z,,1884.04,1884.04,5,RAMADAN-BUNDLE,canceled
314580,2174,2025-11-21T14:48:45Z,,6130.96,6130.96,8,LUX-R6,paid
314584,2179,2025-11-12T09:51:46Z,,1800.61,,7,,paid
314587,2181,2025-11-14T11:11:16Z,,1093.75,1093.75,7,NONE,paid
314589,2182,2025-11-06T18:12:02Z,,8183.94,8183.94,6,RAMADAN-BUNDLE,pending_hold
314592,2183,2025-11-26T15:30:57Z,,3717.23,3717.23,8,RAMADAN-BUNDLE,shipped
314594,2185,2025-11-02T08:58:02Z,,2932.92,2932.92,7,NONE,paid
314596,2186,2025-11-19T12:34:17Z,,1934.86,,6,,pending_hold
314597,2186,2025-11-11T12:36:53Z,,3814.17,,9,NONE,paid
314598,2186,2025-11-03T09:07:49Z,,2001.7,2001.70,6,WINTER-FLYER,paid
314604,2198,2025/11/27 16:36,,2049.46,2049.46,6,NONE,shipped
314611,2205,2025-11-22T13:15:04Z,,1745.33,,6,NONE,paid
314614,2206,2025-11-21T11:35:12Z,,2240.31,,8,NONE,shipped
314617,2207,2025-11-22T08:19:33Z,,6975.38,,7,LUX-R6,paid
314622,2213,2025/11/15 08:03,,5200.13,,10,RAMADAN-BUNDLE,paid
314623,2214,2025-11-22T13:13:16Z,,7295.35,,8,RAMADAN-BUNDLE,paid
314631,2221,2025-11-24T18:04:33Z,,1460.31,,4,NONE,paid
314634,2224,2025-11-11T09:00:15Z,,1773.37,,8,WINTER-FLYER,pending_hold
314635,2224,2025-11-13T08:04:18Z,,3698.96,3698.96,7,WINTER-FLYER,paid
314637,2228,2025-11-28T14:59:23Z,,5054.97,5054.97,14,,paid
314639,2231,2025-11-19T09:18:58Z,,548.36,548.36,4,,canceled
314640,2231,2025-11-14T10:09:01Z,,3479.07,,3,WINTER-FLYER,paid
314642,2233,2025-11-19T11:56:03Z,,3969.89,,4,,paid
314646,2235,2025-11-18T10:03:01Z,,4148.68,4148.68,7,,paid
314647,2235,2025-11-07T16:15:19Z,,3070.67,3070.67,6,NONE,pending_hold
314651,2236,2025-11-07T11:28:33Z,,2716.7,,9,NONE,paid
314652,2236,2025-11-24T15:32:57Z,,4272.06,,4,RAMADAN-BUNDLE,paid
314657,2242,2025-11-17T08:29:56Z,,5917.7,5917.70,8,,paid
314659,2246,2025-11-06T10:27:37Z,,5275.54,,9,WINTER-FLYER,paid
314661,2249,2025-11-07T10:52:54Z,,4019.38,,6,WINTER-FLYER,paid
314664,2251,2025-11-24T07:40:00Z,,4079.82,,8,WINTER-FLYER,paid
314667,2252,2025-11-13T08:52:57Z,,2160.83,2160.83,8,NONE,canceled
314674,2259,2025-11-20T08:19:42Z,,935.01,935.01,5,,canceled
314677,2264,2025-11-28T10:11:24Z,,9074.91,,11,LUX-R6,shipped
314678,2266,2025-11-28T14:33:13Z,,3102.49,3102.49,5,NONE,canceled
314680,2268,2025-11-02T08:31:54Z,,6284.54,,7,WINTER-FLYER,canceled
314684,2272,2025-11-24T10:14:59Z,,3364.56,3364.56,4,NONE,shipped
314686,2273,2025/11/26 08:19,,1602.65,,7,LUX-R6,paid
314687,2274,2025-11-19T09:36:10Z,,2013.83,,2,NONE,shipped
314691,2276,2025-11-06T09:40:59Z,,2547.82,,5,,canceled
314700,2285,2025-11-02T10:46:54Z,,4603.75,,10,NONE,pending_hold
314703,2293,2025-11-02T12:30:26Z,,2297.37,2297.37,7,NONE,shipped
314706,2294,2025-11-09T15:18:37Z,,3566.17,3566.17,5,LUX-R6,paid
314708,2298,2025-11-27T17:23:48Z,,7127.96,7127.96,5,RAMADAN-BUNDLE,paid
314710,2300,2025-11-23T10:07:34Z,,6467.67,,8,RAMADAN-BUNDLE,canceled
314721,2309,2025-11-17T10:14:44Z,,3717.3,3717.30,6,NONE,pending_hold
314722,2310,2025-11-16T09:37:05Z,,2435.82,,5,NONE,pending_hold
314738,2324,2025-11-02T09:16:32Z,,2060.77,2060.77,5,LUX-R6,canceled
314741,2328,2025-11-19T09:21:06Z,,4719.95,4719.95,7,NONE,paid
314747,2332,2025-11-06T13:44:45Z,,3616.1,,8,NONE,paid
314751,2334,2025-11-08T11:34:04Z,,2566.73,,8,,paid
314752,2336,2025-11-02T12:30:49Z,,4099.14,,9,NONE,canceled
314753,2336,2025-11-12T09:04:06Z,,1697.16,,3,NONE,pending_hold
314759,2343,2025-11-17T11:53:29Z,,2553.19,2553.19,9,WINTER-FLYER,shipped
314762,2347,2025-11-01T09:12:33Z,,7253.78,,15,NONE,paid
314765,2347,2025-11-15T10:37:42Z,,1810.06,,5,RAMADAN-BUNDLE,paid
314771,2350,2025-11-07T11:18:14Z,,6427.06,6427.06,8,,canceled
314780,2358,2025-11-12T11:28:14Z,,4799.69,4799.69,9,,paid
314781,2358,2025-11-11T10:16:36Z,,1387.97,1387.97,2,NONE,canceled
314782,2359,2025-11-25T11:05:05Z,,4767.87,,8,RAMADAN-BUNDLE,paid
314783,2360,2025-11-03T13:23:13Z,,2697.66,,8,NONE,canceled
314784,2362,2025-11-06T10:35:26Z,,2286.19,,5,LUX-R6,paid
314792,2367,2025-11-14T12:06:49Z,,4002.32,4002.32,10,,paid
314796,2371,2025-11-19T08:07:38Z,,11355.01,,9,WINTER-FLYER,paid
314799,2379,2025-11-22T11:25:08Z,,1884.49,1884.49,5,LUX-R6,shipped
314806,2390,2025-11-10T06:59:14Z,,4936.2,,5,WINTER-FLYER,canceled
314814,2396,2025-11-01T06:52:52Z,,1774.15,1774.15,7,NONE,shipped
314818,2399,2025-11-28T12:59:32Z,,5077.72,,9,,paid
314822,2403,2025-11-01T10:29:10Z,,4029.58,,7,NONE,canceled
314826,2406,2025-11-08T07:34:19Z,,1413.35,,4,,shipped
314828,2407,2025-11-11T11:18:04Z,,7991.17,,12,,canceled
314829,2407,2025-11-10T12:28:56Z,,4047.59,4047.59,7,NONE,paid
314830,2407,2025-11-19T08:27:32Z,,1728.21,1728.21,6,NONE,pending_hold
314832,2412,2025-11-07T07:43:17Z,,4954.11,,9,LUX-R6,paid
314836,2417,2025-11-24T10:09:26Z,,2124.59,,5,NONE,shipped
314838,2418,2025/11/13 16:03,,8456.38,8456.38,8,NONE,canceled
314839,2419,2025-11-14T08:44:31Z,,4341.07,4341.07,8,,paid
314840,2420,2025-11-27T13:03:18Z,,2812.88,,4,NONE,paid
314841,2420,2025-11-17T13:01:46Z,,4071.82,4071.82,7,,shipped
314845,2429,2025-11-22T13:51:16Z,,7768.48,,15,LUX-R6,canceled
314851,2432,2025-11-09T08:36:28Z,,2871.99,,7,LUX-R6,shipped
314852,2433,2025/11/10 08:57,,2570.47,2570.47,5,,paid
314857,2444,2025-11-08T12:10:23Z,,1525.56,1525.56,4,WINTER-FLYER,paid
314860,2447,2025-11-05T06:50:16Z,,1208.87,,4,WINTER-FLYER,paid
314865,2459,2025-11-21T06:35:43Z,,1183.33,,2,,paid
314866,2460,2025/11/14 13:18,,4139.12,4139.12,13,NONE,paid
314867,2460,2025-11-15T09:26:34Z,,3643.64,,5,WINTER-FLYER,shipped
314880,2475,2025-11-13T10:34:09Z,,469.27,469.27,3,LUX-R6,shipped
314883,2483,2025-11-20T06:09:28Z,,7374.43,,12,LUX-R6,paid
314893,2495,2025-11-13T12:20:24Z,,4220.28,,6,,paid
314894,2495,2025/11/23 14:34,,7992.91,,11,,paid
314895,2496,2025-11-24T07:52:29Z,,2271.41,,2,WINTER-FLYER,pending_hold
314898,2498,2025-11-07T10:18:07Z,,1311.85,1311.85,5,,shipped
314900,2498,2025-11-02T08:35:45Z,,709.15,,3,WINTER-FLYER,pending_hold
314902,2499,2025-11-28T11:02:33Z,,8569.94,8569.94,12,LUX-R6,paid
314905,2506,2025-11-02T06:51:31Z,,5993.31,,9,NONE,shipped
314907,2506,2025-11-06T06:42:50Z,,9289.48,9289.48,11,NONE,paid
314908,2507,2025-11-25T11:29:48Z,,1573.59,,3,RAMADAN-BUNDLE,pending_hold
314913,2510,2025-11-02T14:55:33Z,,3573.54,3573.54,10,NONE,paid
314914,2510,2025-11-16T10:04:12Z,,4542.51,4542.51,11,RAMADAN-BUNDLE,shipped
314918,2515,2025-11-28T12:41:25Z,,3821.44,3821.44,6,,paid
314922,2517,2025-11-08T09:23:43Z,,3677.69,3677.69,7,,paid
314923,2517,2025-11-09T12:30:37Z,,2607.73,,7,NONE,pending_hold
314926,2520,2025-11-18T13:16:18Z,,5822.47,5822.47,11,RAMADAN-BUNDLE,paid
314929,2523,2025-11-14T08:56:54Z,,4520.38,4520.38,6,LUX-R6,shipped
314930,2530,2025-11-14T12:16:47Z,,2651.12,2651.12,2,,canceled
314935,2533,2025-11-13T08:42:04Z,,2908.25,,9,WINTER-FLYER,paid
314941,2541,2025/11/06 08:35,,2111.02,2111.02,4,LUX-R6,paid
314948,2545,2025-11-14T14:35:18Z,,3620.51,,5,LUX-R6,pending_hold
314950,2548,2025-11-24T06:29:35Z,,2432.06,2432.06,7,NONE,paid
314957,2552,2025-11-03T16:59:31Z,,7954.7,7954.70,15,NONE,paid
314960,2557,2025-11-15T09:20:51Z,,3485.14,,11,WINTER-FLYER,shipped
314961,2558,2025-11-06T08:59:02Z,,2918.02,2918.02,5,NONE,canceled
314964,2560,2025-11-08T06:11:51Z,,4999.75,,8,WINTER-FLYER,canceled
314968,2573,2025/11/23 08:33,,6224.29,6224.29,11,RAMADAN-BUNDLE,paid
314969,2574,2025-11-04T12:17:01Z,,4505.28,4505.28,10,WINTER-FLYER,shipped
314975,2580,2025-11-26T17:26:29Z,,531.51,,6,RAMADAN-BUNDLE,paid
314978,2582,2025-11-21T15:09:36Z,,2186.59,,7,RAMADAN-BUNDLE,paid
314980,2587,2025-11-11T07:11:15Z,,3764.23,,6,NONE,canceled
314983,2593,2025-11-28T11:01:25Z,,1639.53,1639.53,4,LUX-R6,pending_hold
314985,2594,2025-11-26T13:11:12Z,,2832.25,2832.25,7,NONE,paid
314989,2599,2025-11-16T12:08:42Z,,3418.99,,6,NONE,paid
314997,2608,2025-11-28T09:01:23Z,,7307.97,7307.97,10,RAMADAN-BUNDLE,paid
315004,2615,2025-11-09T10:32:18Z,,4153.21,4153.21,13,NONE,pending_hold
315008,2622,2025/11/18 10:41,,1096.52,,6,RAMADAN-BUNDLE,shipped
315011,2625,2025-11-06T06:09:06Z,,3097.66,,10,,paid
315018,2628,2025-11-16T10:56:06Z,,5121.62,,10,WINTER-FLYER,canceled
315020,2631,2025-11-01T14:53:41Z,,8314.69,,14,WINTER-FLYER,shipped
315021,2633,2025-11-15T12:12:31Z,,8795.76,,14,NONE,paid
315023,2636,2025-11-27T10:09:26Z,,1000.51,1000.51,2,,pending_hold
315024,2637,2025-11-14T09:18:02Z,,5383.95,,6,,canceled
315028,2638,2025-11-26T09:50:52Z,,2188.04,,5,RAMADAN-BUNDLE,paid
315029,2642,2025-11-09T07:25:26Z,,2686.45,,9,WINTER-FLYER,paid
315031,2644,2025-11-09T11:25:56Z,,3484.97,,6,LUX-R6,paid
315038,2654,2025-11-06T12:04:56Z,,960.42,960.42,5,RAMADAN-BUNDLE,pending_hold
315041,2656,2025/11/23 09:50,,1151.31,,2,LUX-R6,pending_hold
315043,2657,2025/11/24 13:08,,2862.94,2862.94,12,,pending_hold
315046,2658,2025-11-25T10:34:20Z,,3479.46,3479.46,7,NONE,paid
315050,2661,2025-11-05T06:38:54Z,,7679.18,,8,LUX-R6,pending_hold
315055,2666,2025-11-15T08:39:28Z,,7480.3,7480.30,12,RAMADAN-BUNDLE,paid
315057,2667,2025-11-15T14:38:03Z,,1634.38,,9,NONE,paid
315062,2675,2025-11-01T10:36:21Z,,3797.12,,8,WINTER-FLYER,pending_hold
315066,2683,2025-11-09T13:30:18Z,,7112.07,7112.07,12,NONE,canceled
315067,2684,2025-11-24T07:15:10Z,,6819.15,6819.15,8,,canceled
315069,2685,2025-11-27T11:51:11Z,,2435.0,,3,RAMADAN-BUNDLE,paid
315078,2691,2025-11-15T10:11:21Z,,4103.66,,12,,paid
315079,2693,2025-11-04T11:30:41Z,,2302.83,2302.83,7,LUX-R6,paid
315083,2693,2025-11-15T13:29:24Z,,5088.24,5088.24,6,NONE,paid
315084,2693,2025/11/17 10:24,,1983.1,1983.10,6,LUX-R6,paid
315087,2696,2025-11-02T07:01:14Z,,6094.72,6094.72,10,LUX-R6,pending_hold
315093,2703,2025-11-03T11:06:59Z,,9520.35,9520.35,13,NONE,canceled
315096,2706,2025-11-13T11:28:55Z,,10555.99,10555.99,11,NONE,shipped
315119,2739,2025-11-03T13:50:52Z,,14687.54,14687.54,14,RAMADAN-BUNDLE,paid
315120,2739,2025-11-27T10:07:08Z,,2497.42,,7,RAMADAN-BUNDLE,paid
315122,2741,2025-11-06T10:21:57Z,,4325.69,,9,RAMADAN-BUNDLE,paid
315124,2742,2025-11-07T09:37:25Z,,2171.75,,6,LUX-R6,paid
315126,2742,2025-11-28T06:17:07Z,,1311.93,1311.93,2,RAMADAN-BUNDLE,paid
315129,2744,2025-11-19T12:28:17Z,,4253.13,,7,NONE,shipped
315132,2747,2025-11-08T06:11:44Z,,6287.5,6287.50,6,NONE,paid
315133,2748,2025-11-01T08:32:25Z,,5109.74,,10,LUX-R6,paid
315137,2752,2025-11-04T06:31:24Z,,2504.22,2504.22,6,NONE,canceled
315141,2765,2025-11-14T11:09:27Z,,3343.71,,6,WINTER-FLYER,paid
315143,2771,2025-11-25T07:32:31Z,,3671.67,,9,LUX-R6,canceled
315144,2771,2025-11-23T09:25:48Z,,2426.59,,10,LUX-R6,pending_hold
315146,2773,2025-11-26T09:36:49Z,,5670.2,5670.20,14,NONE,shipped
315147,2774,2025-11-27T13:28:27Z,,446.64,446.64,5,RAMADAN-BUNDLE,paid
315152,2780,2025-11-25T08:52:05Z,,2637.7,2637.70,6,,paid
315154,2782,2025/11/14 15:07,,1939.39,,5,NONE,pending_hold
315158,2785,2025-11-03T11:48:25Z,,1295.8,1295.80,5,NONE,paid
315159,2787,2025-11-18T11:46:42Z,,2235.29,2235.29,6,LUX-R6,canceled
315163,2790,2025-11-05T10:43:18Z,,1865.29,1865.29,5,,paid
315166,2791,2025-11-16T11:14:33Z,,2495.26,2495.26,5,RAMADAN-BUNDLE,paid
315168,2793,2025-11-16T08:53:57Z,,7601.33,7601.33,11,LUX-R6,canceled
315169,2795,2025-11-15T12:30:57Z,,3332.67,3332.67,7,RAMADAN-BUNDLE,shipped
315170,2797,2025-11-07T11:37:25Z,,2608.91,,8,NONE,canceled
315171,2797,2025-11-18T08:33:00Z,,2642.22,2642.22,7,,shipped
315175,2806,2025/11/18 11:12,,4114.2,,10,RAMADAN-BUNDLE,canceled
315177,2810,2025-11-08T10:19:13Z,,5652.27,,9,RAMADAN-BUNDLE,paid
315178,2810,2025-11-06T12:18:44Z,,3515.18,,7,LUX-R6,paid
315185,1004,2025-12-26T06:19:01Z,,4741.31,,8,LUX-R6,paid
315202,1024,2025-12-19T11:45:36Z,,9183.2,,15,NONE,canceled
315203,1026,2025-12-19T07:32:04Z,,3231.77,,8,LUX-R6,paid
315204,1028,2025-12-09T11:58:12Z,,6607.28,6607.28,7,RAMADAN-BUNDLE,paid
315209,1031,2025-12-02T14:04:45Z,,3701.49,3701.49,15,LUX-R6,paid
315218,1039,2025-12-05T09:29:10Z,,4215.18,,6,NONE,canceled
315222,1045,2025-12-17T11:34:18Z,,1891.9,1891.90,4,LUX-R6,paid
315223,1048,2025-12-19T10:48:34Z,,2884.72,,4,LUX-R6,pending_hold
315229,1056,2025-12-21T08:46:08Z,,2095.28,,9,,canceled
315230,1058,2025-12-14T14:02:06Z,,3934.63,3934.63,5,LUX-R6,paid
315234,1063,2025-12-11T07:11:09Z,,4459.72,4459.72,7,NONE,shipped
315240,1065,2025-12-28T11:35:32Z,,5108.43,,14,NONE,canceled
315243,1070,2025-12-07T14:35:35Z,,2804.57,2804.57,7,WINTER-FLYER,shipped
315255,1082,2025-12-20T11:04:31Z,,1760.72,,3,NONE,pending_hold
315258,1083,2025-12-08T10:03:56Z,,4161.07,4161.07,8,WINTER-FLYER,paid
315261,1084,2025-12-28T16:14:38Z,,4093.29,,10,NONE,paid
315262,1085,2025-12-06T08:53:03Z,,1928.12,,2,RAMADAN-BUNDLE,paid
315265,1087,2025-12-26T07:22:15Z,,6270.17,6270.17,8,LUX-R6,paid
315268,1090,2025-12-26T08:09:29Z,,4168.21,4168.21,10,WINTER-FLYER,paid
315271,1095,2025-12-12T07:02:57Z,,2576.48,,6,,pending_hold
315275,1095,2025-12-16T08:45:43Z,,4860.02,,15,WINTER-FLYER,paid
315282,1101,2025-12-07T06:40:24Z,,4396.47,,8,RAMADAN-BUNDLE,pending_hold
315284,1105,2025-12-26T12:13:47Z,,6505.09,,9,WINTER-FLYER,paid
315285,1106,2025-12-01T12:49:52Z,,5707.1,,12,,paid
315288,1109,2025-12-25T17:54:50Z,,2068.56,,6,,paid
315291,1111,2025-12-07T11:31:09Z,,1061.03,,5,NONE,paid
315296,1119,2025/12/26 13:39,,5676.03,,8,NONE,pending_hold
315297,1119,2025-12-06T07:58:45Z,,4561.11,4561.11,12,,pending_hold
315298,1124,2025-12-05T07:01:03Z,,3570.3,3570.30,6,NONE,pending_hold
315301,1131,2025-12-19T08:03:15Z,,6558.92,6558.92,11,,shipped
315303,1132,2025-12-28T09:07:12Z,,4130.04,4130.04,6,WINTER-FLYER,pending_hold
315304,1134,2025-12-02T10:14:47Z,,1175.98,,4,NONE,shipped
315306,1137,2025-12-14T06:05:31Z,,2654.66,,5,RAMADAN-BUNDLE,pending_hold
315307,1138,2025-12-26T09:38:25Z,,2733.01,2733.01,9,LUX-R6,paid
315313,1150,2025-12-23T09:54:09Z,,6335.5,,7,RAMADAN-BUNDLE,paid
315320,1154,2025-12-20T11:18:21Z,,7697.1,7697.10,7,,pending_hold
315322,1154,2025-12-20T09:06:51Z,,2255.14,,3,WINTER-FLYER,paid
315323,1156,2025-12-22T07:37:03Z,,3868.77,3868.77,11,NONE,shipped
315325,1156,2025-12-04T15:21:21Z,,3916.49,,3,NONE,canceled
315328,1156,2025-12-27T09:00:38Z,,2471.08,,12,WINTER-FLYER,canceled
315338,1167,2025-12-13T09:42:14Z,,7647.1,7647.10,10,LUX-R6,pending_hold
315342,1169,2025-12-11T06:38:30Z,,4232.68,,8,WINTER-FLYER,paid
315344,1176,2025-12-24T13:15:18Z,,1546.05,1546.05,7,LUX-R6,canceled
315352,1182,2025-12-01T06:08:47Z,,7100.93,7100.93,10,NONE,paid
315354,1182,2025-12-15T09:30:09Z,,729.69,,6,NONE,canceled
315355,1183,2025/12/02 09:29,,2937.89,2937.89,4,LUX-R6,shipped
315362,1188,2025-12-08T10:34:51Z,,3025.56,3025.56,7,WINTER-FLYER,canceled
315369,1195,2025-12-12T09:19:57Z,,2000.76,2000.76,7,NONE,shipped
315370,1197,2025-12-06T06:45:25Z,,6243.86,,12,LUX-R6,canceled
315371,1197,2025-12-12T12:52:19Z,,2188.91,2188.91,3,RAMADAN-BUNDLE,paid
315372,1201,2025-12-04T18:38:00Z,,4969.23,,8,WINTER-FLYER,canceled
315373,1201,2025-12-23T06:22:45Z,,2574.71,,2,RAMADAN-BUNDLE,pending_hold
315375,1204,2025-12-14T09:55:47Z,,959.72,,3,WINTER-FLYER,pending_hold
315376,1204,2025-12-13T06:32:14Z,,3851.2,,8,LUX-R6,canceled
315378,1207,2025-12-19T12:17:38Z,,5232.36,,14,NONE,paid
315384,1216,2025-12-14T08:15:30Z,,4598.74,,11,NONE,shipped
315387,1224,2025-12-09T17:45:30Z,,3522.93,,8,NONE,shipped
315389,1226,2025-12-06T15:09:36Z,,6096.93,,9,NONE,paid
315394,1228,2025-12-23T08:40:48Z,,8382.61,8382.61,7,NONE,canceled
315407,1246,2025-12-03T08:47:34Z,,6438.02,6438.02,12,LUX-R6,paid
315409,1246,2025-12-25T12:38:07Z,,2270.58,2270.58,4,NONE,canceled
315415,1262,2025/12/05 15:00,,4333.92,4333.92,15,,paid
315418,1263,2025-12-10T08:05:46Z,,9617.39,9617.39,15,RAMADAN-BUNDLE,paid
315424,1271,2025-12-20T06:44:12Z,,8289.48,,13,NONE,paid
315426,1273,2025-12-02T11:56:50Z,,5596.67,5596.67,10,NONE,pending_hold
315428,1275,2025-12-10T10:31:31Z,,3291.0,,5,,canceled
315429,1275,2025-12-06T16:10:18Z,,2013.07,,8,WINTER-FLYER,paid
315431,1277,2025-12-22T12:29:50Z,,2408.26,,7,NONE,pending_hold
315433,1279,2025-12-25T06:59:18Z,,2159.59,,3,NONE,paid
315434,1279,2025-12-14T14:31:38Z,,1185.48,,2,,canceled
315437,1281,2025-12-15T06:00:34Z,,4860.15,4860.15,12,NONE,paid
315438,1282,2025-12-20T07:40:50Z,,3230.94,,5,NONE,paid
315443,1296,2025-12-13T07:58:29Z,,3396.61,,6,RAMADAN-BUNDLE,paid
315453,1305,2025-12-17T09:32:24Z,,3903.05,,2,LUX-R6,paid
315456,1306,2025-12-18T09:51:06Z,,3679.15,,9,NONE,paid
315457,1308,2025-12-17T11:15:06Z,,3478.75,,5,,paid
315464,1313,2025-12-12T11:47:26Z,,1521.64,1521.64,2,LUX-R6,canceled
315466,1313,2025-12-18T06:21:15Z,,2366.51,,5,,shipped
315468,1314,2025-12-10T09:41:43Z,,1464.23,,4,WINTER-FLYER,paid
315470,1315,2025-12-13T12:18:44Z,,5998.6,,12,RAMADAN-BUNDLE,shipped
315471,1316,2025-12-10T09:03:22Z,,4076.9,,6,,paid
315477,1324,2025-12-16T07:07:01Z,,2971.24,2971.24,4,LUX-R6,paid
315478,1325,2025-12-13T06:13:59Z,,3206.33,,4,NONE,shipped
315483,1330,2025-12-20T12:57:32Z,,1867.98,,11,LUX-R6,canceled
315485,1333,2025-12-24T10:31:57Z,,5668.82,5668.82,9,LUX-R6,paid
315486,1334,2025-12-25T14:42:06Z,,4177.25,,5,LUX-R6,shipped
315488,1335,2025-12-14T12:16:49Z,,7021.56,,9,RAMADAN-BUNDLE,paid
315490,1336,2025-12-10T10:53:34Z,,4352.16,4352.16,10,NONE,paid
315494,1337,2025-12-27T13:48:03Z,,5680.27,5680.27,13,RAMADAN-BUNDLE,canceled
315496,1340,2025-12-13T11:58:19Z,,7259.73,,11,,pending_hold
315505,1346,2025-12-04T06:16:03Z,,4116.64,4116.64,6,NONE,shipped
315507,1346,2025-12-22T06:58:37Z,,3262.89,,4,LUX-R6,paid
315511,1353,2025-12-01T11:56:03Z,,5668.25,5668.25,8,,paid
315514,1356,2025-12-03T14:31:04Z,,3304.94,3304.94,3,,paid
315520,1362,2025-12-10T10:07:40Z,,3903.54,,4,RAMADAN-BUNDLE,paid
315528,1371,2025-12-15T12:13:36Z,,2159.84,,5,NONE,pending_hold
315533,1375,2025-12-18T07:39:58Z,,3371.14,,8,NONE,paid
315536,1376,2025-12-11T06:37:12Z,,2311.1,,11,WINTER-FLYER,shipped
315538,1377,2025-12-14T12:19:41Z,,1345.58,,3,NONE,pending_hold
315542,1382,2025-12-20T08:21:34Z,,2430.56,2430.56,6,LUX-R6,paid
315545,1388,2025-12-13T14:34:12Z,,1822.24,,4,WINTER-FLYER,paid
315548,1394,2025-12-28T13:10:15Z,,1722.75,1722.75,4,,shipped
315550,1394,2025/12/14 12:54,,4270.2,,10,NONE,canceled
315557,1407,2025/12/14 11:16,,3458.79,,8,NONE,canceled
315561,1410,2025-12-15T13:52:22Z,,644.14,644.14,4,WINTER-FLYER,paid
315562,1413,2025-12-17T10:33:31Z,,1311.84,1311.84,3,RAMADAN-BUNDLE,paid
315566,1416,2025-12-11T09:22:28Z,,2557.96,,5,NONE,canceled
315568,1418,2025-12-21T10:03:48Z,,6339.49,6339.49,11,NONE,canceled
315574,1422,2025-12-09T12:43:49Z,,7736.4,,14,NONE,canceled
315576,1423,2025-12-20T13:10:25Z,,8927.4,,6,NONE,paid
315578,1425,2025-12-09T08:38:15Z,,7199.34,7199.34,8,LUX-R6,pending_hold
315580,1426,2025-12-11T13:21:59Z,,5216.36,5216.36,4,NONE,canceled
315581,1426,2025-12-04T09:19:36Z,,4753.99,4753.99,11,NONE,pending_hold
315588,1435,2025-12-10T13:40:52Z,,7480.61,7480.61,11,WINTER-FLYER,paid
315589,1436,2025-12-22T08:10:27Z,,1623.52,,3,RAMADAN-BUNDLE,canceled
315592,1443,2025-12-05T08:03:24Z,,5268.22,,9,LUX-R6,canceled
315593,1443,2025-12-13T06:12:01Z,,3500.33,3500.33,12,RAMADAN-BUNDLE,paid
315594,1443,2025/12/01 10:49,,3789.12,,8,LUX-R6,pending_hold
315597,1456,2025-12-13T11:46:07Z,,9776.58,,14,RAMADAN-BUNDLE,shipped
315603,1459,2025-12-27T08:38:25Z,,2802.69,,6,NONE,pending_hold
315604,1459,2025-12-05T11:58:12Z,,4131.61,,5,WINTER-FLYER,shipped
315605,1460,2025-12-06T15:22:59Z,,6236.09,6236.09,11,NONE,paid
315609,1467,2025-12-17T10:59:20Z,,3981.36,3981.36,9,NONE,paid
315612,1467,2025-12-16T11:27:12Z,,3266.25,,6,LUX-R6,pending_hold
315613,1468,2025-12-26T15:15:00Z,,3818.18,,11,WINTER-FLYER,paid
315616,1469,2025-12-26T16:25:45Z,,4817.47,4817.47,13,,canceled
315622,1476,2025-12-03T12:04:16Z,,1978.66,,8,,paid
315623,1478,2025-12-18T10:53:58Z,,6309.22,,7,NONE,paid
315625,1483,2025-12-06T09:15:42Z,,752.01,752.01,3,LUX-R6,paid
315636,1497,2025/12/26 18:49,,622.76,,2,NONE,canceled
315638,1499,2025-12-07T10:49:37Z,,688.62,688.62,5,RAMADAN-BUNDLE,paid
315641,1501,2025-12-08T12:44:04Z,,2481.9,,6,WINTER-FLYER,paid
315647,1509,2025-12-22T12:14:31Z,,6404.39,,9,NONE,paid
315649,1514,2025-12-02T09:09:46Z,,1710.11,1710.11,7,RAMADAN-BUNDLE,paid
315651,1514,2025-12-08T10:47:15Z,,13035.89,,13,NONE,paid
315667,1524,2025-12-02T06:20:16Z,,3115.59,,8,NONE,paid
315668,1524,2025-12-12T10:20:11Z,,5193.69,,7,NONE,pending_hold
315670,1526,2025-12-15T06:38:04Z,,2166.11,,6,WINTER-FLYER,canceled
315674,1535,2025-12-14T16:31:11Z,,7947.68,7947.68,15,LUX-R6,paid
315676,1535,2025-12-12T06:18:29Z,,2642.51,,6,LUX-R6,paid
315678,1537,2025-12-10T06:06:44Z,,6097.13,,10,WINTER-FLYER,paid
315684,1542,2025-12-21T06:57:32Z,,2063.58,,2,NONE,paid
315688,1555,2025-12-05T08:07:39Z,,8550.5,,6,WINTER-FLYER,paid
315692,1558,2025-12-10T08:05:35Z,,184.18,184.18,2,,paid
315701,1563,2025-12-27T06:48:37Z,,8401.75,8401.75,10,NONE,shipped
315706,1566,2025-12-01T12:42:25Z,,2492.8,,6,NONE,shipped
315711,1569,2025-12-21T06:38:23Z,,6578.27,6578.27,14,WINTER-FLYER,pending_hold
315714,1572,2025-12-01T08:56:49Z,,4584.4,,9,LUX-R6,shipped
315725,1578,2025-12-16T11:16:32Z,,2620.95,2620.95,6,LUX-R6,paid
315726,1578,2025-12-11T13:19:42Z,,4616.19,4616.19,6,WINTER-FLYER,paid
315727,1582,2025-12-20T10:17:56Z,,700.54,700.54,4,RAMADAN-BUNDLE,canceled
315729,1582,2025-12-02T13:16:31Z,,3620.68,3620.68,7,WINTER-FLYER,paid
315741,1589,2025-12-25T07:18:35Z,,1483.26,,7,NONE,paid
315743,1590,2025-12-10T09:29:15Z,,4193.2,,9,LUX-R6,pending_hold
315748,1597,2025-12-27T08:37:50Z,,5603.05,,10,LUX-R6,paid
315750,1599,2025-12-07T12:48:10Z,,2185.95,2185.95,6,LUX-R6,paid
315755,1603,2025-12-05T11:18:37Z,,7566.94,7566.94,5,,paid
315760,1606,2025-12-25T20:58:11Z,,2515.97,2515.97,9,WINTER-FLYER,paid
315763,1609,2025-12-06T09:30:19Z,,1956.51,,2,,paid
315764,1610,2025-12-16T08:07:21Z,,2730.01,,7,LUX-R6,paid
315766,1612,2025-12-16T12:27:34Z,,3958.24,,5,,canceled
315768,1616,2025-12-20T09:58:27Z,,1090.47,,5,,shipped
315775,1625,2025-12-08T11:04:00Z,,2042.38,,3,NONE,pending_hold
315776,1625,2025-12-05T12:06:54Z,,3436.27,,7,WINTER-FLYER,paid
315780,1633,2025-12-21T12:39:15Z,,2146.7,2146.70,3,WINTER-FLYER,paid
315782,1637,2025-12-10T12:11:59Z,,6389.98,,4,,canceled
315784,1638,2025-12-24T07:04:51Z,,2460.19,2460.19,6,WINTER-FLYER,canceled
315795,1649,2025-12-09T10:33:55Z,,3804.07,,4,,paid
315796,1650,2025-12-09T10:04:21Z,,3376.17,3376.17,8,RAMADAN-BUNDLE,paid
315798,1654,2025/12/15 08:26,,1370.2,,4,LUX-R6,paid
315799,1655,2025/12/19 12:21,,1421.41,1421.41,4,RAMADAN-BUNDLE,shipped
315800,1655,2025-12-04T10:47:50Z,,2805.06,,5,RAMADAN-BUNDLE,paid
315801,1657,2025-12-04T08:06:44Z,,5922.72,,7,NONE,pending_hold
315805,1663,2025-12-05T12:04:47Z,,6725.64,,7,NONE,canceled
315807,1664,2025-12-06T08:07:10Z,,4510.18,,6,,canceled
315809,1667,2025-12-16T06:46:59Z,,5144.61,5144.61,8,WINTER-FLYER,pending_hold
315811,1668,2025-12-18T06:18:47Z,,3270.59,3270.59,10,RAMADAN-BUNDLE,paid
315816,1672,2025-12-02T11:23:43Z,,1309.47,,3,WINTER-FLYER,shipped
315819,1676,2025-12-19T16:57:06Z,,2699.76,2699.76,7,NONE,paid
315828,1680,2025-12-04T07:16:20Z,,4409.08,,8,RAMADAN-BUNDLE,shipped
315842,1697,2025-12-27T17:10:18Z,,5345.07,,9,LUX-R6,paid
315843,1697,2025-12-08T10:42:30Z,,5310.46,,7,WINTER-FLYER,canceled
315847,1703,2025-12-01T06:16:47Z,,2827.91,2827.91,4,NONE,paid
315848,1706,2025-12-22T09:11:51Z,,4387.44,4387.44,10,NONE,paid
315852,1709,2025-12-27T12:41:55Z,,3492.63,3492.63,5,NONE,paid
315854,1710,2025-12-21T12:23:19Z,,4435.13,,4,NONE,paid
315855,1710,2025-12-02T14:11:44Z,,1445.09,,3,LUX-R6,paid
315856,1716,2025-12-08T10:30:14Z,,7555.96,7555.96,7,LUX-R6,paid
315857,1718,2025-12-20T11:28:52Z,,2362.18,,5,,paid
315859,1719,2025-12-10T08:22:22Z,,2713.06,2713.06,5,NONE,paid
315862,1720,2025-12-10T06:00:36Z,,6175.46,,7,,pending_hold
315864,1720,2025-12-22T11:52:27Z,,6207.09,,8,,shipped
315869,1727,2025-12-27T06:56:01Z,,6145.93,,11,WINTER-FLYER,paid
315871,1728,2025-12-11T07:56:54Z,,2142.49,2142.49,8,LUX-R6,shipped
315875,1736,2025-12-12T14:26:31Z,,2767.92,,6,LUX-R6,canceled
315879,1744,2025-12-26T12:06:08Z,,5588.41,,12,RAMADAN-BUNDLE,paid
315880,1744,2025-12-16T14:18:00Z,,6658.24,6658.24,10,RAMADAN-BUNDLE,shipped
315882,1746,2025-12-13T11:44:38Z,,5197.61,5197.61,9,NONE,paid
315891,1756,2025-12-10T09:07:52Z,,6538.69,,8,NONE,paid
315893,1758,2025-12-27T16:13:03Z,,2821.05,,7,NONE,paid
315902,1768,2025-12-24T08:15:04Z,,4413.86,4413.86,7,LUX-R6,paid
315904,1775,2025-12-20T08:46:29Z,,4349.2,,10,RAMADAN-BUNDLE,pending_hold
315908,1778,2025-12-22T09:39:30Z,,2491.13,,5,RAMADAN-BUNDLE,canceled
315910,1779,2025-12-10T16:43:38Z,,9903.36,9903.36,6,NONE,pending_hold
315916,1784,2025-12-06T06:12:06Z,,5061.45,5061.45,9,LUX-R6,paid
315921,1787,2025-12-28T06:54:28Z,,5678.8,,6,WINTER-FLYER,canceled
315922,1789,2025-12-21T06:19:54Z,,4699.83,,5,LUX-R6,shipped
315924,1793,2025-12-28T12:08:46Z,,4661.65,4661.65,7,LUX-R6,paid
315926,1793,2025-12-22T11:00:53Z,,3294.98,3294.98,7,NONE,paid
315929,1800,2025-12-19T13:13:30Z,,4670.33,4670.33,8,WINTER-FLYER,paid
315931,1800,2025-12-14T09:57:25Z,,3945.52,,8,LUX-R6,paid
315935,1807,2025-12-17T07:35:20Z,,4277.89,4277.89,8,LUX-R6,paid
315944,1816,2025-12-09T06:31:47Z,,5052.57,,3,,shipped
315945,1816,2025-12-01T14:07:28Z,,4749.45,,8,NONE,pending_hold
315946,1819,2025-12-03T09:46:52Z,,7073.68,,11,NONE,canceled
315950,1823,2025-12-06T13:28:25Z,,1899.0,1899.00,5,NONE,shipped
315955,1825,2025-12-05T16:48:27Z,,2611.23,,7,RAMADAN-BUNDLE,pending_hold
315957,1826,2025-12-13T09:55:04Z,,3274.82,3274.82,9,LUX-R6,pending_hold
315958,1827,2025-12-19T14:02:08Z,,8610.32,,9,WINTER-FLYER,paid
315959,1828,2025-12-01T12:31:19Z,,2933.44,,6,RAMADAN-BUNDLE,canceled
315961,1829,2025-12-18T08:39:30Z,,4569.34,4569.34,10,LUX-R6,paid
315962,1829,2025-12-27T10:08:24Z,,7479.47,7479.47,14,RAMADAN-BUNDLE,canceled
315969,1839,2025-12-03T07:19:43Z,,1854.94,1854.94,2,NONE,shipped
315970,1840,2025-12-11T06:57:10Z,,2929.81,,9,NONE,shipped
315971,1841,2025-12-07T08:48:24Z,,955.51,955.51,3,WINTER-FLYER,canceled
315976,1844,2025-12-04T09:59:28Z,,2228.32,2228.32,7,NONE,paid
315983,1851,2025-12-11T09:49:42Z,,5006.67,,6,RAMADAN-BUNDLE,canceled
315984,1851,2025-12-11T07:38:43Z,,1699.35,,8,NONE,shipped
315985,1853,2025-12-06T11:35:06Z,,3048.34,,7,NONE,paid
315992,1857,2025-12-17T09:16:16Z,,1090.33,1090.33,5,NONE,canceled
315993,1857,2025-12-17T12:42:07Z,,5186.03,,15,,paid
315998,1863,2025-12-14T10:57:02Z,,1948.32,,4,NONE,paid
316001,1863,2025-12-22T14:05:18Z,,5069.89,,9,,pending_hold
316005,1864,2025-12-04T09:09:37Z,,2159.77,,6,NONE,paid
316008,1869,2025-12-22T11:16:02Z,,7322.02,7322.02,9,NONE,canceled
316009,1870,2025-12-06T12:16:40Z,,437.35,,4,NONE,paid
316010,1870,2025-12-16T13:35:28Z,,1684.58,1684.58,3,LUX-R6,shipped
316011,1872,2025-12-05T12:01:17Z,,1121.43,,4,,paid
316013,1874,2025-12-12T09:07:01Z,,5937.91,,9,WINTER-FLYER,pending_hold
316020,1878,2025-12-05T10:40:40Z,,3946.27,3946.27,7,LUX-R6,shipped
316021,1879,2025-12-13T14:58:29Z,,5187.56,5187.56,9,LUX-R6,pending_hold
316022,1879,2025-12-14T06:16:47Z,,3170.49,,7,NONE,paid
316024,1883,2025-12-11T08:05:46Z,,2082.81,2082.81,7,WINTER-FLYER,paid
316026,1884,2025-12-23T10:41:25Z,,2312.34,,7,NONE,paid
316028,1890,2025-12-06T13:34:40Z,,3666.1,,12,NONE,paid
316030,1892,2025-12-20T06:07:39Z,,1349.87,,4,NONE,canceled
316032,1895,2025-12-11T08:16:48Z,,6140.44,6140.44,10,,paid
316034,1896,2025-12-01T10:08:28Z,,2274.01,,5,RAMADAN-BUNDLE,pending_hold
316037,1898,2025-12-27T07:09:43Z,,5270.29,,8,NONE,pending_hold
316038,1898,2025/12/03 09:58,,2332.75,2332.75,7,LUX-R6,shipped
316041,1902,2025-12-04T12:39:13Z,,3978.69,3978.69,8,NONE,paid
316047,1911,2025-12-16T12:10:16Z,,2730.37,2730.37,4,RAMADAN-BUNDLE,canceled
316057,1922,2025-12-19T06:21:12Z,,4629.05,4629.05,10,LUX-R6,paid
316058,1923,2025-12-21T16:36:36Z,,2869.38,2869.38,15,RAMADAN-BUNDLE,pending_hold
316059,1925,2025-12-26T13:51:35Z,,3328.15,,6,,shipped
316061,1926,2025-12-28T12:38:50Z,,3667.06,3667.06,11,,canceled
316062,1928,2025-12-26T08:43:38Z,,5393.11,,11,,shipped
316063,1929,2025-12-12T06:37:10Z,,1601.53,1601.53,3,RAMADAN-BUNDLE,paid
316064,1929,2025-12-13T16:50:37Z,,3299.08,,4,WINTER-FLYER,paid
316065,1929,2025-12-13T08:14:28Z,,3024.94,3024.94,10,WINTER-FLYER,paid
316067,1932,2025-12-22T07:43:51Z,,3213.48,,5,NONE,canceled
316070,1936,2025-12-22T12:46:51Z,,4237.5,4237.50,14,WINTER-FLYER,paid
316073,1938,2025-12-17T12:43:49Z,,2771.36,,5,RAMADAN-BUNDLE,pending_hold
316076,1941,2025-12-18T13:26:57Z,,2323.63,,7,NONE,shipped
316079,1944,2025-12-07T12:48:24Z,,3099.46,,3,LUX-R6,paid
316081,1946,2025-12-06T06:48:58Z,,7210.09,7210.09,10,NONE,canceled
316084,1947,2025-12-07T10:32:57Z,,2881.04,2881.04,4,NONE,paid
316085,1949,2025-12-27T07:46:34Z,,4628.85,,10,LUX-R6,paid
316088,1954,2025-12-28T10:06:57Z,,4173.84,,7,NONE,pending_hold
316092,1959,2025-12-07T06:27:52Z,,4221.41,4221.41,9,RAMADAN-BUNDLE,paid
316093,1959,2025-12-23T10:42:54Z,,4873.96,4873.96,9,WINTER-FLYER,paid
316098,1963,2025-12-04T13:05:45Z,,1285.14,1285.14,3,NONE,paid
316104,1969,2025-12-07T09:38:47Z,,2935.57,2935.57,8,LUX-R6,paid
316106,1970,2025-12-23T11:16:45Z,,2729.29,,4,LUX-R6,paid
316121,1981,2025-12-03T09:08:22Z,,7611.63,7611.63,6,NONE,pending_hold
316124,1984,2025-12-14T13:20:18Z,,4771.28,,4,NONE,canceled
316125,1984,2025-12-02T10:35:36Z,,7603.04,7603.04,12,RAMADAN-BUNDLE,paid
316141,1994,2025-12-12T11:26:22Z,,2847.42,,8,WINTER-FLYER,paid
316142,1998,2025-12-27T06:29:59Z,,3568.61,,6,RAMADAN-BUNDLE,paid
316143,1998,2025-12-07T14:07:49Z,,1551.49,,5,NONE,paid
316147,2004,2025-12-19T09:43:59Z,,2751.34,,5,LUX-R6,paid
316150,2011,2025-12-28T14:34:01Z,,6792.58,,9,NONE,pending_hold
316153,2012,2025-12-04T10:53:08Z,,4722.12,4722.12,6,,paid
316156,2015,2025-12-10T06:37:30Z,,941.23,,3,,paid
316158,2015,2025-12-13T08:51:06Z,,3253.12,3253.12,7,WINTER-FLYER,paid
316159,2017,2025-12-25T06:52:40Z,,2598.3,2598.30,6,RAMADAN-BUNDLE,paid
316165,2022,2025-12-04T12:59:54Z,,4654.17,4654.17,6,,paid
316166,2023,2025-12-10T06:12:13Z,,9298.93,,11,,paid
316168,2024,2025-12-08T08:56:30Z,,3787.77,,10,NONE,paid
316178,2042,2025-12-05T13:31:45Z,,7294.33,,15,NONE,paid
316180,2044,2025-12-20T06:27:08Z,,1763.77,,4,,paid
316183,2048,2025-12-05T11:15:47Z,,4092.37,,10,RAMADAN-BUNDLE,pending_hold
316187,2051,2025-12-05T09:40:40Z,,655.89,,5,,paid
316193,2055,2025-12-22T10:50:24Z,,7022.26,7022.26,9,,shipped
316198,2055,2025-12-18T06:51:34Z,,2175.82,,4,NONE,pending_hold
316199,2055,2025-12-05T09:21:48Z,,5274.86,5274.86,14,NONE,canceled
316203,2061,2025-12-15T12:15:49Z,,2333.86,2333.86,7,NONE,shipped
316214,2072,2025-12-24T06:30:54Z,,3100.9,,6,RAMADAN-BUNDLE,shipped
316220,2077,2025-12-28T07:55:41Z,,720.77,,2,WINTER-FLYER,pending_hold
316225,2088,2025-12-12T08:57:46Z,,2909.96,2909.96,5,,paid
316228,2094,2025-12-22T06:24:07Z,,1969.2,,3,WINTER-FLYER,paid
316230,2095,2025-12-26T12:20:51Z,,1459.98,1459.98,3,WINTER-FLYER,paid
316240,2106,2025-12-12T07:20:43Z,,2120.83,,11,NONE,paid
316245,2107,2025-12-04T13:40:05Z,,5031.02,,8,WINTER-FLYER,paid
316246,2108,2025-12-19T06:58:21Z,,516.42,,4,,shipped
316251,2119,2025-12-10T07:38:51Z,,2629.87,2629.87,6,NONE,shipped
316258,2124,2025-12-21T17:24:24Z,,3589.09,,12,LUX-R6,pending_hold
316267,2138,2025/12/05 08:34,,6803.02,,7,WINTER-FLYER,paid
316270,2140,2025-12-21T14:12:06Z,,3129.86,3129.86,4,LUX-R6,shipped
316278,2151,2025-12-01T12:23:35Z,,2735.1,2735.10,3,,paid
316279,2151,2025-12-23T09:07:36Z,,4928.52,4928.52,12,WINTER-FLYER,pending_hold
316280,2156,2025-12-16T06:17:18Z,,2855.42,,8,LUX-R6,paid
316286,2165,2025-12-19T13:58:27Z,,7131.92,7131.92,10,NONE,paid
316290,2168,2025-12-02T15:57:47Z,,3648.74,,4,WINTER-FLYER,paid
316291,2168,2025-12-13T09:26:55Z,,1147.88,1147.88,4,RAMADAN-BUNDLE,pending_hold
316294,2169,2025-12-27T09:10:56Z,,4927.51,,9,,paid
316301,2176,2025-12-22T10:05:18Z,,4204.24,4204.24,10,RAMADAN-BUNDLE,paid
316306,2181,2025-12-18T06:49:14Z,,6838.46,,10,RAMADAN-BUNDLE,paid
316308,2182,2025-12-17T11:09:17Z,,7473.2,,12,,paid
316311,2185,2025-12-13T09:00:53Z,,2582.14,2582.14,4,RAMADAN-BUNDLE,paid
316314,2187,2025-12-05T12:14:23Z,,3834.02,,9,RAMADAN-BUNDLE,paid
316315,2188,2025-12-23T12:37:38Z,,2475.42,,8,WINTER-FLYER,paid
316316,2188,2025-12-11T12:51:32Z,,5122.4,,11,LUX-R6,shipped
316318,2190,2025-12-12T08:13:08Z,,2525.42,2525.42,3,NONE,paid
316324,2191,2025-12-19T06:54:05Z,,1224.05,1224.05,5,RAMADAN-BUNDLE,paid
316325,2192,2025-12-24T06:57:15Z,,660.42,660.42,3,WINTER-FLYER,shipped
316326,2193,2025-12-25T10:02:50Z,,2640.71,,8,WINTER-FLYER,shipped
316330,2199,2025-12-26T07:53:36Z,,3610.16,,3,WINTER-FLYER,shipped
316334,2203,2025/12/19 15:55,,5960.97,5960.97,8,LUX-R6,shipped
316335,2203,2025-12-26T13:06:08Z,,2708.25,,9,NONE,canceled
316337,2204,2025-12-14T12:02:18Z,,4234.87,,3,RAMADAN-BUNDLE,pending_hold
316338,2205,2025-12-23T12:31:49Z,,1297.68,,3,NONE,canceled
316343,2211,2025-12-06T06:40:49Z,,8911.92,,10,LUX-R6,pending_hold
316348,2214,2025-12-15T06:39:44Z,,2507.74,,4,RAMADAN-BUNDLE,canceled
316350,2214,2025-12-05T07:06:46Z,,2077.31,,4,LUX-R6,paid
316354,2218,2025-12-26T09:09:21Z,,3921.34,3921.34,10,WINTER-FLYER,pending_hold
316356,2219,2025-12-02T14:33:00Z,,3338.32,,9,LUX-R6,paid
316374,2239,2025-12-15T14:18:52Z,,1057.12,,3,RAMADAN-BUNDLE,pending_hold
316376,2240,2025-12-13T15:35:54Z,,6001.03,,12,NONE,pending_hold
316378,2241,2025-12-19T11:41:55Z,,1908.07,,4,,canceled
316382,2250,2025-12-15T06:05:05Z,,3534.95,,6,RAMADAN-BUNDLE,paid
316387,2253,2025-12-20T16:14:06Z,,947.16,,5,WINTER-FLYER,canceled
316392,2256,2025-12-23T08:16:08Z,,3909.57,3909.57,8,RAMADAN-BUNDLE,pending_hold
316395,2259,2025/12/27 16:52,,3886.07,,4,NONE,paid
316398,2260,2025-12-28T08:40:52Z,,2709.52,2709.52,6,LUX-R6,pending_hold
316399,2262,2025-12-20T11:50:56Z,,3482.3,3482.30,7,WINTER-FLYER,paid
316403,2265,2025/12/23 12:40,,5797.37,5797.37,7,WINTER-FLYER,pending_hold
316404,2265,2025-12-26T08:52:21Z,,1288.72,,4,LUX-R6,shipped
316405,2266,2025-12-03T08:08:40Z,,4313.04,,5,NONE,canceled
316408,2269,2025/12/11 14:43,,1451.76,,7,RAMADAN-BUNDLE,pending_hold
316411,2269,2025/12/16 14:11,,449.72,,2,NONE,pending_hold
316412,2269,2025-12-18T08:33:25Z,,2397.47,,4,NONE,paid
316413,2270,2025-12-16T09:32:58Z,,2590.98,,2,,paid
316415,2273,2025-12-18T10:58:11Z,,10681.71,,13,RAMADAN-BUNDLE,paid
316416,2275,2025-12-18T13:47:05Z,,6676.15,6676.15,5,WINTER-FLYER,pending_hold
316418,2277,2025-12-20T10:34:11Z,,1713.12,,7,NONE,shipped
316419,2279,2025-12-18T06:44:19Z,,4362.54,,12,NONE,paid
316423,2284,2025-12-14T07:06:40Z,,5217.93,,12,NONE,shipped
316425,2287,2025-12-02T12:54:24Z,,7318.52,,10,LUX-R6,paid
316427,2292,2025/12/08 10:52,,3011.07,,10,WINTER-FLYER,paid
316430,2294,2025-12-01T11:23:51Z,,3717.62,,7,WINTER-FLYER,pending_hold
316435,2296,2025-12-13T08:55:36Z,,2038.67,,4,,shipped
316436,2297,2025-12-21T08:54:34Z,,4725.98,4725.98,6,RAMADAN-BUNDLE,pending_hold
316439,2299,2025/12/20 15:34,,2538.26,2538.26,8,,paid
316440,2300,2025-12-26T06:22:19Z,,1336.94,1336.94,4,,pending_hold
316441,2302,2025-12-25T06:12:37Z,,12052.88,12052.88,15,RAMADAN-BUNDLE,paid
316443,2304,2025-12-25T12:20:09Z,,3307.21,,6,NONE,paid
316451,2319,2025/12/16 16:22,,3932.58,3932.58,5,RAMADAN-BUNDLE,paid
316452,2319,2025-12-02T10:00:09Z,,5416.16,,7,RAMADAN-BUNDLE,pending_hold
316453,2321,2025-12-13T09:06:19Z,,4673.06,4673.06,9,WINTER-FLYER,paid
316455,2322,2025-12-21T11:36:32Z,,6837.39,,13,LUX-R6,pending_hold
316457,2324,2025/12/06 11:19,,3012.82,3012.82,3,NONE,paid
316460,2327,2025-12-16T06:18:32Z,,3304.99,,7,LUX-R6,paid
316465,2333,2025-12-25T10:29:53Z,,8131.41,8131.41,15,WINTER-FLYER,pending_hold
316466,2334,2025-12-05T11:49:36Z,,1742.49,1742.49,6,WINTER-FLYER,canceled
316468,2335,2025-12-26T11:32:12Z,,3309.77,,5,WINTER-FLYER,pending_hold
316469,2335,2025-12-09T07:16:45Z,,670.26,,5,RAMADAN-BUNDLE,canceled
316471,2338,2025-12-12T06:20:29Z,,11702.67,11702.67,15,LUX-R6,paid
316475,2343,2025-12-10T08:08:07Z,,1947.96,,5,LUX-R6,paid
316476,2347,2025-12-22T11:54:55Z,,5314.28,5314.28,7,RAMADAN-BUNDLE,paid
316478,2349,2025-12-13T09:25:41Z,,9029.54,9029.54,11,,paid
316481,2353,2025-12-18T09:20:49Z,,2701.65,,4,WINTER-FLYER,canceled
316483,2355,2025-12-09T10:49:56Z,,5052.35,5052.35,11,RAMADAN-BUNDLE,canceled
316490,2365,2025-12-04T10:14:35Z,,3821.15,,6,NONE,paid
316498,2375,2025-12-14T08:04:11Z,,134.82,,2,WINTER-FLYER,paid
316501,2379,2025-12-22T06:23:48Z,,2407.2,,4,NONE,shipped
316502,2382,2025-12-27T07:29:08Z,,5182.62,5182.62,11,NONE,paid
316505,2385,2025-12-28T08:57:28Z,,2357.91,,4,NONE,shipped
316510,2390,2025-12-06T14:01:56Z,,4825.8,,12,WINTER-FLYER,paid
316517,2396,2025-12-15T12:44:32Z,,6272.93,6272.93,11,LUX-R6,paid
316519,2398,2025-12-09T11:15:14Z,,2328.29,2328.29,5,WINTER-FLYER,paid
316521,2400,2025-12-19T08:13:23Z,,2973.54,,6,NONE,paid
316522,2401,2025-12-13T09:40:40Z,,3092.97,,8,,canceled
316530,2412,2025-12-22T06:32:15Z,,1401.74,,5,WINTER-FLYER,paid
316532,2412,2025-12-23T15:03:09Z,,2407.95,2407.95,4,WINTER-FLYER,canceled
316535,2415,2025-12-19T06:46:20Z,,4466.79,,6,NONE,pending_hold
316540,2417,2025-12-07T07:23:15Z,,1628.75,,5,NONE,canceled
316541,2418,2025-12-07T09:59:02Z,,4950.66,,5,NONE,paid
316542,2418,2025-12-27T07:29:42Z,,5481.05,5481.05,8,LUX-R6,paid
316545,2425,2025-12-17T07:42:03Z,,2298.63,2298.63,5,NONE,paid
316546,2425,2025-12-07T16:33:46Z,,1292.13,,3,NONE,paid
316548,2426,2025-12-14T11:42:59Z,,2690.13,2690.13,8,NONE,paid
316557,2435,2025-12-25T13:46:29Z,,2300.51,2300.51,4,NONE,paid
316559,2437,2025-12-25T14:42:14Z,,1727.61,,8,NONE,pending_hold
316560,2439,2025-12-17T11:33:15Z,,3945.14,,7,NONE,paid
316561,2439,2025-12-10T09:57:10Z,,4388.19,4388.19,5,RAMADAN-BUNDLE,paid
316562,2440,2025-12-13T06:44:14Z,,4456.17,,3,NONE,canceled
316564,2441,2025-12-07T09:48:36Z,,2002.87,2002.87,4,,canceled
316569,2446,2025-12-06T09:50:58Z,,5952.24,5952.24,8,WINTER-FLYER,pending_hold
316572,2449,2025-12-11T06:32:30Z,,1934.29,1934.29,2,WINTER-FLYER,shipped
316577,2460,2025-12-08T10:10:48Z,,3546.43,,6,LUX-R6,paid
316592,2479,2025-12-26T06:16:26Z,,6506.11,6506.11,9,,paid
316594,2481,2025-12-12T06:04:10Z,,1763.99,1763.99,5,,paid
316595,2481,2025-12-04T06:21:04Z,,2336.1,2336.10,5,NONE,pending_hold
316598,2482,2025-12-23T09:30:10Z,,3110.06,,7,WINTER-FLYER,pending_hold
316610,2493,2025-12-27T14:06:00Z,,7944.1,,13,,paid
316612,2496,2025-12-05T10:19:32Z,,4606.18,,4,NONE,paid
316614,2497,2025-12-15T08:58:18Z,,2464.79,,3,NONE,paid
316617,2498,2025-12-20T07:27:15Z,,2223.21,,3,WINTER-FLYER,shipped
316618,2498,2025-12-04T06:31:45Z,,2028.66,,4,NONE,paid
316621,2498,2025-12-22T06:10:18Z,,3745.4,,8,RAMADAN-BUNDLE,pending_hold
316622,2499,2025-12-09T11:36:57Z,,1616.47,,3,LUX-R6,canceled
316624,2503,2025-12-19T10:03:20Z,,8602.57,,8,NONE,paid
316625,2504,2025-12-02T14:59:37Z,,4372.65,4372.65,7,,canceled
316628,2509,2025/12/02 11:41,,1306.92,,8,WINTER-FLYER,paid
316629,2509,2025/12/11 10:52,,5736.29,,6,WINTER-FLYER,shipped
316630,2511,2025-12-21T08:54:36Z,,3342.92,,6,LUX-R6,paid
316631,2511,2025-12-07T14:45:07Z,,2544.08,2544.08,6,RAMADAN-BUNDLE,canceled
316637,2520,2025-12-16T08:31:34Z,,7261.03,,8,NONE,shipped
316645,2531,2025-12-20T13:57:07Z,,1355.4,,4,NONE,paid
316652,2541,2025-12-24T12:03:42Z,,4129.13,,6,LUX-R6,pending_hold
316654,2541,2025-12-15T06:11:30Z,,2911.53,2911.53,6,NONE,shipped
316655,2542,2025-12-04T06:33:26Z,,3421.66,,10,WINTER-FLYER,shipped
316657,2542,2025-12-15T12:06:28Z,,3366.14,3366.14,7,WINTER-FLYER,paid
316665,2545,2025-12-11T13:48:46Z,,1540.88,,8,NONE,pending_hold
316667,2552,2025-12-16T13:04:14Z,,2424.56,,3,LUX-R6,paid
316679,2569,2025-12-03T14:42:03Z,,1318.36,,6,,paid
316693,2584,2025-12-28T06:57:50Z,,4248.22,4248.22,5,RAMADAN-BUNDLE,paid
316698,2592,2025/12/19 08:22,,3130.89,3130.89,4,NONE,paid
316700,2593,2025-12-16T08:41:32Z,,2376.84,,7,NONE,canceled
316703,2595,2025-12-06T11:09:17Z,,3680.95,3680.95,4,LUX-R6,paid
316704,2596,2025-12-14T06:39:31Z,,2015.7,2015.70,3,,paid
316718,2615,2025-12-06T10:25:14Z,,3111.31,3111.31,7,NONE,paid
316722,2618,2025-12-06T14:35:23Z,,2869.85,,5,LUX-R6,pending_hold
316726,2622,2025-12-18T08:07:20Z,,3199.8,3199.80,7,RAMADAN-BUNDLE,paid
316728,2625,2025-12-22T08:20:21Z,,2432.72,,6,RAMADAN-BUNDLE,paid
316742,2637,2025-12-04T12:33:17Z,,1595.95,,2,LUX-R6,pending_hold
316744,2643,2025-12-23T13:15:07Z,,2476.0,2476.00,5,NONE,paid
316747,2645,2025-12-23T13:34:48Z,,4118.59,,12,WINTER-FLYER,paid
316749,2646,2025-12-13T06:43:19Z,,4059.67,,7,,paid
316750,2648,2025-12-06T10:42:59Z,,1302.2,1302.20,3,WINTER-FLYER,paid
316751,2648,2025-12-15T17:48:31Z,,2658.38,,3,NONE,paid
316753,2648,2025-12-26T11:59:00Z,,2035.54,2035.54,5,,pending_hold
316757,2651,2025-12-07T11:48:48Z,,11034.48,11034.48,13,NONE,paid
316760,2653,2025-12-02T14:58:45Z,,2368.02,2368.02,5,LUX-R6,shipped
316772,2664,2025-12-09T09:33:22Z,,4247.26,4247.26,7,LUX-R6,shipped
316776,2668,2025-12-04T16:40:00Z,,5148.97,5148.97,7,NONE,paid
316786,2675,2025-12-06T10:21:27Z,,3509.03,,6,NONE,canceled
316791,2683,2025-12-12T13:22:03Z,,5270.21,5270.21,9,RAMADAN-BUNDLE,paid
316792,2683,2025-12-04T12:41:19Z,,2124.42,,10,NONE,shipped
316797,2691,2025-12-15T10:02:49Z,,5490.68,,12,LUX-R6,paid
316798,2693,2025-12-04T12:56:38Z,,1979.38,1979.38,4,LUX-R6,canceled
316800,2694,2025-12-20T12:08:07Z,,1871.09,1871.09,7,WINTER-FLYER,pending_hold
316802,2694,2025-12-24T15:01:21Z,,3278.6,,5,,paid
316807,2711,2025-12-05T09:03:10Z,,3033.78,3033.78,4,LUX-R6,shipped
316810,2715,2025-12-26T06:04:34Z,,5427.26,,6,,pending_hold
316811,2719,2025-12-27T08:40:15Z,,5987.8,5987.80,9,NONE,shipped
316812,2721,2025-12-05T11:59:37Z,,7468.9,7468.90,9,NONE,shipped
316815,2722,2025-12-06T07:14:16Z,,1691.08,,6,WINTER-FLYER,paid
316820,2726,2025-12-25T06:44:06Z,,3208.98,3208.98,8,NONE,canceled
316822,2726,2025-12-20T11:01:44Z,,3710.74,,8,NONE,pending_hold
316825,2728,2025-12-16T11:02:23Z,,2984.56,,6,WINTER-FLYER,paid
316826,2731,2025-12-25T17:47:34Z,,852.05,852.05,6,NONE,shipped
316827,2731,2025-12-22T10:08:52Z,,2674.19,2674.19,5,LUX-R6,paid
316829,2732,2025-12-11T06:53:39Z,,2413.3,,6,NONE,canceled
316831,2734,2025-12-08T08:54:59Z,,2026.6,2026.60,3,RAMADAN-BUNDLE,paid
316832,2735,2025-12-09T07:36:16Z,,1045.15,1045.15,3,,shipped
316834,2739,2025-12-15T12:09:40Z,,4674.13,4674.13,10,RAMADAN-BUNDLE,shipped
316839,2746,2025-12-20T11:30:44Z,,1741.89,1741.89,2,WINTER-FLYER,paid
316845,2752,2025-12-11T10:49:12Z,,3149.21,,7,RAMADAN-BUNDLE,canceled
316849,2756,2025-12-01T07:29:09Z,,2627.89,,5,NONE,paid
316858,2765,2025-12-14T07:08:31Z,,5382.69,,6,LUX-R6,shipped
316859,2767,2025-12-05T09:13:01Z,,1985.71,,8,LUX-R6,paid
316865,2774,2025/12/19 11:33,,939.95,939.95,5,RAMADAN-BUNDLE,shipped
316876,2786,2025/12/03 10:33,,2963.12,,6,,paid
316882,2790,2025-12-12T10:43:09Z,,529.42,529.42,2,RAMADAN-BUNDLE,pending_hold
316918,1017,2026-01-27T11:07:46Z,,6209.8,6209.80,7,,paid
316921,1019,2026-01-08T09:57:16Z,,4251.75,,5,NONE,canceled
316927,1026,2026-01-18T08:49:20Z,,1313.33,1313.33,7,NONE,paid
316928,1026,2026-01-01T11:37:51Z,,2430.9,,9,NONE,pending_hold
316929,1027,2026-01-19T08:50:48Z,,9372.4,9372.40,14,RAMADAN-BUNDLE,paid
316934,1038,2026-01-15T06:30:23Z,,5569.73,5569.73,5,NONE,paid
316937,1042,2026-01-09T07:17:33Z,,3811.64,,5,WINTER-FLYER,paid
316938,1043,2026-01-27T10:48:33Z,,4400.96,4400.96,6,WINTER-FLYER,shipped
316939,1045,2026-01-23T14:10:09Z,,2324.8,2324.80,6,NONE,canceled
316944,1052,2026-01-26T06:22:10Z,,3061.48,,8,LUX-R6,paid
316945,1053,2026-01-25T12:11:46Z,,3205.9,3205.90,4,NONE,paid
316948,1053,2026-01-21T13:58:29Z,,2149.54,,3,WINTER-FLYER,paid
316952,1055,2026-01-23T15:04:45Z,,2843.04,2843.04,4,NONE,canceled
316955,1058,2026/01/28 11:20,,1635.08,1635.08,5,LUX-R6,paid
316957,1061,2026-01-11T14:25:32Z,,5280.84,,9,RAMADAN-BUNDLE,shipped
316958,1064,2026-01-28T15:59:49Z,,2234.07,2234.07,2,WINTER-FLYER,paid
316961,1065,2026-01-21T08:00:24Z,,1538.56,1538.56,6,NONE,paid
316969,1069,2026-01-27T13:30:33Z,,5699.36,,9,WINTER-FLYER,paid
316971,1072,2026-01-04T16:16:19Z,,5698.73,5698.73,8,NONE,paid
316973,1075,2026-01-20T06:06:01Z,,3400.52,,6,,pending_hold
316977,1081,2026-01-07T06:34:05Z,,4618.4,4618.40,9,NONE,shipped
316978,1081,2026/01/27 13:39,,4299.95,,3,NONE,pending_hold
316980,1083,2026/01/06 10:52,,4556.82,4556.82,11,NONE,shipped
316981,1083,2026-01-05T06:22:04Z,,1047.19,,4,NONE,canceled
316983,1086,2026-01-13T11:55:32Z,,2753.09,,7,,paid
316987,1087,2026-01-28T07:28:59Z,,4117.08,,7,RAMADAN-BUNDLE,canceled
316988,1088,2026-01-17T08:05:46Z,,2547.25,,7,NONE,paid
316992,1095,2026-01-12T08:18:59Z,,4007.42,4007.42,12,RAMADAN-BUNDLE,paid
316996,1100,2026-01-09T11:46:10Z,,2502.03,,4,RAMADAN-BUNDLE,shipped
317010,1112,2026-01-26T13:12:16Z,,1282.08,1282.08,3,NONE,paid
317021,1128,2026-01-21T12:15:46Z,,3964.6,3964.60,2,RAMADAN-BUNDLE,pending_hold
317025,1137,2026-01-14T15:15:47Z,,2640.97,2640.97,5,NONE,paid
317026,1137,2026-01-22T08:01:38Z,,2247.18,,8,NONE,pending_hold
317031,1142,2026/01/11 10:38,,4669.9,,10,NONE,pending_hold
317034,1145,2026-01-18T10:11:20Z,,3531.78,,10,,paid
317035,1145,2026-01-15T17:45:31Z,,811.08,,4,RAMADAN-BUNDLE,paid
317036,1149,2026-01-05T06:23:43Z,,4917.57,4917.57,10,NONE,shipped
317037,1149,2026/01/02 14:01,,2602.42,2602.42,4,WINTER-FLYER,paid
317038,1150,2026-01-06T09:47:33Z,,3203.3,3203.30,7,RAMADAN-BUNDLE,pending_hold
317041,1151,2026-01-16T12:38:20Z,,3078.31,3078.31,5,NONE,paid
317043,1152,2026-01-25T08:21:09Z,,8596.22,8596.22,14,NONE,pending_hold
317044,1152,2026/01/14 12:58,,5131.64,5131.64,4,NONE,canceled
317047,1156,2026-01-16T08:22:29Z,,3880.58,3880.58,10,RAMADAN-BUNDLE,paid
317059,1167,2026-01-20T07:03:54Z,,571.93,571.93,3,,shipped
317064,1175,2026-01-10T07:39:59Z,,3811.96,3811.96,9,,paid
317066,1176,2026-01-22T09:10:17Z,,669.61,,2,NONE,pending_hold
317067,1177,2026-01-11T09:27:09Z,,2453.0,,4,NONE,paid
317069,1182,2026-01-01T08:11:19Z,,1565.64,1565.64,2,WINTER-FLYER,paid
317072,1183,2026-01-26T12:18:26Z,,3163.77,,5,NONE,pending_hold
317076,1188,2026-01-02T10:07:33Z,,2823.69,,8,RAMADAN-BUNDLE,canceled
317081,1192,2026-01-24T13:05:56Z,,6756.27,6756.27,9,NONE,canceled
317083,1192,2026-01-25T11:40:57Z,,2823.13,,7,NONE,paid
317087,1194,2026-01-23T12:24:35Z,,1558.92,,4,,shipped
317093,1204,2026-01-02T06:36:38Z,,8477.2,,14,,shipped
317098,1207,2026-01-23T10:17:39Z,,5687.79,5687.79,9,NONE,paid
317100,1209,2026-01-06T12:17:07Z,,5017.1,5017.10,9,WINTER-FLYER,paid
317102,1213,2026-01-13T06:05:45Z,,2411.57,,5,NONE,paid
317105,1218,2026-01-10T13:07:15Z,,2401.43,2401.43,2,RAMADAN-BUNDLE,shipped
317107,1220,2026-01-04T12:57:46Z,,302.33,,2,RAMADAN-BUNDLE,paid
317109,1221,2026-01-25T15:31:06Z,,3310.07,,7,LUX-R6,pending_hold
317122,1248,2026/01/20 18:47,,3321.74,,4,LUX-R6,paid
317127,1256,2026-01-10T11:54:19Z,,5570.01,,10,NONE,shipped
317129,1257,2026-01-16T11:45:03Z,,711.89,,5,RAMADAN-BUNDLE,shipped
317130,1262,2026-01-23T13:25:52Z,,3643.56,3643.56,7,NONE,canceled
317133,1263,2026-01-16T15:24:48Z,,3356.47,3356.47,8,RAMADAN-BUNDLE,paid
317149,1292,2026-01-24T12:49:25Z,,1852.14,1852.14,5,WINTER-FLYER,pending_hold
317157,1298,2026-01-08T11:17:04Z,,5989.41,,8,,pending_hold
317160,1298,2026-01-10T08:09:06Z,,1940.03,1940.03,3,NONE,canceled
317173,1313,2026-01-05T13:49:45Z,,3490.51,3490.51,8,LUX-R6,canceled
317179,1316,2026-01-04T06:34:58Z,,3473.06,3473.06,10,NONE,paid
317180,1319,2026-01-05T06:21:18Z,,5547.13,5547.13,8,NONE,pending_hold
317181,1320,2026-01-20T13:07:26Z,,4091.79,,5,WINTER-FLYER,paid
317182,1320,2026-01-02T12:02:54Z,,12530.79,,15,,paid
317186,1325,2026-01-17T15:13:12Z,,3421.88,3421.88,6,NONE,paid
317194,1337,2026-01-10T07:30:43Z,,2048.33,2048.33,8,LUX-R6,pending_hold
317201,1341,2026-01-20T09:47:35Z,,1806.36,,4,LUX-R6,paid
317214,1350,2026-01-25T16:13:43Z,,3760.96,,8,NONE,shipped
317215,1351,2026-01-26T14:27:13Z,,4558.62,,7,RAMADAN-BUNDLE,paid
317217,1357,2026-01-01T13:38:57Z,,4922.11,4922.11,9,,paid
317218,1361,2026-01-13T06:02:40Z,,3450.62,,3,RAMADAN-BUNDLE,paid
317241,1386,2026-01-28T13:56:48Z,,3072.43,,7,LUX-R6,paid
317247,1390,2026-01-04T11:02:13Z,,1102.79,1102.79,6,NONE,canceled
317251,1394,2026/01/24 14:33,,2145.2,,5,LUX-R6,paid
317253,1398,2026-01-26T13:39:14Z,,3796.8,3796.80,15,NONE,paid
317256,1404,2026-01-13T08:58:00Z,,5787.84,5787.84,12,,pending_hold
317267,1407,2026-01-27T08:58:02Z,,6835.81,6835.81,9,NONE,shipped
317271,1414,2026-01-23T13:12:43Z,,757.16,757.16,4,,paid
317273,1415,2026-01-05T07:10:45Z,,4226.3,4226.30,11,WINTER-FLYER,pending_hold
317280,1426,2026-01-16T11:26:19Z,,2470.99,,8,NONE,pending_hold
317283,1429,2026-01-22T08:55:06Z,,1990.33,,5,NONE,pending_hold
317284,1431,2026-01-24T09:49:45Z,,6444.4,,8,NONE,canceled
317285,1431,2026/01/05 12:17,,2867.12,,2,RAMADAN-BUNDLE,shipped
317288,1434,2026-01-18T06:21:55Z,,4308.7,4308.70,15,RAMADAN-BUNDLE,shipped
317290,1435,2026-01-17T07:36:32Z,,1685.5,1685.50,8,RAMADAN-BUNDLE,paid
317304,1453,2026-01-28T10:38:43Z,,5744.81,,9,RAMADAN-BUNDLE,paid
317305,1455,2026-01-15T07:32:38Z,,6257.8,6257.80,14,NONE,canceled
317306,1457,2026/01/28 14:28,,6936.43,,12,WINTER-FLYER,pending_hold
317310,1460,2026-01-16T06:41:37Z,,1671.26,1671.26,7,RAMADAN-BUNDLE,paid
317311,1460,2026-01-25T10:23:40Z,,2336.09,2336.09,6,NONE,paid
317313,1467,2026-01-19T06:56:53Z,,1810.67,,3,WINTER-FLYER,paid
317314,1468,2026-01-18T06:16:27Z,,1668.42,,8,NONE,shipped
317320,1473,2026-01-05T10:21:35Z,,2772.98,2772.98,10,NONE,paid
317329,1484,2026-01-21T09:22:29Z,,2938.87,,6,NONE,canceled
317330,1484,2026-01-26T14:53:44Z,,306.86,306.86,3,LUX-R6,pending_hold
317332,1484,2026-01-12T08:47:41Z,,4095.59,4095.59,8,WINTER-FLYER,paid
317337,1498,2026-01-14T14:53:52Z,,7296.33,,10,,shipped
317338,1502,2026-01-04T12:38:36Z,,998.74,,4,WINTER-FLYER,paid
317345,1506,2026-01-24T14:15:19Z,,2522.73,2522.73,7,NONE,pending_hold
317348,1512,2026-01-14T07:01:39Z,,2448.2,2448.20,6,NONE,paid
317350,1514,2026-01-02T10:12:07Z,,1585.43,1585.43,5,NONE,paid
317355,1516,2026-01-22T06:06:19Z,,3875.37,3875.37,8,NONE,shipped
317358,1518,2026-01-13T11:24:41Z,,7053.33,,9,NONE,paid
317360,1533,2026-01-06T13:35:34Z,,1740.06,,11,,paid
317364,1535,2026/01/17 10:00,,2358.62,,5,NONE,canceled
317368,1538,2026-01-16T09:45:21Z,,4884.91,4884.91,11,LUX-R6,shipped
317377,1542,2026-01-19T14:34:40Z,,4530.21,4530.21,7,LUX-R6,shipped
317381,1551,2026-01-20T06:24:33Z,,1707.84,1707.84,3,,canceled
317382,1553,2026-01-02T11:05:15Z,,2941.56,,5,NONE,shipped
317383,1553,2026-01-23T09:14:47Z,,2249.41,,4,RAMADAN-BUNDLE,paid
317385,1556,2026-01-20T13:20:15Z,,3705.44,,8,LUX-R6,canceled
317389,1564,2026-01-08T10:11:58Z,,3753.59,3753.59,12,WINTER-FLYER,paid
317397,1576,2026/01/16 11:05,,4974.27,,9,RAMADAN-BUNDLE,shipped
317398,1576,2026-01-26T12:13:50Z,,1890.08,,9,LUX-R6,paid
317399,1576,2026-01-14T08:23:31Z,,2352.05,2352.05,2,RAMADAN-BUNDLE,paid
317401,1580,2026-01-26T17:45:28Z,,1479.9,,3,,shipped
317405,1583,2026-01-01T12:29:39Z,,7863.35,,15,,paid
317406,1584,2026-01-28T07:53:19Z,,4274.33,4274.33,9,RAMADAN-BUNDLE,paid
317408,1585,2026/01/07 14:05,,5779.12,5779.12,7,LUX-R6,paid
317409,1586,2026-01-23T09:30:11Z,,2740.83,,2,RAMADAN-BUNDLE,paid
317410,1586,2026-01-20T06:57:37Z,,8845.74,,11,LUX-R6,pending_hold
317411,1587,2026-01-06T07:40:35Z,,3516.47,,7,RAMADAN-BUNDLE,shipped
317413,1590,2026-01-27T14:07:42Z,,4144.66,,7,RAMADAN-BUNDLE,paid
317414,1590,2026-01-20T08:02:40Z,,3451.5,,4,NONE,canceled
317415,1591,2026-01-07T11:28:35Z,,6936.31,,15,,pending_hold
317416,1593,2026-01-05T12:06:33Z,,935.74,,4,WINTER-FLYER,canceled
317428,1609,2026-01-11T06:55:56Z,,4182.47,,7,WINTER-FLYER,canceled
317430,1609,2026-01-20T10:19:22Z,,836.43,,3,,paid
317431,1609,2026-01-12T06:27:23Z,,3346.29,3346.29,6,RAMADAN-BUNDLE,paid
317434,1621,2026-01-17T09:27:53Z,,4234.54,,10,LUX-R6,pending_hold
317435,1621,2026-01-04T13:38:09Z,,4950.52,4950.52,5,,canceled
317439,1635,2026-01-22T06:13:47Z,,1935.25,,4,,paid
317445,1640,2026-01-18T09:05:14Z,,6242.84,6242.84,14,RAMADAN-BUNDLE,paid
317448,1644,2026-01-05T17:36:57Z,,2877.66,,5,NONE,canceled
317450,1646,2026-01-18T10:34:04Z,,2735.1,2735.10,6,RAMADAN-BUNDLE,paid
317453,1650,2026-01-19T07:14:53Z,,1866.99,1866.99,5,LUX-R6,shipped
317455,1652,2026-01-18T10:50:09Z,,2855.77,2855.77,7,,pending_hold
317458,1655,2026/01/24 08:08,,938.57,938.57,3,NONE,paid
317466,1667,2026-01-12T13:02:32Z,,3855.49,3855.49,3,LUX-R6,paid
317471,1669,2026-01-02T08:48:02Z,,5247.23,,8,NONE,shipped
317472,1669,2026-01-06T07:28:20Z,,2223.34,2223.34,7,WINTER-FLYER,shipped
317473,1670,2026-01-09T08:31:35Z,,2238.73,,6,NONE,pending_hold
317477,1671,2026-01-16T07:43:51Z,,4860.11,4860.11,7,NONE,paid
317479,1676,2026-01-14T07:13:03Z,,7387.82,7387.82,7,LUX-R6,pending_hold
317481,1676,2026-01-09T08:00:15Z,,4982.58,4982.58,9,NONE,canceled
317482,1676,2026-01-13T11:51:07Z,,1316.7,1316.70,5,LUX-R6,paid
317483,1676,2026-01-09T09:25:20Z,,2033.95,2033.95,5,WINTER-FLYER,paid
317484,1680,2026-01-08T10:01:47Z,,5231.18,5231.18,9,WINTER-FLYER,paid
317485,1682,2026-01-10T08:04:10Z,,6048.04,6048.04,7,WINTER-FLYER,paid
317493,1695,2026-01-27T10:10:08Z,,1985.71,,3,LUX-R6,shipped
317494,1695,2026-01-08T08:42:30Z,,1060.48,1060.48,6,LUX-R6,paid
317497,1698,2026-01-08T12:22:31Z,,2834.82,2834.82,4,NONE,pending_hold
317498,1699,2026-01-06T11:32:18Z,,3004.64,,9,,paid
317499,1699,2026-01-27T08:16:30Z,,3407.59,,8,NONE,shipped
317500,1699,2026-01-02T06:39:21Z,,1826.92,,2,NONE,paid
317502,1701,2026-01-17T06:23:10Z,,3607.41,3607.41,7,WINTER-FLYER,pending_hold
317509,1706,2026-01-19T09:21:58Z,,5596.08,,10,WINTER-FLYER,pending_hold
317510,1708,2026-01-14T08:22:23Z,,2332.68,,7,NONE,shipped
317511,1708,2026-01-27T13:16:07Z,,1852.34,1852.34,5,,shipped
317519,1719,2026/01/09 09:28,,2879.38,2879.38,8,,canceled
317521,1720,2026-01-21T09:16:25Z,,2558.06,2558.06,5,,paid
317523,1722,2026-01-08T09:47:58Z,,5090.68,5090.68,11,NONE,paid
317527,1726,2026-01-05T09:17:49Z,,5743.86,,6,,paid
317528,1727,2026-01-12T11:20:39Z,,2994.1,,5,WINTER-FLYER,canceled
317532,1729,2026-01-06T12:44:28Z,,752.45,,3,NONE,paid
317533,1729,2026-01-18T11:35:00Z,,7403.21,7403.21,12,NONE,paid
317535,1732,2026-01-10T10:55:53Z,,1503.98,1503.98,8,NONE,canceled
317540,1733,2026-01-17T10:19:58Z,,2214.9,,5,WINTER-FLYER,paid
317547,1749,2026-01-08T12:42:03Z,,7497.04,,15,RAMADAN-BUNDLE,canceled
317552,1750,2026-01-15T07:24:57Z,,4240.06,4240.06,8,NONE,pending_hold
317559,1764,2026-01-03T13:20:39Z,,2367.05,2367.05,6,WINTER-FLYER,paid
317567,1778,2026-01-11T07:59:37Z,,729.44,,3,LUX-R6,paid
317570,1781,2026-01-06T13:38:23Z,,2007.14,,6,LUX-R6,pending_hold
317572,1784,2026-01-27T10:46:13Z,,3424.58,,7,,canceled
317580,1793,2026-01-22T10:31:45Z,,1214.25,,3,,pending_hold
317581,1793,2026-01-24T10:40:01Z,,5149.92,,8,NONE,paid
317582,1795,2026-01-09T06:07:40Z,,2335.99,,4,NONE,canceled
317587,1801,2026-01-14T11:54:30Z,,4600.24,4600.24,5,LUX-R6,paid
317589,1803,2026-01-06T09:01:44Z,,2741.11,,9,NONE,canceled
317590,1804,2026-01-12T10:38:47Z,,2684.71,2684.71,4,RAMADAN-BUNDLE,paid
317594,1809,2026-01-24T13:50:09Z,,5842.35,5842.35,8,NONE,canceled
317597,1810,2026-01-11T07:48:25Z,,594.9,594.90,4,LUX-R6,canceled
317607,1823,2026-01-08T10:25:15Z,,4254.9,4254.90,7,RAMADAN-BUNDLE,shipped
317609,1823,2026-01-05T11:31:39Z,,1408.81,,3,,canceled
317610,1823,2026-01-26T14:03:35Z,,4417.21,,10,WINTER-FLYER,paid
317611,1827,2026-01-13T07:11:20Z,,3056.28,3056.28,6,NONE,pending_hold
317614,1827,2026-01-03T11:46:34Z,,9126.29,,13,NONE,paid
317615,1829,2026-01-25T10:13:11Z,,3229.59,,6,NONE,shipped
317619,1830,2026-01-19T13:59:50Z,,2164.69,,4,LUX-R6,paid
317620,1830,2026-01-04T13:12:15Z,,5766.19,5766.19,6,LUX-R6,paid
317621,1832,2026-01-05T11:35:07Z,,2463.97,2463.97,10,RAMADAN-BUNDLE,paid
317622,1832,2026-01-26T09:51:35Z,,2265.21,,4,LUX-R6,pending_hold
317627,1837,2026/01/13 08:34,,2102.54,2102.54,5,NONE,paid
317628,1837,2026-01-18T09:26:37Z,,1442.82,1442.82,4,WINTER-FLYER,canceled
317631,1844,2026-01-18T14:06:12Z,,5537.12,5537.12,15,LUX-R6,paid
317632,1844,2026-01-09T11:09:46Z,,2329.48,2329.48,7,NONE,paid
317633,1846,2026-01-19T08:39:04Z,,2178.85,,6,NONE,paid
317636,1848,2026-01-27T11:27:29Z,,5469.84,,6,NONE,pending_hold
317637,1848,2026-01-20T14:32:19Z,,3738.06,,7,LUX-R6,pending_hold
317639,1849,2026-01-02T06:20:35Z,,1951.03,1951.03,7,LUX-R6,paid
317646,1854,2026-01-02T10:43:08Z,,2995.65,2995.65,7,NONE,paid
317648,1855,2026-01-06T09:12:24Z,,1230.65,,6,RAMADAN-BUNDLE,canceled
317650,1856,2026-01-25T11:55:50Z,,1613.13,,5,,paid
317653,1859,2026-01-05T14:12:52Z,,2832.47,2832.47,5,NONE,paid
317656,1862,2026-01-22T06:17:51Z,,1314.17,,3,NONE,canceled
317663,1864,2026-01-24T09:05:32Z,,3435.44,,8,NONE,canceled
317669,1874,2026-01-18T18:29:30Z,,1984.64,1984.64,4,NONE,canceled
317670,1875,2026-01-04T11:41:52Z,,8989.2,8989.20,14,WINTER-FLYER,paid
317677,1879,2026-01-24T12:46:05Z,,3575.34,,7,NONE,pending_hold
317678,1881,2026/01/27 14:02,,3813.67,,7,WINTER-FLYER,shipped
317682,1885,2026-01-23T14:01:19Z,,3273.89,,6,RAMADAN-BUNDLE,pending_hold
317683,1885,2026-01-04T10:13:35Z,,5166.92,,7,NONE,paid
317686,1892,2026-01-14T08:05:35Z,,3687.07,3687.07,9,NONE,paid
317687,1892,2026-01-13T10:04:59Z,,1504.42,1504.42,2,NONE,canceled
317690,1895,2026-01-17T08:10:18Z,,5760.24,,9,,shipped
317694,1897,2026-01-07T10:39:59Z,,5031.31,,7,,paid
317695,1897,2026-01-25T14:17:49Z,,4718.2,,9,,paid
317698,1900,2026-01-24T06:02:01Z,,4407.36,,6,NONE,paid
317702,1903,2026-01-03T18:51:02Z,,1098.78,1098.78,4,LUX-R6,paid
317703,1904,2026-01-09T12:54:11Z,,4045.07,4045.07,6,NONE,pending_hold
317705,1907,2026/01/23 18:00,,1268.09,1268.09,5,WINTER-FLYER,canceled
317706,1907,2026-01-24T10:26:47Z,,4073.23,4073.23,3,WINTER-FLYER,shipped
317708,1908,2026/01/05 19:00,,2485.24,2485.24,8,LUX-R6,pending_hold
317713,1915,2026-01-21T06:10:56Z,,6862.61,6862.61,9,NONE,paid
317714,1915,2026-01-11T09:48:12Z,,1338.12,,5,WINTER-FLYER,paid
317716,1915,2026/01/09 11:34,,13099.07,,15,RAMADAN-BUNDLE,pending_hold
317724,1922,2026-01-13T08:05:14Z,,9227.25,,9,RAMADAN-BUNDLE,pending_hold
317725,1924,2026-01-05T12:25:30Z,,3708.78,,8,WINTER-FLYER,paid
317740,1938,2026-01-17T12:19:58Z,,3719.84,,7,NONE,paid
317742,1939,2026-01-23T09:31:10Z,,3860.46,3860.46,3,WINTER-FLYER,shipped
317746,1942,2026-01-22T07:54:02Z,,3942.53,,12,RAMADAN-BUNDLE,paid
317754,1953,2026/01/09 15:27,,2990.85,,4,LUX-R6,pending_hold
317755,1953,2026-01-02T06:21:43Z,,2459.72,2459.72,8,,paid
317759,1959,2026-01-04T07:33:02Z,,1910.92,,6,WINTER-FLYER,paid
317763,1960,2026-01-04T11:21:49Z,,5842.9,5842.90,10,WINTER-FLYER,canceled
317765,1961,2026-01-25T14:01:33Z,,5928.05,,15,NONE,paid
317767,1963,2026-01-25T06:32:02Z,,822.12,822.12,7,NONE,paid
317771,1966,2026-01-16T12:26:00Z,,2133.88,2133.88,3,RAMADAN-BUNDLE,paid
317772,1966,2026-01-07T08:51:29Z,,2820.02,,8,NONE,paid
317776,1972,2026/01/24 17:49,,4446.96,,12,NONE,pending_hold
317797,1995,2026-01-11T09:10:03Z,,2287.95,,3,NONE,canceled
317798,1996,2026-01-26T06:05:12Z,,856.22,856.22,3,RAMADAN-BUNDLE,shipped
317799,1997,2026-01-23T10:40:51Z,,2967.05,,5,RAMADAN-BUNDLE,paid
317804,2003,2026-01-06T07:40:27Z,,4084.59,4084.59,9,NONE,paid
317805,2003,2026-01-11T09:44:16Z,,2814.71,,9,LUX-R6,canceled
317812,2011,2026-01-23T13:12:13Z,,3728.59,,11,WINTER-FLYER,canceled
317813,2012,2026-01-16T07:43:15Z,,1472.98,1472.98,3,WINTER-FLYER,canceled
317814,2013,2026-01-26T08:32:41Z,,1500.92,,3,NONE,shipped
317819,2024,2026-01-15T06:15:51Z,,4873.37,,9,LUX-R6,pending_hold
317826,2036,2026-01-04T14:09:46Z,,9942.32,9942.32,12,NONE,paid
317830,2042,2026-01-25T06:32:13Z,,1226.83,,3,RAMADAN-BUNDLE,paid
317831,2042,2026-01-07T15:20:41Z,,2118.07,,6,LUX-R6,paid
317833,2044,2026-01-05T06:17:52Z,,5143.78,,4,,canceled
317838,2053,2026-01-18T12:05:44Z,,3909.69,3909.69,8,LUX-R6,canceled
317840,2059,2026-01-19T09:38:58Z,,1405.15,1405.15,4,NONE,paid
317841,2061,2026-01-12T10:45:58Z,,5921.92,,10,NONE,canceled
317843,2061,2026-01-01T08:15:41Z,,2273.84,2273.84,3,LUX-R6,paid
317844,2061,2026-01-27T15:05:25Z,,1841.36,,5,NONE,paid
317853,2070,2026-01-06T08:23:37Z,,5189.98,,5,,pending_hold
317854,2070,2026-01-18T06:31:21Z,,2273.82,,7,LUX-R6,paid
317855,2072,2026/01/24 13:03,,402.01,402.01,2,NONE,paid
317856,2072,2026-01-05T08:49:08Z,,3465.91,3465.91,4,NONE,paid
317868,2088,2026-01-07T11:39:39Z,,7246.46,,10,NONE,paid
317872,2091,2026-01-11T09:13:10Z,,744.07,,4,RAMADAN-BUNDLE,paid
317877,2094,2026-01-01T07:18:29Z,,2228.02,2228.02,5,,shipped
317880,2101,2026-01-22T06:44:34Z,,2207.89,2207.89,5,,canceled
317881,2101,2026-01-11T15:43:19Z,,3328.48,3328.48,5,NONE,paid
317886,2106,2026-01-07T11:13:45Z,,3684.11,,8,NONE,canceled
317887,2106,2026-01-09T08:24:57Z,,7162.5,7162.50,12,LUX-R6,paid
317889,2106,2026-01-03T06:31:54Z,,5455.49,5455.49,10,NONE,canceled
317890,2108,2026-01-19T06:44:45Z,,1271.53,,4,LUX-R6,canceled
317892,2109,2026-01-09T10:56:23Z,,5292.89,,9,,canceled
317903,2124,2026-01-13T12:16:17Z,,4027.17,4027.17,7,LUX-R6,paid
317904,2124,2026-01-01T08:30:19Z,,1093.31,,4,LUX-R6,paid
317906,2127,2026-01-22T06:22:28Z,,7771.35,,14,RAMADAN-BUNDLE,paid
317907,2128,2026-01-04T06:18:36Z,,2639.11,,4,WINTER-FLYER,paid
317911,2134,2026-01-23T10:49:26Z,,5738.99,,8,WINTER-FLYER,shipped
317919,2140,2026-01-08T12:25:05Z,,4624.77,4624.77,5,,paid
317923,2154,2026-01-22T09:33:25Z,,5585.6,5585.60,9,RAMADAN-BUNDLE,pending_hold
317926,2157,2026-01-11T10:33:59Z,,2011.94,2011.94,5,WINTER-FLYER,paid
317927,2157,2026-01-07T06:51:19Z,,4324.72,,9,LUX-R6,paid
317929,2162,2026-01-15T13:22:07Z,,2344.58,,3,LUX-R6,paid
317932,2166,2026-01-08T11:58:32Z,,3254.19,3254.19,8,NONE,pending_hold
317933,2168,2026-01-26T10:51:58Z,,3530.7,,8,NONE,paid
317938,2174,2026-01-04T12:38:17Z,,5401.97,5401.97,10,NONE,paid
317939,2175,2026-01-23T07:54:56Z,,2499.82,,9,RAMADAN-BUNDLE,shipped
317941,2180,2026-01-22T09:47:01Z,,1737.72,1737.72,6,WINTER-FLYER,canceled
317945,2185,2026-01-06T09:31:00Z,,4441.4,4441.40,4,NONE,paid
317946,2185,2026-01-03T09:09:45Z,,1332.53,,7,LUX-R6,pending_hold
317949,2189,2026-01-16T07:08:14Z,,5295.51,,11,,paid
317952,2191,2026-01-05T08:14:54Z,,3272.4,3272.40,7,WINTER-FLYER,paid
317954,2191,2026-01-24T06:34:58Z,,901.61,901.61,2,LUX-R6,canceled
317956,2192,2026-01-14T16:37:22Z,,2871.92,,4,WINTER-FLYER,pending_hold
317957,2192,2026-01-07T10:52:52Z,,2700.49,2700.49,4,LUX-R6,paid
317960,2197,2026-01-15T07:32:08Z,,970.95,,4,LUX-R6,paid
317969,2202,2026-01-19T12:02:34Z,,7163.72,7163.72,7,WINTER-FLYER,paid
317980,2213,2026-01-26T08:32:55Z,,9292.23,9292.23,10,NONE,shipped
317985,2218,2026-01-17T06:50:24Z,,6307.45,6307.45,8,RAMADAN-BUNDLE,paid
317987,2220,2026-01-10T12:05:23Z,,3050.71,,8,WINTER-FLYER,pending_hold
317989,2222,2026-01-19T11:34:56Z,,2480.33,2480.33,6,NONE,canceled
317991,2223,2026-01-21T11:58:39Z,,2226.85,,3,NONE,paid
317993,2225,2026-01-16T06:11:36Z,,4281.22,4281.22,11,,paid
317995,2226,2026-01-05T12:55:57Z,,3259.44,,5,WINTER-FLYER,shipped
317996,2226,2026-01-08T09:43:21Z,,7691.97,7691.97,8,NONE,canceled
317997,2226,2026-01-20T10:47:01Z,,2515.37,2515.37,4,,paid
318001,2232,2026-01-18T15:18:34Z,,1413.69,1413.69,2,NONE,paid
318002,2234,2026/01/18 17:03,,4076.53,,11,RAMADAN-BUNDLE,paid
318004,2236,2026-01-01T12:19:08Z,,2446.45,,5,NONE,shipped
318009,2236,2026-01-07T06:35:58Z,,2393.9,2393.90,6,RAMADAN-BUNDLE,paid
318012,2238,2026/01/05 14:18,,3685.37,3685.37,6,NONE,canceled
318017,2246,2026-01-25T11:04:07Z,,2241.31,,6,LUX-R6,paid
318020,2251,2026-01-02T11:16:49Z,,1358.6,,6,RAMADAN-BUNDLE,paid
318023,2259,2026-01-27T09:21:17Z,,2628.97,,4,NONE,shipped
318027,2264,2026-01-16T08:01:14Z,,527.02,,4,LUX-R6,paid
318034,2272,2026-01-21T11:29:28Z,,2212.37,2212.37,4,NONE,pending_hold
318035,2275,2026-01-17T10:58:59Z,,1174.23,1174.23,3,NONE,paid
318041,2279,2026-01-19T10:42:59Z,,7009.28,7009.28,13,NONE,paid
318045,2282,2026-01-14T10:22:24Z,,3242.0,,5,RAMADAN-BUNDLE,paid
318049,2287,2026-01-27T09:14:36Z,,5582.59,,11,WINTER-FLYER,pending_hold
318051,2290,2026-01-04T09:01:30Z,,4559.38,4559.38,7,,paid
318053,2296,2026/01/14 14:58,,6529.82,6529.82,12,WINTER-FLYER,pending_hold
318055,2297,2026/01/18 18:45,,9745.97,9745.97,11,NONE,paid
318057,2300,2026-01-09T06:01:11Z,,2347.41,,10,LUX-R6,paid
318058,2301,2026-01-26T11:57:16Z,,3475.29,,6,RAMADAN-BUNDLE,paid
318059,2302,2026-01-11T15:33:41Z,,4798.5,,7,,paid
318062,2304,2026-01-16T11:24:27Z,,1866.83,1866.83,4,NONE,canceled
318064,2304,2026-01-17T06:51:02Z,,2046.64,2046.64,7,LUX-R6,paid
318066,2309,2026-01-12T08:28:19Z,,3133.7,3133.70,6,WINTER-FLYER,canceled
318070,2314,2026-01-21T07:31:38Z,,3552.24,3552.24,9,NONE,paid
318071,2316,2026-01-06T12:54:18Z,,3531.45,3531.45,5,,pending_hold
318075,2322,2026-01-26T09:59:39Z,,1985.19,,6,RAMADAN-BUNDLE,shipped
318076,2322,2026/01/27 16:26,,3678.26,,6,NONE,paid
318077,2323,2026-01-24T06:54:53Z,,4184.09,,7,NONE,canceled
318078,2325,2026-01-17T11:55:35Z,,3342.22,3342.22,6,NONE,pending_hold
318082,2331,2026-01-12T15:02:12Z,,2435.32,,7,NONE,paid
318084,2334,2026-01-18T07:17:12Z,,3527.55,3527.55,4,,canceled
318088,2335,2026-01-11T09:03:33Z,,1919.77,1919.77,6,NONE,pending_hold
318092,2345,2026-01-16T09:07:33Z,,3621.22,,7,NONE,paid
318097,2347,2026-01-02T12:26:58Z,,1166.44,,3,NONE,paid
318099,2348,2026-01-03T08:13:32Z,,8159.3,8159.30,10,WINTER-FLYER,shipped
318100,2349,2026-01-03T11:15:44Z,,3295.26,,5,LUX-R6,paid
318101,2351,2026-01-18T07:01:29Z,,950.22,,4,RAMADAN-BUNDLE,paid
318110,2358,2026-01-08T07:38:43Z,,1420.86,,3,WINTER-FLYER,paid
318112,2358,2026-01-21T08:56:49Z,,2066.97,,4,,canceled
318114,2362,2026-01-11T15:06:50Z,,4895.02,,9,RAMADAN-BUNDLE,paid
318120,2373,2026-01-09T10:50:02Z,,3096.58,3096.58,9,NONE,canceled
318121,2373,2026-01-12T11:22:30Z,,4686.4,,5,WINTER-FLYER,paid
318133,2388,2026-01-06T14:39:52Z,,6841.32,6841.32,7,NONE,canceled
318137,2390,2026/01/02 08:08,,4538.57,,6,WINTER-FLYER,paid
318140,2392,2026-01-25T07:38:03Z,,3769.17,3769.17,6,WINTER-FLYER,paid
318142,2392,2026-01-09T12:59:11Z,,3607.96,,4,RAMADAN-BUNDLE,canceled
318144,2392,2026/01/26 08:04,,2368.16,2368.16,9,LUX-R6,pending_hold
318147,2394,2026-01-27T15:40:40Z,,4673.2,4673.20,11,LUX-R6,canceled
318149,2396,2026-01-24T11:48:56Z,,2121.5,,3,,paid
318158,2414,2026-01-10T06:35:27Z,,3762.26,,9,NONE,shipped
318159,2414,2026-01-15T06:34:35Z,,1646.41,,4,LUX-R6,paid
318165,2418,2026/01/22 15:48,,6536.45,,15,NONE,paid
318169,2423,2026-01-21T12:56:23Z,,4103.39,,7,NONE,shipped
318170,2423,2026-01-01T12:29:53Z,,2859.68,2859.68,8,NONE,paid
318172,2426,2026-01-08T07:24:08Z,,2715.85,2715.85,8,,shipped
318173,2429,2026-01-24T06:11:15Z,,5066.9,5066.90,9,RAMADAN-BUNDLE,canceled
318176,2430,2026-01-16T07:13:46Z,,3442.25,,5,,paid
318179,2430,2026-01-19T07:32:00Z,,5050.73,,6,WINTER-FLYER,paid
318187,2438,2026-01-26T08:20:31Z,,5214.55,5214.55,6,NONE,pending_hold
318188,2441,2026-01-02T13:07:03Z,,2692.04,2692.04,7,NONE,pending_hold
318189,2443,2026-01-16T15:48:51Z,,2302.67,,8,NONE,shipped
318200,2452,2026-01-25T09:16:19Z,,6832.43,,9,RAMADAN-BUNDLE,pending_hold
318201,2452,2026-01-06T08:51:49Z,,4651.1,,8,WINTER-FLYER,paid
318202,2453,2026-01-02T10:16:41Z,,4916.53,,8,NONE,shipped
318205,2460,2026-01-14T13:43:22Z,,4071.71,,8,LUX-R6,paid
318215,2469,2026-01-17T15:37:50Z,,10282.23,10282.23,15,WINTER-FLYER,shipped
318216,2469,2026-01-15T12:06:50Z,,5801.48,5801.48,5,NONE,paid
318220,2475,2026-01-04T09:18:58Z,,2848.98,2848.98,2,LUX-R6,shipped
318222,2476,2026-01-11T07:39:09Z,,3459.13,,8,RAMADAN-BUNDLE,paid
318225,2485,2026-01-25T11:05:19Z,,2654.74,,4,LUX-R6,paid
318230,2489,2026-01-19T12:41:33Z,,1341.96,1341.96,2,RAMADAN-BUNDLE,paid
318231,2489,2026/01/17 11:49,,2599.48,,9,WINTER-FLYER,paid
318232,2490,2026-01-12T13:02:24Z,,6264.75,6264.75,12,RAMADAN-BUNDLE,pending_hold
318234,2490,2026-01-24T09:18:42Z,,2905.56,,5,RAMADAN-BUNDLE,shipped
318241,2496,2026-01-20T06:25:07Z,,3476.57,,7,NONE,shipped
318246,2499,2026-01-15T12:35:20Z,,5695.19,5695.19,7,NONE,paid
318247,2500,2026-01-07T09:33:32Z,,1951.93,,4,,canceled
318248,2501,2026-01-03T08:07:31Z,,3870.78,,5,NONE,pending_hold
318251,2505,2026-01-17T18:13:59Z,,2215.51,2215.51,4,RAMADAN-BUNDLE,paid
318254,2508,2026-01-22T08:43:56Z,,3768.34,,2,LUX-R6,pending_hold
318265,2520,2026-01-27T10:56:04Z,,3263.16,,5,RAMADAN-BUNDLE,shipped
318270,2526,2026-01-05T14:56:57Z,,5011.17,,13,,paid
318276,2533,2026-01-12T11:26:26Z,,3406.69,3406.69,8,,paid
318277,2535,2026-01-19T11:53:47Z,,1932.11,1932.11,4,NONE,canceled
318280,2541,2026-01-18T14:49:32Z,,5346.98,5346.98,4,WINTER-FLYER,paid
318283,2545,2026-01-17T10:00:09Z,,3061.62,,9,NONE,paid
318287,2550,2026-01-27T09:02:59Z,,976.17,976.17,2,WINTER-FLYER,pending_hold
318289,2552,2026-01-01T09:40:41Z,,2940.88,,2,,paid
318290,2553,2026-01-27T16:23:39Z,,4861.83,4861.83,8,,paid
318294,2557,2026-01-23T13:13:29Z,,4629.06,4629.06,11,NONE,paid
318299,2564,2026/01/14 13:52,,211.32,,3,LUX-R6,paid
318301,2566,2026-01-04T10:55:38Z,,2216.05,,4,WINTER-FLYER,shipped
318303,2569,2026-01-05T09:59:37Z,,3947.57,3947.57,6,,paid
318304,2571,2026-01-02T13:22:23Z,,3755.64,,9,RAMADAN-BUNDLE,canceled
318307,2571,2026-01-28T07:35:17Z,,4271.85,4271.85,11,NONE,canceled
318308,2571,2026-01-15T10:46:10Z,,1651.85,1651.85,2,LUX-R6,paid
318309,2571,2026-01-24T09:22:17Z,,4291.87,4291.87,11,LUX-R6,shipped
318312,2579,2026-01-01T07:09:10Z,,4118.34,,6,,canceled
318323,2593,2026-01-08T07:43:55Z,,3033.68,,6,NONE,shipped
318337,2602,2026-01-16T06:44:44Z,,6762.95,6762.95,15,,paid
318341,2607,2026-01-25T10:45:46Z,,2346.64,,7,,shipped
318346,2609,2026-01-01T09:07:11Z,,2028.07,,7,LUX-R6,pending_hold
318350,2612,2026-01-24T08:31:53Z,,1123.64,1123.64,5,WINTER-FLYER,pending_hold
318352,2612,2026-01-24T11:10:06Z,,4260.38,,6,WINTER-FLYER,paid
318356,2616,2026-01-14T10:26:01Z,,3669.16,3669.16,4,RAMADAN-BUNDLE,shipped
318357,2616,2026-01-24T11:16:40Z,,3229.04,,8,RAMADAN-BUNDLE,paid
318359,2620,2026-01-19T12:15:26Z,,5513.26,,9,NONE,paid
318360,2621,2026/01/02 15:45,,5264.77,5264.77,15,WINTER-FLYER,pending_hold
318361,2622,2026-01-18T08:39:33Z,,3009.43,3009.43,8,RAMADAN-BUNDLE,shipped
318368,2627,2026-01-16T10:12:27Z,,3255.66,,5,RAMADAN-BUNDLE,paid
318375,2645,2026-01-02T10:06:40Z,,4217.2,4217.20,8,NONE,paid
318377,2648,2026-01-05T10:17:24Z,,8995.79,8995.79,15,,pending_hold
318382,2650,2026-01-19T08:10:46Z,,10139.0,,12,,paid
318383,2651,2026-01-17T12:14:39Z,,3513.55,,4,WINTER-FLYER,paid
318384,2654,2026-01-12T13:04:24Z,,1658.18,,3,LUX-R6,pending_hold
318386,2658,2026-01-05T10:27:51Z,,6028.82,6028.82,11,,canceled
318391,2661,2026-01-03T11:07:26Z,,4158.56,,12,WINTER-FLYER,paid
318400,2670,2026-01-22T11:02:30Z,,4200.81,4200.81,6,NONE,pending_hold
318406,2682,2026/01/20 15:24,,669.01,669.01,3,WINTER-FLYER,paid
318414,2691,2026-01-25T06:21:45Z,,5052.75,5052.75,14,RAMADAN-BUNDLE,canceled
318424,2709,2026-01-03T08:14:08Z,,955.07,,4,,pending_hold
318426,2709,2026-01-14T06:08:07Z,,1181.54,,5,WINTER-FLYER,shipped
318431,2715,2026/01/07 16:15,,1255.86,1255.86,4,NONE,paid
318432,2719,2026-01-25T06:32:42Z,,9823.29,9823.29,15,RAMADAN-BUNDLE,canceled
318433,2720,2026-01-14T12:44:59Z,,8257.37,8257.37,9,,paid
318435,2721,2026-01-10T12:32:22Z,,3508.72,3508.72,6,,paid
318440,2726,2026-01-07T06:36:49Z,,8567.29,8567.29,13,LUX-R6,paid
318445,2727,2026-01-28T08:51:15Z,,8742.66,,11,RAMADAN-BUNDLE,paid
318450,2733,2026-01-25T06:15:21Z,,555.34,555.34,4,,pending_hold
318456,2738,2026-01-15T07:20:49Z,,4801.07,,6,LUX-R6,paid
318468,2748,2026-01-15T10:49:55Z,,3814.21,3814.21,11,RAMADAN-BUNDLE,paid
318469,2751,2026-01-20T15:11:36Z,,5734.38,,9,WINTER-FLYER,canceled
318473,2754,2026-01-12T09:18:51Z,,5209.87,,13,,canceled
318475,2758,2026-01-27T11:15:11Z,,5755.19,,10,WINTER-FLYER,paid
318480,2766,2026-01-25T06:18:11Z,,4260.58,,11,LUX-R6,paid
318483,2769,2026-01-21T14:10:20Z,,3439.85,3439.85,6,,pending_hold
318486,2774,2026-01-05T12:05:00Z,,3091.92,,7,,canceled
318487,2775,2026-01-20T06:43:10Z,,1525.18,,7,RAMADAN-BUNDLE,canceled
318497,2782,2026-01-05T08:13:29Z,,1582.17,,7,RAMADAN-BUNDLE,paid
318501,2787,2026-01-16T10:25:35Z,,8936.99,,11,NONE,canceled
318502,2788,2026-01-17T06:08:49Z,,5751.98,,12,NONE,pending_hold
318506,2789,2026-01-25T06:31:49Z,,3284.79,,9,LUX-R6,shipped
318510,2790,2026-01-03T10:03:05Z,,4221.23,,3,LUX-R6,paid
318514,2791,2026-01-13T06:27:20Z,,58.1,,2,,paid
318515,2791,2026-01-28T11:15:49Z,,2755.81,,7,WINTER-FLYER,paid
318516,2793,2026-01-26T12:28:04Z,,1750.42,,5,NONE,shipped
318519,2795,2026-01-03T16:39:00Z,,4206.12,4206.12,5,WINTER-FLYER,pending_hold
318522,2798,2026-01-04T10:00:51Z,,6445.46,,15,,shipped
318525,2807,2026-01-12T08:57:46Z,,6836.06,6836.06,7,RAMADAN-BUNDLE,paid
318526,2809,2026-01-03T10:27:29Z,,5257.54,5257.54,15,RAMADAN-BUNDLE,pending_hold
318527,2809,2026/01/04 12:37,,3410.58,,5,WINTER-FLYER,canceled
318531,1001,2026-02-06T10:00:32Z,,4699.02,,9,NONE,canceled
318532,1001,2026-02-05T08:43:21Z,,1997.23,1997.23,9,RAMADAN-BUNDLE,pending_hold
318534,1006,2026-02-08T10:05:12Z,,4560.5,,9,NONE,shipped
318550,1030,2026-02-09T10:01:11Z,,3671.36,,8,RAMADAN-BUNDLE,shipped
318553,1036,2026-02-02T11:07:35Z,,1247.66,,6,RAMADAN-BUNDLE,paid
318554,1037,2026-02-25T21:23:07Z,,558.18,,2,LUX-R6,canceled
318555,1037,2026-02-28T19:19:43Z,,5283.37,,8,RAMADAN-BUNDLE,paid
318556,1039,2026-02-21T16:05:51Z,,2127.15,,6,WINTER-FLYER,canceled
318559,1042,2026-02-16T08:46:23Z,,2197.81,,7,WINTER-FLYER,shipped
318562,1049,2026-02-03T13:48:45Z,,823.72,823.72,3,NONE,paid
318571,1056,2026-02-24T21:53:53Z,,2251.95,,12,LUX-R6,shipped
318580,1070,2026-02-28T14:51:03Z,,2094.97,2094.97,4,,paid
318582,1077,2026-02-06T07:40:41Z,,2814.02,,12,,paid
318584,1081,2026-02-25T19:09:23Z,,2505.49,,10,RAMADAN-BUNDLE,shipped
318586,1083,2026-02-02T09:09:46Z,,3115.75,,6,,pending_hold
318587,1083,2026-02-21T17:22:52Z,,1912.02,,7,WINTER-FLYER,paid
318588,1085,2026-02-11T09:07:07Z,,1216.74,1216.74,3,LUX-R6,paid
318590,1087,2026/02/24 23:29,,3522.97,3522.97,5,RAMADAN-BUNDLE,shipped
318593,1088,2026-02-25T21:40:01Z,,3927.01,3927.01,10,,pending_hold
318601,1100,2026-02-24T06:26:46Z,,1173.05,1173.05,2,NONE,paid
318608,1109,2026-02-20T17:58:25Z,,1200.31,,4,LUX-R6,canceled
318613,1113,2026-02-03T12:44:38Z,,3568.25,3568.25,6,LUX-R6,paid
318615,1115,2026-02-26T19:32:30Z,,1142.21,1142.21,2,LUX-R6,paid
318622,1128,2026-02-27T17:14:01Z,,1626.67,,7,WINTER-FLYER,shipped
318626,1139,2026-02-17T11:00:01Z,,4035.61,,3,LUX-R6,paid
318630,1145,2026-02-12T11:05:33Z,,6442.77,6442.77,12,NONE,pending_hold
318641,1162,2026-02-20T21:22:33Z,,4313.6,,7,RAMADAN-BUNDLE,pending_hold
318642,1162,2026-02-02T08:16:01Z,,1196.05,1196.05,2,RAMADAN-BUNDLE,paid
318645,1164,2026-02-18T19:30:55Z,,10153.31,,12,RAMADAN-BUNDLE,pending_hold
318647,1164,2026-02-04T16:58:09Z,,4455.66,,6,NONE,paid
318652,1172,2026-02-16T12:50:07Z,,3299.05,,4,WINTER-FLYER,canceled
318654,1175,2026-02-01T06:39:09Z,,1300.51,,4,RAMADAN-BUNDLE,canceled
318656,1181,2026-02-08T08:01:20Z,,1296.24,1296.24,4,LUX-R6,paid
318661,1188,2026-02-02T09:04:43Z,,5317.74,,10,LUX-R6,paid
318665,1192,2026-02-22T20:38:21Z,,6001.33,,8,WINTER-FLYER,shipped
318668,1192,2026-02-19T19:18:32Z,,3750.28,,6,LUX-R6,paid
318669,1194,2026-02-12T06:19:34Z,,2022.55,,4,,paid
318672,1198,2026-02-04T07:33:26Z,,2182.88,,7,,canceled
318673,1198,2026-02-11T10:11:23Z,,4022.66,,8,WINTER-FLYER,paid
318675,1199,2026/02/13 19:51,,5314.36,,8,NONE,paid
318677,1203,2026-02-09T07:05:24Z,,5762.39,5762.39,11,NONE,pending_hold
318679,1207,2026-02-21T18:29:23Z,,2740.69,,6,,paid
318682,1214,2026-02-10T14:05:47Z,,3830.37,,11,,canceled
318688,1218,2026-02-14T06:44:51Z,,5100.76,,8,RAMADAN-BUNDLE,pending_hold
318692,1227,2026-02-04T10:27:51Z,,5486.08,,8,NONE,canceled
318696,1230,2026-02-20T17:20:20Z,,5405.14,,8,WINTER-FLYER,paid
318701,1239,2026-02-21T20:32:54Z,,2484.85,,8,NONE,paid
318704,1244,2026-02-10T08:15:04Z,,4430.43,4430.43,6,LUX-R6,paid
318705,1244,2026-02-15T07:21:35Z,,1655.54,1655.54,6,NONE,paid
318707,1246,2026-02-10T09:45:01Z,,3245.73,,3,WINTER-FLYER,canceled
318713,1260,2026-02-03T11:33:19Z,,2943.02,2943.02,9,RAMADAN-BUNDLE,pending_hold
318714,1260,2026-02-23T14:21:43Z,,5471.47,5471.47,8,WINTER-FLYER,shipped
318719,1269,2026-02-18T17:57:14Z,,3981.22,,13,NONE,paid
318722,1272,2026-02-02T17:55:32Z,,4546.13,4546.13,10,NONE,paid
318726,1282,2026-02-12T07:10:50Z,,1859.69,,2,NONE,shipped
318731,1297,2026-02-23T19:28:01Z,,6351.15,,8,LUX-R6,paid
318735,1297,2026-02-01T20:03:15Z,,5580.32,5580.32,4,LUX-R6,pending_hold
318741,1298,2026-02-10T11:52:42Z,,2175.36,,4,NONE,pending_hold
318743,1301,2026/02/05 10:48,,1924.79,,8,WINTER-FLYER,canceled
318758,1317,2026-02-25T18:32:16Z,,2636.96,,5,NONE,paid
318765,1324,2026-02-20T18:32:33Z,,3491.15,3491.15,6,NONE,shipped
318768,1328,2026-02-12T06:39:49Z,,484.42,,3,,paid
318776,1333,2026-02-17T15:34:57Z,,2551.27,,6,WINTER-FLYER,paid
318784,1338,2026-02-15T15:18:51Z,,2271.01,,5,NONE,pending_hold
318788,1342,2026-02-23T21:06:35Z,,2418.69,2418.69,4,RAMADAN-BUNDLE,shipped
318792,1347,2026-02-14T10:28:37Z,,2437.7,2437.70,6,LUX-R6,pending_hold
318793,1347,2026/02/03 08:00,,4468.64,4468.64,7,LUX-R6,canceled
318796,1348,2026-02-22T18:34:56Z,,2351.04,2351.04,7,NONE,pending_hold
318805,1361,2026-02-18T15:25:58Z,,9198.72,,11,RAMADAN-BUNDLE,paid
318806,1361,2026/02/18 23:37,,4237.72,4237.72,5,LUX-R6,shipped
318810,1365,2026-02-10T08:48:40Z,,2709.44,,7,RAMADAN-BUNDLE,canceled
318816,1369,2026-02-08T07:03:56Z,,3536.32,3536.32,5,LUX-R6,shipped
318818,1371,2026-02-06T13:47:03Z,,5852.74,,11,WINTER-FLYER,pending_hold
318822,1376,2026/02/19 18:08,,4275.1,4275.10,7,RAMADAN-BUNDLE,paid
318823,1376,2026-02-02T13:32:25Z,,3096.98,3096.98,9,,paid
318826,1384,2026-02-25T15:58:35Z,,2835.23,2835.23,8,LUX-R6,paid
318828,1385,2026-02-02T12:29:44Z,,7750.46,,10,RAMADAN-BUNDLE,canceled
318835,1394,2026-02-17T11:25:32Z,,2324.51,2324.51,6,WINTER-FLYER,pending_hold
318836,1399,2026-02-20T20:26:51Z,,2582.7,2582.70,5,RAMADAN-BUNDLE,paid
318839,1404,2026-02-25T19:50:16Z,,5954.49,5954.49,5,LUX-R6,paid
318846,1407,2026-02-23T20:34:43Z,,4996.05,4996.05,9,WINTER-FLYER,shipped
318847,1410,2026-02-26T17:48:16Z,,3388.03,,7,NONE,pending_hold
318852,1413,2026-02-08T16:23:27Z,,2353.89,2353.89,6,LUX-R6,pending_hold
318857,1426,2026-02-16T11:53:21Z,,8529.44,8529.44,14,,paid
318858,1426,2026-02-25T21:18:04Z,,2825.43,2825.43,12,NONE,canceled
318860,1429,2026-02-11T11:42:02Z,,4265.97,,7,WINTER-FLYER,paid
318862,1432,2026/02/11 12:09,,10543.74,,11,,shipped
318864,1441,2026-02-28T19:47:02Z,,6670.24,,8,NONE,paid
318865,1441,2026-02-02T08:02:47Z,,3070.72,,8,,paid
318872,1456,2026-02-17T11:49:01Z,,2984.39,,3,LUX-R6,paid
318873,1457,2026-02-19T17:29:14Z,,2289.5,2289.50,4,WINTER-FLYER,pending_hold
318877,1460,2026/02/19 21:30,,6103.4,6103.40,10,NONE,pending_hold
318881,1462,2026-02-14T11:41:11Z,,2134.22,,6,RAMADAN-BUNDLE,paid
318883,1465,2026-02-18T21:35:33Z,,2103.65,2103.65,5,RAMADAN-BUNDLE,paid
318885,1470,2026-02-12T12:49:21Z,,664.81,664.81,4,,canceled
318890,1473,2026-02-21T21:41:56Z,,2602.84,,3,LUX-R6,paid
318897,1487,2026-02-09T09:35:07Z,,1049.73,1049.73,5,NONE,paid
318898,1487,2026/02/17 11:43,,2041.74,2041.74,6,WINTER-FLYER,shipped
318902,1492,2026-02-25T16:35:14Z,,1386.21,1386.21,3,,paid
318906,1503,2026-02-26T18:38:03Z,,1237.69,,5,,paid
318911,1511,2026-02-21T15:35:20Z,,1930.68,,9,,paid
318916,1517,2026-02-08T09:14:44Z,,8024.76,8024.76,14,LUX-R6,paid
318922,1522,2026-02-11T13:31:38Z,,2359.75,2359.75,4,RAMADAN-BUNDLE,paid
318928,1527,2026-02-08T07:51:11Z,,6493.96,6493.96,9,LUX-R6,paid
318932,1540,2026-02-26T21:24:05Z,,3441.58,3441.58,6,LUX-R6,paid
318933,1541,2026-02-13T10:24:15Z,,395.95,395.95,2,RAMADAN-BUNDLE,paid
318936,1542,2026-02-23T16:54:06Z,,4428.96,,13,WINTER-FLYER,paid
318937,1542,2026-02-18T21:20:07Z,,3650.6,,3,NONE,paid
318941,1547,2026-02-05T10:56:07Z,,1430.98,,3,NONE,pending_hold
318948,1555,2026/02/10 11:36,,4620.81,4620.81,8,,paid
318952,1563,2026-02-06T09:12:17Z,,3368.04,3368.04,13,,canceled
318957,1566,2026-02-11T08:36:10Z,,3338.87,3338.87,10,LUX-R6,paid
318959,1569,2026-02-11T12:21:48Z,,3826.91,3826.91,8,NONE,shipped
318961,1572,2026-02-26T17:35:10Z,,3270.51,,4,RAMADAN-BUNDLE,paid
318963,1574,2026-02-04T06:31:46Z,,553.52,553.52,4,LUX-R6,pending_hold
318965,1574,2026-02-15T14:11:52Z,,2476.34,,2,RAMADAN-BUNDLE,pending_hold
318973,1578,2026-02-07T06:20:45Z,,1607.2,1607.20,7,LUX-R6,paid
318981,1586,2026-02-11T13:38:45Z,,3893.62,,8,NONE,paid
318983,1586,2026-02-10T14:52:57Z,,3792.43,,8,RAMADAN-BUNDLE,paid
318993,1591,2026-02-04T11:23:33Z,,7941.44,7941.44,15,,paid
318995,1592,2026-02-13T10:55:14Z,,2837.2,2837.20,4,RAMADAN-BUNDLE,paid
318996,1592,2026-02-13T10:16:46Z,,1547.23,,4,LUX-R6,shipped
318997,1593,2026-02-14T06:05:49Z,,485.31,485.31,2,WINTER-FLYER,paid
318998,1595,2026-02-11T06:55:11Z,,1719.73,1719.73,6,WINTER-FLYER,paid
319002,1599,2026-02-15T13:55:21Z,,2657.29,,8,NONE,paid
319003,1601,2026-02-09T08:55:08Z,,1219.35,1219.35,5,NONE,paid
319004,1606,2026-02-10T06:42:51Z,,2949.91,2949.91,4,LUX-R6,shipped
319006,1609,2026/02/07 16:12,,2960.65,,4,NONE,paid
319013,1614,2026-02-14T12:20:52Z,,3286.5,3286.50,4,LUX-R6,shipped
319016,1616,2026-02-11T10:53:33Z,,1965.34,,3,NONE,canceled
319024,1633,2026-02-20T19:34:09Z,,4515.18,,5,,pending_hold
319027,1636,2026-02-03T09:06:20Z,,7412.18,,5,LUX-R6,paid
319028,1636,2026-02-28T17:05:56Z,,3728.82,3728.82,9,LUX-R6,paid
319034,1644,2026-02-14T12:39:05Z,,4390.3,,9,NONE,paid
319037,1648,2026-02-10T11:13:39Z,,7674.54,7674.54,8,NONE,paid
319042,1651,2026-02-23T17:53:21Z,,3628.97,,5,LUX-R6,paid
319043,1654,2026-02-15T13:43:16Z,,7894.2,,12,LUX-R6,paid
319044,1655,2026-02-03T10:57:48Z,,2834.78,2834.78,6,,paid
319046,1661,2026-02-11T11:22:08Z,,4774.61,4774.61,3,RAMADAN-BUNDLE,pending_hold
319050,1663,2026-02-23T17:05:45Z,,3621.11,3621.11,6,LUX-R6,shipped
319053,1669,2026-02-08T12:18:41Z,,2825.02,,3,WINTER-FLYER,paid
319060,1674,2026-02-09T14:34:16Z,,4553.33,,6,LUX-R6,paid
319064,1680,2026-02-22T19:12:05Z,,4681.6,,9,NONE,pending_hold
319071,1686,2026-02-24T18:07:36Z,,2858.38,,8,NONE,paid
319073,1686,2026-02-19T21:48:57Z,,4210.08,,7,NONE,pending_hold
319076,1689,2026-02-11T15:34:19Z,,814.64,,2,LUX-R6,pending_hold
319079,1692,2026-02-06T10:05:09Z,,1519.55,,6,NONE,paid
319085,1698,2026-02-21T14:34:07Z,,4109.07,4109.07,12,WINTER-FLYER,shipped
319086,1698,2026-02-05T13:34:56Z,,5656.66,,8,NONE,pending_hold
319087,1699,2026-02-15T11:16:28Z,,4677.27,4677.27,8,LUX-R6,shipped
319088,1699,2026-02-11T07:49:58Z,,7217.14,,11,NONE,shipped
319090,1702,2026-02-13T07:26:00Z,,3726.4,3726.40,8,WINTER-FLYER,paid
319097,1709,2026-02-03T11:59:51Z,,2442.52,2442.52,6,RAMADAN-BUNDLE,paid
319098,1709,2026-02-14T06:05:09Z,,3657.8,3657.80,7,NONE,paid
319103,1714,2026-02-13T07:47:40Z,,3662.07,,5,LUX-R6,paid
319104,1714,2026-02-26T19:34:30Z,,5290.56,,7,WINTER-FLYER,shipped
319105,1716,2026-02-11T06:36:31Z,,2478.54,2478.54,8,WINTER-FLYER,paid
319109,1720,2026-02-06T07:02:52Z,,3189.17,3189.17,8,NONE,paid
319114,1728,2026-02-14T07:57:06Z,,7594.2,7594.20,10,WINTER-FLYER,canceled
319117,1737,2026-02-25T17:03:28Z,,4680.69,4680.69,10,,canceled
319118,1742,2026/02/13 12:21,,6527.46,6527.46,7,WINTER-FLYER,paid
319120,1748,2026-02-23T20:36:09Z,,3416.47,,8,RAMADAN-BUNDLE,pending_hold
319125,1750,2026-02-05T14:25:49Z,,6756.96,6756.96,8,NONE,canceled
319126,1752,2026-02-23T12:59:45Z,,3355.83,3355.83,8,NONE,pending_hold
319127,1755,2026-02-27T19:53:18Z,,1615.87,1615.87,5,LUX-R6,shipped
319129,1756,2026-02-15T09:07:51Z,,1910.39,1910.39,4,,paid
319135,1761,2026-02-11T12:02:02Z,,3966.66,3966.66,8,LUX-R6,shipped
319136,1762,2026-02-12T11:58:59Z,,5182.4,,5,NONE,paid
319143,1767,2026-02-15T08:43:49Z,,2671.27,,5,RAMADAN-BUNDLE,paid
319145,1770,2026-02-18T20:34:33Z,,8953.45,,15,RAMADAN-BUNDLE,pending_hold
319149,1778,2026-02-02T07:29:30Z,,5451.01,5451.01,8,RAMADAN-BUNDLE,paid
319151,1778,2026-02-04T09:41:56Z,,4019.04,4019.04,7,WINTER-FLYER,shipped
319157,1784,2026-02-21T21:16:20Z,,4041.58,,5,,pending_hold
319163,1791,2026-02-15T10:45:11Z,,4991.04,4991.04,6,WINTER-FLYER,paid
319164,1795,2026-02-24T21:46:40Z,,3795.07,3795.07,4,,shipped
319166,1797,2026-02-15T07:51:46Z,,1900.89,1900.89,7,WINTER-FLYER,paid
319169,1799,2026-02-18T13:54:24Z,,4474.92,,7,NONE,paid
319172,1802,2026-02-05T12:40:05Z,,1612.33,1612.33,5,LUX-R6,paid
319176,1810,2026-02-22T19:31:31Z,,5642.24,5642.24,10,NONE,canceled
319178,1811,2026/02/25 21:32,,1823.38,,5,NONE,paid
319179,1812,2026-02-23T18:25:14Z,,2821.55,,7,LUX-R6,shipped
319192,1821,2026-02-07T08:54:00Z,,2577.11,,5,NONE,paid
319195,1825,2026-02-06T07:44:54Z,,3927.21,3927.21,8,NONE,paid
319199,1827,2026-02-04T08:08:00Z,,3149.88,,8,RAMADAN-BUNDLE,pending_hold
319200,1827,2026-02-22T21:34:56Z,,3211.67,,6,NONE,paid
319203,1830,2026-02-09T06:56:32Z,,10741.08,,13,,pending_hold
319206,1836,2026-02-01T07:34:19Z,,2257.2,,9,LUX-R6,paid
319209,1841,2026-02-21T13:10:41Z,,1217.22,,3,LUX-R6,pending_hold
319215,1848,2026-02-23T17:08:25Z,,3689.59,3689.59,5,,paid
319216,1849,2026-02-04T12:13:10Z,,3388.04,,8,NONE,canceled
319219,1853,2026-02-25T21:22:15Z,,2279.29,2279.29,2,,shipped
319223,1855,2026-02-19T16:14:39Z,,1023.73,1023.73,4,,pending_hold
319228,1860,2026-02-02T14:01:46Z,,4215.83,4215.83,8,NONE,paid
319229,1861,2026-02-28T21:53:52Z,,5675.2,,8,,paid
319230,1861,2026-02-19T21:51:24Z,,2631.19,2631.19,5,NONE,canceled
319231,1862,2026-02-06T12:33:32Z,,5645.08,,9,NONE,paid
319239,1870,2026-02-21T18:05:39Z,,3499.85,3499.85,5,NONE,paid
319241,1873,2026-02-11T06:26:47Z,,3109.69,,8,,paid
319244,1875,2026/02/24 23:45,,572.96,,6,,paid
319245,1876,2026-02-01T07:18:21Z,,724.09,,3,NONE,pending_hold
319247,1878,2026-02-11T08:21:06Z,,4960.06,,10,NONE,canceled
319249,1878,2026/02/19 22:31,,2813.4,,8,NONE,paid
319250,1878,2026-02-19T17:59:18Z,,2382.78,2382.78,8,NONE,paid
319252,1878,2026-02-14T15:54:45Z,,2261.97,,6,NONE,paid
319255,1879,2026-02-23T18:11:03Z,,5194.49,,6,RAMADAN-BUNDLE,canceled
319264,1898,2026-02-14T13:26:05Z,,5064.92,,9,WINTER-FLYER,canceled
319265,1899,2026-02-09T08:39:59Z,,4366.37,,13,NONE,pending_hold
319266,1900,2026-02-18T17:51:17Z,,3589.15,3589.15,5,RAMADAN-BUNDLE,paid
319268,1904,2026-02-22T20:30:39Z,,7397.89,,11,LUX-R6,paid
319269,1905,2026-02-28T21:10:27Z,,2002.64,2002.64,5,LUX-R6,shipped
319272,1907,2026-02-24T15:06:17Z,,3174.62,3174.62,8,NONE,paid
319274,1909,2026-02-16T09:03:15Z,,7803.59,,11,NONE,canceled
319278,1913,2026-02-25T18:37:05Z,,4574.23,4574.23,10,NONE,paid
319291,1934,2026-02-01T15:25:31Z,,1965.1,1965.10,7,,paid
319301,1946,2026-02-04T07:33:40Z,,4773.36,,5,NONE,shipped
319307,1955,2026-02-23T21:31:42Z,,7208.93,,8,NONE,canceled
319309,1956,2026-02-23T21:37:22Z,,702.48,702.48,2,LUX-R6,paid
319310,1956,2026-02-03T08:23:25Z,,7252.35,,10,RAMADAN-BUNDLE,paid
319317,1962,2026-02-11T07:59:35Z,,7285.39,7285.39,11,,paid
319321,1968,2026-02-28T15:11:48Z,,1936.78,,3,RAMADAN-BUNDLE,canceled
319323,1971,2026-02-20T18:51:57Z,,1295.0,,2,RAMADAN-BUNDLE,paid
319325,1975,2026-02-03T08:46:01Z,,645.13,,4,LUX-R6,paid
319333,1987,2026-02-09T08:12:38Z,,2535.32,2535.32,5,RAMADAN-BUNDLE,canceled
319334,1987,2026-02-09T07:29:46Z,,3928.41,3928.41,4,NONE,paid
319335,1991,2026-02-08T10:42:34Z,,4411.86,,7,RAMADAN-BUNDLE,paid
319339,1993,2026-02-28T19:36:57Z,,1413.16,1413.16,5,,canceled
319342,1995,2026-02-26T18:46:58Z,,2284.84,2284.84,5,RAMADAN-BUNDLE,shipped
319344,1996,2026-02-01T12:18:40Z,,1962.3,,5,RAMADAN-BUNDLE,shipped
319346,1996,2026/02/10 15:36,,2445.68,,7,NONE,paid
319348,1998,2026-02-28T19:15:05Z,,1424.18,,6,RAMADAN-BUNDLE,paid
319350,1999,2026/02/20 21:17,,3955.28,,8,NONE,paid
319354,2009,2026-02-21T18:24:34Z,,1796.0,,4,LUX-R6,paid
319357,2011,2026-02-24T13:55:18Z,,4724.13,,7,NONE,paid
319360,2019,2026-02-01T09:53:05Z,,1246.35,1246.35,5,WINTER-FLYER,shipped
319362,2019,2026-02-26T13:45:53Z,,7218.46,,13,WINTER-FLYER,paid
319365,2027,2026-02-06T11:51:50Z,,9892.19,9892.19,11,,pending_hold
319372,2038,2026-02-13T10:44:32Z,,2806.01,,9,RAMADAN-BUNDLE,pending_hold
319374,2038,2026-02-11T13:22:14Z,,2163.42,2163.42,6,LUX-R6,pending_hold
319377,2043,2026-02-23T19:04:17Z,,3155.56,,6,NONE,canceled
319380,2050,2026-02-28T19:19:51Z,,5501.52,,6,,pending_hold
319382,2053,2026-02-12T09:31:36Z,,5404.68,,7,RAMADAN-BUNDLE,paid
319387,2061,2026-02-03T06:40:32Z,,1945.89,1945.89,7,,pending_hold
319391,2064,2026-02-06T11:19:08Z,,3668.59,,10,,pending_hold
319397,2069,2026-02-02T18:36:59Z,,2306.6,2306.60,8,WINTER-FLYER,canceled
319402,2076,2026-02-27T14:13:10Z,,1267.15,,8,LUX-R6,paid
319407,2092,2026-02-27T13:39:06Z,,3053.49,,7,RAMADAN-BUNDLE,paid
319413,2101,2026/02/17 16:02,,1578.91,1578.91,3,RAMADAN-BUNDLE,paid
319416,2104,2026-02-04T07:15:29Z,,2090.6,,4,NONE,paid
319421,2106,2026-02-27T21:35:20Z,,5186.05,,11,,canceled
319427,2119,2026-02-23T17:22:18Z,,2821.27,2821.27,8,NONE,canceled
319429,2119,2026-02-14T08:08:06Z,,6905.02,6905.02,9,,paid
319431,2123,2026-02-09T12:39:48Z,,3003.44,3003.44,4,NONE,paid
319436,2125,2026-02-06T12:12:27Z,,958.11,958.11,5,NONE,paid
319440,2130,2026-02-19T11:23:08Z,,3420.24,,9,WINTER-FLYER,shipped
319442,2132,2026-02-10T06:55:11Z,,4733.58,4733.58,8,NONE,paid
319446,2138,2026-02-12T12:47:29Z,,3106.89,,7,WINTER-FLYER,canceled
319448,2146,2026-02-22T21:03:28Z,,5026.39,5026.39,12,LUX-R6,paid
319450,2151,2026/02/08 10:50,,3765.52,3765.52,7,NONE,pending_hold
319453,2154,2026-02-09T08:53:05Z,,1188.03,,3,,paid
319458,2162,2026-02-13T09:02:56Z,,8111.07,,15,RAMADAN-BUNDLE,paid
319459,2163,2026-02-26T19:21:39Z,,9211.93,,13,NONE,shipped
319460,2165,2026-02-03T11:04:41Z,,4169.67,,11,NONE,shipped
319466,2168,2026-02-05T12:13:58Z,,3647.27,,4,RAMADAN-BUNDLE,paid
319468,2170,2026-02-10T12:22:30Z,,6605.16,,9,,shipped
319469,2170,2026-02-05T13:20:54Z,,4064.6,,9,NONE,paid
319471,2173,2026-02-05T08:39:02Z,,2259.7,2259.70,7,NONE,paid
319472,2173,2026-02-20T17:30:58Z,,4445.26,,5,WINTER-FLYER,shipped
319475,2173,2026-02-09T08:04:53Z,,709.67,709.67,3,LUX-R6,paid
319481,2180,2026-02-06T09:33:01Z,,1412.22,,3,,pending_hold
319484,2183,2026-02-03T06:33:28Z,,8441.49,,9,,shipped
319486,2183,2026-02-26T20:32:50Z,,3754.39,3754.39,7,NONE,paid
319489,2186,2026-02-21T16:45:43Z,,6501.52,6501.52,9,NONE,pending_hold
319492,2196,2026-02-13T11:13:33Z,,1591.35,1591.35,4,LUX-R6,shipped
319495,2200,2026-02-12T10:02:01Z,,5184.73,5184.73,5,RAMADAN-BUNDLE,paid
319501,2205,2026-02-16T16:59:28Z,,1893.7,1893.70,7,NONE,paid
319502,2206,2026-02-06T10:54:31Z,,3375.56,,7,LUX-R6,shipped
319503,2213,2026-02-05T07:20:33Z,,3133.96,,6,,paid
319507,2218,2026-02-06T06:54:00Z,,2095.86,,4,WINTER-FLYER,paid
319512,2224,2026-02-02T08:16:56Z,,1568.78,,4,WINTER-FLYER,canceled
319514,2229,2026/02/19 20:08,,3368.23,,7,RAMADAN-BUNDLE,paid
319515,2230,2026-02-18T21:03:41Z,,3928.7,3928.70,8,NONE,paid
319516,2232,2026-02-09T06:11:54Z,,3005.89,,6,RAMADAN-BUNDLE,pending_hold
319517,2237,2026-02-21T20:08:49Z,,2745.16,2745.16,6,LUX-R6,paid
319520,2242,2026-02-13T11:26:06Z,,8798.78,,7,NONE,shipped
319521,2246,2026-02-10T06:02:16Z,,5026.8,,9,NONE,paid
319522,2246,2026-02-03T12:55:30Z,,2350.86,,7,LUX-R6,paid
319524,2249,2026-02-10T10:19:21Z,,8598.71,,12,NONE,paid
319526,2251,2026-02-01T10:43:58Z,,3373.84,3373.84,7,NONE,pending_hold
319527,2251,2026-02-26T16:50:17Z,,2335.0,,6,RAMADAN-BUNDLE,canceled
319533,2260,2026-02-14T08:37:22Z,,1704.59,1704.59,10,NONE,shipped
319538,2264,2026-02-21T21:59:57Z,,5673.0,5673.00,8,WINTER-FLYER,paid
319539,2267,2026-02-09T07:44:57Z,,2615.44,2615.44,9,RAMADAN-BUNDLE,paid
319541,2268,2026-02-10T14:18:23Z,,1678.22,,3,LUX-R6,paid
319548,2272,2026-02-19T21:17:26Z,,1919.6,,6,NONE,pending_hold
319551,2279,2026-02-05T11:59:30Z,,5494.66,5494.66,10,NONE,shipped
319555,2284,2026-02-09T15:54:26Z,,1891.72,1891.72,5,WINTER-FLYER,paid
319558,2285,2026-02-17T13:07:14Z,,255.55,,3,LUX-R6,paid
319560,2287,2026-02-08T10:49:20Z,,4583.53,4583.53,12,,pending_hold
319565,2293,2026/02/23 16:17,,3803.23,3803.23,6,LUX-R6,paid
319570,2304,2026-02-13T06:34:52Z,,3366.84,,10,WINTER-FLYER,paid
319577,2316,2026-02-24T15:39:05Z,,1970.7,,2,NONE,pending_hold
319578,2317,2026-02-12T07:35:38Z,,5365.89,5365.89,14,LUX-R6,paid
319579,2319,2026-02-11T06:51:36Z,,3484.63,3484.63,8,LUX-R6,paid
319580,2319,2026-02-18T19:28:24Z,,2069.53,,5,WINTER-FLYER,shipped
319582,2325,2026-02-17T13:36:28Z,,7182.69,,14,NONE,paid
319589,2332,2026-02-05T10:23:47Z,,2694.58,,4,LUX-R6,pending_hold
319592,2335,2026-02-25T14:20:04Z,,3467.03,3467.03,6,NONE,paid
319595,2338,2026-02-16T09:02:16Z,,3075.05,3075.05,7,NONE,canceled
319596,2339,2026-02-09T14:14:17Z,,5472.01,5472.01,7,NONE,canceled
319598,2341,2026-02-20T21:14:07Z,,3375.88,3375.88,8,NONE,paid
319599,2343,2026-02-06T08:12:08Z,,1171.12,,5,NONE,canceled
319600,2343,2026-02-24T14:39:36Z,,6783.0,6783.00,12,NONE,shipped
319601,2343,2026-02-12T12:37:01Z,,7419.69,,13,LUX-R6,canceled
319604,2343,2026-02-11T10:11:57Z,,2268.31,2268.31,3,NONE,paid
319606,2347,2026-02-02T10:15:01Z,,2744.06,2744.06,6,WINTER-FLYER,paid
319607,2347,2026-02-13T16:31:40Z,,4697.01,,10,WINTER-FLYER,paid
319612,2347,2026-02-12T09:42:53Z,,2211.81,,9,NONE,paid
319613,2348,2026-02-14T09:29:21Z,,1725.85,1725.85,4,NONE,paid
319618,2353,2026-02-20T21:19:50Z,,3168.51,,6,NONE,shipped
319623,2357,2026-02-14T07:39:31Z,,8806.59,8806.59,12,NONE,paid
319627,2362,2026-02-12T12:56:55Z,,2415.02,,4,LUX-R6,canceled
319630,2368,2026/02/03 13:45,,994.02,994.02,2,LUX-R6,canceled
319632,2369,2026-02-03T07:48:34Z,,3368.74,,6,,paid
319638,2379,2026-02-24T20:37:28Z,,2265.81,,4,WINTER-FLYER,shipped
319642,2383,2026-02-10T15:22:13Z,,1248.2,1248.20,7,RAMADAN-BUNDLE,canceled
319645,2390,2026-02-03T12:13:10Z,,2701.36,,9,WINTER-FLYER,pending_hold
319650,2392,2026-02-19T18:58:53Z,,2202.12,,4,RAMADAN-BUNDLE,paid
319657,2397,2026-02-23T20:51:51Z,,2247.24,2247.24,6,NONE,paid
319667,2405,2026-02-03T06:03:57Z,,2153.22,,2,LUX-R6,pending_hold
319672,2413,2026-02-05T08:01:31Z,,1868.12,1868.12,5,,pending_hold
319674,2414,2026-02-18T20:40:35Z,,2474.09,2474.09,7,WINTER-FLYER,paid
319676,2414,2026-02-22T12:43:54Z,,2438.11,,11,NONE,pending_hold
319680,2417,2026/02/24 22:54,,2089.8,2089.80,7,WINTER-FLYER,shipped
319683,2426,2026-02-03T21:13:30Z,,3773.73,,5,NONE,paid
319692,2433,2026-02-19T19:05:25Z,,4709.79,4709.79,12,,paid
319698,2446,2026-02-11T12:14:21Z,,10111.14,10111.14,15,NONE,canceled
319709,2464,2026-02-26T21:51:50Z,,1499.67,,5,RAMADAN-BUNDLE,paid
319711,2466,2026-02-28T18:01:51Z,,7070.08,7070.08,11,,paid
319713,2467,2026-02-07T09:32:11Z,,2510.15,,7,NONE,shipped
319715,2475,2026-02-14T09:36:45Z,,2249.14,,4,RAMADAN-BUNDLE,paid
319721,2483,2026-02-24T14:21:54Z,,1502.47,1502.47,3,NONE,pending_hold
319724,2489,2026-02-16T12:33:49Z,,3212.91,,9,LUX-R6,paid
319732,2496,2026-02-27T17:59:13Z,,2330.59,,6,,paid
319737,2496,2026-02-15T08:59:13Z,,6973.96,6973.96,12,LUX-R6,paid
319738,2498,2026-02-03T16:32:18Z,,2183.08,,8,NONE,canceled
319740,2499,2026-02-15T08:59:16Z,,1024.81,1024.81,5,NONE,paid
319755,2515,2026-02-05T09:05:45Z,,5474.65,,7,NONE,paid
319756,2515,2026-02-21T19:23:07Z,,5011.43,,10,NONE,canceled
319759,2518,2026-02-05T12:35:44Z,,1596.41,,6,NONE,pending_hold
319764,2521,2026-02-08T06:02:54Z,,7520.17,7520.17,9,,paid
319772,2528,2026-02-26T17:40:15Z,,2664.38,2664.38,6,,pending_hold
319773,2528,2026-02-01T08:15:08Z,,3555.12,,12,,paid
319781,2538,2026-02-12T10:28:58Z,,3980.22,,9,,paid
319787,2546,2026-02-10T07:07:15Z,,2364.83,,5,NONE,pending_hold
319788,2546,2026-02-04T07:44:16Z,,2142.68,2142.68,9,,paid
319793,2555,2026-02-26T20:37:28Z,,2044.57,,4,LUX-R6,paid
319795,2563,2026/02/14 08:57,,980.31,980.31,7,NONE,paid
319798,2568,2026-02-18T20:39:08Z,,8733.21,8733.21,10,NONE,shipped
319800,2569,2026-02-28T21:27:54Z,,5434.24,,9,LUX-R6,canceled
319802,2571,2026-02-28T14:03:08Z,,3305.57,3305.57,5,WINTER-FLYER,paid
319804,2577,2026-02-28T21:38:33Z,,3253.73,,7,WINTER-FLYER,paid
319809,2583,2026-02-16T06:35:40Z,,2921.75,2921.75,5,LUX-R6,shipped
319810,2584,2026-02-17T09:53:44Z,,4006.71,,7,NONE,paid
319815,2588,2026-02-04T16:08:01Z,,4953.43,,5,LUX-R6,pending_hold
319817,2589,2026-02-03T12:19:51Z,,2389.81,2389.81,4,WINTER-FLYER,paid
319820,2597,2026-02-10T10:28:26Z,,2974.91,,4,RAMADAN-BUNDLE,paid
319822,2599,2026-02-19T18:40:30Z,,1078.52,1078.52,5,NONE,canceled
319823,2599,2026-02-18T19:21:46Z,,355.63,,2,LUX-R6,paid
319829,2606,2026-02-24T20:53:15Z,,1314.47,,4,LUX-R6,pending_hold
319830,2607,2026-02-06T09:21:09Z,,2866.09,,3,,paid
319831,2608,2026-02-26T19:49:38Z,,5894.12,5894.12,10,RAMADAN-BUNDLE,canceled
319832,2609,2026-02-17T14:13:40Z,,4347.55,,4,NONE,paid
319837,2612,2026-02-17T07:39:42Z,,1931.92,,3,,shipped
319845,2622,2026-02-11T08:55:27Z,,3252.69,3252.69,5,NONE,shipped
319848,2622,2026-02-22T17:12:55Z,,6384.66,,8,WINTER-FLYER,paid
319863,2643,2026-02-06T09:56:28Z,,3812.78,,8,NONE,paid
319866,2650,2026-02-11T13:14:37Z,,1250.06,1250.06,4,RAMADAN-BUNDLE,paid
319875,2667,2026-02-14T10:03:58Z,,2061.99,,5,NONE,shipped
319877,2674,2026-02-26T19:01:52Z,,2371.1,,5,LUX-R6,paid
319881,2683,2026-02-05T07:58:31Z,,2174.98,,5,WINTER-FLYER,shipped
319885,2693,2026-02-05T07:24:40Z,,2171.94,,4,RAMADAN-BUNDLE,paid
319886,2693,2026-02-13T11:46:38Z,,2341.85,2341.85,4,WINTER-FLYER,canceled
319887,2695,2026-02-09T08:37:43Z,,1747.42,,5,WINTER-FLYER,paid
319888,2695,2026-02-07T11:01:16Z,,2658.11,,2,NONE,paid
319890,2699,2026-02-19T21:41:05Z,,3490.47,3490.47,4,WINTER-FLYER,paid
319895,2709,2026-02-22T18:39:23Z,,7351.48,7351.48,15,LUX-R6,pending_hold
319896,2712,2026-02-25T15:29:32Z,,1435.31,,4,LUX-R6,paid
319901,2720,2026-02-13T09:36:33Z,,1759.25,1759.25,2,,paid
319904,2720,2026-02-09T14:13:15Z,,3087.83,3087.83,4,LUX-R6,shipped
319906,2724,2026-02-28T21:28:07Z,,7612.99,7612.99,12,LUX-R6,paid
319911,2729,2026-02-22T20:39:36Z,,6862.96,,14,LUX-R6,shipped
319916,2734,2026-02-25T19:48:16Z,,2783.91,,10,RAMADAN-BUNDLE,pending_hold
319920,2739,2026-02-26T19:37:01Z,,2980.6,,10,LUX-R6,pending_hold
319923,2742,2026-02-14T13:31:14Z,,3428.26,,5,NONE,paid
319928,2752,2026-02-12T06:24:12Z,,4400.04,,6,RAMADAN-BUNDLE,paid
319930,2754,2026-02-19T16:59:10Z,,1806.34,1806.34,6,RAMADAN-BUNDLE,canceled
319941,2771,2026-02-28T20:58:52Z,,8847.98,8847.98,12,NONE,paid
319948,2779,2026-02-28T21:02:03Z,,2816.32,,6,NONE,paid
319949,2779,2026-02-14T11:46:48Z,,10066.97,,13,NONE,shipped
319955,2786,2026-02-11T07:32:18Z,,3212.22,,10,NONE,pending_hold
319958,2788,2026-02-14T12:40:34Z,,5946.59,,8,RAMADAN-BUNDLE,shipped
319962,2790,2026-02-11T10:46:41Z,,3829.23,3829.23,9,NONE,pending_hold
319963,2790,2026-02-09T11:59:05Z,,1470.01,,7,RAMADAN-BUNDLE,paid
319965,2793,2026-02-25T18:32:26Z,,1889.84,1889.84,4,LUX-R6,paid
319971,2798,2026-02-03T08:10:04Z,,4700.25,,8,LUX-R6,paid
319973,2799,2026-02-21T15:15:54Z,,5739.13,5739.13,7,,canceled
319976,2807,2026/02/14 17:34,,970.71,,2,NONE,paid
319978,2810,2026-02-14T13:15:39Z,,1175.4,,4,NONE,pending_hold
319981,2816,2026-02-08T07:48:28Z,,4087.52,4087.52,5,NONE,canceled
319983,1001,2026-03-08T21:29:03Z,,3339.87,,11,,canceled
319988,1004,2026/03/03 23:44,,2263.04,,4,WINTER-FLYER,paid
319989,1005,2026-03-16T14:11:01Z,,5630.13,,6,,paid
319991,1007,2026/03/28 15:13,,5260.88,,7,,paid
319993,1011,2026-03-17T20:31:35Z,,2222.79,,3,,shipped
320001,1019,2026-03-07T16:49:50Z,,4549.87,4549.87,5,RAMADAN-BUNDLE,pending_hold
320004,1024,2026/03/10 23:05,,3994.88,,11,NONE,canceled
320006,1028,2026-03-07T21:44:32Z,,3140.24,3140.24,7,,paid
320010,1039,2026-03-06T21:51:49Z,,2101.28,,6,,shipped
320018,1052,2026-03-15T17:39:06Z,,9226.66,,8,NONE,shipped
320021,1059,2026/03/16 23:54,,7795.57,7795.57,13,NONE,paid
320022,1063,2026-03-13T16:43:40Z,,1859.33,,6,WINTER-FLYER,canceled
320032,1078,2026-03-15T20:32:52Z,,2246.83,,6,NONE,paid
320042,1096,2026-03-23T08:54:36Z,,2441.93,2441.93,6,WINTER-FLYER,canceled
320049,1106,2026/03/01 23:47,,6610.05,,14,,paid
320051,1109,2026-03-04T19:50:22Z,,2171.3,,3,NONE,pending_hold
320054,1111,2026-03-22T06:50:55Z,,6717.85,,14,NONE,shipped
320057,1112,2026-03-09T18:34:18Z,,4477.82,4477.82,5,LUX-R6,pending_hold
320060,1114,2026-03-04T14:51:50Z,,125.46,125.46,2,NONE,paid
320068,1138,2026-03-04T21:29:10Z,,1000.52,,8,WINTER-FLYER,paid
320070,1139,2026-03-20T15:36:19Z,,3247.57,3247.57,5,WINTER-FLYER,paid
320074,1150,2026-03-17T21:42:59Z,,3816.1,,7,RAMADAN-BUNDLE,pending_hold
320076,1150,2026-03-26T11:04:01Z,,6433.21,6433.21,10,LUX-R6,shipped
320082,1156,2026-03-11T18:43:02Z,,2319.48,2319.48,6,,paid
320091,1171,2026-03-20T07:13:10Z,,2022.27,,5,WINTER-FLYER,paid
320098,1182,2026-03-23T09:44:26Z,,5410.52,5410.52,8,NONE,paid
320101,1183,2026-03-05T13:48:50Z,,3488.29,,11,,canceled
320105,1185,2026-03-08T13:56:58Z,,5833.54,5833.54,15,,canceled
320108,1187,2026-03-25T09:00:28Z,,2459.11,2459.11,11,RAMADAN-BUNDLE,canceled
320109,1188,2026/03/09 17:00,,7242.15,7242.15,11,NONE,shipped
320114,1197,2026-03-02T15:35:03Z,,1417.31,1417.31,5,,shipped
320115,1198,2026-03-17T14:18:55Z,,6175.73,,11,NONE,pending_hold
320116,1198,2026-03-01T15:22:49Z,,4516.16,4516.16,8,NONE,canceled
320120,1207,2026-03-15T21:37:02Z,,2994.45,,5,NONE,paid
320122,1226,2026-03-27T10:42:52Z,,1082.37,1082.37,4,,shipped
320124,1226,2026-03-10T12:10:51Z,,6830.33,6830.33,15,NONE,paid
320127,1227,2026-03-01T16:26:50Z,,2634.28,2634.28,6,NONE,paid
320137,1239,2026-03-01T17:48:05Z,,3998.89,3998.89,12,NONE,shipped
320141,1243,2026-03-20T15:34:22Z,,1085.87,1085.87,3,,paid
320143,1249,2026-03-06T17:42:46Z,,4852.61,4852.61,9,NONE,pending_hold
320148,1256,2026-03-12T15:40:51Z,,1562.2,,3,RAMADAN-BUNDLE,paid
320150,1258,2026-03-28T08:48:09Z,,1927.65,1927.65,6,,shipped
320153,1260,2026-03-05T20:11:30Z,,1545.6,1545.60,7,RAMADAN-BUNDLE,canceled
320159,1263,2026-03-02T14:20:52Z,,1992.84,1992.84,5,RAMADAN-BUNDLE,shipped
320163,1269,2026-03-02T16:24:11Z,,2630.04,2630.04,5,NONE,paid
320172,1279,2026-03-16T15:22:55Z,,2792.25,,5,NONE,paid
320175,1286,2026-03-28T07:28:33Z,,4401.5,,13,RAMADAN-BUNDLE,paid
320179,1288,2026-03-26T07:07:18Z,,3930.28,,7,,pending_hold
320196,1313,2026-03-09T20:57:52Z,,3409.0,3409.00,5,LUX-R6,shipped
320198,1318,2026-03-01T14:41:05Z,,886.63,,5,NONE,pending_hold
320200,1320,2026-03-18T17:12:53Z,,4185.47,,10,RAMADAN-BUNDLE,pending_hold
320207,1322,2026-03-09T16:49:06Z,,2180.56,,6,NONE,paid
320209,1324,2026-03-25T09:33:50Z,,3686.19,,4,LUX-R6,paid
320212,1325,2026-03-08T14:13:38Z,,2174.19,2174.19,5,NONE,canceled
320215,1330,2026-03-26T12:26:31Z,,3752.82,3752.82,9,NONE,paid
320220,1335,2026-03-15T19:23:51Z,,3106.2,,7,NONE,canceled
320221,1336,2026-03-13T17:56:09Z,,4189.11,4189.11,4,WINTER-FLYER,pending_hold
320223,1337,2026-03-14T19:43:05Z,,2426.05,,12,WINTER-FLYER,paid
320226,1342,2026-03-15T12:00:22Z,,2499.71,,6,LUX-R6,paid
320228,1343,2026-03-22T11:30:46Z,,7724.71,7724.71,9,,shipped
320229,1343,2026-03-07T21:23:47Z,,1563.18,,5,NONE,canceled
320231,1346,2026-03-28T07:39:09Z,,4384.8,,12,LUX-R6,paid
320233,1347,2026/03/20 09:31,,3212.19,3212.19,8,,shipped
320237,1348,2026-03-14T21:12:35Z,,2865.53,2865.53,5,RAMADAN-BUNDLE,paid
320240,1351,2026-03-12T16:29:58Z,,4930.64,4930.64,9,RAMADAN-BUNDLE,shipped
320241,1355,2026-03-09T18:47:26Z,,3277.32,,7,NONE,shipped
320247,1361,2026-03-15T21:42:56Z,,2699.25,,8,NONE,canceled
320250,1363,2026-03-10T21:34:46Z,,3178.96,3178.96,4,NONE,shipped
320251,1365,2026-03-21T07:29:12Z,,3222.43,,5,RAMADAN-BUNDLE,paid
320252,1365,2026-03-25T07:01:21Z,,6129.07,,13,NONE,pending_hold
320255,1372,2026-03-20T10:48:43Z,,2111.2,,4,WINTER-FLYER,canceled
320263,1386,2026-03-23T08:24:54Z,,1246.54,,5,NONE,shipped
320266,1388,2026-03-14T21:36:29Z,,4353.51,4353.51,14,WINTER-FLYER,paid
320269,1389,2026-03-14T16:34:46Z,,1480.64,1480.64,3,NONE,canceled
320271,1391,2026-03-17T21:23:42Z,,6599.46,,6,LUX-R6,canceled
320272,1392,2026-03-11T14:14:06Z,,2308.11,,4,LUX-R6,paid
320275,1394,2026-03-09T21:38:28Z,,77.08,,3,,paid
320277,1394,2026-03-23T11:44:02Z,,2126.69,2126.69,5,WINTER-FLYER,pending_hold
320279,1394,2026-03-18T16:48:43Z,,2596.72,,7,RAMADAN-BUNDLE,shipped
320284,1402,2026-03-02T18:06:00Z,,2068.45,,3,NONE,paid
320285,1403,2026-03-16T17:31:46Z,,4950.29,,7,,canceled
320288,1411,2026-03-18T21:50:22Z,,1144.89,1144.89,8,,paid
320290,1413,2026-03-20T08:24:37Z,,5273.88,5273.88,10,WINTER-FLYER,shipped
320292,1414,2026-03-17T19:30:55Z,,2512.21,2512.21,7,NONE,pending_hold
320297,1419,2026-03-03T20:39:05Z,,2763.47,2763.47,6,WINTER-FLYER,shipped
320299,1421,2026-03-27T08:06:19Z,,3570.55,,6,WINTER-FLYER,shipped
320304,1428,2026/03/27 11:33,,4809.21,,6,NONE,paid
320308,1435,2026-03-08T15:50:44Z,,1456.78,1456.78,7,WINTER-FLYER,paid
320309,1436,2026-03-27T07:11:42Z,,2271.85,,9,RAMADAN-BUNDLE,paid
320311,1440,2026-03-13T17:56:36Z,,134.35,134.35,2,WINTER-FLYER,shipped
320321,1456,2026-03-27T06:09:18Z,,3641.45,,10,WINTER-FLYER,paid
320330,1463,2026-03-21T09:23:21Z,,1024.19,1024.19,3,RAMADAN-BUNDLE,canceled
320331,1464,2026-03-15T19:43:06Z,,3161.43,3161.43,6,WINTER-FLYER,shipped
320332,1464,2026-03-12T20:58:15Z,,1012.14,,3,,paid
320340,1477,2026-03-03T21:42:15Z,,4040.27,,10,LUX-R6,paid
320343,1484,2026-03-18T16:17:36Z,,3058.55,3058.55,12,NONE,paid
320345,1489,2026-03-09T21:18:08Z,,4047.67,,10,NONE,pending_hold
320347,1490,2026-03-09T20:59:20Z,,4917.57,4917.57,9,LUX-R6,paid
320349,1493,2026/03/19 17:06,,4337.02,4337.02,13,LUX-R6,paid
320352,1496,2026-03-24T10:03:28Z,,4090.71,,4,,paid
320354,1497,2026/03/19 18:10,,703.73,,2,NONE,canceled
320356,1505,2026-03-06T21:38:11Z,,7017.04,7017.04,13,WINTER-FLYER,canceled
320361,1510,2026-03-14T20:46:57Z,,8671.84,8671.84,14,,paid
320370,1516,2026-03-20T10:20:03Z,,4506.27,,10,NONE,shipped
320371,1516,2026-03-23T10:18:09Z,,5314.2,,7,RAMADAN-BUNDLE,pending_hold
320373,1516,2026-03-09T20:11:45Z,,4249.08,,8,RAMADAN-BUNDLE,paid
320378,1522,2026-03-02T14:21:52Z,,583.98,,3,,pending_hold
320388,1535,2026-03-02T17:56:29Z,,3415.35,3415.35,7,LUX-R6,pending_hold
320393,1540,2026-03-02T20:26:49Z,,2913.61,2913.61,8,LUX-R6,paid
320396,1541,2026-03-13T20:16:41Z,,4359.31,,6,RAMADAN-BUNDLE,pending_hold
320403,1549,2026-03-28T07:09:33Z,,1665.41,1665.41,9,RAMADAN-BUNDLE,canceled
320406,1552,2026-03-28T14:17:09Z,,2410.2,,6,LUX-R6,pending_hold
320417,1565,2026-03-08T20:48:02Z,,1568.49,1568.49,3,WINTER-FLYER,canceled
320419,1565,2026-03-16T18:45:45Z,,2325.65,2325.65,5,RAMADAN-BUNDLE,paid
320423,1571,2026-03-26T11:02:05Z,,2014.38,2014.38,12,WINTER-FLYER,paid
320424,1572,2026-03-28T12:09:05Z,,3401.57,3401.57,7,NONE,pending_hold
320428,1578,2026-03-15T21:02:25Z,,3424.12,,3,NONE,shipped
320429,1579,2026-03-28T09:16:16Z,,5689.67,5689.67,11,LUX-R6,paid
320430,1580,2026-03-06T19:32:04Z,,3452.65,,3,RAMADAN-BUNDLE,canceled
320433,1584,2026-03-21T08:51:02Z,,3809.03,,2,WINTER-FLYER,paid
320438,1588,2026-03-06T17:23:24Z,,7149.98,,7,WINTER-FLYER,paid
320440,1590,2026-03-08T17:54:56Z,,6121.63,,11,NONE,paid
320443,1592,2026-03-11T19:35:13Z,,5690.51,,15,NONE,paid
320444,1592,2026-03-16T20:43:13Z,,3214.48,,4,NONE,paid
320445,1597,2026-03-16T15:08:11Z,,6907.42,,11,NONE,shipped
320453,1606,2026/03/07 18:09,,3268.04,3268.04,9,NONE,canceled
320461,1618,2026-03-27T08:53:38Z,,953.12,,2,,pending_hold
320463,1620,2026-03-20T11:10:36Z,,8590.18,8590.18,15,,paid
320465,1621,2026-03-09T20:59:34Z,,1730.96,1730.96,7,RAMADAN-BUNDLE,paid
320466,1622,2026-03-10T18:43:10Z,,1977.03,,6,LUX-R6,paid
320475,1630,2026-03-03T17:15:56Z,,4245.2,4245.20,8,LUX-R6,shipped
320477,1631,2026/03/22 12:10,,3395.8,3395.80,8,,paid
320478,1633,2026-03-01T19:47:58Z,,1908.41,1908.41,4,NONE,paid
320479,1635,2026-03-01T21:01:10Z,,5838.1,5838.10,9,LUX-R6,shipped
320481,1639,2026-03-18T21:58:03Z,,1921.09,,5,NONE,paid
320482,1639,2026-03-09T21:54:09Z,,3681.03,3681.03,9,NONE,paid
320486,1645,2026-03-11T19:27:23Z,,4907.23,4907.23,9,NONE,paid
320487,1646,2026-03-11T19:05:01Z,,1269.53,1269.53,6,,canceled
320491,1648,2026-03-07T16:38:58Z,,3604.02,3604.02,6,NONE,shipped
320492,1649,2026-03-14T19:25:29Z,,2537.97,,7,NONE,shipped
320493,1654,2026-03-13T18:52:08Z,,3413.12,,7,LUX-R6,pending_hold
320500,1667,2026-03-26T09:52:48Z,,5864.3,,11,NONE,shipped
320502,1669,2026-03-02T16:57:39Z,,3610.91,3610.91,7,NONE,paid
320505,1671,2026-03-25T06:37:04Z,,3935.4,,4,RAMADAN-BUNDLE,paid
320512,1684,2026-03-08T21:31:14Z,,2453.81,,6,NONE,paid
320518,1687,2026-03-18T20:52:23Z,,4805.3,,9,WINTER-FLYER,paid
320519,1689,2026-03-22T11:09:04Z,,2363.9,2363.90,5,NONE,shipped
320520,1689,2026-03-04T18:42:19Z,,5862.37,5862.37,9,WINTER-FLYER,pending_hold
320523,1697,2026-03-27T10:58:58Z,,1573.42,,3,LUX-R6,canceled
320526,1699,2026-03-17T16:54:23Z,,1768.66,,7,,pending_hold
320530,1702,2026-03-19T18:44:21Z,,3340.5,3340.50,5,NONE,paid
320531,1702,2026-03-16T15:44:57Z,,2709.52,,4,RAMADAN-BUNDLE,paid
320533,1708,2026-03-16T16:28:42Z,,3785.39,,4,LUX-R6,paid
320534,1708,2026-03-24T09:05:23Z,,3407.46,,7,WINTER-FLYER,canceled
320537,1714,2026-03-10T19:31:32Z,,2594.8,,7,WINTER-FLYER,paid
320538,1715,2026-03-25T18:07:48Z,,6214.45,,8,,pending_hold
320539,1717,2026-03-24T09:56:06Z,,961.72,,2,RAMADAN-BUNDLE,shipped
320542,1722,2026-03-01T13:18:09Z,,2730.04,,5,,shipped
320546,1726,2026-03-22T09:58:31Z,,3353.94,,10,NONE,canceled
320554,1741,2026/03/02 22:25,,4210.33,4210.33,7,RAMADAN-BUNDLE,shipped
320556,1746,2026-03-23T12:09:44Z,,8701.22,,10,WINTER-FLYER,paid
320557,1748,2026-03-12T19:50:37Z,,977.21,,3,NONE,pending_hold
320559,1750,2026-03-01T16:20:08Z,,5188.83,,5,NONE,paid
320561,1750,2026/03/01 21:51,,1907.34,,2,LUX-R6,paid
320562,1752,2026-03-06T16:08:18Z,,3637.94,3637.94,6,,paid
320563,1752,2026-03-20T06:13:35Z,,4528.67,4528.67,6,NONE,canceled
320567,1762,2026-03-04T17:13:09Z,,5063.7,,13,NONE,pending_hold
320570,1767,2026-03-12T15:22:03Z,,5006.23,5006.23,12,LUX-R6,paid
320574,1769,2026-03-13T15:30:43Z,,3484.5,,7,LUX-R6,paid
320576,1778,2026-03-16T17:39:32Z,,2920.07,,6,LUX-R6,paid
320581,1784,2026-03-08T15:33:57Z,,3081.36,,4,NONE,canceled
320583,1791,2026-03-25T13:08:41Z,,883.77,,5,NONE,shipped
320586,1793,2026-03-26T11:55:58Z,,8385.73,8385.73,14,NONE,paid
320591,1800,2026-03-24T09:20:41Z,,3374.38,,8,NONE,pending_hold
320595,1804,2026-03-20T15:01:34Z,,2409.47,,4,NONE,shipped
320598,1807,2026-03-08T20:51:21Z,,2305.5,2305.50,4,RAMADAN-BUNDLE,canceled
320600,1808,2026-03-21T11:53:05Z,,5523.33,,11,NONE,shipped
320601,1809,2026-03-24T10:23:17Z,,4831.11,,10,RAMADAN-BUNDLE,pending_hold
320620,1840,2026-03-14T18:07:42Z,,3240.34,3240.34,6,,pending_hold
320621,1842,2026-03-04T19:29:29Z,,3395.8,,5,,paid
320622,1844,2026-03-10T19:42:03Z,,2626.01,,6,NONE,paid
320624,1849,2026-03-03T14:28:58Z,,4165.01,,6,LUX-R6,paid
320626,1849,2026-03-02T21:21:29Z,,1478.67,1478.67,6,RAMADAN-BUNDLE,paid
320631,1856,2026-03-07T18:30:53Z,,7858.23,7858.23,7,,paid
320634,1860,2026-03-20T06:02:31Z,,2756.85,,7,RAMADAN-BUNDLE,canceled
320636,1863,2026-03-19T21:50:37Z,,3673.4,,7,LUX-R6,canceled
320638,1864,2026-03-01T15:42:05Z,,4214.34,,14,LUX-R6,paid
320641,1878,2026-03-27T14:05:03Z,,2513.06,2513.06,9,WINTER-FLYER,shipped
320643,1878,2026-03-18T21:32:16Z,,9017.32,,6,NONE,canceled
320644,1879,2026-03-17T21:24:59Z,,801.36,801.36,4,WINTER-FLYER,paid
320647,1882,2026-03-28T13:35:00Z,,2569.49,,5,WINTER-FLYER,paid
320650,1885,2026-03-03T21:55:31Z,,4979.01,,7,NONE,paid
320653,1892,2026-03-09T20:11:18Z,,2425.71,,7,NONE,shipped
320655,1896,2026-03-02T14:03:08Z,,3169.12,3169.12,4,NONE,canceled
320659,1900,2026-03-02T20:00:21Z,,546.09,546.09,3,LUX-R6,canceled
320663,1907,2026-03-28T13:54:50Z,,5090.37,5090.37,9,WINTER-FLYER,paid
320667,1913,2026-03-27T09:23:36Z,,2948.11,,6,LUX-R6,shipped
320671,1917,2026-03-23T07:51:16Z,,3523.63,3523.63,5,LUX-R6,shipped
320672,1917,2026-03-04T16:11:11Z,,2081.21,,4,RAMADAN-BUNDLE,paid
320683,1938,2026-03-06T19:37:50Z,,3994.36,,12,NONE,canceled
320684,1938,2026-03-08T18:37:13Z,,3140.92,,5,LUX-R6,paid
320685,1938,2026-03-10T16:48:02Z,,4218.73,4218.73,11,,shipped
320693,1947,2026-03-07T21:53:05Z,,3934.1,,7,WINTER-FLYER,paid
320694,1949,2026-03-25T06:50:35Z,,3430.66,,9,NONE,paid
320697,1953,2026-03-05T20:07:16Z,,7731.02,7731.02,10,NONE,pending_hold
320698,1953,2026-03-22T13:59:59Z,,890.63,,4,,paid
320702,1961,2026-03-13T14:24:23Z,,2878.83,2878.83,6,,shipped
320706,1963,2026-03-24T15:24:22Z,,1483.78,1483.78,3,LUX-R6,pending_hold
320709,1967,2026-03-25T10:10:03Z,,4445.7,4445.70,11,RAMADAN-BUNDLE,paid
320712,1968,2026-03-03T21:04:51Z,,1408.97,,3,RAMADAN-BUNDLE,canceled
320715,1974,2026-03-16T18:42:48Z,,2199.51,,4,NONE,shipped
320716,1975,2026/03/05 19:28,,1739.58,,7,NONE,paid
320720,1976,2026-03-15T21:39:56Z,,4450.01,4450.01,8,WINTER-FLYER,paid
320721,1976,2026-03-07T20:15:56Z,,3859.08,3859.08,7,,paid
320723,1984,2026-03-14T18:33:14Z,,3037.62,,6,,paid
320725,1987,2026-03-26T10:39:07Z,,2829.87,,10,WINTER-FLYER,paid
320726,1987,2026-03-15T18:12:54Z,,2735.71,,2,WINTER-FLYER,pending_hold
320730,1993,2026/03/02 16:24,,1011.95,,4,,paid
320735,1996,2026-03-25T10:55:44Z,,3556.33,3556.33,8,NONE,canceled
320736,1996,2026-03-06T19:34:15Z,,3079.32,3079.32,6,,pending_hold
320742,2005,2026-03-03T21:42:03Z,,3120.3,,10,NONE,paid
320747,2012,2026-03-22T12:07:04Z,,6031.49,,11,NONE,canceled
320748,2012,2026-03-24T14:07:42Z,,5666.75,,10,LUX-R6,shipped
320749,2017,2026-03-03T21:32:47Z,,3462.93,,7,,canceled
320753,2019,2026-03-07T18:54:04Z,,2315.8,2315.80,5,NONE,paid
320754,2022,2026-03-20T11:30:16Z,,2617.61,,8,RAMADAN-BUNDLE,paid
320755,2022,2026-03-16T21:41:24Z,,4012.83,4012.83,9,RAMADAN-BUNDLE,paid
320756,2023,2026/03/08 23:30,,7569.52,,12,,paid
320759,2024,2026-03-05T18:27:04Z,,9033.6,9033.60,10,WINTER-FLYER,pending_hold
320764,2031,2026-03-26T12:08:38Z,,1489.14,,3,,paid
320767,2034,2026-03-16T20:28:47Z,,5107.35,,9,WINTER-FLYER,paid
320771,2041,2026-03-12T19:45:32Z,,2325.32,,2,WINTER-FLYER,paid
320774,2044,2026-03-14T10:02:20Z,,7494.71,,10,,canceled
320776,2051,2026-03-23T12:51:44Z,,8880.98,8880.98,6,NONE,paid
320781,2061,2026-03-26T06:04:15Z,,9338.29,9338.29,11,NONE,paid
320784,2068,2026-03-27T13:25:37Z,,2972.18,2972.18,3,LUX-R6,shipped
320786,2070,2026-03-19T14:11:37Z,,6108.86,6108.86,10,NONE,paid
320787,2072,2026-03-12T21:17:56Z,,4820.92,,6,NONE,paid
320795,2075,2026-03-28T10:27:19Z,,3431.26,,5,NONE,canceled
320796,2077,2026-03-11T21:31:22Z,,5019.11,5019.11,11,WINTER-FLYER,shipped
320798,2085,2026-03-22T11:35:12Z,,2804.34,,3,LUX-R6,paid
320800,2086,2026-03-03T21:56:03Z,,968.35,968.35,4,,paid
320801,2089,2026-03-07T18:43:59Z,,2027.71,2027.71,7,WINTER-FLYER,paid
320802,2089,2026/03/21 11:06,,7599.04,7599.04,9,,paid
320803,2090,2026/03/13 22:02,,4306.48,,9,RAMADAN-BUNDLE,paid
320805,2090,2026-03-15T12:42:18Z,,2217.28,2217.28,5,NONE,canceled
320807,2092,2026-03-25T14:00:40Z,,3338.89,3338.89,9,,canceled
320809,2096,2026-03-28T06:11:28Z,,2913.37,2913.37,6,NONE,paid
320817,2104,2026-03-27T06:39:25Z,,2650.88,,4,RAMADAN-BUNDLE,paid
320822,2109,2026-03-23T14:02:05Z,,1932.23,,2,LUX-R6,paid
320826,2117,2026-03-09T20:29:21Z,,4223.13,,4,NONE,paid
320832,2135,2026-03-08T20:41:12Z,,4934.53,4934.53,7,RAMADAN-BUNDLE,paid
320835,2137,2026-03-21T12:45:05Z,,2636.27,,6,NONE,pending_hold
320836,2140,2026-03-09T21:06:08Z,,1420.6,1420.60,3,NONE,paid
320840,2145,2026-03-17T21:20:41Z,,3195.85,3195.85,6,LUX-R6,canceled
320843,2156,2026-03-20T13:00:15Z,,6529.67,,9,WINTER-FLYER,shipped
320844,2157,2026/03/25 09:34,,3372.51,,9,RAMADAN-BUNDLE,paid
320849,2163,2026-03-05T20:26:51Z,,1610.51,1610.51,3,NONE,shipped
320856,2169,2026-03-22T10:26:37Z,,2140.01,,10,WINTER-FLYER,paid
320857,2169,2026/03/18 16:46,,664.54,,2,RAMADAN-BUNDLE,paid
320859,2169,2026-03-01T21:04:42Z,,6072.95,,13,RAMADAN-BUNDLE,canceled
320862,2174,2026-03-13T16:49:48Z,,1333.61,1333.61,6,,canceled
320863,2178,2026-03-26T14:46:28Z,,5313.65,,7,,pending_hold
320866,2183,2026-03-21T08:20:07Z,,3426.99,,7,NONE,shipped
320868,2185,2026-03-24T09:03:39Z,,2630.57,,7,LUX-R6,pending_hold
320875,2199,2026-03-01T16:01:52Z,,3313.79,3313.79,2,WINTER-FLYER,paid
320880,2203,2026-03-05T15:44:48Z,,3247.08,3247.08,7,NONE,shipped
320882,2204,2026-03-21T10:58:14Z,,2419.29,2419.29,6,WINTER-FLYER,pending_hold
320886,2214,2026-03-08T19:15:10Z,,3950.25,,7,WINTER-FLYER,paid
320889,2215,2026-03-17T15:55:31Z,,1785.87,,4,WINTER-FLYER,shipped
320891,2219,2026-03-18T15:53:30Z,,2237.89,,3,RAMADAN-BUNDLE,paid
320898,2229,2026/03/13 22:09,,4099.68,,4,,paid
320902,2235,2026-03-27T11:41:48Z,,5790.99,5790.99,5,NONE,canceled
320903,2236,2026-03-08T18:52:13Z,,2486.5,,5,NONE,paid
320904,2237,2026-03-14T21:49:20Z,,2212.36,,9,RAMADAN-BUNDLE,paid
320907,2239,2026-03-13T18:07:43Z,,3862.04,,11,,pending_hold
320909,2241,2026/03/28 17:43,,1737.18,,3,LUX-R6,pending_hold
320911,2251,2026-03-11T19:49:28Z,,1437.56,1437.56,4,RAMADAN-BUNDLE,paid
320914,2255,2026-03-21T08:10:21Z,,8121.69,8121.69,6,LUX-R6,canceled
320918,2260,2026-03-20T11:57:10Z,,1807.22,,3,RAMADAN-BUNDLE,paid
320922,2267,2026-03-18T21:30:56Z,,7175.19,7175.19,10,LUX-R6,paid
320928,2272,2026-03-24T11:00:24Z,,6223.85,6223.85,8,WINTER-FLYER,paid
320929,2272,2026-03-13T19:39:23Z,,4521.7,,5,NONE,paid
320934,2273,2026-03-09T16:11:26Z,,820.29,820.29,2,NONE,canceled
320939,2285,2026-03-02T19:45:28Z,,7141.4,7141.40,12,NONE,canceled
320940,2285,2026-03-24T14:38:55Z,,5505.21,5505.21,4,WINTER-FLYER,shipped
320941,2287,2026-03-13T14:57:07Z,,2797.53,2797.53,6,NONE,canceled
320942,2287,2026-03-20T10:42:08Z,,2332.42,2332.42,5,NONE,paid
320944,2287,2026-03-06T15:16:58Z,,3821.88,3821.88,6,LUX-R6,paid
320945,2287,2026-03-27T08:29:24Z,,4297.5,4297.50,10,WINTER-FLYER,paid
320947,2292,2026-03-22T07:38:17Z,,7238.23,7238.23,12,NONE,canceled
320949,2294,2026-03-26T07:25:15Z,,7959.58,,11,NONE,paid
320953,2296,2026-03-19T18:24:52Z,,3659.95,,10,RAMADAN-BUNDLE,paid
320955,2300,2026-03-17T18:19:21Z,,7700.54,,7,WINTER-FLYER,canceled
320958,2304,2026-03-13T20:27:45Z,,1895.37,,6,NONE,paid
320960,2309,2026/03/18 23:17,,2734.98,,6,LUX-R6,paid
320962,2310,2026-03-13T16:56:57Z,,3161.73,,6,NONE,paid
320964,2311,2026-03-04T15:36:17Z,,4491.62,4491.62,9,NONE,pending_hold
320967,2313,2026-03-19T20:54:00Z,,1725.33,1725.33,3,LUX-R6,pending_hold
320968,2319,2026-03-27T06:43:15Z,,4754.57,4754.57,14,NONE,paid
320969,2322,2026-03-13T14:56:16Z,,5512.25,,7,WINTER-FLYER,paid
320975,2333,2026-03-06T21:35:45Z,,1903.45,,5,,paid
320976,2334,2026-03-26T10:22:05Z,,679.21,,5,NONE,paid
320977,2334,2026-03-11T15:59:30Z,,5743.63,5743.63,13,NONE,pending_hold
320979,2334,2026-03-03T16:54:03Z,,1707.34,,5,NONE,paid
320994,2349,2026-03-11T17:18:47Z,,260.89,,2,RAMADAN-BUNDLE,paid
320996,2351,2026/03/28 09:10,,6394.48,,11,RAMADAN-BUNDLE,shipped
320998,2354,2026/03/20 11:53,,3520.66,,7,LUX-R6,shipped
321003,2361,2026-03-08T20:25:03Z,,1037.72,,4,WINTER-FLYER,shipped
321013,2373,2026-03-01T18:52:36Z,,2086.24,,6,RAMADAN-BUNDLE,paid
321015,2375,2026-03-09T17:05:37Z,,2391.33,,4,NONE,paid
321017,2381,2026-03-05T20:56:16Z,,1793.14,1793.14,4,LUX-R6,paid
321022,2389,2026-03-15T20:07:14Z,,2498.91,,10,WINTER-FLYER,paid
321024,2390,2026-03-21T13:50:44Z,,6071.68,6071.68,8,,paid
321026,2392,2026-03-16T21:15:40Z,,1448.21,1448.21,4,RAMADAN-BUNDLE,canceled
321029,2394,2026-03-09T21:31:17Z,,6091.22,,12,WINTER-FLYER,paid
321030,2395,2026-03-16T17:29:30Z,,4817.59,4817.59,9,WINTER-FLYER,paid
321031,2396,2026-03-05T14:36:03Z,,4216.48,4216.48,7,NONE,shipped
321032,2396,2026-03-15T15:08:04Z,,4704.93,4704.93,6,RAMADAN-BUNDLE,paid
321033,2399,2026-03-04T18:21:05Z,,1156.99,1156.99,2,,shipped
321037,2401,2026-03-21T12:06:04Z,,1073.89,1073.89,3,LUX-R6,shipped
321042,2406,2026-03-26T11:24:53Z,,4179.44,,8,NONE,shipped
321045,2409,2026-03-24T09:29:06Z,,1812.42,,5,,paid
321050,2413,2026-03-26T11:54:06Z,,2203.54,2203.54,6,NONE,canceled
321053,2417,2026-03-28T11:34:11Z,,4210.03,4210.03,9,NONE,canceled
321055,2425,2026-03-02T17:27:54Z,,1013.63,1013.63,2,RAMADAN-BUNDLE,canceled
321060,2429,2026-03-22T09:39:40Z,,1608.31,1608.31,3,RAMADAN-BUNDLE,canceled
321066,2435,2026-03-01T19:53:12Z,,2565.59,,8,RAMADAN-BUNDLE,shipped
321068,2437,2026-03-23T06:06:16Z,,3791.83,,4,,pending_hold
321071,2443,2026-03-16T20:53:21Z,,3575.78,,8,WINTER-FLYER,paid
321079,2458,2026/03/14 20:54,,6330.51,,11,WINTER-FLYER,paid
321080,2459,2026-03-02T17:47:04Z,,6862.5,6862.50,7,,canceled
321084,2462,2026-03-21T11:54:59Z,,5254.13,5254.13,14,,paid
321089,2466,2026-03-12T20:50:08Z,,2279.62,,8,WINTER-FLYER,pending_hold
321095,2471,2026-03-26T06:12:49Z,,3049.51,,3,NONE,paid
321098,2476,2026-03-23T07:17:23Z,,5318.92,,11,,shipped
321112,2492,2026-03-05T18:51:52Z,,2933.32,,5,LUX-R6,paid
321113,2494,2026-03-24T13:33:46Z,,1075.24,,3,NONE,paid
321120,2502,2026-03-16T20:19:37Z,,4493.14,,8,NONE,paid
321122,2509,2026-03-15T16:24:42Z,,2386.82,,7,RAMADAN-BUNDLE,paid
321123,2509,2026-03-11T18:11:04Z,,4779.71,,9,LUX-R6,paid
321129,2515,2026-03-06T14:42:42Z,,7791.71,,9,LUX-R6,paid
321130,2515,2026-03-02T21:43:37Z,,4651.86,4651.86,6,NONE,paid
321131,2515,2026-03-16T18:58:50Z,,3509.61,3509.61,7,LUX-R6,shipped
321132,2517,2026-03-11T15:30:43Z,,2023.74,,7,,pending_hold
321143,2535,2026-03-28T10:57:43Z,,989.57,,5,RAMADAN-BUNDLE,paid
321156,2563,2026-03-21T06:05:25Z,,2807.89,2807.89,5,RAMADAN-BUNDLE,paid
321157,2563,2026-03-16T18:27:35Z,,2921.04,2921.04,10,NONE,paid
321160,2569,2026-03-10T18:33:50Z,,887.75,887.75,3,WINTER-FLYER,shipped
321162,2574,2026-03-18T16:59:42Z,,6506.93,,9,WINTER-FLYER,pending_hold
321165,2578,2026/03/18 23:35,,3079.38,3079.38,4,,paid
321169,2582,2026/03/05 17:12,,2397.34,2397.34,5,NONE,shipped
321170,2582,2026-03-24T07:48:14Z,,1871.79,,6,,shipped
321183,2602,2026-03-09T18:17:56Z,,968.59,,6,LUX-R6,pending_hold
321184,2603,2026-03-09T17:51:06Z,,2058.31,2058.31,8,NONE,paid
321185,2604,2026-03-18T15:42:29Z,,6087.66,,9,RAMADAN-BUNDLE,shipped
321186,2605,2026-03-26T14:47:03Z,,11994.6,,13,NONE,pending_hold
321188,2606,2026-03-12T17:44:37Z,,6400.51,,10,RAMADAN-BUNDLE,paid
321191,2609,2026-03-12T21:21:42Z,,6755.21,,7,LUX-R6,shipped
321195,2615,2026-03-08T21:02:48Z,,2134.28,2134.28,3,WINTER-FLYER,shipped
321196,2616,2026-03-05T15:56:51Z,,2599.61,,5,RAMADAN-BUNDLE,pending_hold
321206,2626,2026-03-08T21:10:25Z,,1203.11,,7,RAMADAN-BUNDLE,paid
321213,2651,2026-03-20T11:03:58Z,,3162.48,3162.48,5,WINTER-FLYER,canceled
321215,2655,2026-03-19T15:01:50Z,,2352.03,,6,NONE,paid
321219,2661,2026-03-23T07:04:25Z,,6190.94,6190.94,5,,canceled
321222,2679,2026-03-07T18:52:08Z,,2672.04,2672.04,7,NONE,paid
321223,2680,2026/03/10 21:30,,2207.08,,7,NONE,paid
321225,2681,2026-03-10T17:04:13Z,,5193.18,5193.18,8,,pending_hold
321228,2693,2026-03-05T17:17:08Z,,5503.22,5503.22,7,NONE,paid
321229,2693,2026-03-22T10:51:19Z,,1702.4,,8,LUX-R6,paid
321234,2705,2026-03-11T20:08:16Z,,1373.46,,5,,paid
321240,2718,2026-03-08T19:41:50Z,,7557.03,,5,,paid
321243,2723,2026-03-24T09:24:37Z,,1340.81,1340.81,6,LUX-R6,canceled
321245,2725,2026-03-22T10:54:57Z,,299.6,,2,NONE,paid
321258,2746,2026-03-03T16:45:30Z,,3929.19,,3,NONE,shipped
321261,2751,2026-03-10T15:16:54Z,,1933.48,,6,WINTER-FLYER,paid
321265,2758,2026-03-04T17:54:56Z,,5681.36,5681.36,8,NONE,paid
321268,2763,2026-03-28T09:53:03Z,,3563.46,3563.46,8,WINTER-FLYER,paid
321269,2763,2026-03-22T09:34:18Z,,6622.72,,15,LUX-R6,paid
321271,2766,2026/03/13 23:06,,1397.11,1397.11,2,RAMADAN-BUNDLE,paid
321278,2775,2026/03/03 17:50,,8282.91,8282.91,8,WINTER-FLYER,paid
321280,2778,2026-03-01T15:09:06Z,,2934.39,2934.39,7,WINTER-FLYER,pending_hold
321290,2787,2026-03-13T13:56:40Z,,2020.43,,3,WINTER-FLYER,paid
321293,2792,2026/03/26 09:55,,5214.52,,7,NONE,paid
321296,2795,2026-03-16T16:56:06Z,,1156.52,,5,RAMADAN-BUNDLE,paid
321300,2799,2026-03-25T09:07:30Z,,1610.38,,6,WINTER-FLYER,paid
321303,2803,2026-03-20T06:22:20Z,,6272.5,6272.50,7,WINTER-FLYER,shipped
321304,2803,2026-03-28T07:01:49Z,,3098.82,,4,NONE,pending_hold
321306,2810,2026-03-02T15:40:02Z,,7107.18,7107.18,15,WINTER-FLYER,canceled
321309,2816,2026-03-17T21:12:36Z,,3847.05,,4,LUX-R6,paid
321311,2816,2026-03-13T19:22:07Z,,2357.04,2357.04,4,NONE,canceled
321312,1002,2026-04-22T12:28:03Z,,4937.55,4937.55,14,,paid
321315,1006,2026-04-12T08:12:50Z,,5712.73,,11,WINTER-FLYER,paid
321316,1007,2026-04-28T06:16:31Z,,2193.77,2193.77,6,WINTER-FLYER,shipped
321317,1007,2026-04-10T10:38:19Z,,1106.85,1106.85,5,NONE,pending_hold
321320,1011,2026-04-13T10:35:43Z,,9662.79,,11,NONE,paid
321327,1019,2026-04-19T11:48:08Z,,8145.35,8145.35,12,LUX-R6,pending_hold
321330,1019,2026-04-07T14:27:39Z,,2800.32,,7,,paid
321332,1021,2026-04-03T06:27:37Z,,5162.84,,11,RAMADAN-BUNDLE,paid
321339,1022,2026/04/06 13:15,,4660.94,,11,NONE,paid
321341,1031,2026/04/27 09:48,,1317.6,,6,,shipped
321342,1031,2026-04-21T06:27:59Z,,2690.47,,3,NONE,pending_hold
321344,1034,2026-04-17T06:47:31Z,,4856.41,,10,,paid
321348,1043,2026-04-23T06:04:52Z,,1456.37,,4,LUX-R6,paid
321349,1045,2026-04-24T13:13:00Z,,1687.36,,5,LUX-R6,paid
321352,1053,2026-04-09T07:39:56Z,,3727.96,,6,NONE,paid
321355,1053,2026-04-16T14:44:02Z,,3059.47,,5,NONE,pending_hold
321359,1056,2026-04-09T14:56:01Z,,782.75,,2,NONE,paid
321361,1058,2026-04-14T15:32:34Z,,621.96,621.96,5,NONE,shipped
321362,1058,2026-04-20T10:25:18Z,,2694.87,,6,NONE,pending_hold
321363,1058,2026-04-18T07:56:06Z,,3503.17,3503.17,7,NONE,paid
321366,1066,2026-04-28T11:18:30Z,,1564.7,,5,WINTER-FLYER,paid
321367,1066,2026-04-03T13:03:52Z,,2207.04,,4,LUX-R6,paid
321368,1067,2026-04-05T08:26:08Z,,872.43,,2,WINTER-FLYER,paid
321369,1069,2026/04/22 17:45,,5920.19,,11,LUX-R6,shipped
321370,1072,2026-04-03T08:51:45Z,,4417.09,4417.09,10,NONE,paid
321372,1081,2026/04/06 15:30,,2476.82,,5,WINTER-FLYER,paid
321374,1088,2026-04-23T07:51:03Z,,3931.66,,10,NONE,pending_hold
321384,1099,2026-04-27T07:04:49Z,,6586.55,6586.55,12,WINTER-FLYER,paid
321386,1100,2026-04-07T11:40:55Z,,1463.77,,3,,canceled
321388,1109,2026-04-27T07:00:12Z,,3387.01,3387.01,6,NONE,pending_hold
321395,1120,2026-04-10T13:46:00Z,,3079.31,,6,NONE,shipped
321396,1125,2026-04-09T10:05:11Z,,5812.79,,13,LUX-R6,canceled
321397,1127,2026-04-06T06:24:58Z,,2539.17,2539.17,4,NONE,paid
321405,1148,2026-04-14T15:43:03Z,,3503.2,,7,NONE,canceled
321412,1154,2026-04-18T11:07:08Z,,2204.52,2204.52,7,RAMADAN-BUNDLE,canceled
321416,1156,2026-04-17T10:19:08Z,,2344.8,,5,NONE,paid
321417,1156,2026-04-26T12:59:01Z,,7199.01,,12,NONE,paid
321419,1157,2026-04-22T07:16:26Z,,6845.72,6845.72,7,WINTER-FLYER,paid
321428,1176,2026-04-19T07:44:57Z,,3058.2,,9,LUX-R6,paid
321430,1179,2026-04-09T13:01:46Z,,3445.9,,8,LUX-R6,paid
321431,1181,2026-04-25T11:22:35Z,,2855.49,2855.49,2,NONE,paid
321432,1181,2026-04-22T08:00:48Z,,3291.99,,7,NONE,pending_hold
321435,1182,2026-04-15T09:31:32Z,,4993.8,4993.80,10,NONE,paid
321440,1194,2026-04-27T10:02:24Z,,1631.8,1631.80,4,LUX-R6,canceled
321441,1196,2026-04-09T08:07:25Z,,2442.64,2442.64,2,WINTER-FLYER,paid
321443,1197,2026-04-13T12:38:11Z,,1124.5,,5,WINTER-FLYER,paid
321445,1199,2026-04-16T07:33:29Z,,1781.2,1781.20,6,WINTER-FLYER,paid
321446,1200,2026-04-15T09:58:40Z,,3087.06,3087.06,7,NONE,canceled
321456,1218,2026-04-23T06:16:29Z,,3233.76,3233.76,5,NONE,pending_hold
321458,1222,2026/04/22 08:06,,712.44,,3,RAMADAN-BUNDLE,shipped
321460,1223,2026-04-11T14:29:39Z,,2252.67,,8,LUX-R6,paid
321462,1226,2026-04-08T11:10:57Z,,2829.22,,9,,pending_hold
321465,1229,2026-04-27T14:12:46Z,,4808.17,,10,WINTER-FLYER,paid
321468,1231,2026-04-25T06:30:44Z,,6357.58,,12,NONE,pending_hold
321469,1232,2026-04-07T10:12:24Z,,2749.5,,5,LUX-R6,paid
321472,1237,2026-04-12T11:10:21Z,,2398.9,2398.90,5,NONE,shipped
321474,1237,2026-04-17T11:48:46Z,,2047.46,,5,NONE,shipped
321475,1237,2026-04-23T10:31:59Z,,2380.04,2380.04,7,RAMADAN-BUNDLE,paid
321477,1239,2026/04/09 14:00,,1621.82,1621.82,7,LUX-R6,paid
321478,1241,2026-04-06T12:35:17Z,,3039.04,3039.04,9,NONE,paid
321481,1244,2026/04/15 10:57,,272.53,,3,RAMADAN-BUNDLE,paid
321485,1254,2026-04-02T13:28:15Z,,2088.74,,3,LUX-R6,paid
321488,1257,2026-04-01T06:50:00Z,,5874.07,5874.07,10,WINTER-FLYER,paid
321491,1260,2026-04-16T10:04:10Z,,3416.97,,12,WINTER-FLYER,canceled
321497,1262,2026/04/05 12:32,,2279.0,,5,NONE,canceled
321498,1263,2026-04-28T11:20:10Z,,2536.36,,8,WINTER-FLYER,paid
321499,1269,2026-04-11T11:01:33Z,,5302.81,5302.81,5,LUX-R6,pending_hold
321504,1274,2026-04-07T06:55:22Z,,3397.89,,4,,paid
321507,1275,2026-04-09T10:09:58Z,,4226.53,,9,LUX-R6,shipped
321512,1276,2026-04-27T10:57:57Z,,1833.65,1833.65,7,RAMADAN-BUNDLE,pending_hold
321515,1281,2026-04-12T11:32:45Z,,5563.53,,8,LUX-R6,paid
321517,1281,2026-04-11T06:42:31Z,,1793.96,1793.96,5,NONE,shipped
321519,1284,2026-04-13T09:08:00Z,,6790.49,6790.49,10,NONE,shipped
321520,1285,2026-04-26T09:48:50Z,,2578.02,,5,RAMADAN-BUNDLE,shipped
321525,1292,2026-04-17T09:56:44Z,,1579.01,1579.01,2,NONE,canceled
321530,1298,2026-04-18T06:30:22Z,,7914.84,,10,NONE,shipped
321532,1298,2026-04-10T08:58:09Z,,2591.04,,3,LUX-R6,paid
321538,1305,2026-04-04T08:07:57Z,,4164.98,4164.98,8,,pending_hold
321540,1306,2026-04-23T14:15:46Z,,6888.43,,10,WINTER-FLYER,canceled
321544,1313,2026-04-14T08:55:44Z,,2436.47,,5,NONE,paid
321546,1315,2026-04-06T06:16:03Z,,5121.82,5121.82,9,,pending_hold
321550,1322,2026-04-21T14:24:37Z,,6785.08,,9,NONE,paid
321554,1324,2026-04-21T13:59:15Z,,6345.48,6345.48,11,NONE,shipped
321558,1325,2026-04-20T10:22:59Z,,2007.16,,3,,paid
321561,1332,2026-04-26T13:32:43Z,,1603.73,1603.73,4,,pending_hold
321566,1335,2026-04-19T14:40:16Z,,2671.43,2671.43,7,NONE,shipped
321567,1337,2026-04-21T07:58:46Z,,2441.58,,3,NONE,canceled
321569,1341,2026-04-17T11:34:58Z,,5544.24,5544.24,13,LUX-R6,paid
321577,1352,2026-04-25T09:35:09Z,,2146.99,,7,NONE,paid
321583,1363,2026-04-17T08:57:11Z,,3071.54,,9,RAMADAN-BUNDLE,shipped
321587,1369,2026/04/23 12:45,,2046.92,2046.92,6,WINTER-FLYER,paid
321588,1371,2026-04-19T07:22:53Z,,4911.31,4911.31,9,NONE,paid
321591,1374,2026-04-26T12:50:24Z,,596.08,596.08,3,NONE,paid
321596,1375,2026-04-02T08:55:11Z,,3187.71,,11,,canceled
321597,1375,2026-04-23T07:44:29Z,,2580.65,,4,NONE,paid
321602,1382,2026-04-05T10:23:56Z,,3979.97,3979.97,6,LUX-R6,shipped
321604,1384,2026-04-23T10:03:28Z,,2202.77,2202.77,8,,shipped
321605,1386,2026-04-14T06:34:14Z,,2195.77,2195.77,7,,canceled
321607,1388,2026-04-28T08:41:10Z,,5062.43,,6,NONE,paid
321611,1388,2026-04-17T09:29:48Z,,3630.6,3630.60,7,WINTER-FLYER,canceled
321612,1388,2026-04-22T06:23:01Z,,2497.27,2497.27,6,LUX-R6,shipped
321618,1394,2026-04-26T08:19:55Z,,4083.0,,5,RAMADAN-BUNDLE,paid
321619,1394,2026-04-02T06:34:44Z,,2778.33,2778.33,6,NONE,paid
321623,1407,2026-04-01T06:54:40Z,,4330.57,4330.57,7,NONE,paid
321626,1412,2026-04-20T12:31:45Z,,3110.04,,6,NONE,pending_hold
321627,1413,2026-04-14T08:04:11Z,,2014.13,2014.13,5,,paid
321628,1413,2026-04-23T06:53:59Z,,424.76,,3,WINTER-FLYER,canceled
321630,1415,2026-04-16T10:25:18Z,,4161.54,,7,WINTER-FLYER,shipped
321635,1425,2026-04-04T10:05:39Z,,4057.75,,6,WINTER-FLYER,canceled
321637,1426,2026-04-06T14:23:13Z,,1247.27,1247.27,6,LUX-R6,canceled
321639,1428,2026-04-11T07:46:40Z,,5735.49,5735.49,9,LUX-R6,paid
321642,1435,2026-04-09T07:55:41Z,,2849.76,,8,LUX-R6,paid
321644,1435,2026-04-19T11:37:43Z,,2936.15,,11,,canceled
321645,1435,2026-04-26T10:09:35Z,,3805.87,3805.87,5,NONE,paid
321648,1440,2026-04-07T06:20:21Z,,3686.84,3686.84,13,LUX-R6,paid
321652,1444,2026/04/18 14:31,,1879.57,,4,NONE,shipped
321653,1446,2026-04-06T12:45:04Z,,2873.18,,8,WINTER-FLYER,shipped
321658,1453,2026-04-13T06:45:46Z,,4017.06,,5,,pending_hold
321663,1456,2026-04-11T09:02:47Z,,9096.42,9096.42,12,WINTER-FLYER,paid
321666,1459,2026-04-02T06:14:34Z,,5421.08,,13,,canceled
321671,1467,2026/04/11 15:27,,6306.24,,11,RAMADAN-BUNDLE,shipped
321678,1482,2026-04-02T17:54:45Z,,2131.7,,4,RAMADAN-BUNDLE,paid
321679,1483,2026-04-26T11:55:42Z,,5931.8,5931.80,15,NONE,paid
321681,1484,2026-04-17T06:30:47Z,,5099.35,,7,LUX-R6,paid
321685,1489,2026-04-09T12:49:03Z,,1109.21,,7,LUX-R6,shipped
321690,1494,2026-04-05T09:09:33Z,,1968.69,1968.69,5,WINTER-FLYER,canceled
321696,1505,2026-04-18T17:52:03Z,,3433.73,3433.73,7,NONE,shipped
321699,1506,2026-04-10T08:22:56Z,,9149.15,,12,LUX-R6,paid
321700,1506,2026-04-12T11:13:49Z,,5094.98,,6,,paid
321704,1508,2026-04-22T08:25:43Z,,2985.46,2985.46,7,RAMADAN-BUNDLE,paid
321708,1516,2026-04-27T06:52:21Z,,3939.53,,10,WINTER-FLYER,paid
321720,1527,2026-04-01T13:37:02Z,,2405.12,,6,RAMADAN-BUNDLE,shipped
321721,1528,2026-04-13T11:09:46Z,,6474.72,,11,NONE,paid
321724,1537,2026-04-24T09:13:51Z,,5243.16,,14,RAMADAN-BUNDLE,paid
321725,1537,2026-04-16T07:27:29Z,,1953.87,1953.87,6,NONE,shipped
321728,1539,2026-04-13T07:14:22Z,,4780.26,,9,NONE,paid
321730,1540,2026-04-07T08:26:12Z,,3805.83,,9,LUX-R6,paid
321731,1541,2026-04-04T10:32:21Z,,1836.79,,4,LUX-R6,canceled
321732,1541,2026-04-23T11:38:00Z,,2604.3,2604.30,5,,canceled
321734,1544,2026-04-18T14:36:41Z,,4891.51,,9,LUX-R6,paid
321737,1546,2026-04-14T06:36:30Z,,1763.84,1763.84,5,NONE,paid
321738,1546,2026-04-02T13:10:06Z,,593.93,593.93,6,NONE,pending_hold
321741,1552,2026-04-15T15:32:38Z,,625.12,625.12,4,NONE,paid
321744,1553,2026-04-24T06:34:38Z,,1174.49,1174.49,3,NONE,canceled
321746,1554,2026-04-20T08:49:29Z,,6597.12,,10,NONE,pending_hold
321747,1554,2026-04-24T14:13:57Z,,4306.35,4306.35,7,NONE,paid
321748,1554,2026-04-23T08:02:39Z,,9660.76,9660.76,14,,paid
321749,1554,2026-04-04T11:04:43Z,,6431.88,,8,NONE,paid
321752,1555,2026-04-08T10:38:42Z,,11486.07,,15,LUX-R6,pending_hold
321757,1558,2026-04-07T08:16:15Z,,2802.91,,8,LUX-R6,canceled
321760,1559,2026-04-16T09:19:41Z,,3747.45,,6,RAMADAN-BUNDLE,paid
321762,1570,2026-04-28T06:05:30Z,,5550.86,,8,RAMADAN-BUNDLE,shipped
321763,1571,2026-04-26T10:04:48Z,,4422.23,,8,LUX-R6,paid
321765,1572,2026-04-21T07:31:56Z,,4777.22,4777.22,14,LUX-R6,canceled
321766,1572,2026-04-27T09:03:57Z,,3123.82,,11,LUX-R6,pending_hold
321771,1578,2026-04-10T10:16:30Z,,3470.27,3470.27,6,NONE,pending_hold
321772,1580,2026-04-18T10:56:40Z,,993.54,993.54,4,,paid
321780,1586,2026-04-23T06:14:28Z,,1975.36,,3,NONE,paid
321788,1595,2026-04-10T06:50:39Z,,8191.6,8191.60,11,,canceled
321795,1600,2026-04-18T09:37:51Z,,1980.6,,5,WINTER-FLYER,pending_hold
321798,1602,2026-04-11T14:14:40Z,,1871.74,1871.74,7,WINTER-FLYER,canceled
321799,1603,2026-04-19T06:18:57Z,,2262.16,2262.16,3,LUX-R6,canceled
321802,1604,2026-04-19T08:33:15Z,,6067.65,,10,RAMADAN-BUNDLE,shipped
321814,1619,2026-04-24T10:52:05Z,,5441.13,,12,RAMADAN-BUNDLE,shipped
321815,1619,2026-04-21T12:36:12Z,,2024.21,2024.21,3,RAMADAN-BUNDLE,paid
321816,1619,2026-04-03T11:35:11Z,,1430.47,,6,RAMADAN-BUNDLE,shipped
321818,1621,2026/04/16 13:05,,7684.7,,11,LUX-R6,paid
321821,1625,2026-04-17T06:40:25Z,,2897.41,,3,LUX-R6,pending_hold
321823,1627,2026-04-13T21:05:19Z,,4522.77,4522.77,7,WINTER-FLYER,paid
321825,1629,2026-04-23T12:48:43Z,,1218.76,,6,WINTER-FLYER,shipped
321827,1633,2026-04-28T08:49:30Z,,1940.38,,5,NONE,paid
321835,1645,2026/04/06 09:23,,5191.56,5191.56,10,WINTER-FLYER,paid
321836,1645,2026-04-26T12:48:32Z,,4629.73,4629.73,9,,paid
321839,1648,2026-04-26T10:59:25Z,,2937.77,,8,RAMADAN-BUNDLE,paid
321842,1649,2026-04-13T13:37:33Z,,1094.29,1094.29,3,RAMADAN-BUNDLE,paid
321845,1650,2026-04-19T09:54:04Z,,965.28,,2,,shipped
321846,1654,2026-04-24T11:57:47Z,,497.51,,4,WINTER-FLYER,paid
321853,1661,2026-04-12T10:40:56Z,,2396.92,,6,NONE,canceled
321854,1662,2026-04-23T10:15:47Z,,2455.12,,4,WINTER-FLYER,pending_hold
321857,1669,2026-04-21T07:59:47Z,,2059.1,,7,,paid
321858,1669,2026-04-05T07:51:24Z,,3093.08,,8,RAMADAN-BUNDLE,paid
321866,1680,2026-04-26T08:07:32Z,,5441.71,,12,WINTER-FLYER,shipped
321875,1687,2026-04-14T06:43:58Z,,12744.53,,12,WINTER-FLYER,paid
321878,1693,2026-04-22T09:20:21Z,,3185.02,3185.02,9,,canceled
321882,1698,2026-04-17T13:32:47Z,,3439.95,,9,,shipped
321884,1701,2026/04/26 10:19,,968.64,,3,NONE,shipped
321893,1708,2026-04-10T12:46:58Z,,4885.35,,7,WINTER-FLYER,canceled
321894,1708,2026-04-17T09:05:04Z,,2645.3,,8,,canceled
321896,1713,2026-04-13T06:06:10Z,,7238.98,,15,LUX-R6,paid
321897,1713,2026-04-15T06:05:58Z,,2137.95,2137.95,8,WINTER-FLYER,pending_hold
321899,1715,2026-04-07T16:23:25Z,,520.35,520.35,3,NONE,shipped
321910,1722,2026-04-26T12:32:14Z,,3520.99,3520.99,6,LUX-R6,pending_hold
321913,1724,2026-04-04T16:34:56Z,,3920.43,,7,RAMADAN-BUNDLE,paid
321916,1730,2026-04-15T07:57:29Z,,3056.85,,8,RAMADAN-BUNDLE,paid
321925,1753,2026-04-17T12:04:17Z,,3629.37,3629.37,6,,canceled
321927,1755,2026-04-09T09:18:39Z,,4013.14,4013.14,4,NONE,paid
321930,1764,2026-04-25T11:03:30Z,,9807.75,9807.75,10,WINTER-FLYER,shipped
321932,1767,2026-04-21T06:28:49Z,,4268.62,4268.62,15,NONE,paid
321933,1767,2026-04-26T13:58:22Z,,6358.52,6358.52,8,RAMADAN-BUNDLE,shipped
321935,1768,2026-04-23T09:00:14Z,,2430.29,,7,LUX-R6,paid
321940,1780,2026-04-28T07:52:31Z,,2276.26,,5,LUX-R6,paid
321942,1782,2026-04-10T13:54:30Z,,3759.98,3759.98,5,RAMADAN-BUNDLE,shipped
321944,1783,2026-04-23T08:21:06Z,,2657.56,,7,NONE,pending_hold
321948,1791,2026-04-04T13:25:07Z,,6685.95,6685.95,7,RAMADAN-BUNDLE,paid
321949,1791,2026-04-23T08:50:31Z,,1389.1,1389.10,3,,paid
321950,1795,2026-04-14T15:35:22Z,,2328.31,,4,RAMADAN-BUNDLE,shipped
321951,1799,2026-04-08T15:09:15Z,,4865.58,4865.58,5,RAMADAN-BUNDLE,canceled
321952,1799,2026-04-19T11:24:27Z,,3460.12,3460.12,7,NONE,canceled
321954,1804,2026-04-27T12:16:02Z,,1562.19,,7,NONE,paid
321961,1812,2026-04-25T06:06:48Z,,2343.03,,7,LUX-R6,shipped
321962,1812,2026-04-26T14:09:33Z,,939.57,,4,LUX-R6,shipped
321969,1819,2026-04-18T11:47:38Z,,1943.9,,6,LUX-R6,paid
321970,1820,2026-04-07T13:56:04Z,,3008.52,3008.52,4,NONE,paid
321972,1821,2026-04-07T10:59:07Z,,745.71,745.71,2,LUX-R6,paid
321973,1821,2026-04-23T06:44:45Z,,2868.22,,5,NONE,shipped
321976,1823,2026-04-22T17:43:29Z,,2464.72,,11,WINTER-FLYER,pending_hold
321983,1825,2026-04-24T10:15:14Z,,1576.96,1576.96,5,,pending_hold
321984,1826,2026-04-25T06:16:56Z,,4002.48,,5,WINTER-FLYER,pending_hold
321985,1827,2026-04-20T07:33:21Z,,4941.62,4941.62,8,WINTER-FLYER,paid
321986,1827,2026-04-24T13:29:56Z,,4217.43,,7,NONE,pending_hold
321988,1832,2026-04-24T12:59:40Z,,1367.51,1367.51,5,RAMADAN-BUNDLE,paid
321993,1842,2026-04-07T11:24:32Z,,2294.2,2294.20,5,WINTER-FLYER,shipped
321996,1844,2026-04-06T08:47:57Z,,1867.41,1867.41,7,NONE,paid
322000,1846,2026-04-10T08:28:49Z,,979.87,,4,NONE,shipped
322016,1863,2026-04-03T10:51:06Z,,6396.27,,11,RAMADAN-BUNDLE,pending_hold
322023,1875,2026-04-27T11:43:56Z,,3573.09,3573.09,6,LUX-R6,paid
322025,1876,2026-04-21T12:30:23Z,,636.36,,2,NONE,paid
322028,1878,2026-04-03T10:16:06Z,,4766.84,,8,,shipped
322031,1881,2026-04-13T11:59:06Z,,3121.25,3121.25,7,NONE,paid
322032,1881,2026-04-19T13:29:52Z,,4991.44,4991.44,11,LUX-R6,pending_hold
322035,1882,2026/04/06 14:06,,3119.59,,5,RAMADAN-BUNDLE,paid
322036,1885,2026-04-25T10:01:01Z,,3913.51,,8,WINTER-FLYER,canceled
322038,1892,2026-04-25T13:58:44Z,,3154.78,3154.78,6,WINTER-FLYER,paid
322043,1896,2026-04-05T12:28:47Z,,2441.03,,7,WINTER-FLYER,pending_hold
322050,1903,2026/04/16 13:36,,4907.08,4907.08,10,NONE,paid
322052,1904,2026/04/12 14:25,,4435.16,,10,,paid
322053,1906,2026-04-21T08:58:13Z,,4038.32,,6,NONE,paid
322057,1910,2026-04-14T09:37:18Z,,2865.58,2865.58,6,RAMADAN-BUNDLE,paid
322061,1914,2026-04-16T10:51:25Z,,5049.97,,5,RAMADAN-BUNDLE,paid
322063,1915,2026-04-06T12:16:10Z,,2135.58,2135.58,6,NONE,paid
322070,1926,2026-04-02T13:06:23Z,,4823.27,4823.27,7,,pending_hold
322085,1940,2026-04-10T06:13:07Z,,1155.35,1155.35,4,LUX-R6,pending_hold
322087,1944,2026-04-26T10:49:42Z,,2579.44,2579.44,11,NONE,paid
322088,1944,2026-04-18T13:48:50Z,,1438.74,1438.74,3,LUX-R6,paid
322090,1950,2026-04-04T08:53:38Z,,4005.55,4005.55,8,WINTER-FLYER,paid
322095,1953,2026-04-27T09:03:37Z,,522.6,522.60,3,LUX-R6,paid
322100,1959,2026-04-16T11:55:58Z,,5998.68,,6,NONE,pending_hold
322105,1961,2026-04-02T06:35:19Z,,2780.64,2780.64,4,NONE,paid
322108,1961,2026-04-25T12:34:54Z,,2958.12,,5,WINTER-FLYER,paid
322111,1964,2026-04-24T14:03:16Z,,1786.0,,4,NONE,canceled
322114,1968,2026-04-09T06:51:02Z,,7736.83,7736.83,8,LUX-R6,shipped
322117,1972,2026-04-17T08:29:34Z,,5055.67,,9,,paid
322125,1992,2026-04-02T13:53:16Z,,2910.84,2910.84,4,RAMADAN-BUNDLE,pending_hold
322128,1993,2026-04-26T06:09:21Z,,1244.82,,5,WINTER-FLYER,paid
322130,1994,2026-04-04T15:56:47Z,,6389.8,,13,WINTER-FLYER,canceled
322133,2000,2026-04-18T11:49:36Z,,2034.55,,6,NONE,paid
322135,2003,2026-04-09T14:38:26Z,,1024.05,1024.05,5,WINTER-FLYER,canceled
322137,2005,2026-04-20T09:34:32Z,,1190.74,,3,NONE,canceled
322145,2013,2026-04-21T11:17:24Z,,2194.4,,6,LUX-R6,paid
322147,2023,2026-04-24T06:53:52Z,,3753.9,3753.90,9,RAMADAN-BUNDLE,pending_hold
322151,2025,2026-04-01T11:56:32Z,,3690.75,,6,LUX-R6,paid
322156,2028,2026-04-17T11:13:08Z,,2025.25,,6,LUX-R6,paid
322165,2038,2026-04-04T15:14:14Z,,3112.22,,4,NONE,shipped
322169,2041,2026-04-01T11:52:17Z,,5023.53,,6,WINTER-FLYER,paid
322174,2053,2026-04-15T08:21:34Z,,3695.41,,10,NONE,paid
322181,2061,2026-04-23T06:09:42Z,,5850.22,5850.22,11,WINTER-FLYER,paid
322182,2061,2026-04-20T09:10:01Z,,1894.71,,5,,paid
322186,2068,2026-04-22T14:28:59Z,,5242.2,5242.20,12,NONE,paid
322188,2072,2026-04-11T08:01:37Z,,1429.88,,6,NONE,paid
322189,2072,2026-04-08T08:36:04Z,,3035.6,,7,NONE,shipped
322190,2073,2026-04-05T06:22:34Z,,4329.25,4329.25,8,RAMADAN-BUNDLE,paid
322192,2074,2026-04-03T11:28:20Z,,1274.58,1274.58,10,LUX-R6,paid
322198,2084,2026-04-17T11:37:18Z,,2305.87,,4,NONE,paid
322200,2089,2026-04-17T10:09:33Z,,3710.44,,6,,paid
322201,2089,2026-04-08T11:12:31Z,,2905.65,2905.65,7,RAMADAN-BUNDLE,canceled
322202,2091,2026-04-03T11:02:47Z,,3057.85,3057.85,9,LUX-R6,paid
322210,2094,2026-04-02T16:20:29Z,,1746.5,1746.50,5,NONE,canceled
322213,2094,2026-04-16T09:31:12Z,,2500.88,,4,NONE,shipped
322218,2107,2026-04-23T11:04:50Z,,2623.4,,8,WINTER-FLYER,pending_hold
322225,2123,2026-04-17T09:09:44Z,,2973.65,,8,NONE,paid
322229,2126,2026-04-03T13:39:04Z,,1601.08,1601.08,5,LUX-R6,paid
322230,2126,2026-04-24T13:34:14Z,,3129.21,,5,WINTER-FLYER,paid
322236,2133,2026/04/24 14:58,,2473.12,2473.12,6,,paid
322241,2138,2026-04-14T09:12:35Z,,3503.64,3503.64,12,NONE,shipped
322243,2140,2026-04-01T06:59:57Z,,3384.56,3384.56,6,LUX-R6,paid
322250,2152,2026-04-14T12:10:04Z,,1421.12,1421.12,4,NONE,pending_hold
322253,2153,2026-04-18T10:54:32Z,,3719.79,,8,NONE,canceled
322254,2155,2026-04-12T10:10:23Z,,1804.28,1804.28,6,RAMADAN-BUNDLE,paid
322257,2157,2026-04-26T07:02:53Z,,3499.56,,6,,pending_hold
322259,2157,2026-04-08T14:28:42Z,,2355.91,,4,LUX-R6,paid
322272,2173,2026-04-04T10:24:29Z,,356.59,,4,WINTER-FLYER,shipped
322278,2183,2026-04-23T13:59:45Z,,3182.26,3182.26,9,,paid
322283,2185,2026-04-28T06:04:09Z,,2033.78,2033.78,4,NONE,paid
322284,2185,2026-04-16T12:09:40Z,,1980.42,1980.42,4,,pending_hold
322293,2192,2026-04-05T06:34:43Z,,4038.69,4038.69,12,RAMADAN-BUNDLE,shipped
322298,2200,2026-04-08T13:34:03Z,,3702.99,3702.99,7,WINTER-FLYER,pending_hold
322299,2201,2026-04-25T10:12:13Z,,2526.43,2526.43,4,LUX-R6,canceled
322302,2204,2026-04-28T10:25:44Z,,2136.8,,8,NONE,shipped
322306,2215,2026-04-09T12:11:00Z,,2601.22,,7,LUX-R6,paid
322311,2221,2026-04-23T10:54:19Z,,4216.15,,8,LUX-R6,paid
322312,2221,2026-04-16T07:14:19Z,,2953.83,2953.83,4,NONE,paid
322321,2232,2026-04-04T06:25:03Z,,4495.15,,10,LUX-R6,paid
322322,2233,2026-04-18T14:27:00Z,,3862.29,,6,RAMADAN-BUNDLE,paid
322326,2235,2026-04-20T11:31:34Z,,4010.56,4010.56,6,WINTER-FLYER,pending_hold
322327,2236,2026-04-02T11:46:39Z,,796.56,,3,WINTER-FLYER,canceled
322329,2236,2026-04-19T11:04:24Z,,831.96,831.96,6,LUX-R6,pending_hold
322333,2242,2026-04-12T14:40:13Z,,3758.65,3758.65,8,NONE,shipped
322334,2245,2026-04-16T10:51:51Z,,3047.17,3047.17,6,WINTER-FLYER,shipped
322335,2249,2026-04-16T12:14:34Z,,4889.18,,7,,paid
322338,2251,2026/04/15 14:41,,474.52,,2,NONE,paid
322342,2254,2026/04/06 11:26,,10271.85,,14,LUX-R6,shipped
322345,2255,2026-04-13T09:52:39Z,,3942.54,,8,LUX-R6,canceled
322346,2256,2026-04-08T07:50:46Z,,2191.53,2191.53,2,LUX-R6,pending_hold
322349,2259,2026-04-26T11:55:06Z,,3742.44,,9,,paid
322360,2272,2026-04-11T07:00:35Z,,3162.9,,8,NONE,canceled
322362,2272,2026-04-19T10:01:57Z,,2202.82,2202.82,4,NONE,paid
322363,2272,2026-04-10T08:50:23Z,,1635.75,1635.75,5,,shipped
322369,2279,2026-04-10T12:49:12Z,,3071.38,3071.38,7,WINTER-FLYER,paid
322371,2279,2026-04-12T10:45:06Z,,1930.68,,8,,paid
322372,2279,2026-04-10T14:59:20Z,,6088.54,6088.54,12,NONE,paid
322376,2287,2026-04-07T09:13:33Z,,4172.21,4172.21,13,LUX-R6,paid
322378,2290,2026-04-11T12:40:15Z,,4287.15,,6,,paid
322379,2290,2026-04-13T07:25:15Z,,1793.97,1793.97,3,NONE,paid
322380,2292,2026-04-22T08:47:06Z,,4739.57,4739.57,8,NONE,shipped
322394,2317,2026-04-24T06:20:31Z,,2918.74,,7,WINTER-FLYER,canceled
322396,2317,2026-04-07T10:56:13Z,,66.82,,2,LUX-R6,paid
322401,2323,2026-04-27T08:55:21Z,,3088.27,,5,RAMADAN-BUNDLE,paid
322404,2332,2026-04-14T11:08:11Z,,12341.73,,11,NONE,canceled
322405,2332,2026/04/24 15:51,,4523.76,,8,RAMADAN-BUNDLE,paid
322411,2337,2026-04-01T10:13:08Z,,4436.99,4436.99,8,LUX-R6,paid
322416,2347,2026-04-15T09:12:03Z,,1413.06,,7,NONE,paid
322417,2347,2026-04-24T06:00:27Z,,3648.98,,7,LUX-R6,paid
322419,2350,2026-04-07T15:17:43Z,,6140.33,,10,LUX-R6,pending_hold
322420,2352,2026/04/25 09:09,,3046.25,,4,NONE,paid
322423,2354,2026-04-12T15:11:25Z,,3456.19,3456.19,10,RAMADAN-BUNDLE,paid
322424,2354,2026-04-22T12:08:22Z,,2583.51,2583.51,6,NONE,paid
322427,2358,2026-04-16T11:13:59Z,,4141.71,4141.71,7,WINTER-FLYER,paid
322429,2358,2026-04-27T06:32:37Z,,1437.05,,4,WINTER-FLYER,paid
322432,2360,2026-04-28T11:54:42Z,,804.62,804.62,5,NONE,shipped
322434,2361,2026-04-09T12:44:00Z,,4636.77,,6,NONE,paid
322437,2364,2026-04-24T16:59:05Z,,4440.62,4440.62,9,LUX-R6,paid
322442,2371,2026-04-09T06:21:28Z,,2898.37,2898.37,9,NONE,paid
322445,2375,2026-04-05T11:00:05Z,,3572.99,,10,LUX-R6,paid
322446,2376,2026-04-18T13:13:18Z,,5188.82,5188.82,8,NONE,paid
322448,2383,2026-04-03T11:03:06Z,,3259.22,,9,NONE,paid
322449,2389,2026-04-08T07:38:51Z,,1893.02,,6,NONE,pending_hold
322450,2389,2026/04/17 09:42,,5600.75,,10,NONE,paid
322456,2393,2026-04-23T09:13:22Z,,4487.62,,6,,paid
322465,2405,2026-04-16T15:11:25Z,,1337.04,1337.04,2,LUX-R6,paid
322469,2407,2026-04-28T11:41:21Z,,4674.9,4674.90,8,NONE,paid
322477,2414,2026-04-12T16:14:27Z,,1184.74,,3,LUX-R6,shipped
322480,2416,2026-04-13T12:40:25Z,,4688.11,4688.11,9,NONE,paid
322481,2416,2026-04-08T10:37:45Z,,4997.75,,8,NONE,paid
322482,2417,2026-04-05T09:24:20Z,,851.03,,3,RAMADAN-BUNDLE,paid
322491,2430,2026-04-16T10:02:35Z,,1559.16,,2,,paid
322492,2430,2026-04-22T07:22:27Z,,3745.09,,6,RAMADAN-BUNDLE,paid
322500,2439,2026-04-05T08:49:59Z,,3273.74,3273.74,5,RAMADAN-BUNDLE,paid
322502,2443,2026-04-14T11:38:45Z,,4794.54,4794.54,6,NONE,pending_hold
322511,2459,2026-04-28T10:29:56Z,,2959.77,,5,LUX-R6,shipped
322512,2459,2026-04-07T12:20:01Z,,2368.49,2368.49,7,RAMADAN-BUNDLE,shipped
322516,2460,2026-04-05T10:11:03Z,,1853.2,,5,WINTER-FLYER,paid
322519,2462,2026-04-05T06:45:51Z,,1299.53,,2,RAMADAN-BUNDLE,shipped
322530,2478,2026-04-06T06:17:07Z,,7754.09,7754.09,15,RAMADAN-BUNDLE,shipped
322534,2489,2026-04-13T10:54:10Z,,1763.14,,4,NONE,shipped
322535,2490,2026-04-17T09:11:13Z,,1357.48,,6,RAMADAN-BUNDLE,pending_hold
322536,2492,2026-04-26T09:16:10Z,,3912.46,3912.46,7,RAMADAN-BUNDLE,paid
322539,2496,2026-04-18T10:59:39Z,,4076.58,,6,WINTER-FLYER,shipped
322544,2498,2026-04-06T11:45:02Z,,3406.89,,5,RAMADAN-BUNDLE,paid
322548,2501,2026-04-19T12:43:46Z,,1350.12,,7,NONE,canceled
322550,2503,2026-04-13T13:24:10Z,,8486.91,8486.91,15,LUX-R6,paid
322556,2506,2026-04-15T11:39:54Z,,4938.33,,10,NONE,paid
322559,2507,2026-04-13T06:33:26Z,,2878.31,2878.31,7,LUX-R6,canceled
322560,2508,2026-04-03T13:01:04Z,,1987.65,1987.65,2,NONE,paid
322567,2518,2026-04-03T10:41:41Z,,3802.15,,10,RAMADAN-BUNDLE,canceled
322571,2520,2026-04-19T07:57:50Z,,1149.4,1149.40,2,,shipped
322574,2521,2026-04-06T06:46:11Z,,4677.08,,10,NONE,shipped
322575,2521,2026-04-28T11:29:10Z,,3172.19,3172.19,6,RAMADAN-BUNDLE,pending_hold
322576,2522,2026-04-03T10:35:51Z,,1641.43,1641.43,2,WINTER-FLYER,paid
322581,2524,2026-04-15T09:46:25Z,,3584.58,3584.58,5,WINTER-FLYER,pending_hold
322587,2535,2026-04-01T10:15:31Z,,2478.51,2478.51,11,RAMADAN-BUNDLE,paid
322590,2541,2026-04-18T12:06:11Z,,4959.71,4959.71,6,WINTER-FLYER,paid
322593,2547,2026-04-13T10:59:09Z,,3016.68,3016.68,6,LUX-R6,paid
322595,2550,2026-04-19T11:14:59Z,,9077.35,,12,NONE,paid
322596,2550,2026-04-01T10:18:34Z,,1916.8,1916.80,3,NONE,paid
322599,2553,2026-04-09T08:32:32Z,,7425.47,,9,NONE,paid
322603,2559,2026-04-08T08:41:58Z,,7291.25,,12,LUX-R6,paid
322604,2563,2026-04-01T09:03:44Z,,3047.85,3047.85,10,,canceled
322607,2566,2026-04-26T08:41:06Z,,4682.23,,11,,shipped
322608,2567,2026-04-08T09:41:05Z,,5602.86,5602.86,6,LUX-R6,paid
322611,2567,2026-04-12T12:16:36Z,,1512.62,1512.62,6,,canceled
322612,2567,2026-04-17T12:14:51Z,,3997.76,,13,WINTER-FLYER,paid
322620,2575,2026-04-17T12:37:01Z,,2617.67,,8,LUX-R6,paid
322621,2579,2026-04-24T09:44:22Z,,2340.11,2340.11,3,LUX-R6,shipped
322625,2580,2026/04/25 13:48,,4886.51,,7,NONE,paid
322626,2582,2026-04-20T11:34:08Z,,2786.49,,5,NONE,pending_hold
322627,2582,2026-04-05T14:56:15Z,,4017.06,,6,RAMADAN-BUNDLE,paid
322630,2586,2026-04-25T12:04:35Z,,1222.16,,7,NONE,canceled
322633,2590,2026-04-10T10:38:40Z,,5259.87,,11,LUX-R6,canceled
322644,2599,2026-04-19T13:31:10Z,,6080.87,,7,NONE,pending_hold
322645,2599,2026-04-05T15:45:37Z,,3235.53,,8,NONE,paid
322649,2603,2026-04-14T08:05:18Z,,3122.55,3122.55,4,RAMADAN-BUNDLE,pending_hold
322650,2603,2026-04-22T06:32:00Z,,1181.47,1181.47,5,,shipped
322654,2607,2026-04-28T06:52:24Z,,1918.57,,4,,paid
322658,2609,2026-04-11T08:51:11Z,,1226.69,1226.69,8,RAMADAN-BUNDLE,paid
322659,2609,2026-04-02T12:49:32Z,,4341.68,,5,RAMADAN-BUNDLE,pending_hold
322665,2614,2026-04-01T09:16:40Z,,4174.81,,7,NONE,canceled
322669,2618,2026-04-23T14:31:04Z,,6074.34,,8,NONE,shipped
322672,2620,2026/04/21 12:42,,5395.26,,11,WINTER-FLYER,paid
322673,2622,2026-04-06T13:48:03Z,,1698.73,,4,LUX-R6,paid
322675,2625,2026-04-21T06:06:17Z,,2491.55,,5,RAMADAN-BUNDLE,paid
322680,2633,2026-04-28T13:34:42Z,,5939.91,5939.91,9,RAMADAN-BUNDLE,paid
322681,2633,2026-04-23T12:34:26Z,,6013.96,6013.96,9,,paid
322683,2640,2026-04-14T11:00:25Z,,1793.6,1793.60,6,,paid
322684,2644,2026/04/20 08:49,,8057.38,,11,LUX-R6,pending_hold
322685,2645,2026-04-11T06:37:43Z,,8324.69,8324.69,15,WINTER-FLYER,shipped
322687,2645,2026-04-27T11:42:30Z,,2519.8,,4,,paid
322688,2647,2026-04-16T10:03:17Z,,658.67,,3,NONE,paid
322691,2650,2026-04-02T11:48:09Z,,4623.2,4623.20,9,NONE,paid
322695,2654,2026-04-12T09:29:00Z,,4212.25,4212.25,10,LUX-R6,paid
322698,2657,2026-04-05T10:02:05Z,,5597.97,,9,LUX-R6,shipped
322701,2661,2026-04-19T09:38:51Z,,3274.02,,6,,canceled
322706,2666,2026-04-17T08:19:31Z,,6977.68,,11,WINTER-FLYER,pending_hold
322709,2676,2026/04/08 08:18,,2798.28,2798.28,8,NONE,pending_hold
322719,2699,2026-04-17T13:23:44Z,,2187.8,,2,,pending_hold
322721,2700,2026/04/06 14:20,,2978.32,2978.32,10,NONE,pending_hold
322726,2707,2026-04-09T06:35:08Z,,5437.9,,11,RAMADAN-BUNDLE,paid
322728,2709,2026-04-21T10:39:12Z,,1064.05,1064.05,3,LUX-R6,shipped
322729,2709,2026-04-05T08:52:38Z,,3260.54,,7,,pending_hold
322732,2714,2026-04-19T06:42:20Z,,2756.71,,5,NONE,paid
322733,2715,2026-04-16T09:31:59Z,,4430.54,4430.54,5,NONE,paid
322734,2716,2026-04-16T12:17:29Z,,1095.65,,5,RAMADAN-BUNDLE,shipped
322737,2719,2026-04-28T06:52:32Z,,4971.64,4971.64,8,RAMADAN-BUNDLE,shipped
322739,2720,2026-04-24T14:49:16Z,,1624.41,1624.41,7,LUX-R6,pending_hold
322742,2726,2026-04-03T14:35:28Z,,1765.15,1765.15,5,,paid
322743,2726,2026-04-21T08:24:30Z,,4227.78,,8,NONE,shipped
322749,2733,2026/04/07 08:39,,2371.82,,9,NONE,shipped
322752,2736,2026-04-28T14:52:31Z,,3045.68,,6,,paid
322754,2739,2026-04-22T10:02:02Z,,1445.26,,4,WINTER-FLYER,shipped
322759,2742,2026/04/15 19:51,,1452.43,,3,RAMADAN-BUNDLE,canceled
322763,2746,2026-04-27T09:46:28Z,,1758.4,1758.40,4,LUX-R6,paid
322768,2751,2026-04-11T10:13:52Z,,3998.48,,9,NONE,paid
322769,2752,2026-04-18T09:35:07Z,,6975.94,,9,,paid
322771,2755,2026-04-16T10:14:29Z,,3841.78,,10,RAMADAN-BUNDLE,paid
322774,2758,2026/04/12 11:23,,1187.94,,5,NONE,shipped
322776,2763,2026-04-22T14:10:36Z,,1942.37,1942.37,3,LUX-R6,paid
322777,2763,2026-04-03T12:31:29Z,,3954.42,,4,,canceled
322780,2765,2026-04-21T12:26:11Z,,1403.8,1403.80,3,,canceled
322784,2771,2026-04-01T10:21:03Z,,3092.25,3092.25,7,WINTER-FLYER,pending_hold
322790,2784,2026-04-15T13:06:12Z,,2658.72,,6,,paid
322791,2784,2026-04-25T13:49:10Z,,983.51,983.51,2,RAMADAN-BUNDLE,shipped
322792,2787,2026-04-17T15:27:29Z,,2646.97,,11,RAMADAN-BUNDLE,canceled
322794,2790,2026-04-17T16:02:12Z,,3090.21,,8,LUX-R6,paid
322797,2794,2026-04-02T09:38:51Z,,2935.3,,5,WINTER-FLYER,pending_hold
322798,2795,2026-04-22T09:16:43Z,,2999.9,,9,,shipped
322800,2797,2026-04-27T06:22:13Z,,2122.21,2122.21,3,WINTER-FLYER,paid
322802,2797,2026-04-18T13:28:59Z,,918.66,918.66,5,RAMADAN-BUNDLE,paid
322805,2804,2026-04-09T13:57:31Z,,6879.7,6879.70,15,NONE,paid
322807,2805,2026-04-18T11:06:58Z,,3825.75,,11,LUX-R6,shipped
322811,2810,2026-04-18T12:48:55Z,,2935.56,,5,,shipped
322815,2812,2026-04-02T07:56:47Z,,1695.41,,6,,shipped
322819,2815,2026-04-13T06:07:43Z,,711.13,711.13,4,WINTER-FLYER,paid
322826,1007,2026-05-15T12:16:38Z,,4186.01,4186.01,10,WINTER-FLYER,paid
322833,1017,2026-05-14T10:16:47Z,,7000.39,7000.39,11,RAMADAN-BUNDLE,pending_hold
322837,1020,2026-05-28T11:33:14Z,,7387.79,,15,NONE,paid
322839,1022,2026-05-05T13:39:52Z,,7762.49,,14,,paid
322841,1026,2026-05-18T07:23:34Z,,1848.93,,3,NONE,canceled
322843,1028,2026/05/14 16:12,,2183.12,,4,RAMADAN-BUNDLE,canceled
322848,1032,2026-05-04T08:30:45Z,,1599.75,1599.75,5,RAMADAN-BUNDLE,paid
322850,1032,2026-05-18T10:49:09Z,,3608.93,3608.93,7,WINTER-FLYER,canceled
322851,1034,2026-05-19T10:32:51Z,,6265.63,,14,NONE,paid
322853,1035,2026-05-09T06:20:38Z,,3297.05,,7,NONE,paid
322854,1035,2026-05-02T09:55:42Z,,4779.45,4779.45,11,,pending_hold
322857,1039,2026-05-26T09:29:45Z,,4169.53,,5,LUX-R6,paid
322860,1049,2026-05-11T07:48:17Z,,2123.93,2123.93,7,WINTER-FLYER,shipped
322862,1049,2026-05-01T11:03:50Z,,3090.87,,13,LUX-R6,paid
322869,1066,2026-05-24T15:03:38Z,,2439.92,,6,LUX-R6,paid
322870,1067,2026-05-14T06:04:25Z,,1500.4,,2,LUX-R6,shipped
322873,1074,2026-05-21T13:03:11Z,,3621.29,3621.29,5,LUX-R6,pending_hold
322880,1083,2026-05-07T08:43:14Z,,2131.19,,6,RAMADAN-BUNDLE,paid
322883,1088,2026-05-18T13:39:37Z,,6141.61,,12,NONE,pending_hold
322893,1098,2026-05-28T15:45:37Z,,4272.87,4272.87,6,WINTER-FLYER,paid
322894,1098,2026-05-28T13:41:15Z,,2656.96,,4,NONE,canceled
322895,1098,2026-05-01T09:18:59Z,,3125.21,3125.21,6,RAMADAN-BUNDLE,pending_hold
322896,1098,2026-05-10T08:46:02Z,,2012.07,2012.07,5,NONE,paid
322908,1109,2026-05-21T14:22:46Z,,2590.68,,8,,paid
322909,1109,2026-05-16T16:34:41Z,,4729.96,4729.96,15,LUX-R6,paid
322920,1119,2026-05-19T08:40:37Z,,7606.05,7606.05,11,NONE,paid
322923,1128,2026/05/18 16:08,,5017.24,5017.24,8,NONE,canceled
322925,1138,2026-05-26T11:36:03Z,,6004.49,,10,NONE,shipped
322935,1156,2026-05-20T13:09:33Z,,2693.32,,3,NONE,paid
322939,1159,2026-05-27T07:02:05Z,,3782.5,3782.50,5,,shipped
322942,1165,2026-05-28T09:16:36Z,,2171.53,2171.53,7,NONE,paid
322944,1175,2026-05-12T10:19:14Z,,2722.36,,5,NONE,pending_hold
322946,1176,2026-05-11T14:58:51Z,,1599.31,,5,NONE,paid
322950,1179,2026-05-03T06:31:21Z,,3350.67,3350.67,7,,pending_hold
322953,1181,2026-05-23T12:09:22Z,,1699.74,,4,RAMADAN-BUNDLE,shipped
322960,1188,2026-05-20T08:33:45Z,,5062.54,,8,NONE,paid
322967,1196,2026-05-04T10:17:50Z,,2991.94,2991.94,7,RAMADAN-BUNDLE,paid
322971,1199,2026-05-21T17:02:32Z,,3189.81,,3,RAMADAN-BUNDLE,paid
322974,1200,2026-05-01T10:35:42Z,,801.46,,3,,paid
322978,1201,2026-05-05T14:26:28Z,,790.4,,4,RAMADAN-BUNDLE,paid
322979,1202,2026-05-27T13:04:39Z,,2888.11,,6,NONE,pending_hold
322980,1204,2026-05-28T07:45:38Z,,3322.33,,4,NONE,paid
322983,1206,2026-05-24T14:42:24Z,,10994.25,,11,NONE,pending_hold
322986,1209,2026-05-10T09:39:54Z,,1207.74,,3,,paid
322995,1220,2026-05-13T10:59:33Z,,4263.62,4263.62,5,NONE,paid
322996,1220,2026-05-15T06:52:56Z,,1184.93,,3,LUX-R6,canceled
323001,1223,2026-05-04T13:47:32Z,,2957.76,,5,NONE,paid
323003,1224,2026-05-26T06:43:25Z,,4726.96,4726.96,15,NONE,paid
323007,1228,2026-05-14T06:12:25Z,,714.52,714.52,4,NONE,paid
323011,1229,2026-05-14T15:20:49Z,,2031.21,2031.21,7,LUX-R6,paid
323017,1233,2026-05-06T11:36:26Z,,4364.28,,9,LUX-R6,canceled
323019,1233,2026-05-25T12:43:30Z,,4346.58,4346.58,8,,pending_hold
323023,1238,2026-05-24T06:02:00Z,,2286.07,,5,,shipped
323025,1239,2026-05-17T09:50:32Z,,2642.27,2642.27,5,NONE,paid
323026,1239,2026-05-11T10:53:32Z,,648.78,,2,NONE,paid
323030,1243,2026-05-16T06:13:57Z,,2505.15,,11,NONE,paid
323033,1244,2026-05-27T11:57:20Z,,3788.71,,10,RAMADAN-BUNDLE,paid
323037,1249,2026-05-12T07:36:41Z,,1507.73,1507.73,5,NONE,shipped
323039,1253,2026-05-09T10:56:57Z,,5101.84,,12,NONE,paid
323040,1256,2026-05-27T10:08:13Z,,5076.87,5076.87,6,,paid
323042,1263,2026-05-19T13:24:31Z,,2363.37,,5,NONE,shipped
323043,1263,2026/05/16 14:05,,5402.84,5402.84,8,WINTER-FLYER,shipped
323045,1267,2026-05-08T07:50:19Z,,5563.93,,11,WINTER-FLYER,paid
323047,1271,2026-05-13T12:00:57Z,,4620.54,,6,WINTER-FLYER,paid
323048,1271,2026-05-13T11:44:14Z,,4535.88,,10,LUX-R6,paid
323051,1275,2026-05-08T10:37:59Z,,2789.6,,6,LUX-R6,canceled
323056,1276,2026-05-19T13:35:36Z,,5440.29,5440.29,6,NONE,shipped
323059,1281,2026-05-26T11:38:50Z,,5345.65,5345.65,15,NONE,canceled
323064,1291,2026/05/05 14:21,,2030.81,,8,NONE,pending_hold
323065,1292,2026-05-28T13:28:15Z,,2171.13,2171.13,4,,canceled
323072,1296,2026-05-19T11:22:26Z,,2743.12,2743.12,7,,canceled
323073,1297,2026-05-23T09:17:37Z,,6751.68,,12,LUX-R6,shipped
323076,1298,2026-05-26T11:57:00Z,,8320.04,8320.04,10,NONE,pending_hold
323080,1299,2026-05-14T12:37:00Z,,5399.9,,9,NONE,paid
323081,1299,2026-05-05T08:44:30Z,,4496.12,4496.12,8,NONE,canceled
323083,1300,2026-05-05T06:26:41Z,,1995.78,,6,NONE,pending_hold
323084,1304,2026-05-26T07:49:19Z,,5795.2,,4,NONE,paid
323087,1305,2026-05-13T12:35:34Z,,3771.87,3771.87,9,LUX-R6,paid
323097,1322,2026-05-03T10:03:31Z,,3671.37,3671.37,8,NONE,pending_hold
323099,1325,2026-05-23T16:01:44Z,,2815.32,2815.32,6,LUX-R6,paid
323100,1328,2026-05-04T15:24:34Z,,3339.07,3339.07,10,LUX-R6,paid
323101,1328,2026-05-09T10:19:29Z,,2251.01,,4,,paid
323112,1342,2026-05-19T09:06:03Z,,4678.34,,6,NONE,shipped
323128,1358,2026-05-18T08:26:05Z,,5356.72,5356.72,7,WINTER-FLYER,paid
323130,1359,2026-05-10T15:12:48Z,,4708.63,4708.63,6,LUX-R6,canceled
323133,1369,2026-05-16T08:09:29Z,,3252.48,3252.48,7,,canceled
323138,1373,2026/05/24 14:41,,822.06,,2,,paid
323142,1375,2026-05-07T06:08:45Z,,603.61,,4,LUX-R6,canceled
323143,1375,2026-05-28T11:21:36Z,,2212.88,2212.88,3,WINTER-FLYER,canceled
323146,1380,2026-05-26T12:12:03Z,,6668.39,6668.39,7,WINTER-FLYER,pending_hold
323153,1382,2026-05-07T09:14:43Z,,3777.58,,5,LUX-R6,pending_hold
323163,1388,2026-05-16T13:11:32Z,,9169.96,,9,NONE,paid
323167,1391,2026-05-04T13:02:11Z,,1822.54,,4,RAMADAN-BUNDLE,canceled
323172,1393,2026-05-27T12:26:20Z,,3318.11,,12,RAMADAN-BUNDLE,shipped
323175,1399,2026-05-11T09:03:55Z,,3395.14,,10,WINTER-FLYER,paid
323180,1407,2026-05-11T11:19:47Z,,7535.57,,7,,canceled
323184,1413,2026-05-19T09:39:01Z,,1917.32,1917.32,7,LUX-R6,paid
323187,1415,2026-05-27T08:42:56Z,,5385.75,5385.75,6,WINTER-FLYER,paid
323189,1418,2026-05-13T13:39:12Z,,7157.44,7157.44,10,,pending_hold
323193,1421,2026-05-13T11:10:22Z,,3075.34,,5,LUX-R6,paid
323194,1421,2026-05-11T08:22:01Z,,2862.94,2862.94,7,NONE,paid
323202,1433,2026-05-02T09:28:32Z,,999.41,999.41,4,RAMADAN-BUNDLE,paid
323208,1441,2026-05-23T06:04:39Z,,1947.8,,6,WINTER-FLYER,paid
323210,1443,2026-05-13T12:36:40Z,,2098.64,,4,NONE,paid
323218,1450,2026-05-10T11:48:40Z,,583.46,583.46,2,,paid
323220,1452,2026-05-08T08:05:38Z,,3482.06,,8,,canceled
323222,1456,2026/05/12 10:33,,8457.6,8457.60,12,RAMADAN-BUNDLE,shipped
323227,1460,2026/05/17 12:56,,5481.9,5481.90,6,LUX-R6,paid
323230,1460,2026-05-08T07:13:25Z,,2204.75,,5,,canceled
323232,1461,2026-05-09T09:52:03Z,,1972.95,,4,NONE,pending_hold
323234,1464,2026-05-23T06:24:18Z,,3992.46,,7,,paid
323236,1465,2026-05-22T07:20:30Z,,4286.38,,10,NONE,shipped
323238,1467,2026-05-14T06:50:47Z,,6362.32,,15,NONE,pending_hold
323241,1473,2026-05-10T13:48:50Z,,2496.93,2496.93,5,,pending_hold
323242,1476,2026-05-12T11:54:12Z,,597.01,597.01,2,RAMADAN-BUNDLE,shipped
323244,1478,2026-05-05T07:10:58Z,,5606.94,,13,LUX-R6,canceled
323246,1482,2026-05-20T06:13:01Z,,7414.5,7414.50,10,NONE,paid
323249,1484,2026-05-24T12:43:31Z,,5440.49,,9,RAMADAN-BUNDLE,shipped
323250,1485,2026-05-18T12:55:06Z,,1236.61,,5,NONE,pending_hold
323254,1492,2026-05-03T09:29:15Z,,6075.08,6075.08,9,NONE,shipped
323258,1497,2026-05-24T11:24:49Z,,2898.08,,8,NONE,paid
323262,1501,2026-05-06T13:46:25Z,,5271.36,5271.36,9,,pending_hold
323270,1508,2026-05-24T10:52:03Z,,5220.15,,10,RAMADAN-BUNDLE,paid
323272,1510,2026-05-25T06:40:54Z,,4839.38,4839.38,7,,shipped
323276,1517,2026-05-06T13:21:25Z,,2604.75,,5,LUX-R6,shipped
323286,1535,2026-05-03T06:48:53Z,,6300.26,6300.26,13,LUX-R6,paid
323287,1537,2026-05-13T09:25:12Z,,3504.51,3504.51,5,RAMADAN-BUNDLE,canceled
323288,1538,2026-05-12T06:53:44Z,,2808.76,,7,NONE,canceled
323290,1541,2026-05-10T08:48:02Z,,1321.39,1321.39,5,NONE,shipped
323297,1544,2026-05-28T12:18:13Z,,1253.92,,7,NONE,pending_hold
323303,1551,2026-05-15T11:55:37Z,,6049.11,,13,WINTER-FLYER,paid
323307,1554,2026-05-11T07:15:26Z,,1701.68,,7,WINTER-FLYER,shipped
323313,1560,2026-05-23T11:09:46Z,,3050.76,3050.76,8,,paid
323315,1564,2026-05-24T10:55:38Z,,3982.71,,10,NONE,shipped
323318,1566,2026-05-28T09:41:34Z,,3041.4,,5,,pending_hold
323323,1570,2026/05/23 14:24,,4046.67,,7,,canceled
323326,1572,2026/05/01 17:50,,4552.17,4552.17,11,NONE,shipped
323329,1574,2026/05/18 13:58,,2094.07,2094.07,3,LUX-R6,paid
323332,1578,2026-05-17T08:44:53Z,,4006.54,,7,,paid
323336,1582,2026-05-16T09:02:54Z,,4373.2,,12,,paid
323339,1586,2026-05-28T11:37:17Z,,4755.85,4755.85,15,WINTER-FLYER,paid
323341,1588,2026-05-19T06:48:08Z,,1969.32,1969.32,4,NONE,pending_hold
323347,1599,2026-05-06T13:50:50Z,,2133.77,,9,NONE,shipped
323348,1599,2026-05-23T14:52:12Z,,3144.42,,6,,pending_hold
323349,1600,2026-05-23T12:22:21Z,,3373.11,,2,LUX-R6,paid
323352,1601,2026-05-11T12:53:00Z,,4265.22,,7,WINTER-FLYER,canceled
323353,1601,2026-05-24T12:14:16Z,,2957.23,,8,NONE,paid
323366,1620,2026-05-04T06:35:51Z,,5060.86,5060.86,14,NONE,paid
323368,1625,2026-05-21T06:05:40Z,,3287.41,,11,LUX-R6,paid
323370,1625,2026-05-15T13:39:05Z,,698.26,,6,LUX-R6,canceled
323373,1631,2026/05/24 11:45,,2812.63,2812.63,8,RAMADAN-BUNDLE,shipped
323380,1633,2026-05-22T08:39:58Z,,2055.67,,3,NONE,paid
323388,1644,2026-05-21T10:59:18Z,,2453.64,,8,RAMADAN-BUNDLE,canceled
323390,1646,2026-05-21T09:48:11Z,,4096.93,,4,NONE,paid
323392,1648,2026-05-11T08:38:04Z,,3436.75,,7,WINTER-FLYER,paid
323398,1654,2026-05-01T09:20:14Z,,6367.06,6367.06,9,NONE,pending_hold
323402,1659,2026-05-26T14:13:07Z,,2964.38,2964.38,7,,paid
323404,1663,2026-05-02T06:15:02Z,,7115.5,,10,NONE,shipped
323405,1664,2026-05-08T12:28:55Z,,6995.75,,12,NONE,canceled
323407,1671,2026-05-01T06:09:01Z,,6627.29,6627.29,11,NONE,paid
323409,1671,2026-05-08T09:24:37Z,,1361.63,,5,,shipped
323416,1683,2026-05-10T13:49:45Z,,2356.22,,2,RAMADAN-BUNDLE,shipped
323418,1684,2026-05-16T12:12:06Z,,7820.51,,7,RAMADAN-BUNDLE,canceled
323420,1686,2026-05-21T13:06:26Z,,7786.9,,15,RAMADAN-BUNDLE,canceled
323421,1687,2026-05-03T09:34:05Z,,3588.27,,5,WINTER-FLYER,paid
323425,1692,2026-05-07T06:48:42Z,,2948.52,2948.52,6,NONE,paid
323426,1692,2026-05-26T09:04:03Z,,2143.75,,6,RAMADAN-BUNDLE,shipped
323432,1699,2026-05-22T11:49:25Z,,3001.22,3001.22,9,NONE,paid
323433,1699,2026-05-01T10:06:39Z,,1831.55,1831.55,3,WINTER-FLYER,paid
323434,1700,2026-05-03T11:32:02Z,,7690.48,,7,RAMADAN-BUNDLE,shipped
323436,1702,2026-05-16T11:56:44Z,,3628.33,,3,LUX-R6,canceled
323445,1713,2026-05-15T08:04:08Z,,3140.24,,5,LUX-R6,shipped
323446,1717,2026-05-13T09:56:10Z,,4560.81,,10,RAMADAN-BUNDLE,paid
323449,1720,2026-05-05T11:35:00Z,,3735.84,,6,LUX-R6,shipped
323451,1720,2026-05-03T13:40:28Z,,6095.49,6095.49,12,LUX-R6,shipped
323453,1723,2026-05-10T15:40:47Z,,6514.01,,12,NONE,canceled
323454,1727,2026-05-13T13:19:57Z,,3827.58,,8,NONE,paid
323455,1729,2026-05-16T12:01:41Z,,5141.15,,11,NONE,paid
323456,1729,2026-05-11T06:56:36Z,,2290.45,2290.45,6,WINTER-FLYER,paid
323457,1729,2026-05-14T10:16:25Z,,1026.03,,5,NONE,paid
323460,1732,2026-05-13T06:39:22Z,,6510.14,,9,,pending_hold
323464,1733,2026-05-28T13:12:47Z,,4834.17,,6,RAMADAN-BUNDLE,paid
323469,1744,2026-05-28T10:07:46Z,,2396.99,2396.99,4,NONE,paid
323470,1744,2026-05-01T06:10:24Z,,1546.62,,4,RAMADAN-BUNDLE,paid
323471,1745,2026/05/04 11:24,,4846.14,4846.14,6,LUX-R6,paid
323472,1749,2026-05-05T06:31:11Z,,2579.38,,5,NONE,canceled
323485,1769,2026-05-23T08:49:21Z,,1841.36,,4,,shipped
323496,1790,2026-05-25T11:24:24Z,,1244.0,1244.00,4,RAMADAN-BUNDLE,shipped
323502,1798,2026-05-17T11:14:55Z,,1928.06,,6,WINTER-FLYER,canceled
323506,1802,2026-05-23T09:38:01Z,,297.7,,2,WINTER-FLYER,pending_hold
323508,1808,2026-05-25T10:36:51Z,,8821.82,,8,LUX-R6,canceled
323510,1810,2026-05-03T08:32:12Z,,5226.39,5226.39,12,WINTER-FLYER,canceled
323512,1810,2026-05-12T08:12:19Z,,3079.7,,7,WINTER-FLYER,canceled
323513,1810,2026-05-20T13:53:41Z,,4201.59,,9,RAMADAN-BUNDLE,pending_hold
323515,1815,2026-05-21T10:05:02Z,,3419.29,3419.29,6,LUX-R6,shipped
323518,1816,2026-05-01T14:36:13Z,,2107.32,2107.32,7,,paid
323524,1827,2026-05-14T08:30:51Z,,1948.9,,5,LUX-R6,shipped
323526,1831,2026-05-15T06:45:01Z,,4467.21,,9,NONE,shipped
323532,1838,2026/05/01 15:15,,1895.52,1895.52,5,,paid
323533,1840,2026-05-06T12:00:37Z,,2197.34,,4,WINTER-FLYER,paid
323537,1850,2026-05-20T11:41:52Z,,2523.68,,5,RAMADAN-BUNDLE,paid
323540,1851,2026-05-24T11:24:26Z,,3550.8,3550.80,9,LUX-R6,canceled
323544,1857,2026-05-07T08:14:10Z,,7994.97,7994.97,14,,paid
323547,1859,2026-05-14T15:27:49Z,,412.31,,3,NONE,pending_hold
323549,1860,2026-05-06T13:19:09Z,,677.22,,3,NONE,paid
323550,1862,2026-05-10T08:18:29Z,,2927.7,,5,NONE,paid
323553,1864,2026-05-14T13:37:10Z,,3444.91,3444.91,8,NONE,paid
323557,1866,2026/05/18 16:00,,8996.42,8996.42,11,RAMADAN-BUNDLE,paid
323559,1871,2026-05-08T11:59:58Z,,3320.4,3320.40,8,WINTER-FLYER,shipped
323562,1877,2026-05-20T09:46:31Z,,2722.58,,9,,paid
323563,1878,2026-05-20T09:45:37Z,,190.99,190.99,3,NONE,pending_hold
323564,1879,2026-05-20T09:41:34Z,,2502.4,2502.40,4,LUX-R6,paid
323567,1881,2026/05/15 15:22,,15087.96,15087.96,15,RAMADAN-BUNDLE,paid
323568,1882,2026-05-18T13:27:47Z,,2002.54,,4,WINTER-FLYER,shipped
323570,1883,2026-05-10T06:47:45Z,,2229.43,,4,RAMADAN-BUNDLE,paid
323573,1890,2026-05-05T11:33:46Z,,4284.67,,10,LUX-R6,pending_hold
323574,1891,2026-05-07T09:32:14Z,,2717.94,,9,NONE,paid
323576,1892,2026/05/23 16:36,,5074.97,5074.97,10,NONE,paid
323582,1897,2026-05-19T13:13:36Z,,1600.56,1600.56,6,NONE,canceled
323586,1904,2026-05-24T10:44:30Z,,3790.81,3790.81,7,RAMADAN-BUNDLE,paid
323588,1906,2026-05-16T07:14:27Z,,2358.99,2358.99,5,NONE,shipped
323589,1907,2026-05-20T13:59:03Z,,3812.21,,12,,paid
323590,1907,2026-05-28T09:03:19Z,,6180.76,,9,,paid
323594,1914,2026-05-20T10:10:34Z,,5712.93,,8,WINTER-FLYER,paid
323600,1920,2026-05-08T14:24:23Z,,3074.77,,5,NONE,paid
323602,1921,2026-05-04T15:32:52Z,,3657.86,,13,WINTER-FLYER,canceled
323606,1928,2026-05-10T12:43:47Z,,1781.58,,4,LUX-R6,shipped
323610,1934,2026-05-13T13:16:12Z,,894.64,894.64,4,WINTER-FLYER,paid
323613,1936,2026-05-22T06:57:44Z,,2727.13,2727.13,11,NONE,paid
323616,1942,2026-05-25T12:14:50Z,,4670.35,4670.35,8,,paid
323617,1944,2026/05/23 08:31,,4789.38,,11,NONE,paid
323619,1945,2026-05-12T14:14:19Z,,2433.76,2433.76,8,LUX-R6,paid
323623,1949,2026-05-25T12:24:31Z,,942.75,942.75,2,RAMADAN-BUNDLE,paid
323625,1951,2026-05-11T06:44:45Z,,998.0,998.00,2,WINTER-FLYER,paid
323627,1953,2026-05-10T08:07:00Z,,5277.92,,11,WINTER-FLYER,shipped
323634,1959,2026-05-22T07:14:39Z,,2345.51,2345.51,4,LUX-R6,paid
323641,1962,2026-05-10T07:35:31Z,,2373.43,,7,LUX-R6,paid
323647,1970,2026-05-26T11:42:21Z,,4512.55,,8,LUX-R6,canceled
323648,1971,2026-05-04T12:29:12Z,,1963.59,1963.59,5,NONE,shipped
323651,1974,2026-05-26T10:06:15Z,,5032.49,,9,,canceled
323656,1985,2026-05-17T06:25:58Z,,3006.39,3006.39,4,NONE,paid
323657,1987,2026-05-03T11:07:53Z,,3098.28,,7,LUX-R6,pending_hold
323667,1993,2026-05-02T11:37:41Z,,2624.66,,5,RAMADAN-BUNDLE,paid
323669,1996,2026-05-04T07:23:15Z,,11212.21,11212.21,15,WINTER-FLYER,paid
323670,2000,2026-05-28T12:08:59Z,,5560.48,,10,WINTER-FLYER,paid
323679,2006,2026-05-16T10:00:01Z,,1481.43,,6,RAMADAN-BUNDLE,paid
323681,2008,2026-05-03T15:07:37Z,,3045.56,,9,NONE,pending_hold
323682,2010,2026-05-22T06:43:12Z,,903.86,903.86,3,NONE,paid
323686,2012,2026-05-17T13:22:45Z,,3156.77,,6,NONE,pending_hold
323695,2028,2026-05-10T08:59:37Z,,1082.07,1082.07,2,NONE,paid
323696,2031,2026/05/20 17:45,,6238.15,,9,NONE,paid
323700,2040,2026-05-01T14:08:57Z,,3650.87,3650.87,6,NONE,paid
323713,2056,2026-05-28T08:50:51Z,,381.07,381.07,2,NONE,shipped
323714,2058,2026-05-20T11:52:48Z,,1418.84,1418.84,3,LUX-R6,canceled
323716,2061,2026-05-09T11:17:24Z,,4405.05,,6,WINTER-FLYER,paid
323717,2061,2026-05-16T10:34:01Z,,3779.61,,7,,shipped
323723,2070,2026-05-15T10:01:39Z,,3890.4,,4,LUX-R6,paid
323724,2073,2026-05-01T08:47:46Z,,45.65,,2,LUX-R6,paid
323725,2075,2026-05-02T06:17:47Z,,2682.6,,6,NONE,shipped
323728,2078,2026-05-18T11:08:37Z,,2752.96,2752.96,4,WINTER-FLYER,paid
323732,2090,2026-05-28T09:24:59Z,,2602.41,2602.41,5,RAMADAN-BUNDLE,paid
323733,2090,2026-05-13T06:12:08Z,,8045.6,,15,NONE,paid
323751,2127,2026-05-17T07:53:45Z,,5217.55,,6,NONE,paid
323753,2130,2026-05-06T08:04:59Z,,1983.2,1983.20,6,LUX-R6,canceled
323762,2151,2026-05-20T10:10:13Z,,5353.62,5353.62,5,WINTER-FLYER,shipped
323765,2153,2026-05-09T13:37:57Z,,3434.33,,7,,paid
323766,2153,2026-05-07T07:01:03Z,,4635.65,,4,RAMADAN-BUNDLE,paid
323771,2157,2026-05-15T10:04:52Z,,5994.31,5994.31,13,RAMADAN-BUNDLE,pending_hold
323772,2157,2026-05-28T08:17:06Z,,6458.07,,7,LUX-R6,paid
323775,2157,2026-05-28T12:09:00Z,,4762.25,4762.25,5,,pending_hold
323778,2166,2026-05-28T10:44:25Z,,2529.28,,7,,paid
323779,2167,2026-05-09T11:53:03Z,,3113.78,3113.78,3,,paid
323781,2168,2026-05-11T07:48:30Z,,3553.09,3553.09,9,WINTER-FLYER,paid
323793,2179,2026-05-08T11:05:10Z,,634.4,634.40,4,NONE,paid
323795,2180,2026-05-24T06:07:55Z,,5339.73,,8,NONE,pending_hold
323796,2180,2026-05-27T09:49:54Z,,3892.64,,5,LUX-R6,canceled
323797,2181,2026-05-18T13:53:41Z,,6172.05,,12,,shipped
323801,2185,2026-05-24T08:28:52Z,,6390.59,6390.59,12,NONE,pending_hold
323808,2190,2026-05-08T06:43:41Z,,6723.12,6723.12,11,LUX-R6,paid
323812,2196,2026-05-17T18:07:39Z,,5403.86,,7,NONE,paid
323813,2199,2026-05-25T10:48:23Z,,2964.36,2964.36,5,NONE,paid
323815,2199,2026/05/02 08:44,,1658.68,,7,WINTER-FLYER,paid
323819,2200,2026-05-22T06:31:45Z,,2424.96,2424.96,3,RAMADAN-BUNDLE,paid
323823,2206,2026-05-06T07:39:58Z,,3569.25,,10,LUX-R6,canceled
323824,2206,2026-05-13T12:28:58Z,,2463.99,2463.99,2,NONE,canceled
323827,2210,2026-05-14T11:14:23Z,,3004.57,3004.57,8,,shipped
323828,2213,2026-05-25T07:26:16Z,,2154.3,2154.30,5,,paid
323833,2220,2026-05-26T08:41:46Z,,4270.62,,7,,paid
323834,2220,2026-05-27T11:51:20Z,,3781.98,,6,,paid
323835,2220,2026-05-05T12:43:47Z,,3411.54,3411.54,7,,paid
323837,2226,2026-05-21T06:29:16Z,,3628.64,3628.64,8,,paid
323844,2231,2026-05-01T10:50:53Z,,2297.58,2297.58,4,,pending_hold
323846,2233,2026-05-03T09:06:33Z,,5446.92,,6,RAMADAN-BUNDLE,pending_hold
323849,2235,2026-05-11T07:02:22Z,,7045.78,7045.78,8,,paid
323850,2235,2026-05-28T09:48:41Z,,4100.48,4100.48,5,WINTER-FLYER,shipped
323852,2236,2026-05-22T13:00:15Z,,5163.09,,6,LUX-R6,paid
323855,2238,2026-05-07T09:06:15Z,,2366.58,,3,LUX-R6,canceled
323858,2239,2026-05-07T09:43:00Z,,2911.14,2911.14,4,NONE,paid
323859,2240,2026-05-05T10:20:50Z,,3153.92,,5,LUX-R6,pending_hold
323861,2242,2026-05-05T12:45:16Z,,4157.95,4157.95,7,RAMADAN-BUNDLE,paid
323862,2244,2026-05-23T07:51:46Z,,2236.22,,10,NONE,canceled
323863,2245,2026-05-11T09:37:55Z,,2571.79,,6,,paid
323868,2251,2026-05-13T10:54:10Z,,2399.42,2399.42,9,RAMADAN-BUNDLE,paid
323871,2252,2026-05-13T08:46:04Z,,3351.09,,8,RAMADAN-BUNDLE,shipped
323873,2255,2026-05-01T09:00:30Z,,5388.27,,9,NONE,pending_hold
323878,2258,2026-05-10T12:20:56Z,,1298.29,1298.29,8,NONE,paid
323879,2259,2026-05-02T12:07:34Z,,4268.79,,7,WINTER-FLYER,paid
323885,2266,2026-05-10T10:20:58Z,,4565.56,,8,LUX-R6,paid
323887,2270,2026-05-25T07:26:46Z,,2380.08,2380.08,4,,shipped
323888,2270,2026-05-18T12:33:49Z,,605.36,,4,NONE,shipped
323893,2273,2026-05-18T12:24:32Z,,3499.3,,4,NONE,paid
323895,2279,2026-05-28T14:20:48Z,,4246.97,4246.97,7,NONE,shipped
323897,2279,2026-05-25T06:27:00Z,,1238.51,,4,WINTER-FLYER,shipped
323898,2279,2026-05-22T10:33:05Z,,10036.05,,11,WINTER-FLYER,paid
323903,2282,2026-05-19T06:13:50Z,,3612.23,3612.23,9,RAMADAN-BUNDLE,pending_hold
323904,2285,2026-05-26T06:35:14Z,,2100.01,2100.01,8,RAMADAN-BUNDLE,shipped
323909,2294,2026-05-24T10:51:19Z,,3762.74,,4,WINTER-FLYER,paid
323916,2300,2026-05-22T12:57:50Z,,4779.86,4779.86,4,LUX-R6,paid
323918,2308,2026-05-11T11:39:46Z,,2789.03,2789.03,3,NONE,paid
323919,2309,2026-05-17T08:34:52Z,,808.84,,3,WINTER-FLYER,shipped
323922,2312,2026-05-04T08:06:55Z,,1665.63,1665.63,3,NONE,shipped
323926,2313,2026-05-08T12:53:28Z,,6314.65,6314.65,12,LUX-R6,paid
323927,2316,2026-05-18T11:23:17Z,,2779.57,,8,WINTER-FLYER,pending_hold
323931,2317,2026-05-25T12:50:09Z,,4690.13,,11,WINTER-FLYER,paid
323933,2317,2026-05-14T09:20:57Z,,1304.09,,2,WINTER-FLYER,paid
323938,2322,2026-05-17T15:46:32Z,,3974.65,3974.65,9,NONE,paid
323940,2324,2026-05-05T14:35:42Z,,2838.43,,6,,pending_hold
323942,2326,2026-05-16T13:11:10Z,,1368.78,1368.78,5,LUX-R6,canceled
323943,2327,2026-05-21T08:25:07Z,,4216.15,4216.15,7,RAMADAN-BUNDLE,paid
323944,2327,2026-05-17T09:04:19Z,,5721.31,,10,NONE,shipped
323946,2328,2026-05-09T09:40:28Z,,5834.88,,9,NONE,pending_hold
323963,2353,2026-05-24T12:31:27Z,,3777.86,,7,RAMADAN-BUNDLE,paid
323964,2354,2026-05-18T12:26:55Z,,2204.31,,3,NONE,shipped
323965,2356,2026-05-13T07:10:53Z,,2274.45,,7,,shipped
323973,2375,2026-05-28T12:25:56Z,,9674.16,,13,WINTER-FLYER,paid
323975,2376,2026-05-28T11:23:38Z,,5534.61,,11,,paid
323976,2378,2026-05-02T11:32:16Z,,580.33,,2,NONE,canceled
323983,2390,2026-05-04T07:23:10Z,,3277.56,,5,NONE,canceled
323984,2390,2026-05-08T12:38:14Z,,3557.81,,9,LUX-R6,pending_hold
323986,2390,2026-05-19T09:33:56Z,,4315.56,4315.56,6,WINTER-FLYER,paid
323989,2392,2026-05-15T11:21:15Z,,4697.27,,12,NONE,paid
323990,2394,2026-05-26T12:49:32Z,,3510.73,3510.73,5,NONE,paid
323992,2394,2026/05/26 13:16,,5355.36,5355.36,8,NONE,paid
323994,2395,2026-05-28T11:45:42Z,,3808.93,3808.93,9,RAMADAN-BUNDLE,pending_hold
323997,2399,2026-05-05T10:46:05Z,,5260.18,5260.18,6,WINTER-FLYER,paid
324008,2406,2026-05-08T07:06:51Z,,6885.59,6885.59,8,NONE,shipped
324013,2409,2026-05-13T06:27:04Z,,2966.23,,8,RAMADAN-BUNDLE,canceled
324016,2411,2026-05-08T07:46:49Z,,9210.14,,9,WINTER-FLYER,shipped
324017,2412,2026/05/27 09:35,,3792.63,3792.63,7,RAMADAN-BUNDLE,paid
324018,2414,2026-05-08T08:52:23Z,,8474.21,,15,RAMADAN-BUNDLE,pending_hold
324019,2414,2026-05-19T11:50:34Z,,4161.02,,10,NONE,paid
324020,2414,2026-05-14T10:30:30Z,,5886.21,,14,,shipped
324026,2417,2026-05-02T12:06:07Z,,3019.44,3019.44,11,NONE,paid
324028,2417,2026-05-23T10:32:51Z,,3070.28,3070.28,4,NONE,shipped
324032,2423,2026-05-25T10:17:51Z,,2852.35,,4,LUX-R6,paid
324033,2429,2026/05/27 16:14,,5247.21,5247.21,6,RAMADAN-BUNDLE,paid
324037,2430,2026-05-13T06:29:41Z,,2907.97,2907.97,7,,shipped
324042,2433,2026-05-10T12:07:03Z,,2028.39,2028.39,3,NONE,paid
324044,2437,2026-05-08T15:45:49Z,,1767.66,,11,NONE,pending_hold
324050,2443,2026-05-26T11:52:13Z,,2587.71,2587.71,5,LUX-R6,shipped
324052,2447,2026-05-22T06:51:52Z,,6851.91,6851.91,6,WINTER-FLYER,paid
324053,2447,2026-05-16T12:31:14Z,,2140.11,,5,WINTER-FLYER,pending_hold
324059,2460,2026-05-13T08:44:51Z,,5554.78,5554.78,8,,canceled
324060,2460,2026-05-05T09:55:17Z,,8117.61,8117.61,13,WINTER-FLYER,paid
324061,2460,2026/05/08 12:17,,5129.94,,10,WINTER-FLYER,paid
324064,2464,2026-05-02T15:52:41Z,,326.09,,2,NONE,shipped
324066,2465,2026-05-25T07:55:00Z,,1074.86,1074.86,6,NONE,paid
324068,2466,2026-05-21T13:15:59Z,,2210.81,2210.81,2,LUX-R6,shipped
324069,2466,2026-05-25T10:54:56Z,,6424.19,6424.19,11,WINTER-FLYER,canceled
324071,2468,2026-05-20T11:57:45Z,,4215.05,,11,WINTER-FLYER,shipped
324072,2469,2026/05/18 16:12,,3029.21,3029.21,5,NONE,canceled
324075,2470,2026-05-05T09:41:49Z,,3441.21,,6,NONE,paid
324079,2478,2026-05-05T09:11:59Z,,4789.88,,10,NONE,pending_hold
324085,2481,2026-05-04T13:20:31Z,,1777.04,,3,NONE,canceled
324088,2483,2026-05-03T10:49:13Z,,5102.56,,12,RAMADAN-BUNDLE,canceled
324089,2483,2026-05-14T12:08:08Z,,4325.2,,7,NONE,shipped
324095,2490,2026-05-28T08:48:15Z,,799.15,799.15,2,RAMADAN-BUNDLE,paid
324096,2490,2026-05-24T10:52:46Z,,1088.56,1088.56,7,NONE,paid
324101,2495,2026-05-11T10:08:13Z,,5559.08,,8,RAMADAN-BUNDLE,shipped
324105,2498,2026-05-16T06:18:06Z,,4220.57,4220.57,6,NONE,pending_hold
324106,2499,2026-05-19T07:50:05Z,,3034.81,3034.81,4,NONE,paid
324107,2499,2026-05-09T14:48:09Z,,1498.51,1498.51,5,LUX-R6,paid
324113,2509,2026-05-05T15:10:25Z,,1237.14,,7,NONE,canceled
324115,2510,2026-05-27T06:03:57Z,,984.23,,2,LUX-R6,paid
324116,2510,2026-05-10T06:59:32Z,,4330.53,4330.53,7,,pending_hold
324117,2512,2026-05-12T10:16:35Z,,4389.71,,8,NONE,paid
324119,2515,2026-05-27T09:09:11Z,,4260.32,4260.32,8,RAMADAN-BUNDLE,paid
324136,2542,2026-05-04T13:29:51Z,,8971.0,8971.00,12,,paid
324137,2544,2026-05-18T08:49:26Z,,882.57,882.57,2,RAMADAN-BUNDLE,canceled
324144,2554,2026-05-23T08:53:34Z,,1092.74,,5,,paid
324148,2563,2026-05-02T09:55:49Z,,2898.29,2898.29,8,,canceled
324149,2563,2026/05/25 14:04,,5238.57,,6,LUX-R6,shipped
324156,2571,2026-05-01T08:41:08Z,,3682.48,3682.48,8,NONE,paid
324157,2571,2026-05-09T09:11:17Z,,3990.83,,4,NONE,pending_hold
324161,2579,2026-05-27T12:34:03Z,,2490.62,2490.62,7,LUX-R6,shipped
324162,2579,2026-05-04T07:18:47Z,,2535.43,,5,RAMADAN-BUNDLE,paid
324167,2586,2026-05-21T06:36:56Z,,4546.03,4546.03,8,LUX-R6,paid
324169,2586,2026-05-18T13:48:19Z,,4407.74,4407.74,6,NONE,paid
324183,2601,2026-05-10T11:11:28Z,,3089.6,,5,NONE,canceled
324184,2604,2026-05-06T10:40:29Z,,6916.1,6916.10,11,RAMADAN-BUNDLE,pending_hold
324188,2610,2026-05-18T08:35:45Z,,6036.34,6036.34,11,WINTER-FLYER,paid
324190,2612,2026/05/05 11:24,,728.97,,4,NONE,canceled
324192,2616,2026-05-24T10:29:03Z,,2669.52,,6,,paid
324200,2621,2026-05-06T09:47:21Z,,6810.69,6810.69,12,WINTER-FLYER,paid
324203,2624,2026-05-17T09:34:01Z,,3218.7,,10,WINTER-FLYER,pending_hold
324204,2625,2026-05-28T12:34:03Z,,2321.65,2321.65,9,RAMADAN-BUNDLE,paid
324206,2625,2026-05-10T08:42:39Z,,9244.4,9244.40,11,NONE,pending_hold
324207,2626,2026-05-21T14:57:57Z,,3825.18,,8,RAMADAN-BUNDLE,canceled
324212,2627,2026-05-11T12:44:31Z,,1367.57,,3,LUX-R6,paid
324219,2637,2026-05-24T11:49:53Z,,2840.57,2840.57,5,,pending_hold
324220,2637,2026-05-10T12:59:42Z,,9372.65,,14,NONE,paid
324221,2638,2026-05-22T08:47:01Z,,1753.84,1753.84,5,RAMADAN-BUNDLE,canceled
324232,2658,2026-05-10T12:31:42Z,,4176.66,4176.66,8,RAMADAN-BUNDLE,paid
324242,2675,2026-05-25T12:28:56Z,,3089.13,,7,,pending_hold
324244,2675,2026-05-28T09:55:17Z,,3214.76,3214.76,9,LUX-R6,pending_hold
324246,2687,2026-05-07T07:38:46Z,,2573.82,,4,LUX-R6,paid
324254,2697,2026-05-26T17:16:40Z,,2515.3,2515.30,4,WINTER-FLYER,paid
324257,2702,2026-05-22T10:00:02Z,,1092.35,1092.35,2,RAMADAN-BUNDLE,shipped
324263,2709,2026-05-08T07:58:09Z,,9315.53,9315.53,12,LUX-R6,paid
324264,2711,2026-05-05T13:14:17Z,,3510.56,,5,RAMADAN-BUNDLE,pending_hold
324270,2717,2026-05-08T10:10:01Z,,5185.43,,12,NONE,paid
324284,2731,2026-05-19T08:16:43Z,,5599.47,,8,LUX-R6,paid
324287,2734,2026-05-23T06:10:05Z,,7980.65,7980.65,13,RAMADAN-BUNDLE,paid
324288,2736,2026-05-02T06:58:11Z,,2908.27,,6,WINTER-FLYER,canceled
324289,2738,2026-05-28T13:15:17Z,,6409.07,,11,NONE,paid
324291,2742,2026-05-12T09:19:40Z,,2248.28,,5,WINTER-FLYER,pending_hold
324292,2746,2026-05-27T12:57:56Z,,3861.06,,12,NONE,pending_hold
324295,2750,2026-05-23T12:44:01Z,,4707.19,,5,LUX-R6,canceled
324299,2752,2026-05-08T15:42:08Z,,6496.17,6496.17,7,,paid
324303,2756,2026-05-26T11:27:53Z,,3777.04,,8,LUX-R6,canceled
324306,2758,2026-05-13T13:10:28Z,,2272.79,2272.79,4,WINTER-FLYER,canceled
324307,2763,2026-05-17T08:08:09Z,,4535.46,,8,NONE,pending_hold
324310,2765,2026-05-10T11:06:20Z,,3156.84,3156.84,7,WINTER-FLYER,paid
324313,2773,2026-05-08T11:33:49Z,,2285.44,,7,LUX-R6,paid
324314,2774,2026-05-11T14:35:23Z,,6061.55,6061.55,8,,paid
324319,2781,2026-05-04T06:07:12Z,,1764.06,1764.06,2,WINTER-FLYER,paid
324320,2785,2026-05-06T11:44:11Z,,4849.96,,14,WINTER-FLYER,pending_hold
324321,2787,2026-05-09T16:51:46Z,,175.24,175.24,2,,shipped
324332,2797,2026-05-10T06:59:39Z,,1625.8,,3,RAMADAN-BUNDLE,canceled
324334,2801,2026-05-19T10:00:38Z,,1580.47,,7,RAMADAN-BUNDLE,paid
324335,2801,2026/05/11 14:50,,2253.21,,4,WINTER-FLYER,paid
324339,2810,2026-05-22T06:01:08Z,,5475.38,,5,WINTER-FLYER,paid
324342,2810,2026-05-20T09:02:06Z,,3209.53,3209.53,5,NONE,paid
324343,2810,2026-05-19T06:19:51Z,,1314.09,,4,NONE,paid
324344,2810,2026-05-04T13:54:23Z,,5855.27,5855.27,8,,paid
324346,2815,2026-05-16T11:52:28Z,,2140.05,2140.05,7,NONE,paid
324347,2815,2026-05-22T13:19:45Z,,3728.08,3728.08,10,NONE,shipped
324352,2816,2026-05-26T10:08:12Z,,5224.47,,7,LUX-R6,canceled
324361,1004,2026-06-20T14:41:16Z,,4074.54,,7,,paid
324362,1004,2026-06-02T15:21:51Z,,6481.99,,9,NONE,paid
324363,1006,2026-06-16T14:58:33Z,,1396.77,,7,WINTER-FLYER,paid
324375,1017,2026-06-26T06:54:26Z,,1689.62,1689.62,8,NONE,shipped
324376,1017,2026-06-07T10:29:04Z,,1416.89,1416.89,2,RAMADAN-BUNDLE,paid
324377,1017,2026-06-16T08:33:01Z,,3055.12,3055.12,6,WINTER-FLYER,paid
324379,1019,2026-06-10T11:04:01Z,,1589.43,,6,NONE,canceled
324380,1019,2026/06/01 11:10,,2256.05,,7,WINTER-FLYER,paid
324384,1026,2026-06-28T06:31:27Z,,2198.81,2198.81,8,NONE,canceled
324385,1028,2026-06-11T08:40:14Z,,3152.91,,6,NONE,paid
324394,1039,2026-06-23T06:45:45Z,,2745.69,2745.69,5,NONE,canceled
324396,1041,2026/06/23 08:54,,2483.73,,6,NONE,canceled
324406,1051,2026-06-12T06:57:19Z,,1605.06,1605.06,6,,pending_hold
324407,1051,2026-06-01T14:39:28Z,,649.11,649.11,3,,paid
324415,1058,2026-06-16T06:39:20Z,,3807.58,,7,LUX-R6,shipped
324416,1058,2026-06-02T11:55:31Z,,2669.55,,7,NONE,paid
324422,1072,2026-06-18T06:56:05Z,,1894.0,,4,NONE,paid
324426,1075,2026-06-11T06:09:19Z,,1588.68,,2,LUX-R6,paid
324431,1082,2026-06-07T12:07:26Z,,7059.98,,11,RAMADAN-BUNDLE,shipped
324433,1083,2026-06-13T06:40:16Z,,2961.53,,6,NONE,pending_hold
324434,1083,2026-06-27T13:18:47Z,,3646.78,3646.78,10,LUX-R6,canceled
324436,1086,2026-06-17T08:04:51Z,,788.47,788.47,2,,pending_hold
324441,1087,2026-06-02T13:00:08Z,,6659.92,,9,,shipped
324442,1088,2026-06-02T15:43:35Z,,3173.04,3173.04,3,RAMADAN-BUNDLE,paid
324443,1090,2026-06-01T06:04:47Z,,5146.45,5146.45,5,NONE,pending_hold
324445,1094,2026-06-11T07:25:43Z,,3728.48,,6,,pending_hold
324447,1097,2026-06-10T09:11:15Z,,2832.63,2832.63,4,RAMADAN-BUNDLE,paid
324451,1103,2026-06-23T12:50:22Z,,4917.46,,10,WINTER-FLYER,paid
324456,1107,2026-06-17T12:26:54Z,,5195.01,5195.01,8,,pending_hold
324457,1109,2026-06-19T13:32:47Z,,3676.11,,8,,shipped
324460,1111,2026-06-10T09:12:41Z,,1143.95,1143.95,4,WINTER-FLYER,pending_hold
324463,1113,2026-06-18T13:42:25Z,,3083.02,3083.02,3,WINTER-FLYER,paid
324464,1113,2026-06-08T13:32:02Z,,2967.88,2967.88,6,NONE,canceled
324465,1114,2026-06-13T09:28:45Z,,4626.44,4626.44,12,NONE,canceled
324471,1123,2026-06-21T10:44:51Z,,5273.16,,12,NONE,paid
324478,1139,2026-06-04T15:14:42Z,,1706.06,,5,RAMADAN-BUNDLE,paid
324479,1139,2026-06-20T08:59:46Z,,4941.04,,10,NONE,canceled
324482,1149,2026-06-15T10:26:28Z,,2021.85,,9,LUX-R6,pending_hold
324487,1152,2026-06-26T06:03:29Z,,2554.49,,3,NONE,canceled
324489,1154,2026-06-05T07:42:45Z,,1203.55,,5,RAMADAN-BUNDLE,paid
324492,1156,2026-06-19T06:29:02Z,,1558.1,1558.10,2,RAMADAN-BUNDLE,paid
324516,1183,2026-06-23T08:13:07Z,,3633.28,,6,NONE,paid
324525,1193,2026-06-27T19:27:57Z,,4580.14,,9,NONE,paid
324528,1197,2026-06-01T10:21:09Z,,1046.71,,4,LUX-R6,shipped
324535,1205,2026-06-03T14:13:15Z,,3060.52,3060.52,5,WINTER-FLYER,paid
324538,1207,2026-06-18T11:08:38Z,,3420.12,,10,WINTER-FLYER,canceled
324539,1209,2026-06-03T08:26:21Z,,1762.47,,2,LUX-R6,paid
324549,1222,2026-06-05T11:06:01Z,,3210.55,3210.55,8,LUX-R6,paid
324550,1222,2026-06-14T08:25:16Z,,6876.66,6876.66,9,NONE,paid
324551,1226,2026-06-13T12:48:49Z,,5324.07,,6,,pending_hold
324552,1227,2026-06-08T13:26:31Z,,2261.36,,4,WINTER-FLYER,canceled
324555,1231,2026-06-16T09:10:06Z,,5020.18,,7,NONE,paid
324557,1232,2026-06-08T10:57:27Z,,3228.11,3228.11,7,LUX-R6,canceled
324561,1241,2026-06-07T14:41:15Z,,5358.89,,13,LUX-R6,shipped
324570,1256,2026-06-13T06:06:03Z,,9867.65,,14,NONE,paid
324571,1259,2026-06-24T12:44:57Z,,5597.6,5597.60,10,NONE,paid
324573,1260,2026-06-10T08:51:04Z,,2489.1,2489.10,6,LUX-R6,paid
324575,1263,2026-06-28T08:36:59Z,,5900.27,,7,WINTER-FLYER,pending_hold
324579,1271,2026-06-04T09:23:30Z,,2468.5,2468.50,3,RAMADAN-BUNDLE,paid
324582,1275,2026-06-13T09:59:20Z,,4019.67,,10,RAMADAN-BUNDLE,shipped
324584,1279,2026-06-25T09:25:06Z,,7858.25,,10,RAMADAN-BUNDLE,pending_hold
324587,1284,2026-06-19T06:46:54Z,,1155.68,,3,RAMADAN-BUNDLE,paid
324588,1284,2026/06/18 15:40,,5063.25,,11,RAMADAN-BUNDLE,paid
324589,1286,2026-06-10T14:19:30Z,,1929.12,,3,WINTER-FLYER,paid
324597,1297,2026-06-07T09:09:01Z,,2834.14,,8,RAMADAN-BUNDLE,paid
324598,1297,2026-06-17T12:35:43Z,,4038.87,,11,,paid
324599,1297,2026-06-10T08:30:28Z,,7185.86,,9,WINTER-FLYER,paid
324601,1300,2026-06-14T07:13:59Z,,6487.93,,7,NONE,paid
324604,1304,2026-06-04T12:47:10Z,,3459.65,,9,LUX-R6,paid
324610,1307,2026-06-11T13:49:08Z,,3393.68,3393.68,4,RAMADAN-BUNDLE,paid
324611,1307,2026-06-09T15:11:30Z,,6529.31,,9,NONE,shipped
324612,1311,2026-06-20T12:02:01Z,,10247.34,10247.34,12,,paid
324613,1313,2026-06-04T08:14:15Z,,1152.3,1152.30,6,RAMADAN-BUNDLE,pending_hold
324619,1322,2026-06-19T11:40:59Z,,2675.67,2675.67,5,RAMADAN-BUNDLE,paid
324621,1324,2026-06-25T10:10:22Z,,4003.81,,5,,canceled
324623,1324,2026-06-23T09:23:38Z,,2626.37,2626.37,10,WINTER-FLYER,paid
324625,1328,2026-06-24T10:43:23Z,,1476.3,,6,RAMADAN-BUNDLE,paid
324628,1330,2026-06-21T11:55:56Z,,6248.63,,6,RAMADAN-BUNDLE,paid
324630,1333,2026-06-11T07:56:38Z,,1626.86,,6,NONE,shipped
324636,1341,2026-06-05T09:42:04Z,,3253.87,3253.87,4,,paid
324639,1342,2026-06-18T12:49:25Z,,1876.1,,8,LUX-R6,paid
324644,1345,2026-06-27T11:00:03Z,,792.85,,3,NONE,pending_hold
324645,1345,2026-06-24T06:10:18Z,,3476.07,,5,RAMADAN-BUNDLE,canceled
324646,1345,2026/06/01 10:39,,2496.97,,6,NONE,shipped
324653,1356,2026-06-10T08:22:24Z,,854.94,854.94,3,NONE,paid
324655,1358,2026-06-09T15:52:17Z,,9507.06,9507.06,13,RAMADAN-BUNDLE,pending_hold
324657,1361,2026-06-07T19:03:39Z,,5075.98,,13,WINTER-FLYER,paid
324671,1383,2026-06-17T11:00:48Z,,2550.03,,4,NONE,canceled
324674,1388,2026-06-11T11:09:11Z,,4974.74,,9,LUX-R6,canceled
324682,1402,2026-06-28T08:48:47Z,,2795.99,,6,NONE,paid
324683,1403,2026-06-25T12:20:45Z,,3195.34,,5,NONE,paid
324688,1407,2026-06-27T13:33:12Z,,663.51,663.51,2,LUX-R6,paid
324691,1416,2026-06-12T10:13:19Z,,5179.42,5179.42,13,,shipped
324692,1416,2026-06-04T11:58:18Z,,2928.89,2928.89,3,RAMADAN-BUNDLE,canceled
324695,1421,2026-06-20T07:09:49Z,,5753.3,,7,,pending_hold
324697,1425,2026-06-07T07:19:03Z,,3394.98,,9,WINTER-FLYER,paid
324698,1425,2026-06-18T11:35:20Z,,2154.15,,2,NONE,shipped
324700,1427,2026-06-13T15:08:27Z,,1739.51,,6,NONE,paid
324705,1435,2026/06/04 11:25,,1818.49,1818.49,6,NONE,pending_hold
324708,1441,2026-06-13T08:49:10Z,,3778.03,,8,RAMADAN-BUNDLE,canceled
324709,1442,2026-06-13T06:35:09Z,,6439.94,6439.94,11,NONE,paid
324716,1449,2026-06-24T15:20:53Z,,2926.43,2926.43,10,NONE,pending_hold
324720,1458,2026-06-26T11:29:41Z,,3948.49,,5,RAMADAN-BUNDLE,paid
324727,1468,2026-06-05T09:49:51Z,,8374.98,,11,NONE,paid
324730,1470,2026-06-08T09:45:12Z,,4145.91,,9,NONE,paid
324734,1476,2026-06-24T10:01:17Z,,5706.4,,15,,paid
324737,1481,2026-06-13T15:34:55Z,,6081.82,6081.82,15,LUX-R6,shipped
324739,1482,2026-06-01T14:06:11Z,,4345.22,,7,NONE,paid
324745,1489,2026-06-25T10:50:19Z,,2586.72,2586.72,3,RAMADAN-BUNDLE,canceled
324746,1489,2026-06-19T08:36:15Z,,1337.88,,2,NONE,paid
324747,1490,2026-06-06T06:47:23Z,,4019.43,4019.43,7,RAMADAN-BUNDLE,paid
324751,1493,2026-06-21T10:08:02Z,,3379.92,3379.92,7,RAMADAN-BUNDLE,paid
324760,1505,2026-06-22T07:32:37Z,,5236.11,5236.11,11,RAMADAN-BUNDLE,paid
324764,1506,2026-06-01T10:46:02Z,,2558.1,2558.10,3,RAMADAN-BUNDLE,pending_hold
324766,1508,2026/06/19 10:42,,3151.65,3151.65,3,NONE,paid
324771,1508,2026-06-11T11:24:27Z,,6049.28,6049.28,11,NONE,shipped
324773,1510,2026-06-06T07:06:52Z,,1809.82,,6,WINTER-FLYER,paid
324774,1510,2026-06-10T13:00:56Z,,3566.34,,7,WINTER-FLYER,paid
324775,1510,2026-06-07T10:54:33Z,,2345.7,,9,LUX-R6,paid
324780,1516,2026-06-08T11:27:33Z,,6663.13,6663.13,8,NONE,paid
324781,1520,2026-06-23T10:34:43Z,,1760.05,,2,NONE,pending_hold
324790,1527,2026-06-13T15:13:44Z,,2551.76,,8,LUX-R6,paid
324792,1527,2026-06-21T07:19:01Z,,2751.56,,8,NONE,paid
324793,1529,2026-06-13T08:19:12Z,,6043.25,,8,RAMADAN-BUNDLE,paid
324794,1529,2026-06-22T10:46:14Z,,3519.5,3519.50,7,,paid
324798,1536,2026-06-01T10:56:24Z,,2239.06,,5,NONE,paid
324800,1537,2026-06-07T07:04:14Z,,1450.33,1450.33,2,LUX-R6,pending_hold
324804,1541,2026-06-24T17:44:37Z,,4297.82,,8,WINTER-FLYER,shipped
324806,1542,2026/06/26 08:33,,2873.57,,8,NONE,paid
324810,1553,2026/06/10 12:31,,4224.97,4224.97,8,LUX-R6,pending_hold
324814,1565,2026-06-16T10:18:47Z,,6682.32,,11,RAMADAN-BUNDLE,canceled
324821,1573,2026/06/25 14:40,,2039.88,,8,NONE,canceled
324826,1582,2026-06-22T08:35:57Z,,3456.98,3456.98,7,NONE,paid
324835,1589,2026-06-15T11:50:21Z,,9124.11,,12,RAMADAN-BUNDLE,canceled
324839,1592,2026-06-08T12:38:46Z,,2570.95,,4,RAMADAN-BUNDLE,paid
324845,1598,2026-06-06T06:38:24Z,,3182.77,,7,WINTER-FLYER,paid
324847,1601,2026-06-10T14:10:33Z,,5907.63,5907.63,9,NONE,canceled
324856,1618,2026-06-05T07:49:34Z,,1993.08,1993.08,5,RAMADAN-BUNDLE,paid
324858,1620,2026-06-08T07:30:58Z,,3287.84,,8,WINTER-FLYER,paid
324861,1625,2026-06-19T06:44:25Z,,3520.95,,8,RAMADAN-BUNDLE,canceled
324863,1627,2026-06-05T10:05:13Z,,3963.4,,13,LUX-R6,pending_hold
324865,1627,2026-06-15T13:08:06Z,,963.83,963.83,2,WINTER-FLYER,paid
324871,1635,2026-06-11T08:29:27Z,,2827.68,,6,NONE,shipped
324872,1635,2026/06/25 10:30,,8279.07,,12,NONE,shipped
324874,1637,2026-06-15T06:00:39Z,,4326.22,,5,RAMADAN-BUNDLE,shipped
324875,1638,2026-06-13T09:11:34Z,,6151.51,,13,WINTER-FLYER,canceled
324878,1644,2026-06-23T09:13:23Z,,5050.92,,14,,shipped
324880,1648,2026-06-10T09:59:09Z,,10354.61,,15,NONE,canceled
324881,1648,2026-06-20T16:44:19Z,,1453.88,,4,LUX-R6,paid
324889,1654,2026-06-25T08:52:14Z,,589.88,589.88,3,,paid
324891,1655,2026-06-04T12:13:55Z,,2370.19,,6,NONE,paid
324892,1655,2026-06-03T06:28:00Z,,4358.49,4358.49,7,RAMADAN-BUNDLE,paid
324895,1663,2026-06-27T15:44:46Z,,5077.85,5077.85,12,,paid
324903,1671,2026-06-23T06:59:35Z,,6822.52,6822.52,11,NONE,paid
324910,1681,2026-06-14T09:16:56Z,,1389.68,1389.68,5,LUX-R6,pending_hold
324921,1695,2026-06-11T08:24:10Z,,2074.11,,4,RAMADAN-BUNDLE,paid
324925,1700,2026-06-22T06:13:57Z,,2567.61,2567.61,6,RAMADAN-BUNDLE,paid
324935,1714,2026-06-26T12:00:01Z,,3236.74,,3,WINTER-FLYER,paid
324945,1725,2026-06-09T08:46:39Z,,2265.31,,6,NONE,shipped
324946,1728,2026-06-20T12:58:29Z,,3393.12,,10,NONE,shipped
324947,1729,2026-06-16T16:30:47Z,,1763.88,,5,NONE,paid
324949,1732,2026-06-05T15:23:03Z,,2402.23,2402.23,6,,paid
324952,1734,2026-06-03T14:36:49Z,,4454.79,,10,RAMADAN-BUNDLE,pending_hold
324953,1735,2026-06-13T11:38:12Z,,3154.08,3154.08,5,WINTER-FLYER,paid
324956,1746,2026-06-10T09:20:03Z,,4909.78,4909.78,9,LUX-R6,paid
324958,1750,2026-06-18T16:03:40Z,,3289.17,,11,WINTER-FLYER,paid
324962,1753,2026-06-06T12:10:16Z,,2112.52,,4,NONE,shipped
324965,1757,2026-06-09T12:47:40Z,,8789.06,8789.06,12,LUX-R6,paid
324968,1766,2026-06-27T09:38:27Z,,3664.01,3664.01,7,NONE,canceled
324971,1767,2026-06-01T07:16:27Z,,2198.39,,7,WINTER-FLYER,canceled
324983,1778,2026-06-16T08:30:19Z,,9570.95,,13,NONE,shipped
324984,1778,2026-06-06T06:21:33Z,,1661.59,1661.59,4,LUX-R6,shipped
324985,1778,2026-06-28T06:19:38Z,,2375.99,,8,NONE,paid
324988,1781,2026-06-07T10:49:15Z,,401.29,,2,LUX-R6,pending_hold
324992,1784,2026-06-21T09:57:59Z,,4779.1,4779.10,6,,paid
324996,1793,2026-06-15T10:13:46Z,,395.29,,3,NONE,pending_hold
325001,1799,2026-06-05T12:19:49Z,,3257.41,3257.41,7,WINTER-FLYER,paid
325004,1804,2026-06-10T12:48:33Z,,2322.24,,4,LUX-R6,paid
325012,1817,2026/06/05 10:47,,1723.05,,5,NONE,canceled
325015,1825,2026-06-15T10:10:56Z,,5469.71,5469.71,5,RAMADAN-BUNDLE,paid
325016,1825,2026-06-26T13:18:04Z,,1303.26,1303.26,5,NONE,canceled
325017,1825,2026-06-19T10:35:43Z,,1194.11,1194.11,3,,pending_hold
325021,1827,2026-06-19T08:44:51Z,,5080.67,,10,,canceled
325022,1827,2026-06-26T06:02:41Z,,985.42,,3,WINTER-FLYER,canceled
325024,1827,2026-06-02T07:17:18Z,,6905.34,,9,LUX-R6,shipped
325029,1842,2026-06-24T10:18:21Z,,5787.2,5787.20,12,NONE,canceled
325035,1846,2026-06-08T08:53:24Z,,1265.2,1265.20,6,NONE,shipped
325037,1849,2026-06-19T06:43:59Z,,3331.07,,9,,pending_hold
325041,1859,2026-06-03T07:04:04Z,,4044.76,,10,RAMADAN-BUNDLE,paid
325046,1865,2026-06-09T13:58:51Z,,1218.95,1218.95,6,NONE,paid
325048,1865,2026-06-22T12:30:57Z,,2066.39,2066.39,7,NONE,paid
325049,1869,2026-06-07T06:23:07Z,,4103.6,,5,,canceled
325050,1869,2026-06-27T06:12:24Z,,6597.77,6597.77,13,NONE,paid
325053,1872,2026-06-17T11:33:53Z,,8212.45,,10,LUX-R6,paid
325056,1878,2026-06-05T09:53:56Z,,2124.73,,3,LUX-R6,shipped
325061,1885,2026-06-03T07:35:47Z,,4407.0,,9,LUX-R6,canceled
325065,1906,2026-06-17T11:35:17Z,,11019.58,,14,LUX-R6,paid
325071,1913,2026/06/15 13:09,,1930.05,,6,WINTER-FLYER,paid
325080,1934,2026-06-06T08:05:19Z,,2133.39,,3,NONE,paid
325086,1944,2026-06-02T09:59:27Z,,2233.37,,4,WINTER-FLYER,shipped
325088,1944,2026-06-20T12:35:54Z,,1907.13,,12,LUX-R6,canceled
325091,1949,2026-06-02T11:49:31Z,,4806.48,4806.48,5,,paid
325095,1961,2026-06-22T09:15:43Z,,1527.04,,4,WINTER-FLYER,paid
325101,1964,2026-06-15T08:11:08Z,,2259.53,,7,WINTER-FLYER,shipped
325105,1976,2026-06-23T09:15:28Z,,5223.59,,8,,paid
325108,1979,2026-06-24T08:04:05Z,,2470.82,,4,,pending_hold
325115,1991,2026-06-27T10:44:06Z,,5892.35,5892.35,7,RAMADAN-BUNDLE,paid
325116,1992,2026-06-04T07:42:13Z,,545.71,,3,NONE,shipped
325118,1993,2026-06-18T10:14:16Z,,2153.86,,11,NONE,shipped
325122,1994,2026-06-02T07:38:15Z,,3939.25,3939.25,7,NONE,paid
325132,2006,2026-06-11T13:25:16Z,,9825.77,,12,NONE,shipped
325133,2007,2026-06-17T06:46:12Z,,2134.16,,2,LUX-R6,paid
325134,2007,2026-06-26T06:29:39Z,,3076.86,3076.86,4,NONE,canceled
325138,2015,2026-06-04T12:08:29Z,,1842.56,,6,NONE,shipped
325139,2015,2026-06-22T10:43:12Z,,6700.75,,9,NONE,paid
325141,2017,2026-06-26T09:47:26Z,,3966.08,,12,,shipped
325144,2023,2026-06-07T09:40:40Z,,4967.59,4967.59,9,RAMADAN-BUNDLE,canceled
325154,2034,2026-06-14T12:10:34Z,,3783.14,3783.14,14,WINTER-FLYER,paid
325156,2040,2026-06-04T11:28:40Z,,6648.28,,10,RAMADAN-BUNDLE,paid
325160,2047,2026-06-11T07:41:56Z,,2089.11,,5,LUX-R6,paid
325161,2049,2026-06-26T11:54:15Z,,8318.0,,8,NONE,paid
325167,2061,2026/06/03 12:28,,4136.86,,7,NONE,paid
325172,2065,2026-06-07T06:56:03Z,,1919.01,,7,WINTER-FLYER,canceled
325173,2067,2026-06-02T07:02:50Z,,2799.74,,7,WINTER-FLYER,paid
325180,2070,2026/06/25 09:17,,4937.91,,10,LUX-R6,paid
325182,2073,2026-06-02T10:47:19Z,,709.88,709.88,3,WINTER-FLYER,paid
325183,2075,2026-06-27T14:22:54Z,,2956.2,2956.20,5,,canceled
325188,2091,2026-06-19T08:32:33Z,,2130.01,2130.01,4,LUX-R6,paid
325190,2093,2026-06-21T06:58:29Z,,3102.81,,5,LUX-R6,pending_hold
325194,2100,2026-06-25T08:44:22Z,,167.44,,3,NONE,paid
325197,2105,2026-06-27T11:25:27Z,,1069.71,1069.71,7,LUX-R6,pending_hold
325206,2124,2026-06-23T08:23:38Z,,2369.13,,9,,paid
325207,2126,2026-06-07T08:20:43Z,,5400.13,,10,LUX-R6,paid
325210,2131,2026-06-12T09:09:35Z,,5686.51,,7,NONE,pending_hold
325220,2157,2026-06-20T08:11:50Z,,2543.49,2543.49,6,NONE,paid
325228,2164,2026/06/20 13:02,,1232.42,,5,WINTER-FLYER,shipped
325229,2168,2026-06-02T12:04:13Z,,2774.96,,6,NONE,canceled
325230,2168,2026-06-04T09:17:28Z,,3035.58,3035.58,6,WINTER-FLYER,paid
325233,2172,2026-06-27T09:54:08Z,,7647.84,,11,RAMADAN-BUNDLE,paid
325236,2177,2026-06-27T10:32:24Z,,6400.21,6400.21,5,RAMADAN-BUNDLE,paid
325238,2181,2026-06-22T08:45:20Z,,1752.21,,2,NONE,paid
325245,2186,2026-06-19T14:38:28Z,,7979.73,,12,NONE,paid
325247,2189,2026-06-02T06:12:19Z,,8071.92,,8,WINTER-FLYER,canceled
325248,2189,2026-06-09T06:57:18Z,,2039.71,,5,WINTER-FLYER,shipped
325252,2201,2026-06-13T07:28:05Z,,767.04,,4,RAMADAN-BUNDLE,shipped
325257,2206,2026-06-22T09:36:33Z,,9463.21,,15,NONE,canceled
325262,2214,2026-06-23T17:09:57Z,,4885.07,,9,LUX-R6,pending_hold
325265,2219,2026/06/21 12:58,,6735.8,,11,WINTER-FLYER,shipped
325276,2234,2026-06-11T10:37:49Z,,3914.2,,8,RAMADAN-BUNDLE,pending_hold
325277,2236,2026-06-19T06:31:24Z,,4061.3,,11,,pending_hold
325279,2236,2026-06-16T11:56:45Z,,6946.66,,13,NONE,paid
325281,2239,2026-06-14T12:28:10Z,,4820.29,4820.29,9,RAMADAN-BUNDLE,canceled
325282,2240,2026-06-16T06:30:42Z,,6102.45,,9,NONE,paid
325284,2250,2026-06-13T06:18:10Z,,3279.45,3279.45,6,,paid
325285,2252,2026-06-15T12:40:01Z,,2965.83,,6,RAMADAN-BUNDLE,paid
325288,2255,2026-06-17T07:09:38Z,,1695.91,,5,NONE,paid
325291,2260,2026-06-16T12:29:19Z,,2434.86,,6,LUX-R6,paid
325302,2272,2026-06-27T07:10:14Z,,3935.89,3935.89,14,RAMADAN-BUNDLE,shipped
325303,2273,2026-06-22T15:18:49Z,,10138.2,10138.20,7,,pending_hold
325308,2279,2026-06-17T07:30:47Z,,2317.95,,7,,pending_hold
325312,2284,2026-06-02T15:21:32Z,,2452.61,2452.61,5,RAMADAN-BUNDLE,shipped
325313,2285,2026-06-21T12:41:48Z,,3080.16,,4,,paid
325314,2287,2026/06/23 17:40,,3589.25,,12,NONE,paid
325315,2287,2026-06-20T06:18:33Z,,3857.29,3857.29,5,NONE,paid
325316,2290,2026-06-05T08:35:31Z,,2829.49,2829.49,7,RAMADAN-BUNDLE,pending_hold
325317,2292,2026-06-19T10:44:04Z,,1619.65,1619.65,3,NONE,paid
325329,2316,2026/06/06 15:29,,2519.29,2519.29,7,LUX-R6,canceled
325330,2316,2026-06-18T13:57:50Z,,4561.79,,5,,paid
325332,2317,2026-06-19T18:11:42Z,,981.14,,5,NONE,shipped
325338,2322,2026-06-16T10:47:50Z,,3435.89,3435.89,8,NONE,canceled
325340,2332,2026-06-27T11:46:21Z,,6239.54,,9,LUX-R6,paid
325347,2339,2026-06-07T06:27:03Z,,665.91,,2,LUX-R6,canceled
325351,2348,2026-06-11T07:09:35Z,,1940.04,1940.04,4,WINTER-FLYER,paid
325352,2349,2026-06-27T07:33:14Z,,5828.77,,11,WINTER-FLYER,paid
325353,2349,2026-06-07T10:04:55Z,,9376.22,9376.22,11,RAMADAN-BUNDLE,paid
325354,2349,2026-06-15T15:46:18Z,,7763.07,,12,NONE,paid
325361,2358,2026-06-28T08:26:13Z,,4460.75,,8,WINTER-FLYER,paid
325364,2360,2026-06-04T10:02:18Z,,2604.74,2604.74,3,LUX-R6,canceled
325365,2361,2026-06-04T11:17:00Z,,3607.81,3607.81,6,LUX-R6,paid
325368,2365,2026-06-28T10:48:26Z,,3370.28,,10,LUX-R6,paid
325369,2369,2026-06-03T10:26:59Z,,2916.66,,7,WINTER-FLYER,paid
325370,2369,2026-06-12T08:08:54Z,,459.49,459.49,2,NONE,paid
325371,2372,2026-06-23T10:15:35Z,,6674.0,,8,LUX-R6,paid
325374,2375,2026-06-10T08:27:30Z,,1733.3,,7,WINTER-FLYER,paid
325378,2378,2026-06-05T10:01:45Z,,390.09,390.09,3,NONE,shipped
325381,2383,2026-06-06T06:14:02Z,,2279.67,2279.67,3,RAMADAN-BUNDLE,paid
325383,2384,2026-06-16T10:31:54Z,,6836.83,,14,NONE,paid
325384,2384,2026-06-17T06:31:01Z,,3934.86,,8,NONE,paid
325385,2388,2026-06-18T13:36:51Z,,4328.28,4328.28,2,RAMADAN-BUNDLE,paid
325386,2388,2026-06-24T09:30:57Z,,4305.96,,5,WINTER-FLYER,pending_hold
325387,2388,2026-06-03T14:21:58Z,,1337.51,,4,WINTER-FLYER,shipped
325396,2400,2026-06-28T07:10:49Z,,1318.54,1318.54,8,RAMADAN-BUNDLE,paid
325397,2400,2026-06-26T11:38:53Z,,1231.03,1231.03,5,WINTER-FLYER,pending_hold
325402,2406,2026-06-19T12:38:22Z,,6244.22,6244.22,12,NONE,paid
325403,2406,2026-06-05T09:24:56Z,,2363.56,,3,NONE,paid
325407,2417,2026-06-01T14:06:58Z,,3381.37,,7,WINTER-FLYER,paid
325412,2431,2026-06-05T10:21:42Z,,10044.65,10044.65,6,NONE,paid
325414,2433,2026-06-09T14:02:24Z,,1750.83,,5,LUX-R6,shipped
325417,2438,2026-06-07T15:57:02Z,,977.61,977.61,2,LUX-R6,canceled
325424,2443,2026-06-05T14:42:09Z,,8349.78,8349.78,9,NONE,canceled
325425,2447,2026-06-04T10:30:12Z,,4089.76,4089.76,8,,shipped
325428,2460,2026-06-20T08:03:12Z,,3159.28,,8,NONE,canceled
325429,2460,2026-06-05T09:08:50Z,,4090.32,,8,RAMADAN-BUNDLE,shipped
325434,2464,2026-06-15T13:04:01Z,,1769.24,1769.24,5,RAMADAN-BUNDLE,paid
325436,2467,2026-06-02T07:49:13Z,,8229.56,8229.56,14,RAMADAN-BUNDLE,paid
325437,2467,2026-06-21T08:13:02Z,,3471.48,3471.48,11,LUX-R6,shipped
325439,2471,2026-06-16T11:37:00Z,,1340.9,1340.90,4,RAMADAN-BUNDLE,paid
325440,2476,2026-06-23T11:55:59Z,,3573.56,3573.56,5,NONE,paid
325441,2478,2026-06-09T13:00:15Z,,4529.44,,7,LUX-R6,paid
325442,2481,2026-06-25T06:34:47Z,,1924.0,,3,WINTER-FLYER,shipped
325447,2483,2026-06-28T09:13:33Z,,4559.8,,13,WINTER-FLYER,paid
325448,2483,2026-06-21T10:09:46Z,,1809.99,1809.99,4,NONE,paid
325454,2490,2026-06-21T13:14:10Z,,2221.57,,7,NONE,shipped
325462,2498,2026-06-20T08:58:41Z,,4080.89,4080.89,6,NONE,canceled
325470,2507,2026-06-18T12:21:06Z,,745.03,745.03,4,WINTER-FLYER,paid
325471,2509,2026-06-23T06:42:40Z,,6518.85,,15,,pending_hold
325473,2509,2026-06-04T13:59:34Z,,3601.63,3601.63,6,RAMADAN-BUNDLE,paid
325484,2520,2026-06-15T06:10:56Z,,2173.86,2173.86,4,,paid
325485,2520,2026-06-20T12:51:03Z,,4730.85,4730.85,7,WINTER-FLYER,paid
325486,2530,2026-06-08T13:39:17Z,,3266.63,,6,,shipped
325490,2538,2026-06-24T09:05:36Z,,2135.58,,9,NONE,shipped
325495,2544,2026-06-05T12:16:54Z,,2506.51,2506.51,8,,paid
325496,2544,2026-06-15T12:35:59Z,,4212.38,,7,RAMADAN-BUNDLE,paid
325506,2560,2026-06-07T08:00:29Z,,4810.44,,13,NONE,paid
325511,2565,2026-06-14T06:16:05Z,,4501.41,4501.41,7,,pending_hold
325513,2568,2026-06-20T08:04:00Z,,1988.49,,4,,shipped
325519,2574,2026-06-07T15:51:49Z,,6007.12,6007.12,7,,paid
325520,2578,2026-06-12T09:52:30Z,,3879.94,,8,RAMADAN-BUNDLE,paid
325522,2579,2026-06-09T13:42:45Z,,2136.96,,5,RAMADAN-BUNDLE,paid
325523,2579,2026-06-07T11:06:20Z,,1841.44,,7,LUX-R6,paid
325526,2584,2026-06-08T09:49:40Z,,1968.08,,8,NONE,paid
325530,2590,2026-06-03T15:20:51Z,,1017.18,1017.18,5,,pending_hold
325531,2590,2026-06-17T13:33:45Z,,1076.16,,2,LUX-R6,pending_hold
325533,2594,2026-06-08T15:07:28Z,,4640.22,4640.22,13,LUX-R6,shipped
325545,2609,2026-06-25T07:30:58Z,,5313.95,,12,WINTER-FLYER,canceled
325546,2610,2026-06-15T06:45:35Z,,6702.06,6702.06,15,NONE,shipped
325551,2616,2026-06-14T13:57:37Z,,6388.18,,11,WINTER-FLYER,canceled
325553,2617,2026-06-13T09:58:03Z,,775.56,775.56,4,,paid
325556,2622,2026/06/17 11:01,,6501.66,6501.66,13,WINTER-FLYER,paid
325557,2624,2026-06-21T10:23:50Z,,5187.59,5187.59,12,RAMADAN-BUNDLE,paid
325560,2626,2026-06-04T11:29:52Z,,1837.19,,5,NONE,paid
325565,2628,2026-06-08T14:30:34Z,,4136.85,,6,,paid
325571,2643,2026-06-24T09:19:00Z,,4008.77,4008.77,10,LUX-R6,shipped
325572,2645,2026-06-28T11:58:22Z,,3127.29,3127.29,9,,shipped
325576,2651,2026-06-01T07:33:07Z,,5934.68,,7,RAMADAN-BUNDLE,canceled
325579,2657,2026/06/17 10:04,,6237.03,,12,,canceled
325581,2658,2026-06-23T13:34:35Z,,4020.04,4020.04,10,LUX-R6,paid
325582,2659,2026-06-21T08:25:20Z,,1897.71,1897.71,5,NONE,canceled
325585,2675,2026-06-01T10:05:02Z,,10023.27,10023.27,12,,shipped
325602,2708,2026-06-27T11:03:00Z,,6096.16,,10,NONE,paid
325603,2709,2026-06-12T13:28:10Z,,232.31,,4,LUX-R6,paid
325604,2709,2026-06-24T09:17:20Z,,3216.11,,8,NONE,paid
325605,2710,2026-06-22T13:51:41Z,,1920.26,1920.26,2,LUX-R6,paid
325606,2714,2026-06-15T08:06:04Z,,1515.68,,6,WINTER-FLYER,paid
325608,2720,2026-06-11T08:30:10Z,,1611.77,,3,LUX-R6,paid
325613,2729,2026-06-28T09:23:23Z,,2630.67,,5,RAMADAN-BUNDLE,paid
325621,2742,2026-06-14T07:35:03Z,,8573.5,,11,,shipped
325626,2752,2026-06-05T14:39:42Z,,1030.09,1030.09,3,,paid
325629,2758,2026-06-12T08:57:39Z,,1096.0,1096.00,3,RAMADAN-BUNDLE,shipped
325632,2769,2026-06-25T12:52:01Z,,6496.58,,8,NONE,paid
325633,2771,2026-06-23T12:38:58Z,,1550.61,,8,WINTER-FLYER,paid
325635,2774,2026-06-15T13:39:57Z,,4817.86,,13,NONE,pending_hold
325636,2776,2026-06-24T07:11:41Z,,1323.69,1323.69,2,LUX-R6,pending_hold
325643,2787,2026-06-22T11:12:44Z,,3851.71,3851.71,7,NONE,paid
325644,2790,2026-06-12T14:27:00Z,,6674.38,,11,,canceled
325652,2802,2026-06-22T12:48:12Z,,1283.83,,5,LUX-R6,pending_hold
325653,2803,2026-06-23T14:16:24Z,,2856.19,2856.19,3,RAMADAN-BUNDLE,paid
325658,2804,2026-06-09T10:56:01Z,,2536.74,,6,,paid
325668,2813,2026-06-09T11:05:04Z,,3192.85,,9,NONE,shipped
325678,1005,2026-07-24T11:00:44Z,,3215.63,3215.63,7,WINTER-FLYER,canceled
325679,1006,2026-07-07T10:13:03Z,,4399.47,,10,LUX-R6,canceled
325680,1006,2026/07/16 11:39,,3988.03,3988.03,8,LUX-R6,paid
325683,1007,2026-07-20T07:31:58Z,,2766.97,,5,,canceled
325684,1007,2026-07-26T08:03:11Z,,2091.56,,7,RAMADAN-BUNDLE,shipped
325693,1016,2026-07-05T10:03:24Z,,1652.42,,4,WINTER-FLYER,paid
325695,1017,2026-07-28T06:22:45Z,,3708.5,3708.50,10,RAMADAN-BUNDLE,canceled
325706,1039,2026-07-27T11:25:56Z,,3389.68,,9,NONE,paid
325709,1043,2026-07-16T11:21:11Z,,2489.06,2489.06,7,WINTER-FLYER,shipped
325718,1055,2026-07-04T09:47:40Z,,1162.55,,3,RAMADAN-BUNDLE,paid
325719,1058,2026-07-15T10:50:47Z,,389.98,,2,LUX-R6,paid
325721,1061,2026/07/06 13:54,,794.13,,3,NONE,paid
325723,1065,2026-07-21T06:54:15Z,,4116.54,,5,LUX-R6,paid
325724,1065,2026-07-08T16:21:21Z,,2958.38,,5,LUX-R6,pending_hold
325725,1066,2026-07-20T11:31:23Z,,1435.29,,4,WINTER-FLYER,paid
325727,1071,2026-07-16T15:28:41Z,,6434.38,6434.38,6,NONE,shipped
325728,1075,2026-07-14T12:46:46Z,,3814.46,3814.46,8,LUX-R6,canceled
325729,1077,2026-07-15T09:01:07Z,,1465.8,1465.80,3,NONE,pending_hold
325731,1083,2026-07-26T13:10:03Z,,7411.0,7411.00,9,,canceled
325742,1092,2026-07-14T12:00:52Z,,2822.63,2822.63,4,WINTER-FLYER,paid
325745,1098,2026/07/02 11:48,,8178.53,,15,NONE,paid
325747,1100,2026-07-13T13:36:02Z,,690.22,,4,LUX-R6,paid
325748,1103,2026/07/03 15:02,,2324.33,2324.33,5,NONE,shipped
325751,1105,2026-07-28T07:03:49Z,,3180.12,3180.12,9,LUX-R6,shipped
325755,1125,2026-07-07T09:13:26Z,,4418.24,,9,LUX-R6,paid
325759,1134,2026-07-03T07:17:19Z,,2902.49,,6,NONE,paid
325760,1135,2026-07-25T15:04:18Z,,2511.02,2511.02,7,,shipped
325761,1137,2026-07-08T10:59:23Z,,3089.02,3089.02,7,,paid
325764,1139,2026-07-22T08:33:39Z,,8832.0,8832.00,11,WINTER-FLYER,canceled
325765,1139,2026-07-18T07:40:23Z,,1738.39,,8,RAMADAN-BUNDLE,canceled
325770,1150,2026-07-03T12:46:46Z,,5182.22,,8,RAMADAN-BUNDLE,paid
325772,1151,2026-07-27T06:26:26Z,,1372.65,,2,WINTER-FLYER,pending_hold
325785,1163,2026-07-19T09:59:13Z,,4957.14,,7,RAMADAN-BUNDLE,pending_hold
325789,1165,2026-07-03T12:57:05Z,,1289.75,1289.75,3,WINTER-FLYER,canceled
325792,1168,2026-07-10T15:33:22Z,,3237.45,,11,NONE,pending_hold
325795,1176,2026-07-16T07:49:08Z,,4960.84,4960.84,13,WINTER-FLYER,paid
325797,1183,2026-07-05T09:24:41Z,,3203.5,3203.50,13,LUX-R6,paid
325800,1192,2026-07-25T15:52:09Z,,1115.56,1115.56,5,NONE,paid
325802,1192,2026-07-14T14:47:47Z,,3822.81,,6,,paid
325812,1198,2026-07-25T15:01:57Z,,4508.79,4508.79,9,NONE,pending_hold
325816,1199,2026-07-16T09:26:03Z,,2502.63,2502.63,5,RAMADAN-BUNDLE,paid
325822,1209,2026-07-17T06:29:09Z,,7974.78,,11,RAMADAN-BUNDLE,paid
325828,1224,2026-07-07T09:32:55Z,,4711.59,4711.59,7,WINTER-FLYER,paid
325835,1237,2026-07-19T06:00:46Z,,3245.54,,3,NONE,paid
325838,1243,2026-07-22T08:57:50Z,,3820.99,3820.99,7,WINTER-FLYER,shipped
325843,1256,2026-07-05T07:58:03Z,,6022.7,,12,RAMADAN-BUNDLE,paid
325844,1256,2026-07-26T07:17:56Z,,5467.95,,10,LUX-R6,paid
325845,1259,2026-07-20T07:04:35Z,,3083.12,3083.12,9,LUX-R6,paid
325848,1260,2026-07-11T06:47:01Z,,5853.66,,8,RAMADAN-BUNDLE,paid
325852,1263,2026/07/19 11:59,,2887.96,2887.96,8,NONE,paid
325854,1269,2026-07-06T06:05:05Z,,5858.57,,15,WINTER-FLYER,paid
325855,1274,2026-07-06T07:38:52Z,,2958.43,2958.43,6,,paid
325869,1299,2026-07-26T12:13:10Z,,2097.79,,8,,pending_hold
325870,1299,2026-07-01T15:25:24Z,,7087.78,7087.78,15,LUX-R6,pending_hold
325877,1311,2026/07/28 08:40,,3967.92,,6,NONE,paid
325893,1337,2026-07-11T10:48:51Z,,2631.47,,8,,shipped
325894,1337,2026-07-19T12:21:39Z,,4631.83,4631.83,6,NONE,paid
325895,1342,2026-07-20T06:36:06Z,,6194.88,,7,NONE,paid
325902,1345,2026-07-16T08:05:58Z,,6306.02,,11,NONE,shipped
325903,1345,2026-07-19T12:43:41Z,,849.04,849.04,3,,shipped
325905,1347,2026-07-16T10:28:49Z,,2083.35,,10,WINTER-FLYER,canceled
325910,1356,2026-07-16T11:33:06Z,,3083.55,,4,WINTER-FLYER,paid
325912,1358,2026-07-21T12:19:02Z,,7935.31,7935.31,7,LUX-R6,paid
325918,1368,2026-07-18T13:47:26Z,,7046.07,,8,NONE,pending_hold
325919,1370,2026-07-22T08:30:25Z,,5490.54,,15,RAMADAN-BUNDLE,paid
325920,1371,2026-07-25T11:56:54Z,,2894.06,,9,NONE,paid
325934,1387,2026-07-08T08:22:01Z,,6116.22,6116.22,7,RAMADAN-BUNDLE,paid
325944,1394,2026-07-02T10:12:50Z,,6488.26,6488.26,11,RAMADAN-BUNDLE,paid
325949,1397,2026-07-06T06:18:26Z,,3813.23,,9,NONE,canceled
325950,1397,2026-07-07T14:01:57Z,,1901.72,,4,WINTER-FLYER,pending_hold
325953,1404,2026-07-03T13:18:18Z,,3286.42,3286.42,3,NONE,paid
325954,1404,2026-07-21T15:00:31Z,,2263.04,2263.04,5,RAMADAN-BUNDLE,paid
325956,1406,2026-07-20T11:12:30Z,,1085.82,,7,RAMADAN-BUNDLE,canceled
325958,1407,2026-07-03T16:34:07Z,,2056.36,,9,NONE,paid
325960,1409,2026-07-06T11:24:32Z,,2816.95,,7,NONE,shipped
325963,1414,2026-07-03T18:09:34Z,,4237.09,,7,RAMADAN-BUNDLE,pending_hold
325966,1418,2026-07-04T07:06:11Z,,3367.37,3367.37,6,RAMADAN-BUNDLE,pending_hold
325967,1419,2026-07-28T10:10:40Z,,941.9,,4,NONE,paid
325968,1419,2026-07-20T12:58:51Z,,6053.37,,11,NONE,shipped
325982,1438,2026-07-10T11:19:21Z,,4026.47,4026.47,6,NONE,paid
325985,1443,2026-07-12T12:40:16Z,,116.18,116.18,2,NONE,canceled
325992,1457,2026-07-13T10:26:20Z,,3135.92,,6,LUX-R6,paid
325993,1458,2026-07-13T10:48:41Z,,3773.16,,10,NONE,pending_hold
325996,1460,2026/07/12 11:56,,4450.69,,8,LUX-R6,shipped
325999,1465,2026-07-08T06:27:26Z,,2386.25,,4,,pending_hold
326002,1467,2026-07-23T08:20:38Z,,2497.6,2497.60,5,LUX-R6,paid
326004,1469,2026-07-04T12:52:33Z,,2995.81,,3,,paid
326005,1472,2026-07-21T07:22:28Z,,8095.31,8095.31,11,,pending_hold
326007,1472,2026-07-05T06:31:36Z,,3798.59,3798.59,9,LUX-R6,canceled
326009,1473,2026-07-18T06:41:05Z,,2118.38,,4,,pending_hold
326011,1476,2026-07-02T08:40:19Z,,4882.17,4882.17,11,WINTER-FLYER,paid
326014,1484,2026-07-01T13:26:10Z,,5210.26,,7,,paid
326016,1484,2026-07-28T10:28:41Z,,4700.35,,8,NONE,canceled
326017,1484,2026-07-07T08:06:12Z,,1525.4,,4,WINTER-FLYER,canceled
326018,1487,2026-07-04T06:39:07Z,,9095.59,,8,LUX-R6,shipped
326020,1490,2026-07-23T17:42:41Z,,1206.04,1206.04,5,RAMADAN-BUNDLE,paid
326021,1492,2026-07-14T06:14:20Z,,5393.09,,5,NONE,pending_hold
326025,1493,2026-07-08T10:42:38Z,,1302.69,1302.69,4,NONE,paid
326028,1501,2026-07-23T08:34:00Z,,5709.21,5709.21,9,WINTER-FLYER,paid
326034,1508,2026-07-21T08:03:28Z,,1987.5,1987.50,6,,paid
326035,1510,2026-07-25T12:28:13Z,,4459.75,4459.75,9,LUX-R6,canceled
326037,1514,2026-07-16T13:25:39Z,,3328.65,3328.65,2,NONE,paid
326038,1514,2026-07-11T12:57:15Z,,2921.3,,5,,canceled
326041,1516,2026-07-07T09:13:02Z,,4664.01,,5,NONE,paid
326047,1523,2026-07-24T09:29:38Z,,2190.8,2190.80,8,NONE,shipped
326049,1524,2026-07-11T09:47:11Z,,8078.77,8078.77,15,NONE,shipped
326055,1529,2026-07-15T13:06:12Z,,6123.07,6123.07,9,LUX-R6,paid
326058,1538,2026-07-10T12:26:59Z,,3271.51,3271.51,5,,paid
326061,1541,2026-07-26T12:15:26Z,,1014.15,1014.15,4,,shipped
326063,1542,2026-07-28T09:09:48Z,,1749.14,1749.14,4,,paid
326072,1559,2026-07-04T10:23:57Z,,3462.68,,4,LUX-R6,pending_hold
326074,1564,2026-07-08T07:35:30Z,,10275.71,,10,WINTER-FLYER,pending_hold
326075,1565,2026-07-03T16:11:54Z,,3064.8,,4,NONE,shipped
326077,1565,2026-07-06T17:55:10Z,,1962.33,1962.33,6,NONE,paid
326080,1568,2026-07-13T10:53:54Z,,2334.46,,7,,shipped
326084,1573,2026-07-23T11:26:14Z,,4125.23,4125.23,6,RAMADAN-BUNDLE,canceled
326085,1574,2026-07-23T06:21:43Z,,4733.77,,7,,paid
326086,1574,2026-07-14T07:19:41Z,,4371.73,4371.73,6,LUX-R6,shipped
326089,1578,2026-07-16T06:38:54Z,,7963.8,,11,LUX-R6,canceled
326093,1582,2026-07-25T11:43:35Z,,86.01,,2,LUX-R6,paid
326105,1588,2026-07-04T08:14:43Z,,4823.93,,9,NONE,pending_hold
326106,1589,2026-07-01T09:47:47Z,,6513.54,6513.54,8,WINTER-FLYER,pending_hold
326116,1603,2026-07-16T10:00:38Z,,6048.16,6048.16,11,WINTER-FLYER,shipped
326123,1614,2026-07-27T09:54:22Z,,4713.17,,8,,shipped
326124,1618,2026/07/02 14:43,,2383.84,2383.84,6,WINTER-FLYER,paid
326131,1633,2026-07-24T08:35:56Z,,3387.31,,11,,shipped
326138,1639,2026-07-25T06:13:39Z,,4928.13,,11,WINTER-FLYER,pending_hold
326146,1651,2026-07-14T12:37:46Z,,4209.29,,6,,pending_hold
326147,1654,2026-07-07T09:42:23Z,,2765.31,2765.31,10,LUX-R6,canceled
326148,1655,2026-07-03T14:14:40Z,,1590.06,,8,LUX-R6,canceled
326154,1664,2026-07-01T11:43:16Z,,3356.54,3356.54,8,RAMADAN-BUNDLE,paid
326156,1667,2026-07-05T10:56:08Z,,3973.4,,9,,paid
326157,1667,2026-07-02T09:28:52Z,,6060.85,6060.85,9,NONE,pending_hold
326162,1680,2026-07-28T07:26:18Z,,1152.99,1152.99,5,RAMADAN-BUNDLE,paid
326163,1683,2026-07-05T10:59:23Z,,3300.38,,5,,shipped
326164,1684,2026-07-25T07:35:55Z,,5412.96,5412.96,9,WINTER-FLYER,paid
326167,1687,2026-07-15T10:06:18Z,,4184.51,,9,WINTER-FLYER,paid
326169,1689,2026-07-16T08:46:33Z,,2648.2,,8,RAMADAN-BUNDLE,canceled
326172,1693,2026-07-05T08:10:49Z,,1536.67,1536.67,6,RAMADAN-BUNDLE,canceled
326174,1695,2026-07-14T10:54:58Z,,5355.28,,10,NONE,canceled
326175,1696,2026-07-19T10:52:30Z,,4064.73,4064.73,10,,pending_hold
326178,1699,2026-07-20T10:30:09Z,,5397.02,,6,,pending_hold
326179,1699,2026-07-01T06:02:35Z,,8533.19,8533.19,11,RAMADAN-BUNDLE,pending_hold
326181,1702,2026-07-27T11:17:17Z,,5285.09,,8,NONE,paid
326185,1709,2026-07-16T11:26:12Z,,7201.79,7201.79,15,NONE,paid
326186,1710,2026-07-24T06:22:57Z,,1063.79,,5,NONE,pending_hold
326197,1731,2026-07-06T06:28:35Z,,4086.86,4086.86,6,NONE,paid
326199,1733,2026-07-02T09:18:15Z,,5018.27,,7,NONE,shipped
326200,1734,2026-07-28T06:12:39Z,,3945.3,,10,NONE,shipped
326202,1741,2026-07-28T09:30:37Z,,848.57,,4,RAMADAN-BUNDLE,paid
326203,1748,2026-07-09T11:21:12Z,,4113.01,,8,WINTER-FLYER,canceled
326205,1750,2026-07-06T11:45:57Z,,5945.87,,15,NONE,paid
326208,1750,2026-07-13T09:50:20Z,,5055.57,,11,RAMADAN-BUNDLE,shipped
326212,1753,2026-07-20T06:22:03Z,,10721.46,,14,RAMADAN-BUNDLE,shipped
326216,1758,2026-07-11T11:59:48Z,,3064.5,3064.50,8,RAMADAN-BUNDLE,paid
326220,1767,2026-07-18T14:32:11Z,,6089.89,,15,NONE,pending_hold
326224,1776,2026-07-15T06:17:55Z,,4498.65,,7,,paid
326230,1780,2026-07-13T11:38:51Z,,1153.55,1153.55,2,RAMADAN-BUNDLE,canceled
326236,1785,2026-07-26T15:27:07Z,,1729.68,,7,NONE,canceled
326241,1795,2026-07-07T09:56:05Z,,2135.41,2135.41,5,RAMADAN-BUNDLE,paid
326243,1795,2026-07-02T08:13:48Z,,3705.98,,8,NONE,paid
326253,1821,2026-07-28T08:14:55Z,,1499.29,1499.29,3,NONE,paid
326268,1837,2026-07-24T17:52:48Z,,4520.1,4520.10,7,WINTER-FLYER,paid
326269,1839,2026-07-21T07:34:45Z,,2832.19,2832.19,4,NONE,canceled
326270,1842,2026-07-03T09:59:01Z,,2385.73,2385.73,7,RAMADAN-BUNDLE,paid
326272,1843,2026-07-14T13:40:52Z,,3234.17,3234.17,9,LUX-R6,paid
326277,1853,2026-07-14T11:12:04Z,,2708.51,2708.51,6,WINTER-FLYER,paid
326286,1862,2026-07-12T13:06:42Z,,2898.51,,4,NONE,paid
326287,1863,2026-07-21T14:22:24Z,,3097.73,3097.73,9,WINTER-FLYER,paid
326297,1875,2026-07-13T17:22:14Z,,3759.4,,9,NONE,pending_hold
326299,1878,2026-07-14T16:06:39Z,,2204.31,2204.31,4,LUX-R6,paid
326300,1878,2026-07-13T09:32:54Z,,4165.96,,10,NONE,shipped
326308,1887,2026-07-22T10:28:36Z,,4736.32,,5,WINTER-FLYER,paid
326311,1896,2026-07-06T12:50:45Z,,4222.78,4222.78,9,RAMADAN-BUNDLE,paid
326312,1897,2026-07-22T09:34:53Z,,3328.54,,7,NONE,paid
326318,1902,2026-07-21T07:18:19Z,,485.74,,4,WINTER-FLYER,canceled
326325,1917,2026-07-16T11:24:42Z,,2558.77,2558.77,6,,paid
326332,1935,2026-07-13T10:06:24Z,,986.19,986.19,3,WINTER-FLYER,canceled
326335,1942,2026-07-20T09:11:52Z,,5552.74,,12,NONE,paid
326337,1944,2026-07-19T10:05:39Z,,4246.72,4246.72,7,LUX-R6,paid
326343,1953,2026-07-01T07:33:55Z,,8436.64,8436.64,8,RAMADAN-BUNDLE,paid
326344,1953,2026-07-20T09:12:26Z,,3117.67,3117.67,6,,paid
326345,1956,2026-07-26T07:03:20Z,,3202.17,3202.17,7,NONE,paid
326346,1957,2026-07-15T09:00:07Z,,4999.36,,10,NONE,pending_hold
326352,1962,2026-07-17T13:43:13Z,,2798.17,,7,NONE,pending_hold
326357,1970,2026-07-21T10:22:25Z,,2538.34,,7,NONE,paid
326360,1972,2026/07/24 11:24,,2472.37,,4,LUX-R6,paid
326363,1972,2026-07-13T11:09:34Z,,3274.06,3274.06,6,,canceled
326364,1974,2026-07-15T13:00:38Z,,2080.39,,4,LUX-R6,shipped
326365,1975,2026-07-25T11:17:24Z,,515.99,,3,WINTER-FLYER,paid
326366,1975,2026-07-07T12:00:54Z,,1053.69,1053.69,3,WINTER-FLYER,paid
326368,1979,2026-07-11T09:03:47Z,,6504.03,,7,LUX-R6,pending_hold
326369,1980,2026-07-02T08:27:20Z,,2850.39,,7,,canceled
326374,1988,2026-07-28T09:10:50Z,,3717.11,3717.11,8,NONE,paid
326376,1991,2026-07-24T14:03:03Z,,10939.59,,10,LUX-R6,pending_hold
326377,1993,2026-07-20T06:10:08Z,,4058.27,4058.27,6,NONE,paid
326378,1997,2026-07-11T10:51:20Z,,2988.73,2988.73,5,RAMADAN-BUNDLE,paid
326384,2002,2026-07-17T09:42:27Z,,3586.06,3586.06,9,RAMADAN-BUNDLE,canceled
326385,2005,2026-07-22T08:22:39Z,,4478.98,,8,,shipped
326399,2027,2026-07-09T12:15:35Z,,3380.41,,6,,canceled
326404,2037,2026-07-28T10:25:09Z,,7285.31,7285.31,15,,pending_hold
326412,2045,2026/07/17 11:28,,2838.43,2838.43,7,WINTER-FLYER,shipped
326413,2047,2026-07-23T06:02:35Z,,3017.08,,6,NONE,paid
326414,2048,2026-07-06T07:21:21Z,,3665.2,3665.20,11,RAMADAN-BUNDLE,paid
326415,2050,2026-07-28T09:50:10Z,,1627.91,,5,,canceled
326416,2050,2026-07-07T16:00:54Z,,3665.62,3665.62,6,LUX-R6,paid
326423,2059,2026-07-21T11:29:00Z,,1894.47,,3,NONE,paid
326425,2061,2026-07-06T08:37:58Z,,4504.59,,9,,paid
326427,2064,2026-07-17T11:07:27Z,,823.38,823.38,3,LUX-R6,shipped
326428,2065,2026-07-16T13:10:20Z,,979.45,979.45,5,LUX-R6,paid
326449,2098,2026-07-21T07:33:29Z,,9462.16,,11,NONE,paid
326454,2104,2026-07-10T07:03:49Z,,2948.39,,5,NONE,pending_hold
326458,2112,2026-07-19T13:36:57Z,,4091.57,,12,,canceled
326462,2124,2026-07-11T08:48:28Z,,1475.6,1475.60,5,WINTER-FLYER,canceled
326463,2125,2026-07-08T13:16:22Z,,5111.93,,8,,pending_hold
326468,2155,2026-07-11T12:18:18Z,,1050.09,,3,NONE,pending_hold
326469,2156,2026-07-08T08:11:49Z,,3060.44,3060.44,4,WINTER-FLYER,paid
326478,2172,2026-07-10T07:34:13Z,,1665.14,,6,NONE,paid
326480,2173,2026-07-28T14:23:18Z,,2555.04,2555.04,7,RAMADAN-BUNDLE,paid
326483,2174,2026-07-01T12:58:53Z,,1834.28,1834.28,6,RAMADAN-BUNDLE,pending_hold
326484,2174,2026-07-10T11:26:46Z,,2344.34,2344.34,3,RAMADAN-BUNDLE,paid
326485,2179,2026-07-16T08:51:19Z,,3565.91,,4,NONE,shipped
326487,2180,2026-07-13T10:37:35Z,,3379.57,,7,NONE,paid
326488,2180,2026-07-03T09:39:54Z,,2782.98,2782.98,8,WINTER-FLYER,shipped
326492,2183,2026-07-26T11:40:57Z,,2348.85,2348.85,5,NONE,paid
326495,2185,2026-07-01T13:51:22Z,,4368.28,4368.28,13,,pending_hold
326496,2186,2026-07-02T11:50:36Z,,1170.8,,3,WINTER-FLYER,canceled
326498,2187,2026-07-08T11:06:18Z,,3838.51,,7,NONE,paid
326501,2189,2026/07/06 11:25,,1585.3,,6,RAMADAN-BUNDLE,paid
326505,2190,2026-07-16T14:28:33Z,,2428.28,2428.28,11,NONE,canceled
326507,2198,2026/07/22 09:45,,5685.07,,15,NONE,paid
326511,2200,2026-07-24T11:08:42Z,,3775.35,,6,NONE,paid
326513,2201,2026-07-20T11:14:48Z,,1403.31,,6,LUX-R6,paid
326516,2204,2026-07-13T09:55:03Z,,5161.29,5161.29,6,LUX-R6,paid
326521,2214,2026-07-18T06:39:15Z,,2416.11,,3,RAMADAN-BUNDLE,paid
326523,2215,2026-07-08T08:19:27Z,,4343.2,4343.20,11,NONE,canceled
326525,2215,2026-07-01T12:26:01Z,,1673.09,,8,NONE,pending_hold
326533,2226,2026-07-15T12:48:32Z,,5521.92,,7,LUX-R6,paid
326538,2230,2026-07-15T06:41:53Z,,1183.13,,5,RAMADAN-BUNDLE,paid
326542,2230,2026-07-03T15:18:31Z,,3740.66,,6,RAMADAN-BUNDLE,paid
326543,2232,2026-07-14T08:39:07Z,,3847.07,3847.07,10,NONE,pending_hold
326544,2234,2026-07-28T06:30:07Z,,9038.99,9038.99,10,RAMADAN-BUNDLE,pending_hold
326550,2239,2026-07-06T10:57:59Z,,2165.97,,3,WINTER-FLYER,shipped
326563,2261,2026-07-25T11:19:34Z,,2234.89,,4,RAMADAN-BUNDLE,shipped
326566,2268,2026-07-18T06:43:11Z,,6178.78,6178.78,13,NONE,paid
326568,2268,2026-07-08T09:10:28Z,,7212.82,,12,LUX-R6,shipped
326573,2272,2026-07-06T07:09:07Z,,1496.13,,7,RAMADAN-BUNDLE,paid
326578,2275,2026-07-26T07:01:25Z,,1233.11,1233.11,5,,canceled
326579,2276,2026/07/17 08:28,,6391.38,,9,LUX-R6,paid
326585,2290,2026-07-19T12:21:22Z,,7592.04,,11,RAMADAN-BUNDLE,paid
326586,2293,2026-07-25T10:19:04Z,,2356.32,,5,NONE,canceled
326587,2294,2026-07-16T09:05:40Z,,3754.24,,13,LUX-R6,paid
326591,2300,2026-07-15T14:47:10Z,,1017.5,1017.50,3,RAMADAN-BUNDLE,paid
326593,2304,2026-07-13T11:46:45Z,,1515.54,,5,RAMADAN-BUNDLE,pending_hold
326598,2308,2026-07-16T13:34:50Z,,2280.46,2280.46,6,NONE,paid
326608,2322,2026-07-13T11:21:13Z,,2633.25,,5,,paid
326612,2323,2026-07-27T10:18:21Z,,2933.96,,8,,pending_hold
326613,2325,2026-07-10T12:08:46Z,,3016.98,3016.98,9,,pending_hold
326614,2327,2026-07-24T11:43:06Z,,5175.32,,6,NONE,pending_hold
326615,2328,2026-07-16T07:47:48Z,,4302.26,,7,WINTER-FLYER,shipped
326616,2328,2026-07-13T09:58:01Z,,5704.22,,9,NONE,paid
326621,2331,2026/07/21 10:41,,7976.86,,9,RAMADAN-BUNDLE,paid
326622,2332,2026-07-24T09:51:41Z,,6637.73,6637.73,7,RAMADAN-BUNDLE,canceled
326623,2339,2026-07-16T08:53:43Z,,1584.03,,5,,paid
326626,2342,2026-07-27T09:42:06Z,,1664.33,,5,WINTER-FLYER,paid
326637,2353,2026/07/19 10:44,,9509.74,,12,WINTER-FLYER,paid
326638,2354,2026-07-20T06:56:23Z,,5102.39,5102.39,7,WINTER-FLYER,pending_hold
326639,2355,2026-07-17T08:57:22Z,,4044.48,,10,WINTER-FLYER,paid
326640,2356,2026-07-01T07:24:55Z,,2373.43,,4,RAMADAN-BUNDLE,shipped
326641,2360,2026-07-25T06:04:09Z,,2954.98,2954.98,4,NONE,shipped
326644,2361,2026-07-24T10:06:15Z,,5643.1,5643.10,14,,paid
326645,2362,2026-07-15T09:27:00Z,,4620.85,,10,NONE,paid
326648,2368,2026-07-26T06:13:17Z,,2108.19,,8,,paid
326651,2369,2026-07-16T14:32:13Z,,5152.33,5152.33,9,NONE,canceled
326656,2380,2026-07-02T09:04:30Z,,2401.95,,3,WINTER-FLYER,canceled
326659,2381,2026-07-25T09:58:30Z,,1449.56,,6,NONE,paid
326661,2383,2026-07-10T06:42:47Z,,4031.97,,7,WINTER-FLYER,canceled
326662,2388,2026-07-07T10:57:24Z,,1870.92,,4,LUX-R6,pending_hold
326669,2394,2026/07/11 13:10,,2323.16,,4,RAMADAN-BUNDLE,canceled
326672,2396,2026-07-21T12:32:44Z,,612.15,,5,RAMADAN-BUNDLE,paid
326678,2400,2026-07-23T12:49:10Z,,7370.09,7370.09,10,,paid
326679,2400,2026-07-19T12:44:53Z,,3080.54,,5,RAMADAN-BUNDLE,paid
326681,2401,2026-07-09T07:28:21Z,,3643.69,,8,NONE,canceled
326683,2405,2026-07-17T10:47:19Z,,4364.98,4364.98,7,RAMADAN-BUNDLE,paid
326684,2409,2026-07-23T12:17:18Z,,3614.35,3614.35,6,NONE,pending_hold
326686,2410,2026/07/09 09:36,,1828.44,,5,,canceled
326689,2413,2026-07-09T07:30:39Z,,3042.6,,11,RAMADAN-BUNDLE,pending_hold
326691,2414,2026-07-23T06:26:04Z,,4016.28,,5,NONE,paid
326692,2416,2026-07-17T10:57:53Z,,4281.52,,4,WINTER-FLYER,shipped
326693,2417,2026-07-12T12:38:05Z,,2623.33,,8,LUX-R6,pending_hold
326695,2421,2026-07-05T06:52:49Z,,2957.64,,10,RAMADAN-BUNDLE,paid
326697,2426,2026-07-11T10:32:30Z,,4554.78,,10,WINTER-FLYER,paid
326700,2427,2026-07-21T06:15:42Z,,2605.93,,7,RAMADAN-BUNDLE,canceled
326703,2428,2026-07-08T08:52:34Z,,205.14,205.14,2,NONE,paid
326709,2430,2026-07-04T09:42:18Z,,5156.87,,6,WINTER-FLYER,shipped
326711,2433,2026-07-24T08:51:13Z,,6514.55,6514.55,13,,paid
326712,2433,2026-07-15T11:54:53Z,,5510.8,5510.80,14,RAMADAN-BUNDLE,paid
326713,2437,2026-07-01T14:35:09Z,,1246.21,1246.21,5,LUX-R6,paid
326719,2452,2026-07-08T10:02:56Z,,5420.33,,13,,paid
326721,2460,2026-07-19T12:58:08Z,,2831.66,,6,LUX-R6,shipped
326725,2464,2026-07-11T06:00:31Z,,5849.05,,14,WINTER-FLYER,paid
326726,2466,2026-07-15T12:04:07Z,,1240.82,1240.82,5,NONE,paid
326729,2474,2026-07-27T11:07:44Z,,2574.94,,5,WINTER-FLYER,pending_hold
326732,2476,2026-07-13T10:25:02Z,,6875.58,,9,LUX-R6,paid
326738,2486,2026-07-22T13:13:30Z,,2299.05,2299.05,4,WINTER-FLYER,canceled
326739,2486,2026-07-13T12:27:20Z,,4337.3,4337.30,6,RAMADAN-BUNDLE,paid
326745,2497,2026-07-27T11:06:04Z,,3403.61,,5,NONE,paid
326749,2498,2026-07-01T08:38:17Z,,1918.79,,7,LUX-R6,paid
326755,2509,2026-07-02T10:14:16Z,,3136.41,3136.41,7,LUX-R6,paid
326757,2509,2026-07-18T13:10:00Z,,2040.54,,2,LUX-R6,canceled
326760,2512,2026-07-09T07:39:45Z,,1741.16,1741.16,7,WINTER-FLYER,paid
326761,2513,2026-07-21T10:18:29Z,,1880.55,,3,WINTER-FLYER,paid
326764,2516,2026-07-25T11:20:35Z,,4319.02,4319.02,7,RAMADAN-BUNDLE,paid
326765,2517,2026-07-07T11:59:12Z,,2725.97,,5,WINTER-FLYER,paid
326777,2531,2026-07-02T12:08:56Z,,3090.42,,6,LUX-R6,paid
326778,2532,2026-07-12T10:44:44Z,,4821.38,4821.38,11,NONE,paid
326785,2549,2026-07-12T13:12:56Z,,5784.55,,12,LUX-R6,shipped
326791,2555,2026-07-14T11:11:37Z,,1947.09,,7,LUX-R6,paid
326797,2564,2026-07-25T10:41:40Z,,2399.1,2399.10,8,WINTER-FLYER,paid
326799,2571,2026-07-25T13:02:17Z,,1506.2,,2,NONE,paid
326806,2579,2026-07-13T15:07:39Z,,5032.83,5032.83,11,,shipped
326807,2579,2026-07-03T10:10:16Z,,1428.91,1428.91,5,NONE,paid
326808,2582,2026-07-09T09:51:41Z,,1359.83,,5,RAMADAN-BUNDLE,paid
326812,2588,2026-07-02T08:44:11Z,,2425.28,,5,,shipped
326815,2593,2026-07-28T10:14:16Z,,2139.94,,5,WINTER-FLYER,shipped
326821,2604,2026-07-17T12:01:07Z,,1878.11,,9,RAMADAN-BUNDLE,pending_hold
326835,2620,2026-07-05T07:50:03Z,,7952.39,7952.39,13,NONE,shipped
326838,2621,2026-07-11T08:59:03Z,,1506.56,1506.56,4,RAMADAN-BUNDLE,paid
326840,2626,2026-07-18T12:57:22Z,,1916.64,,6,NONE,shipped
326851,2635,2026-07-23T06:27:17Z,,5900.62,,12,LUX-R6,paid
326852,2635,2026-07-09T11:50:22Z,,1821.83,,5,LUX-R6,canceled
326859,2645,2026-07-22T07:32:34Z,,2672.41,2672.41,8,WINTER-FLYER,pending_hold
326860,2647,2026-07-18T09:53:44Z,,3880.78,,6,LUX-R6,shipped
326861,2651,2026-07-02T10:56:59Z,,929.48,,3,NONE,pending_hold
326864,2658,2026-07-18T15:58:19Z,,2545.68,,3,NONE,paid
326865,2660,2026/07/19 18:09,,1956.23,,6,,pending_hold
326866,2660,2026-07-04T10:46:15Z,,3676.66,,12,NONE,paid
326867,2661,2026-07-13T14:32:21Z,,4316.85,,8,RAMADAN-BUNDLE,paid
326869,2666,2026-07-20T11:55:19Z,,3415.98,3415.98,8,,pending_hold
326871,2666,2026-07-17T12:14:03Z,,5457.78,5457.78,8,RAMADAN-BUNDLE,paid
326872,2667,2026-07-13T12:47:04Z,,2654.21,,8,NONE,shipped
326878,2682,2026-07-17T09:06:16Z,,3500.88,,8,WINTER-FLYER,canceled
326880,2690,2026-07-12T10:22:04Z,,1854.41,1854.41,6,WINTER-FLYER,shipped
326881,2694,2026-07-09T12:13:39Z,,6745.43,,11,WINTER-FLYER,shipped
326883,2694,2026-07-17T12:50:47Z,,4589.72,4589.72,4,RAMADAN-BUNDLE,pending_hold
326884,2696,2026-07-09T16:25:22Z,,6899.28,,13,NONE,shipped
326886,2697,2026-07-03T13:52:31Z,,6035.02,6035.02,9,LUX-R6,canceled
326887,2698,2026/07/20 12:14,,1127.38,1127.38,4,NONE,paid
326888,2698,2026-07-02T07:49:58Z,,1947.36,1947.36,8,LUX-R6,pending_hold
326890,2699,2026-07-20T10:01:56Z,,2467.32,,5,NONE,paid
326891,2701,2026-07-06T11:29:36Z,,1979.88,1979.88,6,RAMADAN-BUNDLE,paid
326892,2707,2026-07-14T13:39:39Z,,5959.12,,6,WINTER-FLYER,shipped
326895,2712,2026-07-06T10:54:05Z,,121.65,,2,LUX-R6,paid
326897,2715,2026-07-04T10:23:19Z,,2895.18,,9,NONE,pending_hold
326902,2726,2026-07-09T12:10:17Z,,3656.86,,9,NONE,pending_hold
326903,2726,2026-07-22T10:47:04Z,,1773.14,1773.14,5,,pending_hold
326906,2729,2026-07-04T13:45:19Z,,2589.17,,7,NONE,paid
326910,2733,2026-07-24T14:25:56Z,,2991.57,,5,NONE,paid
326914,2739,2026-07-26T10:59:24Z,,8200.35,,11,NONE,pending_hold
326915,2741,2026-07-04T08:51:35Z,,1717.16,,6,WINTER-FLYER,paid
326921,2752,2026-07-12T10:32:01Z,,2615.58,2615.58,5,NONE,pending_hold
326930,2765,2026-07-26T12:48:18Z,,4203.68,,9,NONE,pending_hold
326932,2765,2026-07-10T09:50:24Z,,3274.27,,7,RAMADAN-BUNDLE,paid
326940,2774,2026-07-22T11:08:03Z,,4515.48,,8,WINTER-FLYER,paid
326941,2774,2026-07-12T12:44:34Z,,3851.77,3851.77,5,NONE,shipped
326943,2777,2026-07-09T10:03:33Z,,6676.01,,14,NONE,pending_hold
326946,2783,2026-07-10T07:29:48Z,,5041.37,5041.37,8,,paid
326951,2790,2026-07-06T12:10:32Z,,2063.36,,5,RAMADAN-BUNDLE,shipped
326953,2794,2026-07-22T12:20:00Z,,1624.2,,6,RAMADAN-BUNDLE,paid
326954,2795,2026-07-25T11:21:36Z,,2375.84,,3,LUX-R6,paid
326955,2795,2026-07-23T06:52:30Z,,4034.77,,11,,canceled
326962,2802,2026-07-27T12:45:07Z,,998.91,,3,NONE,paid
326966,2805,2026-07-14T14:33:36Z,,2547.23,,2,WINTER-FLYER,pending_hold
326972,2810,2026-07-15T10:59:03Z,,4112.34,4112.34,7,,canceled
326974,2811,2026-07-24T11:10:50Z,,1726.36,,8,WINTER-FLYER,paid
326984,1004,2026-08-02T10:43:58Z,,1749.19,,3,WINTER-FLYER,paid
326985,1005,2026-08-13T10:35:18Z,,7784.08,7784.08,15,NONE,paid
326989,1013,2026-08-15T12:35:30Z,,3604.31,,8,LUX-R6,paid
326992,1019,2026-08-19T06:06:23Z,,1429.68,,2,,paid
326998,1022,2026-08-27T06:50:34Z,,8081.45,,11,LUX-R6,paid
327009,1042,2026-08-22T08:46:52Z,,3254.11,3254.11,2,,paid
327011,1045,2026-08-11T06:52:09Z,,2113.96,2113.96,4,LUX-R6,paid
327012,1049,2026-08-02T16:14:30Z,,5657.78,,9,LUX-R6,paid
327015,1049,2026-08-22T11:12:52Z,,2798.87,2798.87,11,WINTER-FLYER,pending_hold
327016,1049,2026-08-20T12:05:15Z,,2055.92,,4,,canceled
327017,1049,2026-08-26T07:25:26Z,,1287.59,1287.59,3,LUX-R6,shipped
327021,1065,2026-08-06T07:59:11Z,,1069.89,,4,RAMADAN-BUNDLE,shipped
327022,1065,2026/08/13 12:02,,2005.0,2005.00,6,LUX-R6,paid
327023,1066,2026-08-26T08:30:03Z,,4521.39,4521.39,7,NONE,paid
327024,1066,2026-08-25T10:03:55Z,,9918.77,,12,,paid
327025,1067,2026-08-21T11:27:13Z,,3826.88,3826.88,8,LUX-R6,paid
327036,1088,2026/08/04 09:52,,2270.57,,3,NONE,paid
327037,1088,2026/08/21 12:16,,2344.76,2344.76,9,RAMADAN-BUNDLE,shipped
327039,1092,2026-08-10T13:40:50Z,,3783.95,,8,LUX-R6,shipped
327040,1094,2026-08-05T08:37:01Z,,2174.54,,8,LUX-R6,shipped
327045,1100,2026-08-01T10:07:31Z,,2547.23,,5,,paid
327048,1107,2026-08-28T09:35:16Z,,1431.15,,4,LUX-R6,pending_hold
327054,1109,2026-08-23T12:02:48Z,,3988.11,3988.11,7,,paid
327056,1112,2026/08/13 16:03,,7293.28,7293.28,11,RAMADAN-BUNDLE,paid
327064,1116,2026-08-21T13:30:25Z,,1976.8,,7,,paid
327072,1135,2026/08/23 16:53,,2361.65,2361.65,4,WINTER-FLYER,canceled
327074,1139,2026-08-22T14:21:04Z,,2497.66,2497.66,9,LUX-R6,paid
327075,1139,2026-08-12T06:07:52Z,,3277.58,3277.58,4,LUX-R6,shipped
327082,1149,2026-08-01T12:05:51Z,,3411.68,,8,LUX-R6,paid
327083,1149,2026-08-27T15:58:50Z,,1343.14,1343.14,5,LUX-R6,shipped
327086,1151,2026-08-23T09:24:35Z,,903.72,,6,WINTER-FLYER,shipped
327087,1151,2026-08-15T10:06:03Z,,3343.82,,4,,shipped
327089,1156,2026-08-03T10:50:29Z,,4133.79,,12,NONE,paid
327090,1156,2026-08-15T06:49:59Z,,1437.66,,6,NONE,paid
327091,1156,2026-08-19T09:44:21Z,,1882.87,,4,RAMADAN-BUNDLE,canceled
327096,1162,2026-08-21T09:03:01Z,,2064.66,2064.66,4,NONE,pending_hold
327100,1167,2026-08-22T11:09:45Z,,2741.68,,8,RAMADAN-BUNDLE,paid
327111,1182,2026-08-23T06:01:35Z,,5074.1,,11,NONE,paid
327112,1183,2026-08-05T10:24:24Z,,2290.8,2290.80,3,LUX-R6,paid
327115,1194,2026-08-23T11:09:37Z,,3826.41,,12,RAMADAN-BUNDLE,paid
327123,1203,2026/08/24 13:55,,3820.5,,6,NONE,paid
327128,1204,2026-08-07T09:04:40Z,,1491.01,1491.01,5,WINTER-FLYER,paid
327129,1205,2026-08-14T06:36:35Z,,5996.25,,8,,paid
327131,1207,2026-08-07T09:24:43Z,,2365.08,,4,WINTER-FLYER,paid
327136,1215,2026-08-23T12:20:28Z,,5228.28,5228.28,11,NONE,canceled
327137,1216,2026-08-20T14:11:10Z,,829.37,,4,WINTER-FLYER,canceled
327138,1218,2026-08-27T07:22:16Z,,3204.55,3204.55,6,WINTER-FLYER,pending_hold
327140,1219,2026-08-21T15:42:28Z,,1209.18,1209.18,4,NONE,pending_hold
327146,1226,2026-08-05T12:04:08Z,,2556.27,,8,,pending_hold
327147,1226,2026-08-04T11:01:44Z,,2551.0,,7,LUX-R6,paid
327148,1227,2026-08-20T07:28:13Z,,5008.96,,10,LUX-R6,paid
327154,1228,2026-08-13T07:20:57Z,,3080.4,3080.40,6,WINTER-FLYER,paid
327157,1231,2026-08-18T08:49:54Z,,3702.13,,10,LUX-R6,paid
327164,1241,2026-08-11T09:06:53Z,,3621.72,3621.72,8,RAMADAN-BUNDLE,pending_hold
327165,1243,2026-08-22T06:48:17Z,,3120.04,3120.04,10,WINTER-FLYER,canceled
327166,1246,2026-08-03T08:49:32Z,,3852.48,,7,RAMADAN-BUNDLE,shipped
327169,1249,2026-08-20T18:28:48Z,,4059.07,4059.07,9,LUX-R6,paid
327171,1253,2026-08-25T12:24:00Z,,4444.14,4444.14,10,LUX-R6,paid
327174,1259,2026-08-15T12:00:59Z,,1510.22,,5,NONE,paid
327176,1260,2026/08/09 11:18,,2457.29,2457.29,6,WINTER-FLYER,canceled
327177,1261,2026-08-04T12:40:55Z,,1612.09,1612.09,5,WINTER-FLYER,pending_hold
327179,1262,2026-08-20T11:29:13Z,,3337.77,3337.77,5,NONE,paid
327180,1262,2026-08-28T06:29:23Z,,2190.92,2190.92,6,WINTER-FLYER,paid
327181,1262,2026-08-19T14:10:56Z,,2411.54,,7,RAMADAN-BUNDLE,canceled
327183,1262,2026-08-08T13:31:06Z,,5080.49,5080.49,6,NONE,pending_hold
327187,1267,2026/08/13 11:49,,3810.49,3810.49,6,RAMADAN-BUNDLE,shipped
327189,1269,2026-08-10T09:35:16Z,,3351.29,,8,WINTER-FLYER,canceled
327191,1271,2026-08-12T08:59:30Z,,3775.75,3775.75,5,NONE,paid
327192,1271,2026-08-16T08:08:23Z,,2511.79,,5,,canceled
327194,1271,2026-08-10T15:01:35Z,,4056.72,4056.72,5,NONE,shipped
327196,1272,2026-08-12T09:00:42Z,,2518.77,2518.77,5,,pending_hold
327199,1282,2026/08/24 17:37,,1926.08,,4,,shipped
327207,1296,2026-08-19T13:35:16Z,,1057.03,1057.03,4,NONE,pending_hold
327210,1298,2026-08-07T06:55:27Z,,7575.9,7575.90,12,,paid
327217,1310,2026-08-01T09:22:23Z,,1551.43,1551.43,5,NONE,shipped
327224,1313,2026-08-06T08:50:13Z,,4088.76,4088.76,7,WINTER-FLYER,canceled
327227,1315,2026-08-28T15:29:53Z,,1684.86,,5,RAMADAN-BUNDLE,paid
327231,1324,2026-08-18T10:12:26Z,,5977.7,,6,,canceled
327232,1324,2026-08-21T08:32:18Z,,3181.5,,8,,paid
327236,1326,2026-08-09T09:32:36Z,,1976.42,,3,,paid
327248,1337,2026-08-07T06:19:26Z,,1360.21,,2,WINTER-FLYER,paid
327249,1337,2026/08/03 13:27,,2400.09,,6,NONE,pending_hold
327251,1341,2026-08-11T12:53:49Z,,2220.14,2220.14,6,,paid
327252,1341,2026-08-04T09:29:22Z,,672.04,672.04,2,LUX-R6,canceled
327253,1341,2026-08-17T08:13:02Z,,1900.56,1900.56,3,LUX-R6,paid
327254,1341,2026-08-19T17:56:23Z,,3429.72,,8,LUX-R6,shipped
327255,1343,2026/08/24 10:32,,5037.26,5037.26,6,RAMADAN-BUNDLE,shipped
327262,1346,2026-08-23T11:30:58Z,,4310.47,,13,LUX-R6,pending_hold
327263,1347,2026-08-20T09:08:24Z,,9015.62,,13,LUX-R6,paid
327265,1355,2026-08-05T10:32:48Z,,10146.95,,14,WINTER-FLYER,canceled
327268,1358,2026-08-24T13:30:49Z,,3196.69,,6,WINTER-FLYER,paid
327270,1359,2026-08-02T06:48:49Z,,782.14,782.14,6,,paid
327271,1360,2026-08-19T13:55:54Z,,2162.87,2162.87,5,,paid
327273,1361,2026/08/25 08:34,,11866.81,11866.81,11,LUX-R6,paid
327275,1369,2026-08-19T08:59:10Z,,2450.24,,7,NONE,canceled
327278,1374,2026-08-11T11:04:36Z,,5546.52,,9,WINTER-FLYER,pending_hold
327279,1374,2026-08-28T10:14:04Z,,2219.11,,8,NONE,shipped
327280,1374,2026-08-02T10:32:24Z,,2861.51,,9,RAMADAN-BUNDLE,shipped
327289,1387,2026-08-25T15:41:16Z,,2869.59,2869.59,7,WINTER-FLYER,paid
327290,1388,2026-08-16T10:42:52Z,,2219.57,2219.57,6,RAMADAN-BUNDLE,shipped
327297,1398,2026-08-08T09:12:28Z,,3856.76,3856.76,9,NONE,paid
327304,1407,2026-08-20T06:11:43Z,,4831.71,4831.71,10,LUX-R6,paid
327305,1407,2026-08-05T09:21:00Z,,3670.72,3670.72,10,,paid
327310,1408,2026-08-24T11:55:53Z,,3888.06,,6,LUX-R6,canceled
327312,1412,2026-08-24T06:57:35Z,,1908.03,1908.03,5,NONE,paid
327319,1420,2026/08/12 13:36,,7072.51,7072.51,11,WINTER-FLYER,paid
327321,1426,2026-08-14T14:54:36Z,,1811.58,1811.58,4,WINTER-FLYER,paid
327323,1426,2026-08-06T12:54:22Z,,3476.62,3476.62,6,NONE,canceled
327324,1426,2026-08-01T06:26:42Z,,3198.72,3198.72,8,WINTER-FLYER,paid
327328,1426,2026-08-22T07:50:13Z,,3352.05,3352.05,5,NONE,canceled
327333,1437,2026-08-05T12:24:12Z,,4182.97,4182.97,8,NONE,shipped
327334,1437,2026-08-08T12:30:45Z,,6872.74,,10,NONE,pending_hold
327341,1454,2026-08-07T08:30:52Z,,2364.57,,4,LUX-R6,shipped
327343,1456,2026-08-16T10:14:50Z,,6585.2,,10,NONE,paid
327344,1457,2026-08-17T14:04:34Z,,3289.79,,6,,canceled
327354,1467,2026-08-22T12:58:36Z,,2068.37,2068.37,6,WINTER-FLYER,paid
327356,1469,2026-08-03T11:36:42Z,,2884.36,,8,RAMADAN-BUNDLE,paid
327357,1469,2026-08-28T14:07:44Z,,3405.95,,7,,pending_hold
327361,1473,2026/08/11 10:30,,5289.93,,12,WINTER-FLYER,shipped
327362,1473,2026/08/17 12:10,,6071.27,,11,LUX-R6,paid
327364,1478,2026-08-12T09:20:44Z,,5067.41,5067.41,9,WINTER-FLYER,paid
327365,1478,2026/08/14 12:21,,2503.46,2503.46,6,LUX-R6,shipped
327367,1487,2026-08-07T12:21:58Z,,3963.42,3963.42,5,WINTER-FLYER,paid
327368,1490,2026-08-07T10:37:34Z,,2587.66,,6,RAMADAN-BUNDLE,paid
327374,1497,2026/08/15 11:27,,7089.64,7089.64,11,WINTER-FLYER,paid
327375,1501,2026-08-09T06:07:11Z,,2931.19,,4,LUX-R6,canceled
327378,1501,2026-08-06T13:20:37Z,,1012.01,,3,NONE,canceled
327386,1507,2026-08-18T07:29:53Z,,2133.9,,9,,paid
327387,1507,2026-08-27T07:01:28Z,,4543.11,4543.11,6,NONE,paid
327391,1509,2026-08-14T07:44:37Z,,3122.69,3122.69,6,NONE,paid
327394,1514,2026-08-17T06:00:22Z,,2157.86,,6,LUX-R6,paid
327395,1515,2026-08-24T15:51:32Z,,3427.87,,4,NONE,paid
327398,1516,2026-08-11T06:47:23Z,,4226.53,4226.53,8,,shipped
327400,1520,2026-08-20T08:59:54Z,,3036.11,3036.11,7,NONE,paid
327405,1524,2026-08-16T07:45:39Z,,2215.05,,4,NONE,paid
327406,1524,2026-08-11T10:49:46Z,,2473.89,,4,,paid
327417,1542,2026-08-02T06:17:05Z,,7267.41,,6,WINTER-FLYER,paid
327419,1546,2026-08-18T11:48:15Z,,4603.94,4603.94,6,NONE,shipped
327423,1553,2026-08-24T11:57:25Z,,3412.67,3412.67,10,NONE,paid
327427,1558,2026-08-05T07:54:06Z,,4963.38,4963.38,8,RAMADAN-BUNDLE,paid
327429,1561,2026-08-15T06:41:42Z,,3212.78,,9,WINTER-FLYER,paid
327431,1563,2026-08-07T10:43:49Z,,4256.62,,11,WINTER-FLYER,shipped
327433,1565,2026-08-04T09:25:18Z,,2041.18,,4,,paid
327434,1565,2026-08-10T12:48:55Z,,2431.16,,3,NONE,paid
327440,1572,2026-08-15T08:38:22Z,,2366.16,2366.16,9,NONE,canceled
327441,1573,2026-08-28T13:28:55Z,,555.57,555.57,2,RAMADAN-BUNDLE,pending_hold
327454,1590,2026-08-14T11:33:58Z,,2694.67,,10,NONE,paid
327455,1590,2026-08-07T06:20:28Z,,5861.39,,12,RAMADAN-BUNDLE,canceled
327457,1594,2026-08-02T10:01:50Z,,6070.9,,8,LUX-R6,paid
327463,1600,2026-08-23T07:47:04Z,,5038.75,,5,,pending_hold
327465,1602,2026-08-28T11:50:02Z,,1142.01,1142.01,2,NONE,paid
327466,1603,2026-08-15T11:50:23Z,,2734.59,,5,NONE,canceled
327471,1609,2026-08-27T15:48:41Z,,4717.93,,2,WINTER-FLYER,pending_hold
327481,1622,2026-08-18T12:12:35Z,,6275.74,,11,,paid
327482,1622,2026-08-14T06:36:21Z,,2639.92,2639.92,6,NONE,pending_hold
327483,1625,2026-08-25T11:14:05Z,,394.27,,3,NONE,paid
327490,1632,2026-08-27T11:30:58Z,,1844.63,,2,NONE,shipped
327491,1633,2026-08-21T09:55:42Z,,798.77,,2,LUX-R6,paid
327497,1642,2026-08-23T12:07:10Z,,4453.22,,9,LUX-R6,pending_hold
327499,1648,2026-08-20T06:08:40Z,,5956.79,5956.79,10,LUX-R6,canceled
327505,1652,2026-08-07T15:42:04Z,,4711.02,4711.02,13,RAMADAN-BUNDLE,paid
327506,1654,2026-08-09T14:24:25Z,,915.79,915.79,3,NONE,paid
327509,1663,2026-08-12T08:39:55Z,,4662.16,4662.16,11,,paid
327512,1671,2026-08-18T09:33:44Z,,3657.53,3657.53,7,LUX-R6,paid
327513,1671,2026-08-17T09:48:32Z,,1609.7,1609.70,6,RAMADAN-BUNDLE,paid
327516,1671,2026-08-10T10:27:01Z,,4648.27,4648.27,5,NONE,canceled
327519,1675,2026-08-15T11:21:58Z,,3017.02,3017.02,5,NONE,pending_hold
327523,1678,2026-08-14T10:37:58Z,,7168.97,,5,WINTER-FLYER,pending_hold
327526,1685,2026-08-28T11:43:36Z,,761.66,761.66,3,,paid
327527,1686,2026-08-27T13:22:53Z,,1976.54,1976.54,2,NONE,paid
327532,1689,2026/08/02 14:52,,3398.64,,9,NONE,paid
327537,1696,2026-08-08T13:35:21Z,,1705.49,,4,NONE,shipped
327538,1696,2026-08-14T06:15:39Z,,3484.18,3484.18,6,,paid
327541,1698,2026-08-08T07:45:10Z,,3222.1,,14,LUX-R6,paid
327544,1701,2026-08-21T08:54:02Z,,5416.79,5416.79,15,NONE,shipped
327545,1703,2026/08/18 11:30,,4538.43,4538.43,7,,paid
327547,1711,2026-08-07T11:24:31Z,,3707.55,,8,WINTER-FLYER,shipped
327548,1716,2026/08/10 09:07,,962.64,,3,LUX-R6,paid
327552,1720,2026-08-04T15:49:41Z,,1431.85,,5,LUX-R6,paid
327556,1723,2026-08-23T13:06:36Z,,4950.21,4950.21,7,NONE,paid
327565,1731,2026-08-17T10:16:19Z,,9607.68,,11,LUX-R6,shipped
327566,1732,2026-08-18T06:02:10Z,,1224.59,,3,NONE,paid
327570,1735,2026-08-23T11:50:50Z,,5864.21,,12,LUX-R6,paid
327572,1735,2026-08-08T07:42:05Z,,3052.11,,4,,canceled
327573,1737,2026-08-12T10:50:28Z,,2104.84,2104.84,6,,paid
327575,1744,2026-08-19T11:36:34Z,,1716.58,,4,,canceled
327578,1748,2026/08/13 10:01,,1160.96,,2,WINTER-FLYER,canceled
327580,1750,2026-08-14T14:17:48Z,,5973.89,5973.89,10,WINTER-FLYER,pending_hold
327582,1751,2026-08-14T11:35:48Z,,3460.9,,9,NONE,canceled
327585,1762,2026-08-07T13:08:34Z,,4564.28,,10,RAMADAN-BUNDLE,canceled
327590,1767,2026-08-27T09:48:13Z,,6265.79,,9,NONE,paid
327591,1769,2026/08/18 11:58,,4778.07,,6,WINTER-FLYER,shipped
327592,1772,2026-08-18T07:24:59Z,,1882.7,1882.70,5,RAMADAN-BUNDLE,shipped
327594,1774,2026-08-18T15:54:51Z,,3251.81,,7,NONE,canceled
327595,1776,2026-08-24T08:35:59Z,,7288.79,7288.79,9,LUX-R6,paid
327598,1778,2026-08-01T15:05:17Z,,7013.27,,8,WINTER-FLYER,pending_hold
327599,1778,2026-08-01T11:32:24Z,,5316.28,5316.28,8,RAMADAN-BUNDLE,shipped
327602,1781,2026-08-07T10:26:16Z,,1775.99,,3,NONE,pending_hold
327606,1784,2026-08-24T11:08:48Z,,6162.92,,6,NONE,pending_hold
327610,1785,2026-08-01T06:36:51Z,,1745.5,,4,WINTER-FLYER,paid
327611,1789,2026-08-13T13:37:27Z,,1554.49,,6,RAMADAN-BUNDLE,pending_hold
327612,1789,2026-08-21T13:14:41Z,,7194.74,7194.74,10,RAMADAN-BUNDLE,shipped
327618,1797,2026-08-06T07:37:28Z,,1166.86,1166.86,7,LUX-R6,paid
327620,1802,2026-08-16T13:18:04Z,,3863.81,3863.81,8,RAMADAN-BUNDLE,paid
327622,1802,2026-08-18T11:21:22Z,,1932.63,1932.63,5,LUX-R6,paid
327623,1804,2026-08-22T10:11:30Z,,6919.9,,10,,shipped
327629,1814,2026-08-14T10:53:47Z,,2260.76,,9,NONE,paid
327630,1816,2026-08-07T06:39:40Z,,898.88,898.88,3,RAMADAN-BUNDLE,paid
327634,1817,2026-08-18T09:21:23Z,,1039.43,,3,LUX-R6,shipped
327635,1819,2026-08-17T11:12:59Z,,790.06,790.06,2,,paid
327638,1830,2026-08-15T11:57:36Z,,544.97,,6,RAMADAN-BUNDLE,paid
327642,1842,2026-08-25T07:02:30Z,,9627.5,9627.50,15,,paid
327643,1843,2026-08-18T07:08:12Z,,3237.22,3237.22,5,NONE,paid
327644,1843,2026-08-02T12:12:56Z,,3148.52,,6,NONE,paid
327652,1857,2026-08-05T08:15:17Z,,1487.5,,5,,canceled
327653,1859,2026/08/16 08:23,,7696.36,,9,RAMADAN-BUNDLE,paid
327657,1865,2026-08-28T07:55:51Z,,3577.89,3577.89,8,LUX-R6,paid
327660,1866,2026-08-05T06:27:39Z,,2703.16,2703.16,7,RAMADAN-BUNDLE,pending_hold
327662,1866,2026-08-26T06:55:28Z,,4307.74,,11,NONE,paid
327664,1871,2026-08-20T12:53:49Z,,4822.24,,15,,paid
327669,1874,2026-08-03T10:39:17Z,,4535.86,4535.86,6,RAMADAN-BUNDLE,paid
327672,1877,2026/08/25 14:02,,1210.5,,2,NONE,paid
327678,1883,2026-08-24T06:27:50Z,,1996.54,1996.54,8,NONE,canceled
327682,1888,2026-08-15T14:13:31Z,,6037.44,,11,NONE,canceled
327684,1892,2026/08/03 08:48,,6875.81,6875.81,11,WINTER-FLYER,shipped
327690,1897,2026-08-03T06:19:31Z,,9460.36,9460.36,10,WINTER-FLYER,paid
327694,1902,2026-08-07T07:43:10Z,,1905.18,1905.18,7,RAMADAN-BUNDLE,pending_hold
327700,1914,2026-08-11T14:27:47Z,,3017.56,3017.56,6,WINTER-FLYER,canceled
327707,1925,2026-08-12T06:11:06Z,,5612.68,5612.68,11,WINTER-FLYER,paid
327708,1925,2026-08-19T10:56:49Z,,12084.32,12084.32,14,LUX-R6,canceled
327710,1930,2026/08/15 11:24,,2922.08,,3,NONE,paid
327713,1931,2026/08/18 16:44,,4668.16,4668.16,8,LUX-R6,shipped
327714,1933,2026-08-09T15:42:03Z,,2565.95,,4,WINTER-FLYER,paid
327720,1938,2026-08-03T14:49:15Z,,2061.47,2061.47,4,RAMADAN-BUNDLE,paid
327727,1953,2026-08-15T07:14:04Z,,3498.74,,7,,paid
327732,1958,2026-08-02T13:47:26Z,,3670.9,3670.90,12,,pending_hold
327734,1959,2026/08/08 14:03,,3317.81,3317.81,4,RAMADAN-BUNDLE,paid
327736,1961,2026-08-19T08:51:59Z,,4157.01,4157.01,6,WINTER-FLYER,paid
327748,1987,2026-08-11T09:14:55Z,,2171.61,,5,NONE,paid
327749,1987,2026-08-22T08:36:25Z,,3372.76,,7,NONE,shipped
327751,1991,2026-08-19T11:30:53Z,,4491.39,4491.39,10,WINTER-FLYER,shipped
327752,1991,2026-08-21T12:32:45Z,,1337.58,,3,LUX-R6,paid
327755,1994,2026-08-01T12:01:51Z,,4848.53,,9,RAMADAN-BUNDLE,shipped
327761,2005,2026-08-25T06:14:32Z,,4604.97,4604.97,4,NONE,pending_hold
327765,2008,2026-08-22T11:23:24Z,,2058.94,2058.94,5,NONE,paid
327772,2017,2026-08-12T09:29:29Z,,4335.09,,3,LUX-R6,paid
327778,2028,2026-08-20T12:04:48Z,,3136.63,3136.63,6,RAMADAN-BUNDLE,pending_hold
327779,2034,2026-08-03T14:00:51Z,,2296.06,2296.06,6,WINTER-FLYER,pending_hold
327782,2037,2026-08-17T08:26:23Z,,3006.82,,8,,canceled
327783,2037,2026-08-28T15:52:52Z,,2017.89,,4,RAMADAN-BUNDLE,paid
327790,2043,2026-08-10T06:07:34Z,,2391.51,,7,NONE,canceled
327796,2044,2026-08-27T06:07:47Z,,7610.54,7610.54,15,NONE,paid
327799,2049,2026-08-27T08:04:25Z,,11230.35,11230.35,10,NONE,shipped
327800,2052,2026-08-23T06:22:33Z,,5098.98,5098.98,7,LUX-R6,pending_hold
327803,2055,2026-08-06T10:42:34Z,,3944.4,3944.40,4,WINTER-FLYER,canceled
327804,2058,2026-08-28T08:51:57Z,,1632.79,,5,,paid
327806,2061,2026-08-21T10:59:55Z,,3541.35,3541.35,8,,paid
327807,2061,2026-08-10T09:53:25Z,,1367.86,,8,NONE,pending_hold
327808,2070,2026-08-10T10:08:34Z,,2593.57,,4,LUX-R6,shipped
327813,2075,2026-08-06T15:28:11Z,,7285.74,,9,RAMADAN-BUNDLE,paid
327817,2079,2026-08-22T12:09:11Z,,5596.33,,11,,pending_hold
327819,2091,2026-08-07T15:31:55Z,,1179.88,1179.88,4,NONE,paid
327826,2101,2026-08-22T06:39:13Z,,2001.13,2001.13,4,RAMADAN-BUNDLE,paid
327829,2103,2026-08-24T07:25:13Z,,1761.88,1761.88,3,WINTER-FLYER,paid
327838,2118,2026-08-02T11:03:31Z,,4011.59,,10,NONE,pending_hold
327841,2125,2026-08-11T10:04:07Z,,1850.96,1850.96,8,,paid
327843,2128,2026-08-06T06:22:28Z,,5096.72,5096.72,9,WINTER-FLYER,paid
327846,2133,2026-08-03T06:58:27Z,,1080.73,,2,NONE,paid
327852,2138,2026-08-05T12:18:18Z,,9380.2,,15,WINTER-FLYER,shipped
327853,2139,2026-08-27T11:13:52Z,,4299.34,,8,WINTER-FLYER,paid
327857,2145,2026-08-06T09:19:42Z,,2905.67,,8,RAMADAN-BUNDLE,paid
327859,2151,2026-08-11T11:22:41Z,,1121.12,,4,NONE,shipped
327864,2156,2026-08-21T13:33:21Z,,2047.85,2047.85,6,NONE,paid
327867,2160,2026-08-10T10:29:23Z,,1987.82,1987.82,3,NONE,paid
327869,2164,2026-08-21T06:57:17Z,,7269.98,7269.98,12,NONE,paid
327872,2168,2026-08-27T09:25:17Z,,6157.35,6157.35,11,NONE,canceled
327875,2169,2026-08-25T10:26:56Z,,2331.71,,3,,canceled
327876,2171,2026-08-26T10:01:40Z,,1582.3,1582.30,4,NONE,paid
327886,2178,2026-08-20T10:35:06Z,,2747.13,2747.13,6,WINTER-FLYER,paid
327888,2181,2026-08-19T07:16:33Z,,1495.46,,8,RAMADAN-BUNDLE,paid
327890,2181,2026-08-11T07:35:56Z,,3710.2,,6,,shipped
327892,2182,2026-08-27T12:38:54Z,,3581.12,3581.12,10,RAMADAN-BUNDLE,pending_hold
327893,2183,2026-08-25T07:44:31Z,,7197.68,,11,WINTER-FLYER,canceled
327897,2185,2026-08-26T10:40:06Z,,2388.35,,6,NONE,shipped
327898,2185,2026-08-06T08:32:30Z,,4777.34,,8,LUX-R6,paid
327900,2188,2026-08-17T06:50:35Z,,1279.12,,6,NONE,paid
327901,2189,2026-08-22T10:48:23Z,,4761.71,,10,,paid
327902,2190,2026-08-14T06:33:52Z,,3373.79,,7,RAMADAN-BUNDLE,paid
327906,2196,2026-08-02T12:51:11Z,,4673.88,,8,WINTER-FLYER,paid
327908,2198,2026-08-05T09:56:37Z,,5648.1,5648.10,12,NONE,paid
327910,2204,2026-08-01T06:41:25Z,,2387.19,,4,RAMADAN-BUNDLE,shipped
327913,2206,2026-08-05T12:49:09Z,,9659.65,9659.65,15,,pending_hold
327915,2206,2026-08-13T08:33:26Z,,5194.86,5194.86,15,LUX-R6,paid
327916,2213,2026-08-06T12:11:25Z,,5403.65,5403.65,6,,pending_hold
327919,2215,2026/08/07 14:55,,3141.11,,6,RAMADAN-BUNDLE,pending_hold
327921,2219,2026-08-20T11:37:36Z,,10097.68,,15,LUX-R6,paid
327922,2219,2026-08-16T09:08:22Z,,2708.13,2708.13,5,NONE,paid
327924,2222,2026-08-06T08:54:51Z,,3315.8,,5,NONE,paid
327933,2234,2026-08-06T14:03:04Z,,5277.4,,14,NONE,pending_hold
327936,2236,2026-08-21T06:01:33Z,,8168.56,8168.56,12,RAMADAN-BUNDLE,canceled
327942,2244,2026-08-14T06:43:48Z,,1932.69,,7,RAMADAN-BUNDLE,paid
327947,2251,2026-08-12T12:56:22Z,,3329.46,3329.46,5,NONE,paid
327948,2251,2026-08-04T06:47:36Z,,1127.58,,5,RAMADAN-BUNDLE,canceled
327951,2252,2026-08-10T11:10:13Z,,5009.58,5009.58,7,RAMADAN-BUNDLE,paid
327955,2258,2026-08-25T06:17:58Z,,3407.09,,7,,paid
327958,2262,2026-08-03T08:54:05Z,,3808.68,,6,RAMADAN-BUNDLE,shipped
327966,2276,2026-08-14T14:04:40Z,,5534.5,5534.50,10,WINTER-FLYER,paid
327967,2279,2026/08/13 13:01,,6792.85,6792.85,12,WINTER-FLYER,pending_hold
327968,2279,2026-08-22T06:10:35Z,,5331.59,,6,NONE,canceled
327973,2287,2026-08-17T07:20:36Z,,1448.03,,7,NONE,paid
327976,2294,2026-08-06T15:20:01Z,,6440.43,,12,LUX-R6,pending_hold
327981,2303,2026/08/10 13:41,,2272.63,2272.63,3,WINTER-FLYER,paid
327985,2304,2026-08-13T14:46:11Z,,3871.55,3871.55,7,NONE,canceled
327986,2310,2026-08-01T08:53:24Z,,3504.8,,7,LUX-R6,shipped
327995,2320,2026-08-23T10:19:43Z,,5785.53,,8,WINTER-FLYER,paid
327996,2322,2026-08-23T08:19:01Z,,3514.74,,5,,shipped
328003,2326,2026-08-19T06:00:38Z,,4242.57,,6,NONE,pending_hold
328005,2331,2026-08-17T10:40:37Z,,6919.04,6919.04,13,RAMADAN-BUNDLE,shipped
328008,2333,2026-08-26T14:10:48Z,,5170.77,5170.77,9,LUX-R6,canceled
328012,2337,2026-08-17T13:18:30Z,,3374.69,3374.69,6,,shipped
328014,2337,2026/08/28 13:27,,6082.61,6082.61,9,LUX-R6,pending_hold
328015,2337,2026-08-27T11:07:48Z,,2692.14,,6,LUX-R6,pending_hold
328016,2340,2026-08-20T08:33:00Z,,1518.02,1518.02,5,NONE,paid
328017,2343,2026/08/05 14:10,,4472.82,,5,NONE,paid
328022,2350,2026-08-15T07:39:10Z,,5021.39,5021.39,6,NONE,shipped
328026,2357,2026-08-08T10:11:39Z,,3472.08,3472.08,9,RAMADAN-BUNDLE,pending_hold
328030,2362,2026-08-09T09:45:18Z,,5516.84,,10,,paid
328034,2363,2026-08-12T06:39:18Z,,1534.24,,7,NONE,paid
328037,2373,2026-08-05T09:52:10Z,,6509.6,,8,NONE,paid
328039,2380,2026/08/11 14:44,,2833.88,2833.88,6,NONE,paid
328044,2390,2026-08-01T07:50:14Z,,3468.57,,9,NONE,pending_hold
328052,2405,2026-08-19T13:56:10Z,,2010.74,2010.74,7,NONE,shipped
328057,2411,2026-08-21T06:05:36Z,,4420.58,4420.58,7,RAMADAN-BUNDLE,pending_hold
328058,2411,2026-08-03T10:30:23Z,,6844.21,6844.21,13,NONE,shipped
328059,2412,2026-08-19T14:56:50Z,,1729.94,,4,LUX-R6,canceled
328073,2420,2026-08-19T16:32:40Z,,2490.43,2490.43,6,RAMADAN-BUNDLE,paid
328074,2432,2026-08-09T07:17:36Z,,2833.63,,5,WINTER-FLYER,paid
328077,2433,2026-08-08T08:16:50Z,,4187.81,4187.81,9,LUX-R6,paid
328079,2437,2026-08-25T06:43:31Z,,5912.2,5912.20,10,,shipped
328090,2447,2026-08-01T16:38:01Z,,881.71,881.71,4,RAMADAN-BUNDLE,paid
328096,2460,2026-08-15T16:21:49Z,,1509.3,1509.30,4,LUX-R6,paid
328103,2468,2026-08-05T15:48:32Z,,2397.86,,4,NONE,pending_hold
328109,2476,2026-08-27T11:46:49Z,,1591.38,1591.38,5,LUX-R6,shipped
328113,2481,2026-08-26T10:28:21Z,,4934.43,,10,RAMADAN-BUNDLE,canceled
328117,2483,2026-08-12T15:02:59Z,,6017.68,,11,NONE,paid
328121,2490,2026-08-11T06:53:25Z,,2974.34,,4,WINTER-FLYER,paid
328127,2495,2026-08-24T13:58:14Z,,6789.09,6789.09,11,,shipped
328131,2497,2026-08-19T13:58:18Z,,1879.37,1879.37,6,NONE,pending_hold
328135,2502,2026-08-27T14:24:20Z,,6294.12,,6,RAMADAN-BUNDLE,canceled
328140,2513,2026-08-05T09:46:56Z,,8777.71,8777.71,15,,paid
328147,2518,2026-08-11T11:37:21Z,,4771.2,4771.20,9,NONE,paid
328152,2520,2026-08-25T09:40:16Z,,2002.81,,4,NONE,pending_hold
328153,2524,2026-08-01T09:34:59Z,,1802.12,1802.12,8,RAMADAN-BUNDLE,paid
328159,2535,2026-08-19T10:46:23Z,,10554.64,,13,NONE,paid
328161,2542,2026-08-19T14:41:42Z,,8100.91,8100.91,15,NONE,shipped
328163,2544,2026-08-01T09:21:36Z,,4238.47,4238.47,9,NONE,paid
328175,2571,2026-08-24T12:59:49Z,,6414.39,,12,LUX-R6,paid
328178,2574,2026-08-19T12:44:01Z,,2537.69,,12,NONE,paid
328179,2575,2026-08-13T08:31:19Z,,3377.28,,5,RAMADAN-BUNDLE,shipped
328184,2579,2026-08-22T06:24:25Z,,5402.69,5402.69,6,LUX-R6,shipped
328185,2579,2026-08-19T12:45:24Z,,3852.84,,6,WINTER-FLYER,paid
328187,2583,2026-08-17T07:34:08Z,,3381.35,3381.35,4,LUX-R6,paid
328188,2584,2026-08-26T13:48:55Z,,2925.67,,9,NONE,paid
328198,2596,2026-08-06T06:02:08Z,,2379.74,,5,LUX-R6,shipped
328207,2609,2026-08-16T06:18:58Z,,2130.38,,5,LUX-R6,pending_hold
328209,2609,2026-08-17T13:25:31Z,,2853.94,,5,RAMADAN-BUNDLE,canceled
328210,2609,2026-08-16T11:46:47Z,,7624.37,7624.37,8,,shipped
328211,2610,2026-08-14T10:36:13Z,,7698.57,,9,RAMADAN-BUNDLE,paid
328214,2611,2026-08-19T11:37:42Z,,7270.79,,6,RAMADAN-BUNDLE,paid
328215,2612,2026-08-23T13:12:09Z,,4988.16,4988.16,4,RAMADAN-BUNDLE,paid
328218,2616,2026-08-02T09:26:32Z,,6298.87,6298.87,12,,paid
328219,2617,2026-08-24T06:59:56Z,,3898.3,3898.30,7,RAMADAN-BUNDLE,paid
328220,2622,2026-08-20T11:01:41Z,,2719.78,,4,RAMADAN-BUNDLE,shipped
328223,2624,2026-08-03T14:05:42Z,,3705.96,3705.96,11,,paid
328230,2627,2026/08/01 11:58,,2233.46,,8,,shipped
328234,2633,2026-08-03T11:01:09Z,,3103.88,,10,,pending_hold
328236,2635,2026-08-10T11:13:01Z,,3032.73,3032.73,4,,paid
328240,2648,2026/08/16 13:50,,5113.6,,7,NONE,paid
328245,2658,2026-08-24T12:41:26Z,,4942.5,4942.50,6,WINTER-FLYER,paid
328249,2658,2026-08-11T11:09:40Z,,2927.59,,6,NONE,paid
328250,2658,2026/08/25 16:33,,2975.13,,5,,shipped
328255,2665,2026-08-23T10:58:53Z,,1547.49,1547.49,4,,paid
328259,2674,2026-08-10T07:38:48Z,,975.05,975.05,5,,canceled
328260,2680,2026-08-12T09:02:16Z,,3233.73,,6,,paid
328263,2683,2026-08-12T08:03:48Z,,2104.36,,9,LUX-R6,paid
328264,2683,2026-08-08T06:13:12Z,,5664.29,,11,LUX-R6,canceled
328268,2690,2026-08-17T06:36:39Z,,1862.9,,4,RAMADAN-BUNDLE,pending_hold
328274,2697,2026-08-04T06:49:01Z,,2307.45,,3,LUX-R6,paid
328276,2698,2026-08-16T11:33:36Z,,2455.41,,6,NONE,paid
328281,2701,2026-08-22T06:42:06Z,,3302.54,3302.54,7,,shipped
328283,2709,2026-08-06T07:54:23Z,,3737.77,3737.77,8,WINTER-FLYER,paid
328285,2715,2026-08-22T06:18:16Z,,7043.42,,10,RAMADAN-BUNDLE,paid
328288,2720,2026-08-06T09:56:51Z,,4233.77,4233.77,6,NONE,paid
328293,2726,2026-08-27T10:47:06Z,,2279.06,2279.06,9,,shipped
328297,2729,2026-08-26T16:14:42Z,,4055.38,,8,WINTER-FLYER,canceled
328299,2730,2026-08-15T09:42:13Z,,7959.64,7959.64,12,,paid
328302,2733,2026-08-04T10:18:45Z,,3674.16,3674.16,9,NONE,canceled
328308,2746,2026-08-16T11:58:23Z,,2846.8,2846.80,7,LUX-R6,canceled
328310,2746,2026-08-07T08:15:19Z,,1399.63,,3,NONE,canceled
328312,2748,2026-08-07T10:21:24Z,,3983.29,,7,WINTER-FLYER,paid
328317,2752,2026-08-28T13:20:05Z,,5754.96,5754.96,7,NONE,shipped
328319,2754,2026-08-17T14:38:45Z,,2320.42,,7,LUX-R6,paid
328320,2755,2026-08-01T12:07:45Z,,3366.18,,6,NONE,canceled
328324,2758,2026-08-18T06:57:25Z,,2144.83,,4,WINTER-FLYER,shipped
328330,2766,2026-08-18T08:28:00Z,,1721.72,,8,LUX-R6,paid
328332,2769,2026/08/03 12:14,,4341.01,,7,WINTER-FLYER,pending_hold
328334,2771,2026/08/13 15:40,,1518.11,,5,RAMADAN-BUNDLE,paid
328336,2773,2026-08-22T10:37:37Z,,6522.14,6522.14,8,NONE,canceled
328339,2776,2026-08-22T12:28:28Z,,3008.78,,7,,canceled
328342,2779,2026-08-01T06:39:36Z,,888.47,888.47,2,RAMADAN-BUNDLE,pending_hold
328347,2787,2026-08-23T07:07:04Z,,6883.62,,10,RAMADAN-BUNDLE,paid
328357,2802,2026-08-27T06:19:41Z,,4272.41,,7,,canceled
328361,2803,2026-08-28T12:43:27Z,,2170.79,,6,WINTER-FLYER,canceled
328367,2807,2026-08-07T11:44:53Z,,9790.54,,13,,pending_hold
328371,2813,2026-08-10T06:44:23Z,,3532.34,,10,RAMADAN-BUNDLE,paid
