doc_no,qty,unit_price,line_value,vat_flag
300001,3,445.20,1066.53,
300001,5,292.01,1188.62,
300001,4,13.19,42.79,
300002,5,230.16,961.40,
300002,3,164.38,434.40,
300002,3,11.54,28.04,
300002,3,299.88,755.69,
300002,3,57.77,148.86,
300002,2,542.13,897.46,
300002,3,8.34,20.83,
300002,4,165.09,557.21,
300002,4,164.31,541.69,
300002,3,66.00,165.89,
300002,4,25.51,84.16,
300003,1,530.91,420.10,
300003,4,8.00,22.97,
300003,3,13.46,29.81,
300003,2,60.88,93.27,
300003,3,321.93,728.94,
300003,3,140.32,322.91,
300003,4,298.94,925.52,
300003,4,295.47,850.70,
300003,5,460.32,1790.56,
300003,4,103.20,340.83,
300003,7,229.68,1165.97,
300003,4,101.76,330.49,
300003,3,543.15,1158.33,
300004,4,155.65,540.66,
300004,3,8.70,25.03,
300004,5,140.84,631.82,
300004,5,414.12,1851.16,
300004,4,233.76,832.74,
300004,5,12.44,54.76,
300004,3,7.22,19.59,
300004,5,17.17,73.25,
300005,7,417.48,2087.70,
300005,3,35.38,78.83,
300005,5,202.54,763.12,
300005,6,134.11,594.84,
300005,3,137.02,283.20,
300005,3,8.62,18.78,
300008,4,71.51,248.47,
300008,7,115.40,654.67,
300008,4,154.28,498.02,
300008,6,77.56,402.89,
300011,3,199.47,530.77,
300011,2,119.30,211.19,
300011,2,36.04,60.41,
300011,3,23.50,64.92,
300011,3,160.86,421.04,
300013,2,112.81,202.39,
300013,3,17.15,43.61,
300015,4,107.38,357.93,
300015,2,162.34,264.82,
300015,4,312.48,1074.92,
300015,4,11.91,35.95,
300015,2,144.41,237.02,
300015,3,157.62,425.51,
300015,2,169.66,285.28,
300015,2,7.74,14.36,
300015,7,42.03,252.29,
300015,6,17.84,94.55,
300017,3,126.32,346.97,
300017,4,84.54,306.71,
300017,5,45.99,186.63,
300017,4,559.47,2030.25,
300018,5,440.58,1644.44,
300018,6,143.22,709.37,
300019,2,260.16,427.51,
300019,5,7.30,32.90,
300019,2,12.08,18.26,
300019,5,16.99,67.02,
300019,4,310.59,1022.29,
300019,2,8.63,14.51,
300019,5,528.87,2155.70,
300020,3,17.91,51.84,
300020,2,340.20,603.50,
300020,3,11.56,32.02,
300020,6,329.81,1819.17,
300022,3,16.58,38.54,
300022,5,74.89,306.14,
300022,7,135.83,764.93,
300022,4,133.58,452.66,
300022,3,187.58,435.99,
300022,3,199.47,481.19,
300022,3,217.30,535.23,
300022,3,42.39,96.17,
300022,6,7.80,39.64,
300024,3,7.85,21.35,
300024,7,189.20,1233.14,
300024,3,470.73,1172.22,
300024,3,78.58,203.85,
300025,4,313.74,1010.61,
300025,1,79.21,67.30,
300025,2,121.07,189.63,
300025,5,11.69,48.46,
300025,2,57.77,90.51,
300025,8,158.93,932.76,
300025,4,17.28,64.95,
300025,4,35.97,111.01,
300025,4,79.99,270.48,
300025,7,383.04,2215.09,
300025,3,72.30,170.47,
300028,2,65.82,112.34,
300028,4,193.25,641.53,
300028,4,72.22,241.74,
300028,5,132.13,562.68,
300028,3,413.28,1107.22,
300028,4,426.30,1560.33,
300028,2,19.19,35.36,
300035,4,248.40,846.17,
300035,10,188.67,1485.22,
300035,6,18.65,89.53,
300035,3,493.17,1147.58,
300037,6,85.64,423.27,
300037,5,7.30,30.92,
300037,5,95.04,429.23,
300037,3,62.16,165.78,
300037,2,147.59,272.72,
300037,3,78.66,212.25,
300037,4,383.88,1345.54,
300040,4,7.82,28.72,
300040,3,155.65,387.76,
300040,8,291.69,2139.03,
300041,3,128.15,292.17,
300041,2,82.03,130.37,
300041,1,125.08,93.27,
300041,6,87.74,436.65,
300042,2,63.26,113.33,
300042,4,7.75,26.96,
300042,5,11.51,50.03,
300042,6,7.60,45.60,
300042,3,162.03,435.16,
300042,5,156.86,686.07,
300042,4,309.02,1093.02,
300042,3,89.47,244.30,
300042,3,8.06,22.99,
300042,7,551.31,3463.36,
300042,2,65.64,117.08,
300042,6,22.56,118.15,
300042,6,30.92,169.70,
300042,6,66.19,347.93,
300042,9,501.33,3906.89,
300043,5,472.77,1909.02,
300043,6,62.77,319.48,
300043,2,18.67,27.26,
300043,3,23.83,58.24,
300043,3,297.68,690.37,
300043,6,402.78,1808.14,
300043,4,23.26,70.24,
300043,3,457.38,1100.72,
300043,3,19.44,46.09,
300043,4,220.80,711.94,
300044,3,61.37,171.57,
300044,7,88.13,567.33,
300044,4,34.78,124.33,
300044,4,8.22,28.16,
300044,7,8.21,53.62,
300044,2,8.20,15.04,
300044,9,120.71,1030.14,
300049,3,49.19,133.25,
300049,5,60.63,261.17,
300049,3,162.62,436.04,
300049,4,65.09,238.50,
300049,2,97.34,161.01,
300049,2,24.34,43.74,
300049,2,333.27,631.17,
300049,4,383.88,1304.23,
300049,1,79.76,69.40,
300049,5,119.65,523.02,
300050,2,257.76,435.41,
300050,3,13.20,34.02,
300050,4,31.02,99.04,
300050,2,16.61,27.43,
300050,3,184.80,473.20,
300050,7,139.54,809.82,
300050,3,32.93,76.88,
300050,5,168.61,695.68,
300050,4,231.12,738.23,
300050,2,545.70,862.08,
300050,7,525.30,2979.25,
300050,2,142.56,230.73,
300052,3,124.61,324.05,
300052,5,164.16,695.17,
300052,5,517.65,2345.91,
300052,1,7.52,6.49,
300052,5,64.84,288.44,
300053,2,177.41,295.64,
300053,2,186.35,293.21,
300053,3,219.35,520.03,
300053,6,225.09,1206.44,
300054,5,64.11,257.07,
300054,5,59.41,253.40,
300054,5,78.42,335.37,
300054,7,55.94,329.01,
300058,6,43.25,216.58,
300058,4,501.84,1738.07,
300059,6,343.04,1487.83,
300059,4,78.19,222.93,
300059,7,11.35,61.77,
300059,7,22.22,122.24,
300059,4,8.34,24.91,
300059,4,58.74,172.85,
300060,5,222.24,987.32,
300060,8,241.68,1697.33,
300060,4,287.91,999.93,
300060,3,246.48,672.50,
300060,4,67.04,210.95,
300060,4,16.36,57.11,
300062,7,8.60,49.38,
300062,4,56.61,173.58,
300062,6,292.95,1438.36,
300062,5,8.54,32.47,
300062,4,306.50,991.56,
300062,6,12.76,61.22,
300062,4,24.24,74.69,
300063,5,63.75,251.71,
300063,9,16.83,120.47,
300063,5,81.80,339.87,
300063,3,155.95,424.12,
300063,5,180.75,782.51,
300063,1,439.32,369.28,
300063,5,174.59,709.41,
300065,4,123.19,407.30,
300065,7,13.59,78.35,
300065,4,59.35,183.11,
300065,6,22.30,103.27,
300065,6,512.04,2455.79,
300065,3,100.22,273.99,
300066,3,162.03,405.62,
300066,2,61.55,95.60,
300066,4,41.99,140.72,
300066,3,408.24,988.86,
300066,6,113.04,570.28,
300066,5,19.46,72.58,
300069,7,142.42,987.06,
300069,1,226.80,195.25,
300069,2,78.26,151.14,
300069,5,166.50,782.24,
300069,4,34.65,133.06,
300069,3,434.28,1198.94,
300069,5,170.72,749.03,
300069,4,123.43,401.38,
300071,2,35.31,62.09,
300071,4,11.68,39.91,
300071,6,187.17,973.15,
300071,7,104.45,636.29,
300071,1,235.92,203.36,
300071,1,121.31,102.90,
300071,3,129.10,353.12,
300071,4,17.01,60.62,
300071,2,7.81,13.75,
300071,5,159.46,705.86,
300071,4,161.27,549.92,
300071,5,59.23,253.20,
300071,2,401.52,763.31,
300071,3,19.58,48.20,
300071,3,12.86,35.57,
300072,6,135.17,570.06,
300072,4,122.01,381.24,
300072,2,399.84,598.30,
300072,6,218.88,1011.30,
300072,6,48.87,211.28,
300074,8,474.30,3598.14,
300074,3,23.95,64.35,
300074,6,180.58,932.09,
300074,4,162.27,517.07,
300074,4,163.15,562.33,
300074,3,25.22,70.59,
300074,6,30.03,158.72,
300074,6,193.73,1053.19,
300074,5,169.49,724.78,
300074,3,179.17,471.53,
300074,4,328.86,1173.37,
300074,8,72.85,540.89,
300074,4,44.19,157.55,
300075,4,145.46,463.79,
300075,5,131.60,532.51,
300075,4,305.24,986.94,
300075,6,91.97,408.57,
300075,6,185.68,967.63,
300075,2,491.13,811.20,
300075,5,60.15,231.70,
300079,2,7.48,11.53,
300079,3,300.20,678.10,
300079,4,13.60,38.97,
300079,8,74.73,456.69,
300079,5,172.48,675.22,
300079,1,193.25,133.08,
300079,5,110.21,414.23,
300079,4,252.00,758.86,
300083,3,63.56,153.52,
300083,4,7.68,21.81,
300083,6,36.10,170.63,
300083,4,517.65,1672.28,
300083,1,220.58,186.72,
300083,4,161.58,510.63,
300083,3,25.46,61.80,
300083,2,204.39,334.51,
300083,2,305.24,442.18,
300083,4,84.47,258.36,
300084,4,415.80,1291.82,
300084,3,7.49,16.17,
300084,4,63.62,191.72,
300084,7,193.52,1065.91,
300084,3,100.61,212.35,
300084,4,65.21,198.40,
300084,5,49.41,184.71,
300084,4,41.13,117.51,
300084,7,113.04,570.19,
300084,3,7.38,17.53,
300084,6,66.80,309.02,
300085,7,8.19,46.24,
300085,6,17.60,87.19,
300085,3,93.22,236.24,
300085,3,408.24,1009.54,
300085,3,91.10,234.23,
300085,4,204.80,641.54,
300085,8,90.05,603.52,
300085,3,94.37,253.78,
300086,7,71.44,410.67,
300086,2,13.05,21.70,
300086,5,143.88,635.00,
300086,1,159.98,128.50,
300086,4,87.26,269.67,
300086,4,22.58,75.95,
300087,5,129.56,469.88,
300087,5,12.06,46.55,
300087,4,91.97,294.54,
300087,4,434.28,1322.75,
300087,2,299.57,421.84,
300088,5,555.90,2150.88,
300088,2,474.30,729.15,
300088,4,46.31,138.67,
300088,1,8.30,6.21,
300088,2,64.17,90.40,
300088,3,25.63,57.77,
300088,7,234.24,1220.73,
300088,2,23.81,36.84,
300088,8,155.95,911.73,
300088,2,430.92,688.69,
300088,4,385.98,1197.23,
300089,6,31.68,179.53,
300089,1,204.59,183.93,
300089,4,124.87,441.56,
300089,6,432.60,2246.84,
300089,5,73.40,317.41,
300089,5,18.41,80.47,
300089,2,315.63,602.24,
300089,6,295.79,1597.81,
300089,3,164.21,448.68,
300089,6,74.42,390.44,
300089,5,7.74,36.23,
300089,3,119.06,304.38,
300089,4,74.65,279.88,
300089,2,339.89,578.84,
300090,5,225.12,898.54,
300090,5,105.41,450.23,
300090,2,72.22,127.39,
300090,4,226.56,779.75,
300090,3,45.63,117.64,
300090,4,166.85,538.69,
300090,1,94.46,84.69,
300090,3,33.17,80.42,
300090,3,17.17,44.05,
300091,6,41.04,183.61,
300091,3,66.00,143.14,
300091,4,33.99,100.05,
300091,3,403.62,934.53,
300092,3,254.40,624.22,
300092,7,222.02,1292.73,
300092,4,174.94,586.50,
300092,5,131.60,495.98,
300092,3,54.96,126.51,
300092,3,336.74,808.78,
300093,4,21.70,82.24,
300093,6,199.26,1076.70,
300093,1,99.74,89.72,
300093,4,31.75,113.33,
300093,3,294.53,816.96,
300094,4,220.79,695.78,
300094,3,327.29,806.79,
300094,2,133.19,213.42,
300094,8,513.57,3226.72,
300094,4,215.46,662.99,
300094,4,40.50,123.81,
300095,4,163.10,542.45,
300095,8,91.10,614.95,
300095,5,241.92,917.98,
300095,8,328.23,2144.85,
300095,6,7.99,39.24,
300095,6,49.14,254.19,
300095,4,71.44,234.00,
300095,1,74.81,60.15,
300095,5,13.35,48.76,
300101,6,31.45,147.50,
300101,8,11.39,66.70,
300101,3,155.80,385.18,
300101,4,509.49,1559.75,
300102,3,178.11,404.81,
300102,2,339.89,563.50,
300102,3,86.69,199.87,
300102,5,33.73,130.78,
300102,5,306.50,1157.22,
300102,3,16.49,39.48,
300102,2,12.69,19.34,
300102,2,173.89,264.54,
300102,4,64.05,202.27,
300102,3,100.22,228.85,
300106,1,35.97,32.49,
300106,3,195.16,522.45,
300106,7,232.80,1459.55,
300106,2,191.14,361.86,
300106,5,7.26,31.80,
300106,4,111.51,403.97,
300107,3,166.90,367.26,
300107,2,13.21,19.81,
300107,3,484.50,1052.38,
300107,5,146.68,585.35,
300108,5,112.10,488.86,
300108,5,320.04,1250.75,
300108,4,60.21,203.71,
300108,6,64.54,315.65,
300108,5,133.72,536.48,
300110,6,218.74,1108.08,
300110,5,90.53,370.34,
300110,4,89.38,297.73,
300110,1,218.53,174.79,
300110,2,129.10,207.43,
300110,7,11.83,68.05,
300111,4,137.41,428.36,
300111,2,8.65,14.22,
300111,2,164.46,255.44,
300111,3,18.27,44.39,
300111,3,70.89,172.57,
300111,3,86.78,194.56,
300111,5,92.26,366.22,
300111,1,160.66,122.47,
300111,3,23.47,61.85,
300111,9,378.84,2550.40,
300112,1,217.92,192.99,
300112,3,77.56,206.97,
300112,4,103.68,352.07,
300112,2,118.59,213.28,
300112,4,133.98,458.72,
300112,5,314.06,1360.03,
300116,3,30.03,81.30,
300116,1,208.90,184.12,
300116,5,516.63,2263.55,
300116,4,102.82,364.95,
300116,3,12.61,31.53,
300116,4,13.21,45.69,
300117,3,262.56,726.53,
300117,8,424.62,3068.11,
300117,2,104.45,177.01,
300117,3,138.73,347.89,
300117,1,139.00,127.34,
300117,5,157.02,707.03,
300117,7,80.86,542.57,
300117,2,35.71,62.10,
300118,2,7.55,11.54,
300118,2,34.72,54.50,
300118,2,96.29,145.86,
300118,2,291.38,465.68,
300118,5,505.92,1881.71,
300118,7,60.02,289.47,
300118,6,152.76,661.01,
300118,2,24.17,34.89,
300118,5,13.31,49.72,
300123,4,147.29,517.59,
300123,3,507.96,1376.84,
300123,2,72.69,145.38,
300124,4,191.88,634.83,
300124,3,561.00,1323.47,
300124,5,103.20,414.46,
300124,5,224.68,983.08,
300124,4,142.03,480.06,
300126,5,158.40,722.04,
300126,6,31.25,173.11,
300126,2,162.94,277.38,
300126,3,283.50,783.49,
300127,5,59.23,249.30,
300127,2,33.56,54.54,
300127,5,119.06,513.87,
300127,7,16.76,101.63,
300128,2,508.47,879.43,
300128,2,7.85,13.83,
300128,5,399.00,1904.98,
300128,7,19.15,113.76,
300129,2,263.52,482.94,
300129,4,216.24,790.60,
300129,3,142.12,358.84,
300129,2,258.00,416.29,
300129,2,17.30,29.47,
300129,2,58.68,107.76,
300129,6,178.29,950.26,
300131,2,170.02,263.36,
300131,6,192.54,905.80,
300131,2,8.29,13.22,
300131,7,441.00,2382.69,
300131,3,13.60,31.29,
300131,2,24.26,41.74,
300131,4,76.69,268.26,
300131,3,313.11,733.74,
300131,2,143.64,242.10,
300131,3,12.24,32.15,
300135,2,484.50,815.12,
300135,3,73.48,204.26,
300135,4,48.96,166.08,
300135,2,171.07,323.58,
300135,3,326.97,852.71,
300135,3,198.65,486.75,
300136,5,396.90,1729.50,
300136,2,45.90,76.80,
300136,6,41.99,214.43,
300136,1,12.88,10.87,
300137,6,12.54,62.28,
300137,2,16.25,27.73,
300137,2,98.78,158.05,
300137,5,13.53,57.80,
300137,4,183.39,629.57,
300137,6,7.98,41.17,
300137,4,223.04,755.29,
300137,5,24.38,95.96,
300137,4,532.95,1701.34,
300139,6,79.21,405.24,
300139,8,556.92,3753.54,
300139,4,13.51,46.84,
300139,4,45.77,147.24,
300139,8,8.75,58.43,
300139,7,342.41,2005.72,
300141,8,13.29,97.07,
300141,4,40.86,143.57,
300141,4,227.28,797.44,
300141,3,531.93,1369.90,
300141,6,18.63,95.69,
300141,4,142.30,531.04,
300141,2,127.38,235.35,
300141,3,42.71,109.17,
300141,6,219.12,1181.21,
300142,4,7.74,28.02,
300142,3,18.67,50.58,
300142,4,82.27,283.55,
300142,5,332.33,1478.80,
300142,6,31.35,172.99,
300142,3,115.88,320.49,
300143,6,549.27,2985.24,
300143,3,17.35,44.97,
300143,3,48.47,122.80,
300143,3,13.39,35.35,
300143,6,72.77,376.20,
300143,6,73.40,410.07,
300144,4,33.36,99.50,
300144,6,56.30,244.65,
300144,3,65.33,154.81,
300144,5,8.76,33.42,
300144,4,444.78,1420.43,
300144,3,193.07,443.70,
300144,6,190.43,964.31,
300144,8,31.28,175.07,
300144,3,232.32,526.98,
300144,5,77.95,320.47,
300144,5,103.68,383.07,
300144,4,174.94,535.04,
300145,3,43.92,108.00,
300145,3,12.51,29.47,
300145,4,293.58,964.48,
300145,6,130.68,687.68,
300145,4,292.95,999.90,
300145,2,427.14,655.92,
300146,1,395.22,332.47,
300146,5,183.92,737.27,
300146,2,13.54,20.51,
300146,4,345.56,1118.61,
300146,8,80.93,488.32,
300146,1,8.02,6.28,
300146,3,13.26,33.02,
300146,2,80.62,129.72,
300148,7,199.06,990.42,
300148,2,195.57,312.83,
300148,5,262.08,931.04,
300148,3,11.71,27.41,
300148,5,36.14,136.35,
300148,6,307.76,1479.13,
300149,4,528.87,1971.81,
300149,2,13.06,23.95,
300149,5,346.19,1619.45,
300149,4,397.32,1452.03,
300149,5,200.29,886.97,
300149,2,121.18,223.65,
300149,3,188.81,524.96,
300149,4,105.02,389.79,
300149,4,235.44,835.06,
300149,3,16.36,42.72,
300149,4,123.43,465.33,
300153,1,119.30,106.28,
300153,7,8.54,51.40,
300153,3,158.08,417.34,
300153,3,460.02,1207.30,
300153,6,189.02,924.49,
300154,5,62.71,238.82,
300154,6,11.70,46.65,
300154,4,207.87,579.14,
300154,5,240.24,889.32,
300154,4,222.22,690.08,
300154,4,102.24,285.09,
300155,3,165.26,375.01,
300155,4,19.75,60.86,
300155,3,180.05,413.21,
300155,1,330.44,240.61,
300156,3,13.38,34.68,
300156,2,241.68,409.95,
300156,4,138.60,458.90,
300156,3,522.75,1229.95,
300156,9,151.70,1136.56,
300156,4,7.94,24.91,
300156,4,89.66,291.07,
300156,1,193.52,155.73,
300156,2,8.75,13.53,
300156,5,8.70,36.25,
300156,4,54.96,182.76,
300156,4,17.69,56.84,
300156,4,7.90,23.01,
300156,6,338.94,1617.87,
300156,5,263.52,1096.19,
300160,1,8.54,7.44,
300160,4,234.00,857.80,
300160,2,8.49,14.43,
300160,6,23.23,127.85,
300160,2,136.09,234.33,
300160,4,256.80,873.59,
300162,3,463.59,1038.52,
300162,7,176.00,1067.00,
300162,5,72.53,300.65,
300162,3,23.76,60.05,
300162,5,7.91,33.16,
300162,5,412.44,1677.88,
300162,2,321.62,525.72,
300163,6,210.74,943.43,
300163,2,31.02,44.38,
300163,1,19.49,15.23,
300164,8,43.02,271.14,
300164,5,13.14,53.11,
300164,1,12.58,9.35,
300164,3,19.76,41.29,
300164,5,331.70,1114.15,
300164,3,225.84,501.09,
300164,5,185.86,675.98,
300172,5,35.51,143.65,
300172,2,35.64,57.15,
300172,3,298.62,774.21,
300172,5,174.42,731.66,
300172,5,120.91,486.43,
300172,6,184.45,895.87,
300172,4,32.97,113.21,
300172,6,325.40,1558.64,
300172,4,63.14,201.67,
300173,5,31.91,139.78,
300173,3,16.25,40.02,
300173,7,533.46,3416.16,
300175,3,135.56,370.88,
300175,2,186.55,326.89,
300175,5,308.07,1361.88,
300175,4,159.75,541.32,
300175,5,159.75,755.13,
300175,7,554.37,3745.29,
300175,5,17.15,77.65,
300175,4,19.78,74.51,
300175,1,40.73,37.85,
300177,5,229.20,947.98,
300177,4,8.25,24.61,
300177,2,303.35,504.00,
300177,4,217.51,751.09,
300177,6,140.90,685.96,
300180,2,260.40,375.43,
300180,5,135.83,497.05,
300180,4,385.14,1209.38,
300180,2,243.36,371.62,
300180,8,35.01,217.13,
300180,4,312.48,903.69,
300180,4,127.38,380.44,
300180,4,41.76,131.55,
300185,5,139.99,574.95,
300185,5,19.30,82.36,
300185,2,62.10,108.13,
300185,4,287.28,965.32,
300185,4,322.88,1021.67,
300187,4,116.47,379.16,
300187,4,13.74,41.58,
300187,6,218.64,1007.55,
300188,2,8.02,13.10,
300188,4,188.14,639.11,
300188,6,22.49,109.97,
300188,2,217.71,352.03,
300188,2,11.96,19.95,
300188,2,425.88,732.89,
300188,1,18.43,16.08,
300188,4,257.28,901.80,
300189,3,95.90,225.03,
300189,6,89.76,443.39,
300189,4,151.09,518.34,
300189,3,322.56,876.05,
300189,6,122.10,602.73,
300189,5,186.38,775.21,
300190,5,113.04,494.07,
300190,3,13.45,35.18,
300190,3,235.20,617.23,
300190,5,417.48,1924.52,
300190,3,190.43,518.01,
300190,6,290.75,1425.01,
300190,6,30.95,158.59,
300190,2,61.55,103.65,
300190,4,167.55,580.07,
300191,5,33.86,143.44,
300191,5,396.06,1542.16,
300191,6,33.56,163.24,
300191,3,236.16,597.96,
300191,2,335.79,553.94,
300191,3,16.61,38.95,
300194,3,192.70,500.38,
300194,7,18.43,108.07,
300194,6,143.18,698.44,
300194,6,197.42,961.40,
300194,4,59.90,194.42,
300194,4,47.48,167.06,
300194,5,203.57,801.41,
300194,4,8.19,25.62,
300194,4,25.87,90.09,
300194,3,317.52,798.74,
300198,4,41.00,154.95,
300198,3,25.27,67.51,
300198,3,299.88,786.27,
300198,2,128.27,240.54,
300198,4,22.90,88.64,
300198,3,64.78,178.89,
300198,4,94.66,330.13,
300198,3,483.99,1267.48,
300198,2,56.49,107.39,
300199,6,223.20,976.42,
300199,4,127.44,410.97,
300199,1,8.10,6.80,
300199,1,8.22,6.08,
300199,6,61.55,294.11,
300199,5,8.13,32.48,
300199,3,16.92,40.58,
300200,7,383.46,1911.69,
300200,4,36.17,119.78,
300200,2,79.36,127.56,
300200,5,313.74,1181.77,
300200,6,96.58,439.47,
300201,2,125.20,228.54,
300201,6,213.82,1153.72,
300201,5,21.94,95.03,
300201,4,163.40,574.53,
300201,4,201.52,717.68,
300202,6,388.08,2129.68,
300202,3,403.62,1029.91,
300202,6,77.01,428.49,
300202,6,125.91,680.90,
300202,6,74.81,435.93,
300202,6,461.04,2397.80,
300202,4,229.68,782.27,
300202,1,86.78,71.67,
300203,2,220.58,372.74,
300203,3,226.56,573.77,
300203,5,498.27,2215.48,
300203,4,152.30,530.25,
300203,1,23.11,20.13,
300203,5,26.16,114.56,
300203,2,16.97,29.41,
300203,2,437.22,769.60,
300203,4,61.18,216.15,
300206,3,292.64,694.62,
300206,7,531.93,3036.23,
300206,3,191.68,435.79,
300206,3,137.15,324.27,
300206,4,104.93,304.29,
300206,4,8.13,27.20,
300206,5,25.32,93.07,
300206,4,12.63,39.05,
300206,5,198.85,698.04,
300209,2,264.00,451.74,
300209,3,128.04,346.33,
300209,8,7.42,52.48,
300209,5,55.14,234.07,
300209,4,22.49,80.12,
300209,5,178.46,831.52,
300209,8,95.33,705.67,
300209,2,126.98,219.58,
300209,6,200.70,1143.82,
300209,3,384.72,994.15,
300209,5,514.08,2176.10,
300210,2,16.79,28.21,
300210,5,13.05,59.11,
300210,4,127.25,482.66,
300210,3,216.89,570.49,
300210,4,103.01,337.85,
300210,3,59.84,162.88,
300210,7,7.54,44.03,
300210,4,33.03,116.97,
300212,3,404.88,1068.92,
300212,1,7.90,7.27,
300217,8,17.46,125.84,
300217,3,13.35,36.00,
300217,5,222.02,1007.02,
300217,6,200.70,1124.30,
300217,4,46.22,156.18,
300217,4,8.48,27.17,
300218,5,196.80,787.40,
300218,2,17.19,27.56,
300218,4,172.13,546.94,
300218,6,156.10,755.47,
300219,2,8.31,12.26,
300219,3,286.97,662.09,
300219,6,13.53,53.94,
300219,5,499.29,2020.78,
300220,3,7.63,18.13,
300220,6,167.05,863.49,
300220,6,30.82,165.36,
300220,5,257.52,1110.42,
300220,3,112.69,334.06,
300220,2,48.60,89.88,
300220,5,22.20,89.21,
300220,5,295.47,1254.15,
300222,2,46.40,69.56,
300222,2,167.20,255.04,
300222,4,223.04,662.40,
300222,5,237.84,883.76,
300222,3,339.26,771.87,
300222,9,8.69,57.57,
300222,4,8.44,23.72,
300222,4,119.33,345.08,
300224,3,25.54,65.52,
300224,3,230.88,649.98,
300224,6,191.66,1039.68,
300224,3,8.29,21.47,
300224,3,338.31,879.36,
300224,4,225.36,838.68,
300225,5,223.92,968.04,
300225,4,105.22,372.63,
300225,4,22.97,85.71,
300225,3,26.21,70.79,
300225,4,25.18,88.80,
300225,3,314.69,908.50,
300225,5,120.48,548.55,
300225,4,219.15,810.52,
300226,4,12.43,44.85,
300226,3,16.85,47.63,
300226,1,34.58,30.57,
300226,2,448.56,807.00,
300226,3,122.84,308.67,
300226,5,23.50,100.98,
300226,4,172.30,585.96,
300226,5,118.35,532.04,
300226,4,16.88,61.36,
300228,4,22.85,70.08,
300228,1,41.13,33.86,
300228,3,33.00,82.24,
300228,2,13.63,20.67,
300228,7,218.88,1259.79,
300228,4,244.80,767.82,
300229,4,19.67,71.34,
300229,2,175.30,291.36,
300229,3,163.86,472.57,
300229,8,144.41,1075.08,
300229,5,126.59,572.70,
300229,2,127.09,241.19,
300229,8,102.34,730.59,
300229,4,466.14,1666.76,
300233,2,24.10,39.67,
300233,2,261.84,413.96,
300233,5,426.30,1530.24,
300233,7,136.88,737.43,
300233,4,325.08,1074.51,
300233,6,85.88,373.98,
300233,3,46.04,104.83,
300233,4,130.68,392.98,
300233,4,158.93,440.30,
300236,4,193.25,675.69,
300236,6,344.61,1861.35,
300236,2,11.95,21.21,
300236,3,162.45,453.18,
300237,4,43.34,119.84,
300237,5,17.01,59.15,
300237,2,160.34,245.44,
300237,5,40.77,151.43,
300237,3,48.78,107.24,
300237,3,201.72,442.47,
300237,4,131.21,377.41,
300237,5,397.32,1399.99,
300241,4,61.73,184.56,
300241,2,292.64,406.94,
300241,3,21.70,48.43,
300241,4,65.45,204.77,
300241,2,439.74,637.45,
300241,3,35.28,75.95,
300241,2,44.69,65.44,
300241,4,16.40,52.32,
300241,7,540.09,2997.71,
300241,7,108.44,545.82,
300241,3,149.72,313.26,
300242,1,42.21,38.95,
300242,4,12.54,41.73,
300242,5,8.46,34.66,
300242,4,103.30,350.17,
300242,7,144.14,915.91,
300242,2,18.25,31.92,
300243,6,82.97,439.73,
300243,7,49.32,302.02,
300243,6,262.08,1384.84,
300243,3,73.95,186.34,
300243,3,223.92,588.77,
300243,2,31.45,56.86,
300243,1,412.44,338.08,
300243,3,386.82,956.65,
300243,3,18.99,47.61,
300243,1,223.20,188.92,
300243,4,88.32,305.50,
300244,2,22.42,35.02,
300244,3,192.02,427.84,
300244,8,430.50,2644.18,
300244,2,24.94,38.55,
300245,5,64.17,266.99,
300245,4,240.96,923.82,
300245,3,135.30,334.69,
300247,3,229.20,572.40,
300247,5,124.61,547.92,
300247,2,130.68,245.64,
300247,7,456.96,2874.21,
300251,7,187.09,1057.14,
300251,5,17.53,78.72,
300251,1,25.92,21.02,
300252,4,59.17,217.87,
300252,5,323.19,1427.23,
300252,6,23.02,120.24,
300252,2,128.97,234.15,
300258,5,94.85,402.61,
300258,3,167.90,428.73,
300258,5,13.58,57.65,
300258,2,12.58,20.26,
300258,3,85.17,206.66,
300259,5,416.22,1581.48,
300259,7,112.10,594.79,
300259,7,48.06,247.61,
300261,3,11.98,28.18,
300261,4,64.84,206.49,
300261,4,136.36,468.06,
300261,6,63.75,300.57,
300261,4,88.61,311.99,
300262,6,108.09,516.08,
300262,4,12.36,38.44,
300262,7,24.31,130.84,
300262,1,211.15,175.95,
300263,2,311.85,559.63,
300263,7,168.96,1069.38,
300263,4,258.24,869.58,
300263,2,21.77,36.59,
300263,8,31.71,206.86,
300263,3,23.16,61.07,
300263,4,234.96,755.36,
300266,6,333.27,1765.61,
300266,3,12.61,34.26,
300266,4,16.69,55.56,
300266,3,132.53,335.79,
300266,4,7.57,24.94,
300266,3,81.88,230.14,
300266,4,323.51,1072.69,
300267,6,546.72,3132.27,
300267,4,57.89,194.60,
300267,3,30.20,85.19,
300267,4,58.68,203.18,
300267,1,26.21,23.05,
300267,4,233.04,871.27,
300267,6,187.17,948.62,
300267,5,84.70,381.18,
300268,6,66.31,296.47,
300268,7,148.35,751.78,
300268,3,22.92,52.19,
300268,6,158.84,685.38,
300268,7,385.56,1888.67,
300268,6,420.84,1896.55,
300268,6,17.30,76.60,
300268,3,538.56,1205.10,
300268,3,96.77,234.55,
300269,3,8.61,22.60,
300269,5,155.34,710.72,
300269,4,483.48,1618.23,
300269,4,170.54,553.61,
300269,3,201.72,552.11,
300269,4,461.55,1608.30,
300269,3,510.51,1346.71,
300271,4,221.81,832.52,
300271,5,35.38,175.60,
300271,6,503.37,2836.87,
300271,1,19.62,17.17,
300271,5,325.71,1483.41,
300272,7,35.01,216.90,
300272,4,167.02,554.47,
300272,3,185.15,521.36,
300272,5,30.59,134.72,
300272,6,201.52,1068.84,
300275,8,85.02,565.48,
300275,7,254.40,1601.70,
300275,6,105.31,547.75,
300277,4,332.64,1245.36,
300277,4,162.34,610.66,
300277,1,222.84,193.52,
300277,2,135.70,231.60,
300277,8,63.44,463.44,
300277,4,72.38,243.60,
300277,5,127.91,540.68,
300277,5,8.23,36.15,
300278,2,21.94,42.54,
300278,3,85.96,219.60,
300278,2,147.44,270.51,
300278,1,17.32,14.94,
300278,3,40.64,110.44,
300279,8,108.44,657.20,
300279,6,141.97,610.22,
300279,4,155.65,470.96,
300279,5,503.37,1888.96,
300279,4,43.38,132.77,
300279,5,378.84,1361.72,
300280,4,209.10,712.41,
300280,4,124.87,403.82,
300280,6,189.02,946.54,
300280,8,44.96,270.36,
300280,5,42.75,177.94,
300280,5,25.15,111.44,
300283,2,22.92,38.52,
300283,5,139.00,526.80,
300283,3,60.27,143.73,
300283,4,18.95,60.33,
300283,7,303.35,1555.98,
300283,4,46.31,139.52,
300283,2,59.84,97.01,
300286,5,221.04,855.34,
300286,4,112.34,348.71,
300286,3,522.75,1308.98,
300286,1,200.29,147.49,
300286,5,121.30,453.61,
300286,5,115.76,427.47,
300286,7,12.10,68.66,
300288,7,43.16,263.47,
300288,2,134.38,232.27,
300288,2,31.81,55.88,
300288,2,234.24,387.74,
300288,8,316.26,2259.39,
300288,3,82.66,192.27,
300288,5,32.54,140.20,
300289,9,220.80,1800.54,
300289,6,12.94,63.13,
300289,5,85.57,419.68,
300289,1,139.84,125.77,
300289,3,63.07,160.47,
300289,4,26.06,91.64,
300289,3,116.47,301.60,
300289,6,396.48,2053.51,
300289,2,524.79,932.67,
300291,5,26.06,97.99,
300291,1,467.16,385.69,
300291,4,286.97,869.93,
300291,6,13.58,64.06,
300291,4,172.83,592.25,
300291,5,8.79,35.23,
300291,5,291.38,1237.92,
300291,2,48.92,79.78,
300291,3,11.68,27.70,
300292,6,240.72,1236.60,
300292,4,436.80,1591.23,
300292,3,59.84,162.21,
300292,3,384.72,1067.83,
300292,2,7.62,14.85,
300294,3,165.62,448.67,
300294,4,16.49,58.32,
300294,5,13.49,57.58,
300294,5,33.73,168.65,
300294,2,58.87,112.05,
300294,5,29.80,133.96,
300294,3,92.93,249.42,
300294,7,44.73,274.15,
300294,5,92.35,432.66,
300294,3,21.98,58.31,
300294,3,145.62,399.14,
300294,4,263.28,959.66,
300294,3,76.62,210.81,
300294,4,404.04,1411.88,
300294,4,36.23,135.47,
300297,4,76.85,276.60,
300297,2,23.78,42.67,
300297,3,303.35,808.69,
300297,3,115.99,298.24,
300300,3,380.52,1034.57,
300300,4,126.59,424.90,
300300,2,325.71,591.66,
300300,1,561.00,473.45,
300300,1,307.44,253.79,
300301,7,497.25,3227.90,
300301,6,127.20,733.04,
300301,4,99.65,386.97,
300301,6,73.63,385.89,
300301,4,92.64,325.95,
300301,5,159.45,744.39,
300304,1,64.84,53.53,
300304,6,12.03,57.39,
300305,5,45.05,179.58,
300305,7,129.68,717.10,
300305,3,46.35,112.99,
300305,7,12.20,67.74,
300305,4,304.29,1036.73,
300309,3,428.82,936.29,
300309,1,263.04,216.79,
300309,5,7.97,33.08,
300309,4,18.38,58.95,
300309,2,236.64,358.21,
300309,4,316.26,961.04,
300309,4,489.60,1594.56,
300309,2,157.62,241.61,
300309,2,194.96,325.50,
300310,2,111.86,172.91,
300310,3,91.01,215.66,
300310,2,126.72,191.55,
300310,2,399.42,596.17,
300310,4,23.06,71.37,
300310,3,191.68,420.71,
300310,3,132.26,304.44,
300310,4,66.25,198.87,
300310,6,36.07,176.98,
300310,3,161.04,394.74,
300310,4,34.65,104.41,
300310,9,187.99,1341.02,
300310,4,142.82,447.92,
300310,8,169.14,1028.69,
300310,3,46.71,100.89,
9300310,-2,126.72,-191.55,
300311,2,110.57,203.36,
300311,4,137.28,495.74,
300311,4,218.33,764.42,
300311,7,213.00,1268.56,
300312,2,21.72,32.75,
300312,2,189.83,259.35,
300312,3,62.28,139.41,
300312,7,73.79,403.16,
300312,5,306.50,1188.50,
300312,5,78.50,300.56,
300312,4,161.27,478.04,
300312,2,312.80,486.89,
300312,5,115.05,408.74,
300312,4,32.31,104.39,
300312,5,76.46,264.70,
300313,2,75.12,120.41,
300313,5,146.53,562.82,
300313,6,84.94,394.64,
300313,4,103.30,334.90,
300316,4,173.54,626.22,
300316,4,161.04,560.44,
300316,2,142.82,234.80,
300316,3,7.47,20.73,
300316,5,144.86,677.58,
300316,5,62.77,268.67,
300316,6,64.17,361.21,
300316,3,13.16,36.53,
300316,3,42.26,105.54,
300317,4,113.75,350.70,
300317,2,209.51,314.72,
300317,4,139.79,405.80,
300317,4,36.10,106.72,
300317,2,191.68,281.10,
300317,1,191.14,146.11,
300317,4,77.64,220.54,
300317,4,21.84,74.41,
300317,6,181.63,835.51,
300318,6,124.61,636.02,
300318,5,190.08,855.18,
300318,3,141.77,405.54,
300318,4,13.41,46.28,
300318,4,42.84,156.30,
300318,1,184.80,167.38,
300318,3,202.34,566.10,
300321,5,184.45,855.27,
300321,5,180.05,735.93,
300321,1,93.60,83.84,
300322,2,76.07,108.97,
300322,5,218.94,802.20,
300322,3,164.91,357.10,
300322,5,124.14,479.51,
300322,2,25.49,37.46,
300322,4,537.54,1664.53,
300322,4,34.85,100.39,
300322,3,200.49,495.55,
300324,4,48.38,178.76,
300324,3,22.58,59.91,
300324,4,8.06,27.94,
300324,4,48.29,168.18,
300324,4,98.50,352.01,
300324,3,17.46,46.83,
300324,3,113.87,281.89,
300324,4,7.27,26.05,
300324,4,546.21,1892.62,
300327,4,238.56,780.84,
300327,4,192.29,565.62,
300327,4,397.32,1142.33,
300327,3,106.44,229.96,
300327,3,171.78,391.65,
300327,6,254.64,1189.55,
300327,2,35.24,49.45,
300327,1,187.17,130.08,
300328,2,125.14,195.01,
300328,6,118.12,558.36,
300328,4,57.89,168.64,
300328,4,284.45,842.41,
300328,3,469.71,1107.99,
300329,2,19.28,33.59,
300329,4,8.50,30.12,
300329,2,532.95,966.92,
300329,4,207.87,733.44,
300329,5,8.51,36.29,
300330,6,559.47,2769.05,
300330,4,153.98,493.57,
300330,3,61.98,156.17,
300330,5,23.54,93.29,
300330,4,19.24,61.52,
300330,2,25.61,41.76,
300330,4,62.77,207.93,
300330,2,165.79,277.30,
300330,6,95.14,433.45,
300330,4,23.21,73.09,
300330,6,251.76,1258.10,
300331,5,222.00,871.16,
300331,6,59.29,261.46,
300331,4,93.41,257.42,
300331,4,127.78,373.28,
300331,3,12.18,26.01,
300331,3,343.04,776.49,
300331,5,72.61,282.52,
300331,6,172.83,772.70,
300331,3,96.67,215.35,
300331,2,16.20,23.18,
300331,2,34.29,49.67,
300331,3,7.23,14.73,
300331,2,12.58,18.81,
300331,4,66.37,212.03,
300331,4,7.46,22.54,
300335,2,218.53,355.12,
300335,2,22.46,37.38,
300335,1,437.64,386.78,
300335,4,34.62,127.45,
300335,5,33.43,141.58,
300335,5,7.22,30.32,
300335,4,551.82,1710.19,
300335,3,100.61,251.35,
300335,4,290.75,914.87,
300335,3,225.50,517.14,
300335,1,284.45,223.15,
300335,6,343.35,1541.10,
300335,7,530.40,3146.98,
300335,3,156.86,397.25,
300335,3,120.83,308.52,
300337,5,192.70,778.84,
300337,4,237.12,758.71,
300337,5,25.78,89.96,
300337,4,31.75,95.74,
300337,4,13.35,43.33,
300337,5,161.73,591.06,
300337,2,25.70,38.91,
300337,6,24.98,112.61,
300337,4,42.93,145.30,
300338,5,25.56,114.34,
300338,1,160.16,139.45,
300338,5,113.99,499.76,
300338,5,202.34,880.34,
300338,7,259.20,1555.93,
300338,8,56.12,400.22,
300338,1,136.95,126.58,
300338,4,172.66,624.46,
300342,3,304.29,728.50,
300342,1,59.90,48.79,
300342,2,44.46,76.27,
300342,6,163.50,810.46,
300342,2,396.48,608.61,
300343,2,24.62,36.56,
300343,4,244.32,668.57,
300343,4,163.86,487.81,
300343,4,33.50,100.70,
300343,3,193.25,398.97,
300343,7,26.38,143.72,
300343,3,46.08,104.63,
300343,5,83.45,305.92,
300344,7,244.32,1374.13,
300344,4,96.77,355.88,
300344,5,160.36,681.74,
300344,3,11.79,33.25,
300344,8,225.36,1570.28,
300344,3,70.73,188.44,
300344,11,192.02,1793.54,
300344,4,17.08,61.96,
300344,3,17.50,42.98,
300344,5,160.97,634.07,
300344,7,400.68,2499.97,
300346,9,166.74,1176.26,
300346,7,163.25,900.07,
300346,1,16.76,12.92,
300346,6,16.83,83.03,
300346,4,8.69,27.94,
300346,8,32.31,194.59,
300346,3,529.89,1133.55,
300346,3,162.49,393.68,
300348,2,57.40,105.28,
300348,3,140.14,381.76,
300348,3,105.41,271.11,
300350,3,516.12,1264.26,
300350,5,235.92,1030.87,
300350,4,19.13,68.64,
300350,3,16.34,39.95,
300353,4,24.43,78.00,
300353,5,35.64,161.29,
300353,5,8.26,36.72,
300353,4,55.45,202.61,
300355,5,159.81,628.18,
300355,5,8.72,34.55,
300355,7,19.21,97.68,
300355,3,35.81,78.58,
300355,4,212.38,645.37,
300355,2,48.38,71.25,
300355,3,22.27,54.86,
300355,3,216.48,497.03,
300355,2,82.43,122.86,
300355,2,87.74,127.51,
300355,3,192.54,432.56,
300355,2,29.83,42.97,
300355,4,203.98,616.11,
300356,2,8.26,14.81,
300356,2,8.67,15.89,
300356,3,170.37,474.94,
300356,2,200.49,385.08,
300356,10,22.37,195.83,
300356,2,33.33,60.71,
300356,4,96.19,345.99,
300356,3,464.61,1211.92,
300356,4,217.44,812.19,
300356,4,122.10,464.63,
300356,4,93.41,333.34,
300361,3,521.22,1195.68,
300361,4,117.53,366.51,
300361,3,62.71,139.22,
300361,6,13.19,57.24,
300361,2,104.64,142.98,
300361,1,118.12,85.75,
300361,5,488.58,1806.22,
300365,3,103.58,250.71,
300365,5,144.94,620.56,
300365,1,140.60,125.99,
300365,3,71.20,190.32,
300366,2,22.01,38.74,
300366,5,386.82,1657.19,
300366,5,101.18,478.62,
300366,5,184.62,895.89,
300368,4,99.17,326.92,
300368,2,7.36,13.43,
300368,2,11.49,20.30,
300369,6,84.39,452.75,
300369,7,242.88,1539.27,
300369,3,82.90,221.13,
300370,2,185.12,346.50,
300370,6,133.85,803.10,
300370,1,240.00,216.39,
300370,9,334.53,2539.47,
300370,5,292.01,1376.76,
300370,2,33.63,62.13,
300370,2,176.35,311.07,
300370,5,17.73,76.77,
300372,3,505.92,1235.10,
300372,7,13.59,80.31,
300372,8,126.38,804.26,
300372,6,303.35,1434.26,
300372,8,19.01,113.75,
300372,8,11.75,75.71,
300372,4,216.89,723.36,
300372,1,161.39,128.68,
300373,10,45.27,404.59,
300373,5,11.61,47.56,
300373,4,105.02,373.29,
300373,2,56.30,88.94,
300373,4,235.44,755.91,
300373,3,112.69,276.48,
300373,1,8.08,6.93,
300373,2,220.58,366.54,
300374,5,16.63,74.03,
300374,2,22.97,40.12,
300374,5,49.01,233.34,
300374,2,119.06,220.85,
300374,5,334.85,1487.46,
300374,2,57.71,109.55,
300374,6,190.96,1009.26,
300375,7,83.60,463.13,
300375,4,465.12,1453.70,
300376,2,220.80,314.30,
300376,4,45.14,123.44,
300376,3,516.12,1204.15,
300376,4,146.38,433.50,
300376,2,323.51,475.45,
300378,7,128.27,807.06,
300378,2,12.71,23.06,
300378,5,254.64,1225.99,
300378,3,140.71,376.98,
300378,5,128.74,555.74,
300378,4,311.22,1154.62,
300378,3,30.29,77.26,
300378,6,344.30,1905.26,
300378,6,8.39,44.92,
300378,2,18.05,31.24,
300378,5,142.27,636.80,
300378,2,156.26,286.41,
300378,5,7.86,35.40,
300382,4,250.32,1001.28,
300382,5,7.50,34.39,
300382,5,19.64,82.21,
300384,3,31.91,75.87,
300384,3,552.84,1268.39,
300384,8,7.24,43.67,
300384,3,24.07,58.15,
300384,5,381.36,1418.63,
300384,3,7.34,16.98,
300384,3,11.26,27.82,
300390,8,25.54,172.50,
300390,7,43.79,248.34,
300390,3,22.73,58.87,
300390,5,32.87,147.53,
300391,4,11.79,38.66,
300391,3,225.50,574.83,
300391,3,475.32,1144.52,
300394,3,511.53,1242.98,
300394,5,383.04,1409.16,
300394,5,58.74,214.54,
300394,2,34.02,51.82,
300394,3,8.28,20.06,
300394,4,300.83,947.53,
300394,7,34.09,187.32,
300394,3,383.88,881.85,
300394,3,32.11,69.47,
300394,7,129.21,705.11,
300397,3,161.73,462.64,
300397,5,43.83,208.14,
300398,2,301.77,529.82,
300398,5,165.98,732.85,
300398,2,141.77,270.80,
300398,4,46.85,174.85,
300398,6,127.91,686.25,
300398,3,296.73,809.47,
300398,6,485.52,2549.26,
300398,5,100.51,462.21,
300398,3,33.30,93.28,
300398,10,7.65,65.77,
300398,6,485.52,2534.47,
300398,4,36.07,125.76,
300398,4,225.09,792.21,
300398,4,109.50,388.74,
300398,2,345.56,607.09,
300401,2,173.89,312.83,
300401,4,8.21,30.08,
300401,5,18.99,86.29,
300401,2,30.82,53.17,
300401,3,44.15,119.21,
300401,3,65.88,168.33,
300401,2,190.78,325.10,
300401,6,91.87,467.34,
300401,7,176.35,1037.54,
300401,5,23.74,104.83,
300401,2,18.18,31.24,
300401,3,8.48,20.96,
300401,3,24.86,65.89,
300402,3,8.06,20.71,
300402,3,344.61,908.44,
300404,4,193.42,678.55,
300404,6,30.69,160.87,
300404,4,112.81,392.58,
300404,4,34.85,122.06,
300404,2,63.50,103.08,
300404,3,143.09,403.81,
300404,3,230.16,573.79,
300404,2,18.97,32.01,
300404,1,474.30,404.03,
300404,5,19.76,90.62,
300404,4,8.62,31.47,
300404,3,17.64,45.62,
300406,7,495.21,2750.44,
300406,4,448.56,1423.70,
300406,3,114.11,295.13,
300406,6,128.04,647.88,
300406,2,405.30,623.77,
300406,4,122.63,422.33,
300407,6,36.27,203.42,
300407,3,12.29,32.46,
300407,2,186.14,343.78,
300407,6,110.57,581.35,
300407,5,120.48,513.52,
300407,6,338.94,1749.60,
300407,4,92.64,336.20,
300407,5,8.10,34.41,
300409,5,31.58,139.81,
300409,3,126.98,298.57,
300409,5,185.32,777.19,
300409,4,25.56,81.65,
300409,3,17.10,45.32,
300412,4,35.81,113.51,
300412,4,160.86,524.93,
300412,4,80.07,242.61,
300412,3,552.84,1302.61,
300412,4,327.60,1035.58,
300412,4,73.87,218.25,
300412,5,19.39,74.47,
300412,2,66.25,90.13,
300412,2,153.67,227.25,
300412,5,148.05,547.80,
300412,4,84.62,262.99,
300413,5,33.59,128.44,
300413,4,143.94,434.83,
300413,4,11.73,32.83,
300413,3,46.53,101.33,
300413,6,32.87,147.93,
300413,3,8.21,17.39,
300413,2,21.82,30.06,
300413,6,41.94,180.65,
300413,7,198.24,1033.32,
300413,4,13.00,38.23,
300413,4,17.75,54.62,
300413,4,155.95,472.58,
300413,1,431.34,339.16,
300415,3,141.50,318.75,
300415,4,286.34,849.49,
300415,6,514.08,2338.92,
300415,4,427.56,1269.42,
300415,4,292.64,891.74,
300415,7,341.46,1797.08,
300419,4,19.30,60.92,
300419,5,255.60,967.20,
300419,10,138.47,1048.08,
300419,2,476.34,795.49,
300419,5,185.15,769.25,
300419,2,472.77,753.29,
300420,3,181.10,428.25,
300420,1,21.79,17.54,
300420,4,195.57,589.13,
300420,1,235.44,191.27,
300420,7,309.33,1748.29,
300420,2,504.90,770.52,
300420,6,131.87,622.62,
300420,5,42.98,159.20,
300420,2,79.76,129.13,
300420,2,87.94,123.92,
300421,6,19.15,96.54,
300421,5,26.26,105.48,
300421,7,519.18,3123.45,
300421,1,13.20,11.46,
300421,5,159.63,643.63,
300424,3,32.57,81.66,
300424,2,158.08,259.84,
300424,7,18.11,100.04,
300424,2,18.27,29.67,
300424,6,121.89,583.18,
300424,5,97.82,383.34,
300424,6,157.62,769.35,
300425,4,191.47,682.02,
300425,3,32.27,87.58,
300425,3,206.44,528.63,
300425,11,140.18,1401.90,
300425,2,7.70,14.15,
300425,2,55.75,106.63,
300425,7,13.69,83.10,
300425,2,60.45,106.52,
300425,5,190.45,877.25,
300426,3,122.72,328.54,
300426,3,17.23,46.39,
300426,1,310.59,287.75,
300426,4,122.72,417.21,
300426,4,110.09,393.54,
300426,2,81.95,144.15,
300426,2,149.72,276.45,
300426,5,48.42,225.04,
300426,5,195.98,890.61,
300426,4,495.21,1802.66,
300427,2,112.34,182.63,
300427,5,24.55,102.47,
300427,7,57.71,349.63,
300427,5,194.14,877.74,
300427,4,101.95,337.38,
300427,2,40.95,66.95,
300427,4,472.26,1492.17,
300428,4,12.00,43.19,
300428,9,135.70,1109.29,
300428,6,185.68,932.31,
300428,9,91.97,722.01,
300428,3,186.56,488.09,
300428,6,164.74,877.77,
300432,4,55.88,204.42,
300432,9,317.84,2709.79,
300433,6,138.17,699.47,
300433,1,19.26,17.37,
300433,4,16.60,59.52,
300433,3,35.21,92.63,
300433,1,32.18,26.47,
300433,4,157.02,551.42,
300433,5,296.73,1293.82,
300433,6,316.26,1684.98,
300433,2,123.42,224.06,
300438,5,193.52,761.38,
300438,4,13.51,44.62,
300438,4,140.45,465.52,
300438,6,213.61,1070.24,
300440,5,36.07,156.00,
300440,9,93.98,720.61,
300440,3,318.15,851.78,
300440,6,220.79,1216.90,
300440,7,83.76,504.03,
300440,5,82.19,354.97,
300442,3,64.29,152.36,
300442,4,206.23,636.38,
300442,3,211.15,506.01,
300442,2,153.82,220.05,
300442,4,125.43,394.01,
300443,1,17.30,14.53,
300443,6,394.80,1979.54,
300443,5,23.86,98.99,
300443,7,316.26,1836.42,
300443,7,128.04,709.58,
300443,3,308.07,774.07,
300443,4,489.09,1611.01,
300444,6,107.38,530.08,
300444,4,79.52,231.95,
300444,8,383.88,2536.83,
300444,2,260.64,439.16,
300444,6,30.66,154.13,
300444,4,13.69,45.01,
300444,3,22.20,54.28,
300444,2,99.17,173.40,
300444,9,33.73,242.11,
300444,4,79.60,238.63,
300444,2,30.39,49.86,
300444,3,109.15,271.80,
300445,3,24.60,62.70,
300445,9,8.23,62.34,
300445,3,80.38,204.27,
300445,1,8.62,6.71,
300445,2,245.28,401.78,
300445,2,33.56,56.48,
300447,2,220.79,330.85,
300447,2,191.47,288.93,
300447,4,126.85,375.59,
300447,6,25.15,110.25,
300447,8,316.26,1876.48,
300448,4,123.66,348.45,
300448,8,159.81,934.75,
300448,3,19.66,43.13,
300448,6,33.99,157.49,
300448,4,135.70,433.61,
300448,3,103.97,235.78,
300449,2,79.60,121.72,
300449,3,19.22,43.46,
300449,4,329.49,990.86,
300449,2,66.49,97.94,
300449,7,32.24,190.81,
300449,4,25.54,88.95,
300449,4,189.42,593.72,
300451,3,233.04,577.27,
300451,5,125.43,513.34,
300451,5,251.76,1082.35,
300451,3,450.24,1151.20,
300451,3,412.86,980.45,
300451,5,61.61,252.08,
300452,5,65.21,298.55,
300452,5,21.65,98.95,
300452,7,323.19,1994.14,
300452,4,134.11,471.16,
300454,5,161.42,702.23,
300454,5,45.00,184.66,
300454,7,63.26,384.81,
300454,3,104.45,271.68,
300454,1,56.97,51.20,
300454,8,323.19,2283.27,
300454,6,33.99,170.72,
300454,1,303.35,248.25,
300454,5,113.52,502.68,
300457,7,209.92,1314.38,
300457,5,47.39,212.86,
300457,8,7.78,60.28,
300457,3,341.78,939.10,
300457,3,19.26,52.74,
300459,7,424.20,2365.09,
300459,6,543.66,2606.72,
300459,4,22.97,71.38,
300459,5,124.87,510.02,
300459,8,45.09,283.92,
300459,6,43.52,197.65,
300459,4,54.96,165.39,
300459,6,29.90,138.68,
300459,3,194.34,449.62,
300459,2,30.13,47.47,
300459,2,23.42,38.39,
300459,4,13.00,41.30,
300460,5,246.96,977.53,
300460,3,163.25,399.40,
300460,2,152.91,239.46,
300460,8,189.01,1167.47,
300460,3,187.37,440.42,
300460,4,165.53,506.97,
300460,4,8.02,24.21,
300460,3,461.58,956.66,
300460,4,91.30,270.47,
300460,5,75.05,309.40,
300461,2,85.41,131.86,
300461,3,495.21,1233.06,
300461,3,160.66,414.38,
300461,2,313.43,530.91,
300461,4,213.61,700.69,
300461,4,65.27,209.65,
300461,5,193.52,803.76,
300461,7,45.32,258.17,
300463,4,22.08,72.39,
300463,2,300.51,478.40,
300463,2,35.01,56.47,
300463,4,114.22,365.90,
300463,3,110.33,262.62,
300463,2,169.66,284.90,
300463,5,153.52,599.02,
300463,3,83.05,197.36,
300463,5,218.74,829.59,
300466,3,417.48,1053.61,
300466,4,45.41,146.75,
300466,7,7.24,45.95,
300466,6,106.32,540.90,
300466,5,410.34,1779.60,
300466,2,486.03,808.94,
300466,4,19.01,58.09,
300466,8,48.87,336.16,
300468,2,494.70,832.84,
300468,7,474.30,3012.96,
300468,3,126.06,345.48,
300468,4,407.82,1464.31,
300468,5,8.25,34.70,
300468,5,24.24,109.81,
300469,3,25.46,68.78,
300469,5,388.92,1645.48,
300469,2,66.43,120.45,
300469,4,46.22,164.30,
300469,3,389.76,1017.06,
300469,2,199.67,335.52,
300469,4,138.47,506.03,
300469,7,132.40,895.17,
300472,6,127.38,601.14,
300472,3,519.18,1189.56,
300472,5,177.94,705.43,
300472,5,32.47,129.02,
300472,5,525.30,2033.58,
300472,6,33.07,149.21,
300474,1,11.80,10.97,
300474,4,60.09,207.14,
300474,6,216.72,1112.66,
300474,5,24.10,106.15,
300474,2,133.58,238.60,
300474,2,174.77,308.59,
300474,6,98.98,505.30,
300474,3,80.86,213.86,
300475,6,164.21,857.59,
300475,2,8.63,15.71,
300475,3,26.04,61.93,
300475,4,8.34,28.01,
300475,2,230.88,405.60,
300475,4,217.92,742.13,
300475,4,195.37,708.73,
300475,5,114.81,467.31,
300475,2,34.82,59.84,
300475,5,133.06,571.19,
300475,3,327.29,883.26,
300476,2,24.55,36.76,
300476,4,110.33,320.55,
300476,5,223.45,825.53,
300476,6,559.47,2531.59,
300476,2,12.36,19.06,
300476,3,11.85,25.62,
300476,2,31.65,49.79,
300477,4,310.28,944.22,
300477,4,121.07,364.76,
300477,4,486.54,1547.68,
300477,5,128.30,525.55,
300477,3,95.62,236.34,
300477,6,217.71,1024.41,
300477,4,107.97,363.22,
300477,2,156.86,250.45,
300477,3,102.53,246.19,
300477,4,57.89,175.08,
300478,7,81.40,505.50,
300478,8,244.80,1866.08,
300478,4,163.68,612.54,
300478,4,187.44,696.11,
300478,3,13.43,37.46,
300478,4,165.07,594.32,
300478,3,29.70,78.78,
300478,3,493.68,1425.27,
300478,5,420.42,1847.63,
300478,3,63.20,173.54,
300481,4,141.90,472.64,
300481,2,480.93,836.57,
300481,2,144.54,250.52,
300481,4,240.96,831.97,
300481,5,392.28,1642.70,
300481,4,18.61,64.22,
300481,4,107.73,326.69,
300481,3,169.31,421.69,
300481,2,344.30,543.30,
300481,5,89.18,334.47,
300481,6,426.72,2144.20,
300484,4,165.79,504.84,
300484,5,119.06,494.80,
300484,3,81.40,197.15,
300484,4,218.88,695.49,
300484,3,98.02,242.98,
300484,2,72.69,114.06,
300484,3,23.11,56.43,
300484,5,183.22,708.78,
300484,5,41.54,156.57,
300484,5,218.64,959.98,
300484,6,185.32,908.57,
300484,3,78.26,188.68,
300484,3,330.75,789.88,
300484,10,18.09,137.87,
300484,3,165.26,384.15,
300486,5,188.85,638.84,
300486,3,112.10,230.88,
300486,3,74.65,165.29,
300486,3,30.72,67.17,
300486,6,13.55,59.84,
300486,3,66.31,163.79,
300486,3,154.74,350.81,
300486,4,8.13,24.61,
300493,4,19.33,73.18,
300493,4,25.15,92.47,
300493,5,456.96,2078.48,
300493,3,220.17,619.32,
300493,3,124.96,334.89,
300493,1,17.06,15.08,
300493,4,63.87,231.64,
300493,5,150.63,676.96,
300493,5,250.08,1065.78,
300493,5,511.02,2229.96,
300493,3,7.29,20.46,
300493,3,93.22,248.82,
300493,1,116.94,107.15,
300493,6,200.29,1035.16,
300493,2,258.72,483.19,
300494,2,131.34,219.81,
300494,3,83.29,235.99,
300494,4,63.81,221.73,
300494,3,507.96,1333.79,
300494,2,11.89,22.34,
300494,2,7.27,13.57,
300494,3,164.92,448.79,
300498,3,8.50,20.11,
300498,4,233.76,795.38,
300498,3,166.14,427.22,
300498,2,100.03,166.70,
300498,7,77.40,495.92,
300498,2,77.64,126.64,
300498,5,216.00,918.18,
300498,1,32.31,28.51,
300498,3,189.22,488.73,
300499,5,46.58,209.75,
300499,5,460.02,2030.34,
300499,2,199.88,374.96,
300499,4,162.79,605.10,
300500,1,157.17,129.74,
300500,3,191.88,502.12,
300500,3,133.45,354.29,
300500,4,11.68,40.70,
300500,5,223.92,958.30,
300500,3,61.67,156.51,
300500,4,30.33,104.06,
300502,4,165.62,539.08,
300502,3,12.31,29.05,
300502,4,222.63,700.42,
300502,4,261.60,792.42,
300502,7,62.53,360.41,
300502,5,26.04,97.42,
300502,1,138.17,105.91,
300502,3,19.49,45.17,
300502,2,125.43,200.75,
300503,3,13.60,33.13,
300503,3,98.40,216.16,
300503,3,7.66,17.07,
300503,3,129.89,280.52,
300503,1,200.49,154.77,
300503,5,25.85,92.19,
300503,5,165.83,637.34,
300503,4,166.59,504.86,
300503,5,495.21,1846.42,
300505,3,521.22,1340.88,
300505,3,422.10,1143.85,
300506,6,100.90,573.39,
300506,3,22.42,61.82,
300506,5,18.32,82.42,
300506,3,425.04,1104.21,
300506,5,11.93,52.65,
300506,5,8.54,40.55,
300511,7,206.03,1198.78,
300511,7,224.88,1304.92,
300512,4,81.88,246.92,
300512,5,109.03,404.46,
300512,5,178.46,651.38,
300512,4,22.85,73.61,
300512,6,488.58,2333.33,
300515,6,314.69,1822.61,
300515,1,45.50,41.82,
300515,2,127.91,219.09,
300515,8,46.26,342.81,
300515,2,143.34,267.08,
300515,3,344.93,943.38,
300515,3,7.68,19.83,
300515,5,101.57,465.43,
300515,7,12.51,78.75,
300515,5,47.79,209.21,
300515,2,152.76,289.48,
300517,2,146.83,236.65,
300517,2,223.44,346.53,
300517,5,12.65,50.51,
300517,4,64.29,198.85,
300517,1,34.09,26.71,
300517,1,134.51,106.34,
300517,6,227.52,1088.57,
300517,6,201.11,972.60,
300517,5,87.17,327.89,
300518,5,34.98,154.91,
300518,2,31.81,55.09,
300518,5,12.49,53.40,
300518,3,23.28,65.47,
300518,4,108.91,378.86,
300518,4,475.32,1663.36,
300518,9,211.97,1660.47,
300518,3,11.36,30.88,
300519,4,63.93,214.36,
300519,5,110.21,436.59,
300519,2,24.94,40.58,
300519,5,109.62,410.92,
300519,4,17.44,55.39,
300519,2,13.33,17.82,
300519,5,78.89,312.56,
300519,2,35.64,51.51,
300520,3,78.58,197.48,
300520,4,326.97,1118.12,
300520,2,184.62,324.06,
300520,4,44.19,153.13,
300520,2,312.80,528.69,
300520,2,319.41,556.20,
300520,3,190.96,495.81,
300520,5,431.76,1821.20,
300521,4,24.89,82.42,
300521,4,46.04,152.25,
300521,3,63.87,137.15,
300521,5,8.26,34.64,
300521,5,554.88,2125.86,
300521,4,153.22,483.09,
300521,5,386.40,1452.87,
300521,5,132.92,485.94,
300526,2,491.64,854.61,
300526,7,455.28,2770.50,
300526,3,74.58,192.58,
300526,2,191.31,334.14,
300526,5,8.03,38.08,
300526,3,95.14,241.46,
300526,3,8.30,22.55,
300526,7,137.94,806.76,
300526,3,12.74,32.98,
300528,5,541.11,2425.79,
300528,5,19.01,90.63,
300528,4,168.61,627.33,
300528,4,103.39,389.78,
300528,5,161.12,680.52,
300528,4,554.88,1879.58,
300528,2,46.85,92.25,
300528,4,100.22,369.25,
300528,7,136.36,816.38,
300528,5,104.26,448.74,
300530,4,29.77,94.81,
300530,4,11.48,36.54,
300530,5,188.32,683.37,
300530,3,126.14,280.74,
300530,7,416.22,2250.83,
300530,4,72.30,244.75,
300530,4,7.25,21.04,
300532,5,47.66,211.57,
300532,5,308.70,1313.58,
300532,5,163.25,706.74,
300532,2,459.48,777.45,
300532,2,22.06,38.27,
300532,9,165.22,1313.22,
300532,5,408.24,1736.60,
300532,2,43.52,72.46,
300532,3,164.03,406.25,
300532,7,47.70,285.20,
300532,5,458.22,1997.58,
300532,2,472.77,830.39,
300532,2,12.78,19.44,
300532,6,435.12,2336.29,
300532,9,79.36,588.24,
300533,7,11.80,67.54,
300533,4,17.59,63.25,
300533,2,61.43,103.79,
300533,6,512.55,2687.24,
300533,4,191.06,656.62,
300533,4,120.48,405.39,
300534,3,12.14,33.81,
300534,3,77.56,197.46,
300534,5,506.94,2247.54,
300534,1,7.93,6.86,
300534,3,500.31,1408.87,
300534,5,72.77,299.88,
300534,3,188.14,526.49,
300535,3,85.72,192.45,
300535,3,132.00,306.40,
300535,3,127.20,300.34,
300535,3,303.35,735.33,
300535,2,116.70,181.16,
300535,5,305.87,1253.63,
300535,3,133.19,308.50,
300535,4,182.86,596.50,
300536,4,11.48,32.47,
300536,3,154.28,366.06,
300536,3,26.16,58.67,
300536,3,284.76,639.68,
300536,3,44.01,98.81,
300536,6,7.54,34.22,
300537,8,213.61,1321.93,
300537,1,141.51,114.52,
300537,7,81.09,386.31,
300539,4,250.32,774.80,
300539,7,16.24,97.84,
300539,4,144.86,468.16,
300539,3,7.67,18.14,
300542,2,188.60,329.65,
300542,3,82.35,218.01,
300542,3,320.99,835.04,
300542,2,203.16,367.82,
300542,5,539.07,2419.74,
300542,4,86.78,316.12,
300542,3,12.14,33.43,
300542,2,179.34,318.28,
300542,3,36.07,98.08,
300544,6,25.32,127.52,
300544,7,122.50,644.54,
300544,8,103.10,679.97,
300544,3,11.46,28.74,
300544,1,491.64,423.54,
300544,2,107.03,171.59,
300544,5,285.39,1173.94,
300546,3,17.64,49.46,
300546,3,17.03,44.69,
300546,4,64.84,248.27,
300546,4,58.07,223.06,
300546,5,30.36,144.64,
300546,2,342.41,656.18,
300546,2,23.40,42.39,
300546,4,217.71,837.51,
300547,2,21.67,37.63,
300547,4,160.97,531.53,
300547,5,192.90,878.67,
300547,3,128.62,339.37,
300547,4,149.72,545.38,
300547,4,130.68,465.52,
300548,2,17.35,24.80,
300548,4,319.10,918.18,
300548,5,304.61,1094.31,
300548,6,13.21,55.57,
300548,5,19.64,77.79,
300548,6,236.40,1100.16,
300549,2,7.92,12.58,
300549,6,35.38,179.22,
300549,4,121.66,415.58,
300549,4,165.44,560.65,
300549,1,125.91,97.55,
300549,2,56.36,85.36,
300549,8,34.16,210.92,
300549,2,41.90,59.94,
300549,4,257.04,817.81,
300551,1,41.58,33.92,
300551,6,32.18,163.22,
300551,4,214.23,713.22,
300551,3,508.47,1337.34,
300551,4,198.03,689.27,
300551,7,559.98,3484.29,
300551,4,61.18,201.83,
300551,5,26.06,108.41,
300554,7,185.32,1038.78,
300554,3,29.96,70.87,
300554,5,508.98,2133.34,
300554,6,77.09,394.36,
300554,4,71.83,222.21,
300554,4,19.75,62.10,
300554,5,41.67,181.30,
300554,8,22.94,147.61,
300554,4,8.72,28.58,
300554,4,57.10,178.79,
300554,5,8.54,34.47,
300554,3,431.34,1041.01,
300556,6,408.66,1953.03,
300556,4,42.57,127.78,
300556,4,36.23,126.35,
300556,2,21.86,36.93,
300556,3,106.91,240.21,
300556,3,120.12,293.26,
300557,5,24.19,114.04,
300557,3,422.52,1186.93,
300557,3,524.28,1431.02,
300558,5,19.21,75.62,
300558,2,258.72,445.93,
300558,4,142.12,485.46,
300558,2,120.25,184.03,
300558,3,64.05,162.00,
300558,2,55.21,88.35,
300558,7,222.00,1184.78,
300558,3,7.63,18.10,
300559,3,491.64,1353.06,
300559,8,120.12,900.45,
300559,2,145.62,271.78,
300559,4,421.26,1573.23,
300559,2,263.04,466.86,
300559,1,451.50,381.12,
300559,3,48.69,128.19,
300559,3,81.48,218.68,
300559,4,81.64,304.49,
300559,3,124.08,347.32,
300559,3,262.56,681.23,
300559,5,106.32,490.54,
300559,5,92.45,409.69,
300559,5,155.65,647.61,
300561,3,59.54,146.60,
300561,4,198.24,582.73,
300563,1,17.69,16.28,
300563,2,18.25,35.44,
300563,6,157.93,797.28,
300563,4,114.46,422.99,
300563,5,49.14,214.88,
300563,3,45.23,123.54,
300564,5,8.78,38.20,
300564,5,510.51,2257.41,
300564,3,241.92,661.95,
300564,5,36.00,169.06,
300564,6,512.04,2650.85,
300566,3,60.51,162.60,
300566,7,64.42,431.50,
300566,6,162.03,930.47,
300566,3,288.86,785.35,
300566,3,18.49,47.77,
300566,4,92.74,325.92,
300566,4,523.26,1846.56,
300566,2,296.42,551.33,
300567,3,7.46,19.06,
300567,7,203.36,1287.39,
300567,1,66.12,59.36,
300567,3,444.78,1130.34,
300567,2,34.72,59.85,
300573,4,217.92,789.54,
300573,6,189.73,991.56,
300573,4,18.41,65.75,
300573,5,111.63,510.11,
300573,4,16.25,59.88,
300574,5,13.48,62.57,
300574,3,385.56,1149.21,
300574,2,59.41,105.17,
300574,2,13.60,25.46,
300574,3,245.52,688.87,
300575,5,86.78,340.67,
300575,2,145.62,211.87,
300575,3,60.21,151.62,
300575,4,77.64,239.44,
300576,3,258.24,584.85,
300576,1,42.08,32.33,
300576,5,222.00,849.77,
300576,6,162.62,746.14,
300576,5,320.99,1164.45,
300576,2,234.96,389.99,
300576,3,47.52,108.19,
300581,3,542.13,1316.50,
300581,2,97.44,160.04,
300581,5,44.46,162.03,
300581,5,36.20,150.00,
300581,3,19.62,44.23,
300581,5,124.02,457.44,
300581,4,255.36,799.34,
300584,4,16.36,60.23,
300584,5,11.89,53.27,
300584,3,42.98,115.70,
300584,2,334.53,620.06,
300584,6,186.74,979.44,
300584,6,21.89,120.97,
300585,2,82.97,149.49,
300585,2,86.04,147.35,
300585,4,312.48,1182.62,
300585,2,185.15,326.04,
300585,2,197.83,357.75,
300586,3,19.22,44.53,
300586,4,419.16,1452.22,
300586,5,166.14,702.60,
300586,3,16.27,37.93,
300588,2,94.66,147.89,
300588,7,482.46,3064.16,
300588,3,557.43,1346.37,
300588,2,35.64,59.12,
300588,6,303.03,1515.73,
300589,3,121.30,299.06,
300589,5,178.46,723.59,
300589,3,70.81,185.34,
300589,9,210.54,1697.49,
300589,2,138.78,240.41,
300589,4,93.50,306.66,
300589,5,494.19,2031.98,
300589,3,165.68,448.66,
300589,3,13.04,33.21,
300590,5,11.45,42.75,
300590,5,11.80,46.52,
300590,5,107.62,404.29,
300590,4,538.05,1689.97,
300590,2,294.84,456.44,
300590,2,25.99,43.51,
300590,3,7.35,16.40,
300590,5,21.94,84.32,
300591,3,142.03,376.55,
300591,3,124.74,320.99,
300591,2,220.17,360.88,
300591,4,17.33,55.94,
300591,7,13.71,82.90,
300591,4,227.76,710.94,
300591,6,239.52,1141.28,
300591,5,333.27,1342.20,
300591,3,88.70,232.90,
300591,8,24.86,165.71,
300591,4,380.10,1272.58,
300591,4,12.53,41.78,
300591,3,188.85,423.62,
300592,3,11.30,31.98,
300592,4,243.36,897.80,
300592,5,59.60,255.31,
300593,4,47.88,171.55,
300593,7,105.02,622.69,
300593,4,12.93,43.95,
300593,2,188.19,331.77,
300593,8,461.04,3030.36,
300593,2,8.53,14.42,
300593,3,43.25,110.54,
300595,4,13.68,47.12,
300595,2,22.03,42.35,
300595,3,492.66,1325.39,
300595,4,23.06,79.01,
300595,5,550.29,2418.67,
300595,5,121.31,530.98,
300595,6,70.73,391.82,
300595,2,90.14,164.45,
300597,3,159.75,318.30,
300597,4,7.80,23.63,
300597,4,156.26,457.96,
300597,2,12.03,18.99,
300598,3,33.79,80.97,
300598,4,66.92,211.04,
300598,7,171.60,942.15,
300598,3,331.07,787.01,
300598,6,12.41,58.66,
300599,8,494.19,3684.41,
300599,5,7.66,33.34,
300599,2,217.92,377.61,
300599,7,30.53,193.12,
300599,5,112.10,512.10,
300599,4,391.44,1347.27,
300599,5,71.75,311.84,
300599,2,32.90,63.01,
300599,4,8.60,30.70,
300599,3,8.02,22.52,
300599,5,70.81,305.39,
300599,4,122.60,441.75,
300599,3,253.92,656.89,
300601,7,125.93,763.61,
300601,3,7.98,19.69,
300601,4,70.96,249.88,
300602,1,7.90,6.13,
300602,3,11.44,27.20,
300602,4,115.29,382.75,
300602,6,128.04,626.87,
300602,4,86.35,264.63,
300602,6,414.96,1948.28,
300602,6,22.66,108.88,
300604,6,89.86,408.59,
300604,4,226.80,691.45,
300604,7,131.34,631.45,
300604,4,18.86,58.26,
300604,4,208.49,634.13,
300604,4,11.48,34.19,
300604,3,63.87,136.93,
300604,10,22.68,177.26,
300607,4,246.72,850.57,
300607,5,12.35,51.93,
300607,6,120.60,603.86,
300607,4,135.70,445.08,
300607,2,228.96,349.54,
300607,5,195.98,744.80,
300607,7,96.86,521.64,
300607,6,12.48,56.81,
300607,3,7.29,17.93,
300609,5,261.84,1180.95,
300609,5,109.15,517.09,
300609,1,87.84,77.62,
300609,5,73.63,318.33,
300609,2,325.40,590.85,
300609,8,17.10,127.09,
300617,2,292.95,528.63,
300617,2,24.00,43.88,
300617,4,154.74,537.04,
300617,6,198.65,1024.30,
300617,3,450.24,1170.37,
300617,6,122.13,659.33,
300617,5,527.34,2220.69,
300618,7,109.15,586.75,
300618,3,11.81,28.16,
300618,5,65.82,270.10,
300618,10,58.19,449.05,
300618,4,33.13,105.00,
300618,7,388.92,2380.41,
300618,3,162.80,388.94,
300618,2,7.31,11.54,
300620,4,383.04,1321.21,
300620,4,124.08,397.39,
300620,4,123.42,410.32,
300620,8,8.78,58.16,
300622,5,134.90,600.90,
300622,7,109.98,648.77,
300622,3,73.48,191.54,
300622,6,422.52,2225.43,
300625,3,47.70,109.06,
300625,5,238.56,896.11,
300625,5,36.10,135.54,
300625,5,122.10,439.82,
300625,6,7.93,36.39,
300625,4,378.42,1216.76,
300625,5,25.22,99.82,
300625,2,99.26,150.91,
300625,4,19.66,60.36,
300625,5,193.73,726.57,
300628,1,176.18,149.81,
300628,4,201.93,660.29,
300628,6,56.43,302.59,
300628,2,90.24,156.22,
300628,6,41.00,218.93,
300628,4,8.10,28.77,
300628,5,202.95,894.25,
300628,4,192.50,701.44,
300628,6,166.32,896.71,
300628,4,190.24,661.36,
300628,5,189.90,844.84,
300628,5,34.65,146.72,
300628,2,138.93,242.71,
300628,6,72.30,363.36,
300628,4,159.63,578.66,
300630,3,142.30,373.44,
300630,3,164.77,440.93,
300630,7,180.05,1027.96,
300630,5,158.99,740.41,
300630,3,55.08,144.21,
300630,3,35.71,87.36,
300630,4,467.67,1643.75,
300630,4,12.58,41.06,
300630,3,346.50,928.88,
300630,5,155.95,691.76,
300630,2,149.87,274.78,
300630,6,307.76,1553.35,
300631,6,85.09,378.34,
300631,6,124.02,579.37,
300631,4,197.42,611.83,
300631,7,83.21,438.07,
300631,1,72.38,48.62,
300633,3,119.72,280.61,
300633,5,8.00,34.11,
300633,4,237.12,863.01,
300633,3,198.65,519.54,
300633,2,192.09,324.90,
300633,6,55.02,294.69,
300633,1,44.33,34.88,
300633,3,134.51,334.40,
300633,3,128.50,332.00,
300633,6,8.65,40.25,
300634,5,142.16,605.77,
300634,5,194.14,881.93,
300634,3,7.77,20.71,
300634,4,30.49,116.17,
300634,4,486.03,1689.15,
300634,3,57.77,156.83,
300634,7,22.01,143.94,
300634,3,56.79,156.15,
300634,5,16.45,82.02,
300634,4,327.92,1214.95,
300636,8,7.79,57.27,
300636,5,451.50,2095.63,
300636,3,24.19,66.23,
300636,2,107.14,194.74,
300636,4,88.80,317.18,
300636,4,236.40,813.52,
300636,6,7.94,42.58,
300636,3,13.38,37.02,
300642,4,227.76,811.16,
300642,1,130.42,119.94,
300642,3,16.83,44.76,
300642,5,35.08,160.74,
300642,2,171.42,288.44,
300642,6,33.73,172.11,
300645,7,131.34,754.36,
300645,2,8.78,15.51,
300645,6,136.62,675.99,
300645,2,25.15,37.73,
300645,3,31.22,81.49,
300645,4,199.67,620.79,
300645,3,220.08,529.69,
300650,4,164.74,506.65,
300650,5,12.79,44.05,
300650,6,293.27,1356.75,
300650,5,135.30,524.54,
300650,2,18.58,28.45,
300650,2,158.08,229.30,
300650,2,24.58,36.50,
300651,5,194.96,866.33,
300651,3,157.78,442.63,
300651,6,151.85,818.93,
300651,5,23.83,106.52,
300653,4,169.84,618.52,
300653,8,8.27,58.43,
300653,4,246.00,876.38,
300653,2,437.64,780.03,
300653,5,24.89,107.09,
300654,5,300.83,1348.20,
300654,2,119.30,209.69,
300654,2,7.97,14.31,
300654,2,7.49,12.62,
300655,1,409.50,308.75,
300655,6,300.83,1334.89,
300655,3,16.69,35.94,
300655,5,288.86,1149.58,
300656,5,48.56,175.22,
300656,6,331.07,1656.76,
300656,3,7.48,18.70,
300656,4,162.03,532.17,
300656,3,209.92,537.67,
300656,3,93.12,243.83,
300656,7,88.99,495.87,
300656,6,309.96,1528.34,
300656,1,24.77,19.70,
300656,2,211.15,346.15,
300656,2,238.32,383.67,
300656,4,56.36,177.23,
300657,1,13.38,10.57,
300657,6,7.66,35.41,
300657,1,75.60,57.60,
300657,7,144.54,841.93,
300657,6,17.12,86.59,
300657,5,62.16,261.21,
300657,6,56.49,270.23,
300657,7,548.25,2966.08,
300661,4,47.75,146.59,
300661,5,90.43,325.26,
300661,4,60.70,189.56,
300661,5,159.14,595.41,
300661,4,454.86,1539.12,
300661,6,17.46,74.29,
300661,5,59.23,223.82,
300661,3,129.68,295.49,
300661,6,468.69,1863.64,
300662,2,12.20,21.51,
300662,4,18.04,65.47,
300662,3,74.18,192.98,
300662,6,16.70,80.73,
300662,5,16.81,76.02,
300662,5,8.42,37.18,
300662,4,163.86,569.58,
300662,5,224.64,918.92,
300662,6,33.23,169.51,
300662,6,132.92,668.71,
300662,3,181.81,454.65,
300662,3,7.63,20.47,
300662,3,45.23,120.58,
300662,3,249.36,668.40,
300662,2,47.52,84.74,
300670,4,125.66,464.05,
300670,3,236.40,704.04,
300670,2,126.19,224.03,
300670,5,115.29,541.32,
300671,6,125.14,624.68,
300671,3,255.60,638.92,
300671,6,159.60,713.61,
300671,5,58.01,240.79,
300671,4,530.91,1681.28,
300671,6,165.68,827.39,
300671,5,413.28,1603.78,
300671,4,255.12,884.75,
300671,7,124.25,743.65,
300671,7,88.13,507.35,
300672,7,345.87,1956.06,
300672,5,11.95,51.30,
300672,2,57.58,95.28,
300672,5,136.36,571.00,
300672,3,224.07,516.26,
300672,5,203.57,800.84,
300672,5,461.55,1821.40,
300672,6,158.75,769.42,
300672,3,7.74,19.20,
300673,6,79.44,372.69,
300673,5,56.61,219.12,
300673,4,43.25,137.44,
300673,3,18.14,39.33,
300673,3,64.29,158.82,
300673,5,311.85,1243.54,
300673,1,523.26,423.12,
9300673,-5,56.61,-219.12,
9300673,-4,43.25,-137.44,
300676,2,328.55,491.77,
300676,4,559.98,1676.70,
300676,2,33.10,49.72,
300676,3,103.97,236.94,
300676,6,8.52,40.85,
300676,5,495.72,2083.24,
300676,3,12.15,28.46,
300676,5,140.30,524.58,
300679,3,34.68,103.46,
300679,5,59.96,264.30,
300679,2,8.29,14.41,
300679,4,208.90,745.04,
300679,7,411.18,2654.84,
300679,3,34.25,88.45,
300679,4,22.99,82.88,
300679,6,75.60,446.18,
300683,2,12.13,20.04,
300683,6,7.92,38.82,
300683,3,66.73,170.68,
300683,4,146.22,498.42,
300687,2,152.76,294.15,
300687,4,34.95,125.47,
300687,5,214.64,946.11,
300687,2,21.62,39.85,
300687,6,13.14,71.91,
300687,9,520.20,4431.49,
300687,5,254.64,1155.54,
300687,3,126.38,315.06,
300688,4,196.39,731.77,
300688,5,189.38,866.38,
300688,3,219.12,559.98,
300688,1,95.52,87.89,
300689,4,343.67,1122.69,
300689,6,62.71,314.29,
300689,1,46.80,41.67,
300689,4,66.73,234.75,
300689,2,109.15,197.95,
300689,3,19.31,53.01,
300695,3,8.42,19.32,
300695,2,126.85,209.85,
300695,4,552.33,1673.79,
300695,2,12.28,18.31,
300695,4,36.10,111.50,
300696,2,158.54,275.52,
300696,3,138.62,356.72,
300696,4,150.63,505.08,
300696,3,143.94,359.70,
300697,4,16.76,54.67,
300697,5,559.98,2214.83,
300697,5,45.14,176.35,
300697,6,100.22,446.31,
300700,4,161.22,457.30,
300700,6,87.36,423.99,
300700,5,208.28,775.09,
300700,3,184.50,432.41,
300701,2,417.48,568.03,
300701,3,446.04,965.13,
300701,4,129.36,425.11,
300701,4,475.32,1385.99,
300701,6,337.37,1654.87,
300701,6,8.22,37.57,
300701,5,467.67,1741.79,
300701,2,322.25,468.81,
300704,5,124.87,516.19,
300704,3,193.07,460.48,
300704,3,43.34,100.89,
300704,3,110.33,264.69,
300704,5,99.07,342.83,
300705,2,235.44,417.78,
300705,8,508.98,3677.41,
300705,7,85.80,515.14,
300705,4,185.15,670.51,
300705,6,11.90,61.67,
300705,4,17.10,62.47,
300705,6,253.20,1354.48,
300705,6,33.92,181.86,
300705,5,132.66,603.86,
300705,3,530.91,1371.34,
300705,6,392.70,2139.57,
300705,3,496.74,1341.81,
300705,6,387.24,2018.00,
300705,4,8.33,29.41,
300708,1,16.87,13.06,
300708,6,12.06,58.04,
300708,6,59.72,312.15,
300708,2,44.15,67.92,
300708,2,180.58,290.90,
300709,3,257.76,654.28,
300709,4,194.96,649.59,
300709,5,31.09,123.62,
300709,5,70.96,284.32,
300709,5,57.52,236.76,
300709,4,192.91,615.54,
300710,3,126.19,328.12,
300710,3,8.30,22.06,
300710,3,95.04,270.15,
300710,3,102.14,266.27,
300710,4,169.14,604.76,
300710,6,162.94,867.73,
300710,3,62.22,169.89,
300711,5,17.03,68.62,
300711,3,57.71,144.47,
300711,5,41.49,174.54,
300711,6,189.63,855.35,
300711,5,91.20,359.38,
300711,5,143.34,554.46,
300711,3,63.75,152.32,
300711,6,327.29,1541.02,
300711,6,151.39,720.35,
300712,5,17.73,65.87,
300712,4,42.98,131.60,
300712,4,61.24,177.97,
300712,3,130.15,319.73,
300712,3,179.70,403.62,
300712,5,119.89,456.61,
300712,10,186.91,1395.04,
300713,3,34.75,97.43,
300713,5,120.12,526.76,
300713,9,442.26,3679.71,
300713,3,8.10,22.02,
300714,2,560.49,878.58,
300714,4,16.69,51.30,
300714,6,13.24,66.68,
300714,3,137.81,342.40,
300716,5,45.36,204.20,
300716,3,12.50,34.51,
300716,5,87.26,391.56,
300716,4,96.86,355.11,
300716,7,24.91,152.54,
300716,5,489.60,2078.50,
300716,8,24.74,180.52,
300718,3,18.76,39.06,
300718,5,178.11,636.73,
300718,8,13.46,82.28,
300718,5,522.24,1778.19,
300725,3,253.44,760.32,
300725,3,474.81,1243.37,
300725,7,175.82,1201.72,
300725,3,43.79,119.16,
300725,2,188.19,331.12,
300725,3,435.12,1143.84,
300725,4,136.62,520.92,
300725,6,421.26,2215.67,
300725,5,137.71,625.72,
300725,4,126.38,453.37,
300725,3,499.29,1378.61,
300725,4,8.11,29.70,
300726,6,82.27,448.09,
300726,4,17.78,63.79,
300726,2,331.07,610.15,
300726,5,165.09,716.90,
300726,4,16.33,61.22,
300726,2,104.45,185.80,
300726,3,11.73,29.63,
300731,5,317.21,1351.64,
300731,7,161.58,959.64,
300731,4,255.84,888.18,
300731,4,195.16,654.76,
300731,5,18.92,81.27,
300732,5,149.87,522.62,
300732,2,82.82,129.62,
300732,2,8.35,13.18,
300732,4,33.83,107.10,
300733,3,107.14,251.61,
300733,1,319.73,222.28,
300733,5,527.85,2124.68,
300733,5,8.49,31.36,
300733,1,19.75,14.49,
300734,3,66.86,148.56,
300734,3,186.74,432.61,
300734,6,144.86,636.69,
300734,4,7.50,23.28,
300734,2,412.02,631.74,
300734,4,138.86,438.36,
300735,9,130.15,963.68,
300735,6,26.28,145.67,
300735,3,191.14,520.33,
300735,2,459.90,770.86,
300735,3,400.26,1070.92,
300735,4,170.72,572.16,
300735,5,131.47,604.35,
300735,6,100.03,534.87,
300737,4,19.64,58.05,
300737,4,35.64,105.37,
300737,4,18.85,54.91,
300737,4,11.70,37.49,
300737,3,31.38,72.21,
300737,4,217.44,699.65,
300737,5,17.23,58.75,
300738,7,391.02,2283.80,
300738,2,34.39,55.00,
300738,5,11.93,49.98,
300738,3,32.44,79.28,
300738,3,76.46,190.29,
300738,5,128.86,486.47,
300738,8,18.95,114.18,
300738,4,130.68,420.88,
300738,4,248.88,841.22,
300739,5,17.57,80.56,
300739,4,155.50,546.67,
300739,5,34.75,154.03,
300739,3,436.38,1167.51,
300739,5,454.44,1972.03,
300739,5,22.46,100.25,
300739,4,441.00,1569.83,
300739,1,46.26,36.24,
300739,4,183.04,647.11,
300739,7,252.96,1525.09,
300739,1,465.63,407.99,
300743,6,207.26,1065.02,
300743,1,13.23,12.10,
300743,3,7.91,21.42,
300743,2,408.24,725.31,
300743,8,224.27,1664.90,
300743,2,134.24,246.17,
300743,3,73.24,198.26,
300745,4,211.56,632.95,
300745,3,556.92,1243.94,
300745,7,82.50,436.73,
300745,8,133.06,720.03,
300745,8,8.06,50.11,
300748,5,540.09,2465.26,
300748,5,33.07,146.98,
300748,4,112.10,443.09,
300748,7,23.52,140.79,
300748,5,325.71,1495.77,
300750,3,35.11,87.67,
300750,5,82.11,356.66,
300750,4,8.16,26.94,
300750,4,8.38,25.96,
300750,4,172.30,548.38,
300750,2,433.86,739.89,
300750,4,166.74,541.89,
300752,3,25.37,57.66,
300752,3,409.08,870.38,
300752,2,207.87,323.76,
300752,7,305.87,1603.65,
300752,1,123.02,95.22,
300752,2,46.71,67.89,
300754,4,64.29,234.82,
300754,3,102.24,278.04,
300754,7,11.46,74.39,
300754,4,192.90,675.21,
300754,5,26.26,117.33,
300754,3,417.90,1179.88,
300754,1,478.38,446.67,
300754,5,62.28,283.50,
300756,3,530.40,1424.60,
300756,6,24.55,131.06,
300756,5,393.96,1704.67,
300757,8,13.54,97.08,
300757,6,116.47,604.66,
300757,3,46.67,119.46,
300757,5,159.14,628.76,
300757,6,73.55,376.72,
300757,2,234.96,396.52,
300757,6,12.76,73.58,
300757,7,305.24,1856.39,
300757,5,23.95,105.61,
300757,6,223.25,1199.98,
300757,5,231.12,892.88,
300757,7,392.70,2272.53,
300757,7,413.70,2579.66,
300758,4,12.99,43.18,
300758,6,113.16,613.51,
300758,6,165.22,849.72,
300758,4,24.19,83.63,
300758,6,44.28,224.25,
300760,3,24.82,64.17,
300760,7,25.51,161.15,
300760,5,459.48,1944.44,
300760,4,142.43,493.08,
300760,2,108.09,189.61,
300760,2,42.93,71.11,
300760,2,196.39,341.69,
300762,5,30.43,124.28,
300762,2,122.63,197.83,
300762,3,441.42,1189.63,
300762,4,494.70,1658.54,
300762,3,96.29,247.91,
300762,7,240.48,1308.97,
300762,8,176.00,1183.85,
300762,3,142.12,349.70,
300762,4,431.34,1404.66,
300763,6,58.68,274.50,
300763,3,462.57,1151.15,
300763,4,46.98,147.26,
300763,5,332.96,1377.98,
300763,7,8.79,50.22,
300763,2,286.34,482.26,
300763,6,8.56,39.46,
300764,4,49.01,146.33,
300764,3,94.85,219.84,
300764,6,35.61,151.81,
300764,3,48.69,111.11,
300764,5,18.95,66.25,
300764,3,57.58,123.12,
300764,5,446.88,1651.44,
300764,5,178.29,653.61,
300764,3,145.20,327.18,
300764,3,128.03,283.60,
300764,6,65.03,277.27,
300764,2,31.61,46.08,
300764,5,23.23,85.35,
300765,5,198.44,734.25,
300765,3,128.70,299.04,
300765,1,8.27,6.32,
300765,2,84.94,125.16,
300765,4,168.26,498.81,
300765,2,16.90,24.01,
300765,5,12.58,47.96,
300765,5,16.78,62.18,
300765,5,11.69,44.03,
300765,4,79.05,220.12,
300765,2,521.22,761.12,
300765,3,8.13,16.87,
300765,4,187.58,629.59,
300766,4,141.50,514.26,
300766,4,111.39,401.40,
300766,2,12.00,22.41,
300766,6,116.82,656.60,
300766,3,250.08,650.92,
300768,5,326.66,1273.90,
300768,2,78.58,129.56,
300768,3,329.18,810.14,
300768,2,22.61,35.01,
300768,4,412.02,1414.36,
300769,4,99.36,333.27,
300769,3,406.14,965.39,
300769,4,12.74,42.14,
300769,3,7.40,19.96,
300769,4,22.25,75.12,
300770,2,167.38,264.59,
300770,3,200.90,503.45,
300770,3,43.56,107.68,
300770,7,498.27,2707.76,
300772,2,310.59,456.46,
300772,4,122.23,389.08,
300772,1,169.84,120.45,
300772,7,220.32,1212.26,
300772,6,522.75,2403.80,
300772,3,19.35,39.21,
300772,5,23.28,86.45,
300772,3,198.65,472.07,
300772,2,146.53,217.90,
300772,5,45.32,164.37,
300774,3,34.68,81.82,
300774,6,12.45,56.33,
300774,7,121.89,672.19,
300774,2,83.29,127.84,
300774,2,80.07,113.37,
300774,2,48.60,76.11,
300774,5,18.94,70.88,
300774,4,32.41,99.82,
300774,4,78.42,262.56,
300775,1,120.52,98.08,
300775,4,178.46,564.83,
300775,6,130.94,593.82,
300775,8,144.54,959.41,
300775,5,82.27,335.37,
300776,2,25.87,39.23,
300776,5,241.20,942.54,
300776,6,418.74,2022.64,
300776,6,236.88,1120.47,
300776,1,132.66,111.31,
300776,4,73.08,233.93,
300776,2,415.80,623.98,
300776,3,33.07,80.97,
300776,4,146.68,420.19,
300777,6,85.96,470.62,
300777,4,11.96,44.83,
300777,2,233.76,409.82,
300777,2,19.21,36.49,
300777,3,126.98,336.72,
300777,4,17.41,63.31,
300777,3,159.45,416.30,
300777,1,31.38,29.94,
300779,4,438.06,1519.21,
300779,7,153.22,991.32,
300779,3,71.59,182.63,
300781,4,7.38,25.08,
300781,3,129.45,356.29,
300781,4,19.08,64.90,
300781,9,125.53,1006.40,
300782,8,22.30,148.42,
300782,6,499.80,2550.78,
300782,4,23.66,77.49,
300782,1,102.72,79.99,
300782,1,33.40,28.34,
300782,3,17.10,42.81,
300782,4,75.12,253.04,
300782,6,55.39,271.56,
300782,8,13.21,83.08,
300783,6,25.56,119.45,
300783,7,81.72,427.56,
300783,5,546.72,2147.90,
300783,4,12.36,38.27,
300785,3,21.72,61.51,
300785,6,32.87,161.37,
300785,5,234.00,983.46,
300786,6,322.88,1567.31,
300786,4,48.56,164.92,
300786,5,11.80,45.48,
300786,5,161.27,618.55,
300786,2,412.86,705.93,
300786,4,208.49,649.16,
300790,3,33.59,88.49,
300790,5,74.42,323.53,
300790,6,44.06,231.25,
300790,6,8.04,44.48,
300790,5,176.18,718.15,
300790,3,298.62,772.04,
300790,3,56.55,144.85,
300797,3,13.01,27.37,
300797,10,59.60,439.96,
300797,3,79.76,179.66,
300797,5,17.35,61.15,
300797,6,100.61,456.96,
300797,2,55.02,80.85,
300797,2,163.86,247.41,
300797,3,35.11,74.76,
300797,3,13.23,27.69,
300798,2,79.68,146.32,
300798,2,551.31,981.27,
300798,6,107.73,546.19,
300798,3,174.94,485.44,
300798,6,22.51,126.44,
300798,3,537.03,1372.96,
300798,4,151.39,544.06,
300798,5,18.50,82.83,
300798,6,34.02,192.55,
300798,3,383.46,1022.30,
300800,6,30.59,140.35,
300800,4,156.41,450.06,
300800,4,12.24,35.13,
300800,6,150.18,703.95,
300800,3,92.06,195.57,
300800,4,125.67,389.58,
300800,2,81.33,125.46,
300800,5,308.07,1124.71,
300800,3,211.56,471.18,
300800,5,316.26,1125.60,
300800,3,185.94,446.27,
300801,5,168.96,650.20,
300801,8,131.60,816.56,
300801,3,140.05,348.58,
300801,3,106.79,242.74,
300801,4,332.01,989.52,
300801,4,495.21,1442.12,
300801,5,133.98,483.15,
300801,1,43.79,35.04,
300801,6,100.13,475.44,
300802,3,207.67,543.20,
300802,10,102.82,936.47,
300805,1,240.24,190.24,
300805,6,26.11,118.25,
300805,7,173.54,883.19,
300805,3,97.82,229.12,
300805,4,31.78,102.67,
300805,2,64.17,109.66,
300805,3,457.80,1084.53,
300805,4,217.44,668.77,
300805,5,59.66,235.50,
300805,4,508.98,1578.75,
300806,1,59.78,45.17,
300806,3,239.04,531.03,
300806,5,214.23,794.09,
300806,6,104.64,496.30,
300806,3,190.96,405.90,
300808,7,227.04,1247.72,
300808,3,23.28,54.60,
300808,5,330.44,1215.25,
300808,7,7.34,40.35,
300808,4,13.14,37.72,
9300808,-5,330.44,-1215.25,
300810,2,540.60,997.52,
300810,4,441.84,1651.83,
300810,10,102.34,930.63,
300810,1,483.48,407.29,
300810,2,17.30,31.03,
300810,3,45.36,117.23,
300812,4,126.59,394.69,
300812,3,125.67,282.23,
300812,7,78.11,392.08,
300812,4,437.64,1352.28,
300812,5,121.18,456.30,
300812,3,112.34,248.13,
300812,2,7.42,10.73,
300812,4,17.24,46.61,
300812,2,193.52,302.94,
300812,6,11.64,50.87,
300812,4,86.69,256.27,
300812,6,126.85,550.06,
300812,4,236.88,756.77,
300812,3,30.36,71.59,
300812,8,132.00,743.18,
300814,3,312.80,645.39,
300814,5,45.32,157.08,
300814,9,23.93,161.38,
300814,7,23.66,124.97,
300814,3,387.24,849.56,
300814,6,325.40,1501.74,
300814,9,213.20,1370.94,
300815,3,430.08,1057.64,
300815,6,66.80,353.47,
300815,1,19.06,16.08,
300815,3,33.83,82.41,
300815,4,138.47,484.46,
300815,7,55.33,339.91,
300815,3,185.32,470.40,
300819,3,79.29,218.60,
300819,4,193.25,736.12,
300819,4,218.94,812.51,
300819,4,509.49,1899.95,
300819,2,48.24,87.73,
300819,4,70.81,262.17,
300819,3,189.73,481.42,
300820,3,24.24,60.37,
300820,5,406.14,1786.77,
300820,5,149.57,640.72,
300820,4,225.09,757.88,
300820,3,470.73,1292.61,
300820,6,143.48,776.42,
300820,3,62.89,173.03,
300821,3,434.70,1008.27,
300821,2,325.71,480.04,
300821,3,540.09,1166.45,
300821,5,143.64,524.97,
300821,3,56.06,126.32,
300821,1,42.35,34.63,
300824,4,21.60,77.07,
300824,4,122.25,436.39,
300824,2,11.71,20.31,
300824,3,193.32,547.35,
300824,4,13.60,50.22,
300824,6,11.58,62.12,
300826,4,108.80,335.54,
300826,5,61.73,243.42,
300826,4,31.09,100.77,
300826,5,11.79,48.99,
300826,1,77.40,57.79,
300826,5,260.64,1049.95,
300826,5,215.25,875.45,
300826,2,7.58,12.11,
300826,5,13.71,54.55,
300827,3,23.23,54.14,
300827,3,7.30,17.96,
300827,5,95.14,429.23,
300827,3,26.18,65.35,
300827,6,92.26,446.24,
300827,4,16.90,55.92,
300827,7,12.11,70.29,
300827,4,24.34,79.57,
300827,6,192.02,1015.73,
300827,2,71.67,122.47,
300827,7,42.12,241.23,
300828,1,7.70,6.25,
300828,3,32.64,76.79,
300828,2,42.62,70.89,
300828,2,30.59,49.60,
300828,5,48.78,198.48,
300828,4,144.55,479.01,
300830,3,17.24,47.23,
300830,4,249.36,890.33,
300832,7,218.16,1311.29,
300832,2,16.65,27.67,
300832,3,239.04,660.18,
300832,3,24.00,66.59,
300832,2,57.22,97.13,
300832,3,49.32,128.60,
300832,4,180.22,615.83,
300841,5,57.65,223.73,
300841,3,8.33,18.23,
300841,2,188.85,291.71,
300841,2,83.29,126.24,
300841,5,36.07,141.36,
300841,5,158.54,583.97,
300843,8,56.12,346.48,
300843,2,393.54,617.45,
300843,6,517.14,2438.95,
300843,3,113.04,276.42,
300843,4,544.17,1602.57,
300843,5,40.68,152.90,
300843,4,12.89,41.21,
300844,4,34.85,119.22,
300844,2,11.91,20.03,
300849,2,162.62,242.27,
300849,4,175.12,522.14,
300849,5,506.94,1880.80,
300849,3,17.84,41.27,
300849,6,441.00,2125.87,
300849,4,332.01,1044.53,
300849,5,8.38,31.24,
300849,5,96.00,339.16,
300850,2,88.13,165.17,
300850,5,329.18,1531.27,
300850,2,219.84,411.26,
300851,2,138.07,219.92,
300851,5,7.49,29.24,
300851,5,342.09,1385.07,
300851,2,248.16,399.19,
300851,2,221.04,347.07,
300851,3,179.52,453.27,
300851,2,101.95,169.31,
300851,7,217.44,1314.30,
300851,4,320.36,1017.88,
300851,5,210.54,885.92,
300851,7,234.48,1262.19,
300852,6,24.07,118.21,
300852,2,41.99,60.80,
300852,5,97.06,441.93,
300852,8,42.57,286.65,
300852,5,82.03,349.43,
300852,3,12.31,28.45,
300852,5,231.84,1073.85,
300852,8,11.41,80.86,
300856,4,220.08,639.87,
300856,5,12.18,46.79,
300856,4,22.32,67.24,
300856,5,220.80,901.93,
300856,3,90.14,204.81,
300856,7,217.30,1122.52,
300856,2,8.07,12.97,
300858,4,400.68,1276.67,
300858,3,22.37,50.87,
300858,1,78.42,63.38,
300858,2,389.76,673.19,
300858,3,171.95,404.43,
300858,3,220.38,500.54,
300858,5,381.36,1420.17,
300858,3,82.35,185.34,
300858,5,104.93,401.60,
300858,2,133.72,196.77,
300858,4,73.79,246.02,
300859,3,71.36,177.02,
300859,3,153.06,379.54,
300859,3,44.01,110.59,
300859,1,77.87,62.70,
300859,5,30.66,129.02,
300860,9,8.26,70.73,
300860,4,177.76,647.78,
300860,4,66.12,242.46,
300860,3,109.15,295.52,
300860,4,24.60,77.28,
300860,2,128.44,226.90,
300860,4,42.17,159.20,
300860,4,93.12,355.78,
300860,4,8.31,27.22,
300860,6,19.64,106.42,
300860,4,185.73,658.57,
300860,4,80.38,290.89,
300861,1,123.42,105.37,
300861,4,17.96,64.00,
300861,2,59.11,106.74,
300861,5,213.82,1006.66,
300861,6,132.26,763.37,
300861,2,16.63,31.86,
300861,2,336.11,577.57,
300867,6,165.98,785.43,
300867,3,126.98,304.63,
300867,2,77.72,126.22,
300867,4,211.97,723.94,
300867,4,460.74,1491.37,
300867,4,57.89,198.82,
300867,5,160.16,689.37,
300867,2,173.18,287.04,
300869,4,116.23,441.23,
300869,6,23.47,132.52,
300869,4,133.32,451.61,
300869,3,553.35,1483.48,
300869,1,42.80,36.30,
300869,7,35.11,224.44,
300869,3,185.50,534.95,
300869,3,219.60,612.34,
300872,5,165.09,728.07,
300872,7,179.70,1068.45,
300872,7,124.61,793.34,
300872,6,32.37,171.08,
300872,4,106.91,381.73,
300872,3,143.09,421.16,
300872,4,436.38,1502.74,
300872,2,341.15,599.86,
300872,7,222.72,1459.46,
300872,4,47.61,183.22,
300873,2,98.59,157.04,
300873,6,57.95,290.29,
300873,2,199.47,311.00,
300873,4,41.99,141.24,
300873,5,505.92,1905.59,
300873,4,180.93,609.43,
300873,5,12.35,48.78,
300873,5,483.48,2097.13,
300873,4,41.58,132.63,
300873,3,12.48,29.12,
300873,5,452.34,1813.02,
300873,4,112.22,359.39,
300874,1,34.35,29.92,
300874,5,11.50,52.22,
300874,5,25.34,105.60,
300874,7,498.78,2924.92,
300876,5,193.11,905.36,
300876,3,191.88,509.10,
300876,5,222.48,1108.85,
300876,2,191.14,319.62,
300877,2,119.53,211.75,
300877,3,8.50,21.17,
300877,5,45.23,187.82,
300877,5,291.06,1295.43,
300877,3,318.47,757.79,
300877,4,18.90,63.08,
300879,5,217.71,982.58,
300879,4,383.46,1352.76,
300880,6,425.46,1888.41,
300880,2,96.96,140.14,
300880,4,336.42,906.23,
300882,4,11.98,43.04,
300882,7,12.43,77.67,
300882,7,104.26,702.81,
300882,5,11.48,48.54,
300882,5,459.90,1960.10,
300882,3,35.87,100.14,
300882,4,93.22,351.27,
300882,3,125.79,323.14,
300882,7,194.34,1265.06,
300883,2,57.04,86.06,
300883,6,209.31,1032.66,
300883,4,165.53,507.75,
300883,6,125.93,612.53,
300883,4,220.32,693.31,
300883,2,23.16,40.91,
300883,5,121.07,503.26,
300883,2,12.39,20.42,
300883,4,254.40,821.34,
300883,5,59.78,242.89,
300883,7,25.06,132.01,
300883,3,48.74,110.21,
300889,5,18.50,73.11,
300889,5,218.53,816.58,
300889,5,31.09,119.21,
300889,3,482.97,1135.50,
300889,2,166.85,257.00,
300890,1,44.96,40.71,
300890,4,216.96,805.39,
300890,5,55.75,258.76,
300890,3,78.74,219.28,
300890,3,19.51,53.44,
300890,4,192.70,708.76,
300890,2,441.84,808.99,
300890,2,30.72,58.06,
300890,7,532.44,3355.65,
300890,2,17.82,34.11,
300890,4,299.57,1155.51,
300890,5,91.78,426.52,
300890,3,134.38,393.01,
300892,3,342.09,837.90,
300892,3,160.16,377.98,
300892,3,491.13,1145.15,
300892,2,391.02,688.98,
300893,5,220.79,957.43,
300893,5,12.41,53.81,
300893,3,49.28,128.57,
300893,4,157.93,560.38,
300893,5,121.18,477.05,
300893,4,18.50,63.81,
300893,2,86.88,137.08,
300893,3,217.10,535.47,
300893,3,243.36,590.64,
300893,4,8.39,29.22,
300893,3,193.11,459.10,
300894,3,418.74,989.35,
300894,6,253.44,1235.32,
300894,3,105.22,245.74,
300894,7,32.08,183.32,
300894,6,16.96,78.00,
300894,4,120.71,394.19,
300894,4,323.82,1075.75,
300894,5,34.09,134.22,
300894,3,12.38,29.52,
300896,2,34.25,50.81,
300896,3,428.40,1001.99,
300896,3,184.45,419.41,
300896,7,425.46,2191.80,
300896,3,82.19,185.42,
300898,5,78.66,279.25,
300898,5,215.46,846.96,
300898,4,394.80,1134.65,
300898,6,31.55,127.32,
300898,2,11.41,17.50,
300898,5,24.91,88.24,
300898,2,325.08,495.54,
300898,1,32.44,22.91,
300898,1,66.67,50.03,
300902,2,324.14,559.18,
300902,6,59.35,281.15,
300902,3,7.37,19.10,
300902,3,99.84,253.40,
300903,5,82.74,401.60,
300903,4,480.93,1786.30,
300903,3,225.50,606.89,
300903,3,88.80,240.00,
300903,3,8.09,21.77,
300903,6,250.80,1365.71,
300903,4,44.10,143.57,
300903,7,550.29,3525.25,
300903,3,72.77,196.16,
300903,5,193.93,879.58,
300906,5,74.42,290.59,
300906,5,164.31,663.16,
300906,6,45.77,214.59,
300906,4,19.28,65.32,
300906,5,81.64,324.52,
300906,4,403.20,1334.16,
300906,2,16.27,24.68,
300906,8,23.42,142.07,
300906,2,119.06,195.97,
300907,3,79.29,197.18,
300907,3,473.79,1184.95,
300907,2,73.71,119.03,
300907,4,177.58,606.94,
300907,8,33.23,211.56,
300907,3,533.97,1351.38,
300908,5,108.44,516.60,
300908,4,42.35,147.70,
300908,3,221.40,602.34,
300909,4,104.45,373.74,
300909,2,122.60,217.07,
300909,6,139.92,770.09,
300909,9,143.03,1192.04,
300909,6,31.52,171.47,
300909,5,299.88,1348.85,
300910,4,81.64,261.38,
300910,4,62.16,202.78,
300910,3,62.59,142.33,
300910,3,56.30,136.91,
300910,2,446.04,677.00,
300910,3,33.36,71.71,
300911,2,83.76,132.26,
300911,5,48.92,169.78,
300911,2,48.51,69.02,
300911,4,334.22,978.84,
300911,5,49.14,170.05,
300911,3,178.64,397.98,
300911,4,96.67,285.73,
300911,6,33.73,157.11,
300911,6,8.07,36.27,
300911,2,219.97,322.10,
300911,2,296.73,407.66,
300912,3,46.58,106.83,
300912,5,8.10,33.52,
300912,2,23.69,38.73,
300912,2,219.97,351.84,
300912,6,558.96,2659.77,
300914,3,18.67,48.09,
300914,2,108.09,170.50,
300914,5,19.33,77.78,
300914,3,181.10,456.20,
300914,4,235.68,736.39,
300914,4,19.46,63.70,
300914,4,437.22,1432.80,
300914,4,35.18,119.72,
300914,5,506.43,1985.86,
300914,4,26.33,85.08,
300914,4,59.17,184.90,
300916,6,145.31,774.13,
300916,2,433.86,793.79,
300916,4,33.20,114.29,
300916,1,22.03,19.27,
300932,2,33.99,51.97,
300932,3,57.65,130.94,
300932,4,122.36,375.38,
300932,1,521.73,428.70,
300932,5,147.90,559.90,
300932,5,19.46,78.53,
300932,1,260.16,207.13,
300932,3,188.50,438.37,
300932,4,204.59,612.37,
300932,3,102.91,253.16,
300932,1,91.68,76.33,
300932,3,48.60,109.98,
300932,5,389.76,1457.03,
300932,4,22.42,65.73,
300933,1,303.03,254.78,
300933,6,100.90,504.97,
300933,3,331.70,880.33,
300933,4,33.96,114.48,
300933,5,72.53,308.90,
300933,5,249.36,1079.96,
300935,7,74.65,418.83,
300935,4,189.42,578.81,
300935,2,253.92,396.13,
300935,6,72.77,349.34,
300935,3,55.45,124.10,
300935,1,62.89,48.29,
300935,7,8.30,44.17,
300935,5,124.21,485.64,
300935,3,127.25,330.02,
300935,8,154.43,981.56,
300935,4,25.90,88.78,
300935,4,31.48,94.79,
300935,1,129.33,107.50,
300935,4,19.10,57.34,
300935,5,26.02,101.31,
300936,4,18.86,65.86,
300936,4,12.58,44.27,
300936,5,90.53,397.77,
300936,1,18.56,17.03,
300936,4,396.90,1417.79,
300936,3,516.63,1442.01,
300936,3,391.02,1000.01,
300938,3,206.03,454.45,
300938,1,221.76,160.78,
300938,1,59.17,46.41,
300938,3,66.80,147.88,
300938,5,34.78,125.19,
300938,2,55.02,79.27,
300938,5,17.77,61.34,
300938,6,56.24,251.51,
300939,4,7.98,24.69,
300939,5,165.09,635.79,
300939,5,31.45,126.97,
300939,7,208.08,1205.75,
300939,3,556.41,1427.46,
300939,3,90.82,236.46,
300939,6,144.25,691.06,
300942,9,35.74,293.36,
300942,3,124.61,326.65,
300942,4,23.02,83.28,
300942,3,308.70,838.21,
300942,4,45.18,159.89,
300942,1,34.42,31.08,
300942,2,243.60,463.29,
300943,3,79.60,184.16,
300943,2,66.67,94.69,
300943,3,119.18,271.16,
300943,6,30.20,150.90,
300943,3,35.18,75.35,
300943,5,150.33,542.09,
300943,4,560.49,1616.59,
300943,6,34.91,160.42,
300943,2,83.52,121.86,
300944,5,19.44,75.72,
300944,3,120.36,274.67,
300944,3,232.80,594.04,
300944,4,203.16,599.17,
300944,6,7.21,34.57,
300944,5,221.28,866.69,
300945,2,47.61,85.33,
300945,2,240.96,448.08,
300945,6,91.39,512.16,
300945,4,79.83,280.66,
300945,3,387.24,1033.72,
300945,6,309.02,1547.05,
300946,4,122.25,450.39,
300946,3,12.54,34.50,
300946,2,32.44,59.26,
300946,4,117.41,387.64,
300946,8,540.09,3719.45,
300947,1,23.86,18.26,
300947,5,45.95,192.49,
300947,5,251.28,1100.75,
300947,10,12.09,99.86,
300947,9,207.46,1518.10,
300947,6,66.19,350.78,
300947,5,137.28,547.82,
300947,3,11.29,27.87,
300955,7,291.69,1727.46,
300955,4,44.51,147.86,
300955,5,453.60,1919.95,
300955,1,200.08,170.16,
300955,5,191.88,786.89,
300955,3,74.18,167.39,
300955,3,12.99,28.55,
300956,3,34.49,97.72,
300956,5,11.73,54.66,
300956,6,7.59,40.66,
300957,2,553.86,766.33,
300957,4,229.68,705.03,
300957,3,142.03,321.25,
300957,3,18.23,39.92,
300957,2,42.03,64.92,
300958,2,298.62,533.47,
300958,4,240.24,917.32,
300958,2,30.29,52.12,
300958,5,254.88,1133.19,
300960,4,521.73,1888.65,
300960,7,116.23,657.13,
300960,4,142.27,527.74,
300960,6,44.96,247.54,
300960,4,30.99,105.42,
300960,2,21.96,40.08,
300964,4,460.53,1661.76,
300964,4,241.92,905.14,
300964,2,177.23,313.21,
300964,3,59.11,161.63,
300964,6,41.54,236.99,
300964,4,31.32,117.74,
300964,5,326.66,1425.30,
300964,8,90.14,686.25,
300964,4,463.59,1693.39,
300964,9,221.40,1726.07,
300968,4,35.08,119.82,
300968,5,525.81,2245.64,
300972,5,146.83,645.82,
300972,3,494.70,1327.89,
300972,5,303.03,1325.17,
300972,5,531.93,2486.87,
300972,2,152.91,242.19,
300972,5,126.26,565.44,
300972,2,546.21,940.58,
300972,2,122.60,205.64,
300972,2,119.65,209.05,
300973,3,25.92,68.66,
300973,3,18.20,49.18,
300973,6,382.62,2213.31,
300973,2,30.53,55.11,
300974,5,212.18,1030.28,
300974,8,73.48,555.33,
300974,2,342.41,619.42,
300974,3,60.82,164.95,
300974,4,65.51,242.19,
300974,2,16.31,29.56,
300974,4,179.70,668.54,
300974,4,73.63,256.81,
300977,4,161.74,584.52,
300977,4,486.03,1664.45,
300977,2,111.86,195.92,
300977,5,460.53,2027.97,
300980,3,545.19,1491.57,
300980,4,404.88,1493.41,
300983,6,63.75,314.59,
300983,3,221.52,540.25,
300983,5,401.52,1757.39,
300983,2,197.42,328.72,
300985,6,44.51,247.14,
300985,3,462.57,1256.80,
300985,4,165.26,577.93,
300988,3,30.76,79.84,
300988,6,17.51,94.65,
300988,4,189.38,667.76,
300988,8,202.34,1474.24,
300988,4,188.32,725.95,
300988,7,102.05,655.75,
300990,3,17.60,43.80,
300990,1,29.77,21.77,
300990,4,119.77,396.34,
300990,5,169.84,668.60,
300990,3,18.81,44.97,
300990,4,48.20,163.42,
300990,2,66.37,102.01,
300990,6,433.44,2027.38,
300990,5,175.47,668.97,
300991,6,118.83,634.43,
300991,8,97.82,619.49,
300991,5,23.45,103.85,
300991,4,342.09,1187.00,
300991,3,35.81,85.89,
300991,3,461.55,1063.29,
300993,5,335.48,1578.87,
300993,4,102.72,383.90,
300993,5,162.98,722.93,
300993,4,466.14,1637.56,
300994,8,229.68,1446.08,
300994,3,120.91,273.28,
300994,4,35.57,101.59,
300994,3,167.20,387.26,
300996,3,56.49,148.98,
300996,7,257.28,1600.66,
300996,4,533.46,1883.49,
300996,4,108.32,385.26,
300996,3,140.90,377.51,
300996,4,484.50,1748.09,
300996,3,19.21,52.61,
300996,2,123.19,214.29,
300996,7,62.59,374.86,
300996,3,24.05,63.00,
300996,4,57.58,189.96,
300997,5,162.62,584.45,
300997,4,222.24,773.97,
300997,5,60.88,223.13,
300997,4,306.81,883.53,
300997,5,191.49,703.05,
300997,9,30.62,223.10,
300997,1,131.47,98.17,
300997,2,33.83,53.84,
300997,7,124.02,643.69,
300997,3,217.51,470.16,
300997,9,255.84,1818.40,
300999,4,174.94,566.96,
300999,3,22.58,56.32,
300999,4,129.21,392.45,
300999,1,424.62,358.45,
300999,7,140.90,835.62,
300999,7,18.61,104.02,
300999,5,16.60,68.56,
300999,1,186.21,143.05,
300999,6,17.53,84.06,
300999,6,45.09,221.80,
300999,4,24.89,80.06,
300999,5,13.54,56.98,
300999,4,419.58,1351.97,
300999,2,56.18,91.52,
300999,4,71.59,249.03,
301002,4,556.41,1802.67,
301002,4,71.59,214.24,
301002,4,82.03,240.21,
301002,8,114.11,730.18,
301002,8,23.78,143.79,
301002,6,24.00,103.94,
301002,5,74.97,289.41,
301002,5,140.32,513.61,
301002,3,8.02,18.12,
301002,2,94.75,154.13,
301002,3,96.96,197.73,
301003,1,47.07,38.09,
301003,2,30.03,48.07,
301003,3,59.48,145.36,
301003,5,446.46,1723.14,
301003,4,24.14,71.40,
301003,8,217.92,1337.19,
301003,8,95.23,598.21,
301003,2,472.77,764.39,
301003,4,246.96,774.97,
301004,4,222.48,795.02,
301004,4,25.44,89.09,
301004,2,17.96,33.66,
301004,2,48.38,88.36,
301004,6,120.91,632.57,
301004,5,117.88,548.25,
301004,4,315.63,1138.34,
301004,4,65.39,229.04,
301004,5,71.98,348.52,
301004,5,255.12,1041.92,
301004,8,453.18,3136.35,
301005,4,25.18,92.94,
301005,4,128.83,446.17,
301005,7,71.36,477.45,
301005,3,332.96,882.95,
301006,4,207.46,622.66,
301006,2,19.46,26.73,
301006,1,22.15,15.09,
301006,2,18.41,26.80,
301006,4,164.01,464.97,
301006,4,214.84,590.98,
301006,3,31.78,68.61,
301006,2,215.05,305.34,
301006,4,193.25,565.79,
301006,4,12.29,37.97,
301007,3,11.99,32.98,
301007,2,241.68,447.28,
301007,7,21.86,137.56,
301007,2,118.83,211.70,
301007,3,322.56,858.40,
301011,2,16.70,28.34,
301011,3,518.16,1332.87,
301011,1,104.45,90.82,
301011,3,180.22,450.80,
301011,2,71.12,120.40,
301011,5,144.10,608.59,
301011,3,86.50,229.41,
301011,7,220.99,1353.02,
301011,2,231.60,393.01,
301011,6,30.39,171.53,
301011,5,88.13,368.17,
301011,4,114.11,409.48,
301017,8,119.06,786.76,
301017,5,25.03,111.56,
301017,7,8.74,56.92,
301017,4,26.18,88.52,
301017,3,210.74,557.17,
301017,2,25.37,43.62,
301017,4,329.18,1067.15,
301017,2,92.06,148.02,
301017,4,399.42,1408.08,
301017,4,109.50,360.27,
301018,6,213.61,1073.71,
301018,5,46.80,217.61,
301018,8,73.01,513.15,
301018,4,55.63,179.73,
301018,3,464.61,1219.78,
301018,2,77.64,129.40,
301018,2,88.61,158.14,
301018,3,560.49,1482.03,
301018,7,78.42,450.41,
301020,3,441.84,1059.84,
301020,3,502.86,1147.94,
301020,4,22.39,71.98,
301021,3,256.08,732.05,
301021,4,22.63,85.77,
301021,3,118.83,311.23,
301021,3,133.85,365.99,
301021,7,133.45,838.26,
301021,4,148.50,534.82,
301021,2,81.33,144.52,
301023,3,43.25,99.49,
301023,3,60.63,131.07,
301023,6,297.36,1215.66,
301023,5,399.42,1487.58,
301023,6,169.66,784.22,
301023,3,345.87,796.24,
301024,3,240.00,578.17,
301024,4,58.80,189.08,
301024,2,341.78,577.83,
301024,4,390.60,1218.99,
301024,6,159.10,764.77,
301026,5,8.35,29.88,
301026,3,94.27,217.83,
301026,3,122.96,257.25,
301026,8,192.02,1093.47,
301026,7,209.92,1097.27,
301026,3,59.29,135.59,
301026,4,30.53,87.03,
301026,5,55.75,219.39,
301026,6,66.73,256.24,
301027,1,16.81,15.31,
301027,8,103.58,802.16,
301027,6,516.12,3012.82,
301027,5,201.52,901.07,
301027,4,461.55,1680.22,
301027,3,7.82,20.72,
301027,3,144.10,372.03,
301027,6,216.89,1223.13,
301027,2,167.02,305.84,
301029,4,8.79,27.71,
301029,6,328.23,1599.11,
301031,4,198.03,636.63,
301031,2,237.12,410.04,
301031,4,8.10,28.26,
301031,6,90.05,442.20,
301031,6,35.18,177.44,
301031,8,225.84,1542.24,
301031,3,144.41,376.30,
301031,3,431.76,1153.39,
301031,3,187.62,457.49,
301031,1,13.21,12.34,
301031,2,22.01,36.88,
301033,5,100.13,401.36,
301033,4,31.05,95.58,
301033,3,19.30,45.27,
301033,8,33.26,193.20,
301033,5,13.70,52.18,
301035,3,120.83,306.76,
301035,6,55.75,281.33,
301035,3,26.02,72.07,
301035,8,65.27,438.91,
301035,5,126.59,542.73,
301035,6,91.68,458.38,
301035,7,515.61,3148.51,
301035,5,32.54,141.84,
301035,2,8.64,15.33,
301035,3,87.07,210.00,
301037,3,505.92,1129.87,
301037,3,13.14,28.11,
301037,3,71.67,158.17,
301037,2,292.32,401.35,
301037,2,120.83,179.27,
301037,2,284.76,424.12,
301038,1,7.46,6.34,
301038,5,65.58,286.42,
301038,3,215.87,558.17,
301039,6,99.36,522.80,
301039,2,218.40,424.19,
301039,4,30.56,109.18,
301039,5,241.68,1076.91,
301039,4,31.88,106.15,
301039,4,34.68,118.76,
301039,4,29.73,106.36,
301039,4,102.34,338.85,
301039,2,33.33,60.21,
301040,3,199.67,432.77,
301040,5,129.76,466.84,
301040,6,207.87,954.65,
301040,2,177.58,281.06,
301043,4,87.07,276.45,
301043,3,234.48,577.27,
301043,4,21.65,68.14,
301043,8,307.76,1948.58,
301043,3,40.86,101.44,
301043,3,117.88,288.96,
301043,7,176.88,1001.00,
301043,4,123.82,403.69,
301045,1,123.19,105.32,
301045,2,500.31,887.50,
301045,5,120.52,540.28,
301045,5,313.11,1450.96,
301045,7,220.32,1378.94,
301050,3,48.65,120.19,
301050,4,237.36,764.74,
301050,4,16.40,55.45,
301050,3,40.95,104.72,
301050,7,124.87,685.75,
301050,5,72.46,282.23,
301054,5,154.89,680.79,
301054,8,8.68,65.14,
301054,2,8.73,16.78,
301054,5,34.49,159.28,
301054,2,159.63,285.34,
301054,4,343.35,1277.69,
301054,2,8.52,15.25,
301054,6,31.55,160.95,
301054,6,299.88,1742.05,
301054,4,29.80,104.73,
301054,4,13.60,52.06,
301054,3,42.39,111.37,
301055,2,7.41,12.19,
301055,8,8.69,58.39,
301055,6,90.14,455.02,
301055,5,145.20,609.30,
301055,5,17.68,72.24,
301055,4,80.54,259.37,
301055,4,48.02,159.91,
301055,3,422.94,1034.31,
301055,4,33.69,105.80,
301056,3,380.52,854.65,
301056,1,311.85,234.82,
301056,5,55.94,210.47,
301056,3,75.20,173.24,
301056,6,196.60,959.36,
301056,2,11.63,18.98,
301056,4,94.56,286.71,
301056,3,13.68,30.29,
301061,6,158.40,800.62,
301061,4,24.84,86.80,
301061,6,290.43,1495.78,
301061,5,7.52,30.55,
301061,4,76.22,256.92,
301061,5,253.44,1083.07,
301063,4,40.64,146.47,
301063,4,214.23,778.81,
301063,5,477.36,2110.52,
301063,11,24.02,227.22,
301063,4,42.17,151.85,
301067,5,189.01,750.45,
301067,4,172.48,579.16,
301067,1,89.76,75.89,
301067,5,305.87,1271.41,
301067,3,467.16,1117.59,
301067,5,71.67,283.17,
301068,5,7.51,31.58,
301068,5,176.88,728.21,
301068,6,337.05,1565.15,
301068,4,11.44,36.96,
301069,3,209.51,498.25,
301069,6,304.29,1451.29,
301069,2,147.44,260.31,
301069,3,191.14,467.55,
301069,2,97.34,164.23,
301069,4,58.50,180.90,
301069,3,209.51,479.60,
301069,6,383.46,1843.63,
301069,2,240.24,412.14,
301069,3,49.46,119.50,
301071,2,72.46,124.77,
301071,3,21.94,63.79,
301071,4,123.55,423.90,
301071,3,194.96,529.12,
301071,7,77.40,476.80,
301071,1,30.16,26.97,
301071,3,442.26,1141.19,
301073,7,392.28,2431.77,
301073,3,24.07,55.99,
301073,8,334.53,2300.87,
301073,8,263.28,1824.97,
301073,2,12.53,20.88,
301073,4,8.77,29.17,
301073,7,253.20,1521.62,
301074,5,290.75,1121.12,
301074,4,79.52,269.49,
301074,3,133.19,277.27,
301074,2,116.35,184.58,
301074,4,257.52,819.06,
301074,4,94.75,275.11,
301074,7,47.93,254.91,
301074,3,8.28,18.16,
301074,3,88.13,184.30,
301074,4,16.83,48.87,
301074,4,166.74,511.22,
301074,5,129.21,517.41,
301075,2,119.06,190.86,
301075,3,222.63,516.66,
301075,4,44.73,147.13,
301075,9,324.77,2416.16,
301075,3,18.90,44.95,
301079,7,158.69,959.94,
301079,6,229.20,1246.81,
301079,2,443.10,765.92,
301079,3,55.08,145.91,
301088,6,118.12,605.07,
301088,3,124.84,339.94,
301088,5,13.59,64.73,
301088,4,148.05,557.27,
301088,3,216.48,600.61,
301089,3,180.40,435.69,
301089,4,219.12,792.85,
301089,6,80.07,397.92,
301089,7,18.70,114.57,
301089,4,31.15,109.58,
301093,9,414.12,3607.92,
301093,5,202.75,837.94,
301093,5,545.19,2473.11,
301093,6,414.12,2255.47,
301093,3,402.36,1004.47,
301093,4,101.28,362.95,
301099,2,97.44,137.38,
301099,3,111.51,234.44,
301099,4,329.49,1041.60,
301099,5,136.75,531.90,
301099,6,11.98,55.01,
301099,5,11.71,40.06,
301099,3,17.50,40.54,
301099,5,135.56,465.26,
301099,4,101.47,288.09,
301099,5,12.86,48.17,
301099,6,201.93,949.37,
301099,2,65.82,89.66,
301102,6,23.11,116.98,
301102,4,344.93,1330.83,
301102,2,111.51,189.59,
301106,4,33.50,112.97,
301106,2,231.84,387.77,
301106,4,309.96,1046.92,
301106,3,162.03,430.29,
301106,7,23.69,144.84,
301106,2,30.26,55.70,
301106,4,62.40,208.56,
301106,5,163.10,661.26,
301107,2,399.00,545.36,
301107,2,150.78,208.81,
301107,4,22.06,65.85,
301107,5,35.94,132.87,
301112,2,445.62,689.58,
301112,4,387.24,1153.52,
301113,5,73.79,328.01,
301113,3,84.86,203.12,
301113,6,33.17,143.92,
301113,3,58.80,149.81,
301113,3,25.30,65.12,
301113,3,55.21,119.13,
301113,7,34.72,189.21,
301113,5,429.66,1713.34,
301114,9,410.76,3269.53,
301114,4,188.81,615.32,
301114,4,21.91,80.98,
301115,2,22.06,40.03,
301115,3,100.13,292.34,
301115,2,208.90,358.20,
301115,6,130.15,689.07,
301115,6,60.33,315.88,
301115,4,7.26,27.70,
301115,5,311.85,1435.08,
301115,2,550.29,999.36,
301115,2,132.66,244.93,
301116,5,530.40,2045.15,
301116,3,7.47,16.51,
301118,4,336.74,1156.70,
301118,3,138.02,345.42,
301120,2,7.20,12.02,
301120,7,25.08,149.38,
301120,5,13.23,57.91,
301120,3,11.74,28.43,
301120,7,75.28,443.94,
301120,4,398.58,1348.50,
301120,9,79.68,592.93,
301120,2,60.27,97.34,
301121,3,19.30,43.61,
301121,3,147.44,358.02,
301124,6,63.87,317.60,
301124,1,308.07,232.33,
301124,2,128.04,210.13,
301131,3,172.30,431.47,
301131,3,12.68,33.48,
301131,3,388.50,1071.58,
301131,6,112.22,607.83,
301131,3,148.96,390.61,
301132,4,214.02,562.21,
301132,5,217.71,750.55,
301132,4,445.20,1206.63,
301132,4,160.51,438.23,
301132,3,186.76,430.16,
301132,4,181.98,558.93,
301132,5,104.45,407.59,
301132,3,16.65,36.18,
301132,4,75.91,225.75,
301134,7,23.04,142.24,
301134,3,337.68,892.02,
301134,3,436.80,1233.02,
301134,2,301.14,540.03,
301135,7,48.02,269.56,
301135,3,175.47,393.12,
301135,4,220.38,614.74,
301135,5,551.31,2043.80,
301136,3,18.29,50.86,
301136,5,190.78,864.20,
301136,4,25.20,82.70,
301136,2,231.12,418.73,
301136,3,483.99,1295.18,
301136,5,255.60,1088.46,
301136,1,71.04,60.36,
301136,6,191.06,956.66,
301136,5,43.16,169.80,
301136,3,163.55,429.18,
301136,4,117.41,415.77,
301136,4,79.99,262.65,
301136,3,42.66,119.29,
301138,6,35.01,189.07,
301138,3,71.04,185.97,
301138,4,188.32,661.07,
301138,3,56.18,158.50,
301138,1,206.23,189.69,
301138,7,217.51,1342.61,
301139,3,42.62,107.77,
301139,4,168.96,600.76,
301139,4,11.29,38.01,
301139,3,120.91,307.53,
301139,1,165.98,141.95,
301139,3,87.26,214.21,
301139,4,8.76,30.81,
301141,6,24.84,126.20,
301141,5,206.85,903.11,
301141,6,11.74,57.97,
301141,2,13.30,20.85,
301141,1,13.75,11.23,
301141,2,128.17,185.30,
301141,4,18.65,57.47,
301141,1,314.37,261.39,
301141,3,128.15,319.83,
301141,9,138.62,1035.03,
301141,1,17.84,15.90,
301142,3,192.19,520.45,
301142,4,392.70,1408.84,
301142,2,25.30,42.53,
301142,6,107.50,586.77,
301142,4,558.45,1878.08,
301142,3,89.18,248.70,
301142,4,294.53,1023.92,
301143,5,86.88,338.83,
301143,6,61.67,299.16,
301143,5,203.57,832.96,
301143,3,24.77,62.16,
301143,3,16.70,37.74,
301143,3,506.43,1233.08,
301143,5,30.39,124.87,
301149,4,447.30,1559.80,
301149,4,35.01,129.58,
301149,3,175.30,451.88,
301149,6,45.18,243.37,
301149,4,73.48,235.26,
301149,5,236.64,985.75,
301149,5,138.86,535.30,
301152,6,189.83,854.43,
301152,6,189.38,881.14,
301152,6,559.47,2655.72,
301152,2,19.37,29.04,
301152,3,225.84,445.95,
301152,4,208.90,625.07,
301153,6,251.28,1390.76,
301153,3,121.30,315.96,
301153,1,155.50,140.84,
301153,4,65.33,241.41,
301153,5,253.44,1107.81,
301154,4,321.93,889.49,
301154,3,135.96,295.62,
301154,6,19.76,90.87,
301154,4,17.73,55.09,
301154,4,296.42,953.72,
301154,6,19.01,89.85,
301154,2,7.41,11.55,
301154,3,145.01,326.55,
301154,6,31.48,152.49,
301154,3,49.23,106.54,
301154,4,91.01,292.70,
301154,1,151.85,113.31,
301154,4,11.81,37.33,
301154,6,523.26,2465.28,
301157,4,32.90,118.85,
301157,5,508.47,2268.49,
301157,3,471.75,1302.14,
301157,4,188.32,618.32,
301157,2,79.60,141.16,
301157,2,215.25,376.89,
301158,5,81.56,342.22,
301158,7,511.02,3147.04,
301158,7,306.81,1874.73,
301158,2,42.44,77.15,
301158,4,34.35,124.00,
301158,4,121.19,452.16,
301158,4,16.42,60.75,
301158,5,42.98,191.36,
301158,5,499.29,2238.64,
301158,2,24.00,42.30,
301158,3,225.50,609.88,
301159,4,489.60,1380.36,
301159,3,77.17,166.16,
301159,9,537.03,3788.42,
301159,5,139.79,537.05,
301159,4,286.34,933.25,
301159,4,34.82,114.50,
301159,3,153.06,366.88,
301161,5,16.25,58.81,
301161,3,100.70,230.46,
301161,7,100.13,529.75,
301161,6,17.71,80.09,
301161,4,193.93,513.24,
301162,5,81.88,376.80,
301162,6,33.83,164.08,
301162,3,83.84,217.27,
301163,3,219.56,466.59,
301163,5,489.09,1788.56,
301163,5,216.28,772.99,
301163,9,142.82,943.73,
301164,5,298.31,1414.72,
301164,3,62.53,173.64,
301164,6,263.76,1339.32,
301164,9,13.31,105.60,
301164,5,74.10,337.59,
301164,4,17.01,58.78,
301165,3,65.39,165.39,
301165,4,451.50,1334.47,
301165,1,485.52,422.15,
301165,2,12.38,20.16,
301165,3,34.68,79.15,
301165,3,8.47,20.65,
301167,2,192.91,318.58,
301167,3,240.24,584.73,
301167,5,48.83,182.86,
301167,4,11.53,38.30,
301167,3,88.80,217.13,
301167,2,196.19,292.27,
301167,5,119.53,472.76,
301167,5,289.17,1232.02,
301167,5,202.13,818.56,
301167,4,16.22,53.31,
301167,3,7.61,17.53,
301168,3,145.92,377.06,
301168,5,187.62,779.35,
301168,6,17.10,86.97,
301168,3,197.83,496.95,
301168,3,182.69,481.47,
301168,6,479.40,2436.68,
301169,4,33.92,118.52,
301169,5,129.76,527.10,
301169,5,111.04,458.44,
301169,5,22.44,92.43,
301169,5,13.63,54.31,
301171,2,124.73,184.06,
301171,7,86.19,445.38,
301171,5,153.67,544.39,
301171,5,141.24,525.23,
301171,8,25.34,148.02,
301171,3,81.95,184.88,
301171,5,151.24,519.75,
301171,3,137.02,304.22,
301171,4,182.34,548.64,
301171,6,437.64,1857.17,
301171,4,103.87,285.70,
301173,4,72.30,288.42,
301173,6,25.75,140.48,
301173,4,181.10,671.16,
301173,4,8.26,31.67,
301173,2,459.48,802.87,
301173,3,34.98,94.39,
301175,5,122.63,491.47,
301175,4,261.36,828.15,
301175,4,163.15,549.92,
301175,5,511.02,2019.89,
301175,3,46.80,114.49,
301177,4,34.58,136.99,
301177,2,165.38,304.63,
301177,6,12.71,69.27,
301177,7,139.54,914.50,
301177,4,104.06,387.24,
301177,5,8.79,38.69,
301177,5,480.93,2285.39,
301177,6,43.92,243.76,
301178,6,32.93,141.40,
301178,1,42.48,32.67,
301178,5,34.98,135.30,
301178,4,124.73,395.37,
301178,4,24.82,74.22,
301178,4,241.68,744.92,
301180,5,133.72,568.53,
301180,5,165.83,734.92,
301180,5,198.85,934.12,
301180,3,94.94,263.08,
301181,5,11.51,43.09,
301181,5,231.60,885.90,
301181,2,82.35,125.49,
301181,5,546.72,2050.29,
301181,3,64.90,152.88,
301181,2,167.73,226.50,
301185,4,157.17,528.72,
301185,3,302.72,746.29,
301185,4,155.95,533.15,
301186,4,121.18,390.46,
301186,4,547.74,1657.36,
301186,2,19.22,29.51,
301186,3,141.77,327.43,
301187,5,13.45,60.15,
301187,5,490.62,2128.19,
301187,5,35.67,143.31,
301188,2,7.26,13.89,
301188,3,35.31,84.42,
301188,4,158.99,565.18,
301188,3,120.12,316.52,
301188,4,12.04,42.24,
301188,5,35.74,165.64,
301188,7,160.97,1033.43,
301188,2,168.78,287.66,
301191,3,30.89,71.41,
301191,4,31.19,94.44,
301191,5,73.16,266.38,
301191,2,8.00,12.25,
301192,5,133.72,577.90,
301192,5,552.33,2206.11,
301192,4,409.50,1387.34,
301192,3,84.31,204.82,
301192,3,437.64,981.05,
301192,2,303.35,487.05,
301192,6,126.97,629.36,
301196,2,181.46,348.81,
301196,4,23.16,84.68,
301196,4,128.57,492.75,
301196,8,253.44,1926.50,
301196,3,80.86,220.67,
301196,2,42.93,85.02,
301196,2,80.54,151.85,
301196,6,260.40,1382.39,
301196,5,107.97,523.20,
301196,3,211.56,613.51,
301197,2,156.56,232.56,
301197,3,78.03,183.89,
301197,4,236.40,687.28,
301198,5,242.16,898.37,
301198,3,59.41,135.67,
301198,8,411.18,2548.76,
301198,4,286.65,846.56,
301201,6,8.22,42.01,
301201,3,427.98,1165.17,
301201,2,108.56,194.63,
301201,4,165.83,569.47,
301201,2,137.15,251.23,
301201,4,101.66,346.62,
301201,3,193.42,510.02,
301202,2,82.19,143.74,
301202,6,17.53,92.50,
301202,5,94.27,432.76,
301202,2,411.18,726.75,
301202,3,30.13,82.01,
301202,3,170.02,483.77,
301202,3,230.16,625.95,
301203,6,116.70,555.82,
301203,4,176.00,574.42,
301203,5,386.82,1436.69,
301203,4,82.97,276.47,
301204,6,13.54,71.54,
301204,4,546.72,2099.07,
301204,4,512.04,1878.40,
301204,3,191.84,520.35,
301204,2,392.70,740.63,
301207,3,310.28,655.54,
301207,1,500.82,396.15,
301207,2,72.38,108.46,
301207,5,385.56,1452.54,
301207,7,12.63,64.03,
301207,1,63.01,47.03,
301207,6,460.74,2108.00,
301208,4,7.44,21.06,
301208,4,16.65,55.38,
301208,4,306.18,954.01,
301208,3,73.79,158.92,
301208,4,59.72,171.62,
301208,6,179.87,809.42,
301208,4,130.81,378.00,
301208,4,224.27,771.82,
301209,6,75.12,422.65,
301209,1,80.78,74.44,
301209,7,402.78,2534.43,
301209,5,160.21,732.89,
301209,5,12.89,52.04,
301209,6,327.29,1842.95,
301210,3,16.97,44.51,
301210,8,155.34,1086.16,
301210,4,24.05,81.60,
301210,3,16.20,44.75,
301210,7,459.06,2799.45,
301210,6,33.03,176.64,
301211,3,44.33,121.94,
301211,4,138.07,504.29,
301211,5,88.32,393.71,
301211,4,188.85,685.59,
301211,4,556.41,1873.38,
301211,4,344.61,1211.90,
301211,5,216.72,995.75,
301211,5,222.72,969.14,
301211,7,333.59,2033.54,
301211,5,335.79,1501.03,
301211,2,59.29,112.15,
301214,4,48.51,147.04,
301214,3,41.99,91.38,
301214,5,463.08,1827.25,
301214,3,48.02,112.96,
301214,3,337.37,739.68,
301214,3,120.52,288.55,
301214,5,34.22,137.00,
301214,2,257.04,377.91,
301214,4,122.23,409.57,
301214,5,79.60,300.53,
301214,5,118.83,454.87,
301214,6,58.01,240.74,
301214,6,307.13,1480.50,
301214,3,515.61,1103.46,
301214,2,73.48,107.41,
301215,2,400.26,619.07,
301215,3,321.30,747.46,
301215,4,17.62,58.00,
301215,4,7.57,24.26,
301215,5,92.83,379.20,
301216,3,7.58,19.99,
301216,2,25.32,46.41,
301216,3,159.75,456.98,
301216,2,24.19,47.22,
301216,5,257.28,1106.65,
301217,4,292.95,818.48,
301217,4,22.92,67.49,
301217,4,197.83,668.37,
301217,8,12.43,72.98,
301217,3,165.22,429.03,
301217,6,77.48,376.91,
301219,6,94.27,429.77,
301219,6,142.82,670.14,
301219,4,26.06,81.26,
301221,4,319.73,894.77,
301221,5,140.98,597.04,
301223,3,217.68,496.11,
301223,2,34.75,53.55,
301223,4,430.50,1334.99,
301223,7,543.15,2754.86,
301223,4,82.03,228.81,
301223,5,121.31,463.35,
301224,6,87.07,428.54,
301224,3,173.89,439.59,
301224,3,103.58,254.21,
301224,3,217.44,537.11,
301224,3,158.69,364.08,
301225,4,423.78,1439.18,
301225,5,36.23,152.68,
301225,6,310.91,1504.48,
301226,4,220.56,803.24,
301226,3,11.79,28.75,
301226,5,55.82,230.16,
301226,3,190.08,512.09,
301226,5,64.11,250.54,
301228,6,19.66,96.79,
301228,3,197.21,473.28,
301228,7,104.26,566.37,
301228,6,250.32,1281.07,
301228,4,557.43,1691.02,
301228,1,232.32,173.69,
301228,3,56.61,127.73,
301228,1,152.91,130.25,
301231,3,134.90,339.41,
301231,3,12.73,35.16,
301231,1,7.53,6.34,
301231,2,73.24,124.90,
301231,5,31.25,134.64,
301232,3,263.04,548.94,
301232,3,306.50,668.63,
301232,4,548.76,1615.31,
301232,1,236.40,182.88,
301232,7,181.63,920.28,
301232,3,447.72,1005.59,
301233,4,58.19,201.01,
301233,2,100.32,182.13,
301233,2,85.25,155.02,
301233,6,75.36,410.93,
301233,4,322.56,1129.61,
301233,7,298.94,1882.19,
301233,5,42.57,194.78,
301235,5,224.07,1039.56,
301235,7,83.37,514.66,
301235,4,554.88,1995.85,
301235,3,222.48,646.41,
301235,4,57.83,209.03,
301235,7,18.36,117.31,
301235,4,11.63,44.53,
301235,5,12.39,57.58,
301235,5,226.32,1022.59,
301235,3,95.33,258.45,
301236,5,11.53,42.93,
301236,2,187.37,301.15,
301236,4,457.38,1396.31,
301236,5,8.65,34.25,
301236,5,25.97,99.36,
301236,2,8.06,11.88,
301239,7,8.37,50.16,
301239,2,79.21,143.09,
301239,5,8.67,37.15,
301239,5,126.19,592.09,
301239,5,136.49,632.71,
301239,3,85.72,245.17,
301240,3,145.62,360.32,
301240,3,48.29,120.11,
301240,5,441.84,1834.98,
301240,6,57.52,265.84,
301240,4,7.68,25.62,
301240,3,441.84,1072.33,
301240,3,409.08,986.43,
301241,6,112.22,552.22,
301241,5,78.03,326.41,
301243,2,8.66,12.17,
301243,2,129.62,193.81,
301243,3,29.90,66.63,
301243,2,130.28,206.08,
301243,9,19.60,148.02,
301243,5,84.39,319.36,
301246,1,31.94,29.39,
301246,5,12.44,57.43,
301246,3,479.91,1232.33,
301246,5,98.40,428.24,
301246,5,13.20,56.74,
301248,1,41.67,36.52,
301248,3,8.38,23.13,
301248,3,399.00,1187.03,
301248,3,25.20,65.06,
301250,6,89.09,532.28,
301250,5,515.10,2349.57,
301250,7,8.64,56.15,
301253,4,167.38,562.29,
301253,6,127.56,658.84,
301253,2,44.91,73.78,
301253,3,77.79,199.71,
301253,5,13.08,53.93,
301255,6,220.99,950.43,
301255,2,13.35,21.40,
301255,3,163.33,343.82,
301255,5,176.00,633.78,
301255,5,61.31,242.74,
301255,6,88.22,431.88,
301259,4,124.48,417.11,
301259,5,97.54,435.84,
301259,3,33.30,86.05,
301259,5,34.22,142.86,
301259,3,7.80,20.02,
301259,6,12.96,61.90,
301259,4,311.85,1096.63,
301259,1,539.07,438.32,
301259,4,124.14,420.86,
301259,4,472.77,1546.94,
301259,5,42.39,176.52,
301259,5,262.80,1169.82,
301259,5,44.24,184.18,
301259,3,404.88,1076.13,
301259,4,126.14,445.69,
301261,4,35.15,129.46,
301261,5,13.25,58.92,
301261,5,444.36,1943.13,
301261,3,25.25,65.05,
301261,7,42.98,272.77,
301261,9,122.72,1010.34,
301261,5,31.45,134.49,
301261,2,173.89,290.53,
301261,3,19.19,52.06,
301263,3,31.71,70.08,
301263,2,108.32,145.49,
301263,3,93.98,220.99,
301263,5,177.94,663.47,
301263,5,40.73,152.93,
301263,5,55.02,221.72,
301263,3,30.10,66.75,
301263,4,16.72,50.81,
301263,7,544.68,2783.70,
301263,2,112.10,171.64,
301263,2,7.84,11.91,
301263,3,45.59,109.99,
301263,5,24.17,87.77,
301263,5,123.29,482.24,
301263,5,225.12,919.75,
301264,2,16.79,25.50,
301264,3,118.71,269.89,
301264,2,417.48,627.95,
301264,5,31.05,113.84,
301264,4,111.27,349.99,
301266,10,139.92,1131.94,
301266,5,261.12,1088.85,
301266,3,26.14,67.97,
301266,6,61.12,302.88,
301266,8,180.22,1151.97,
301266,7,162.79,970.77,
301266,6,188.19,966.16,
301267,3,303.98,884.65,
301267,5,36.14,172.59,
301267,4,263.04,958.37,
301267,2,8.71,14.30,
301267,5,492.66,2257.75,
301267,6,144.14,736.06,
301267,5,55.75,251.56,
301267,4,12.95,46.70,
301267,4,209.72,781.37,
301267,2,44.37,80.66,
301267,2,57.22,100.59,
301272,3,121.31,311.64,
301272,2,380.94,662.68,
301272,1,417.90,344.57,
301272,5,169.66,722.21,
301272,4,317.21,1043.94,
301272,3,120.78,285.23,
301272,3,22.13,55.14,
301272,3,460.53,1272.55,
301272,5,159.14,682.35,
301273,4,127.68,494.06,
301273,7,512.55,3587.85,
301273,2,18.49,34.48,
301273,2,57.95,106.02,
301274,5,57.16,254.94,
301274,1,96.77,88.33,
301274,5,56.55,274.76,
301274,4,22.10,77.21,
301274,6,7.69,42.23,
301274,2,41.04,76.11,
301274,4,456.54,1692.24,
301274,3,145.31,435.93,
301276,2,476.34,704.37,
301276,3,169.14,353.14,
301276,7,522.75,2719.01,
301276,6,124.25,556.40,
301276,5,7.45,27.31,
301276,2,7.72,10.70,
301278,3,23.30,60.45,
301278,4,220.38,800.43,
301278,3,161.42,425.66,
301278,4,150.48,493.72,
301278,3,33.99,88.36,
301278,5,83.84,380.99,
301278,8,119.33,866.12,
301280,6,18.85,96.98,
301280,3,176.53,433.77,
301280,6,506.43,2339.41,
301280,4,78.89,262.71,
301280,5,71.91,290.42,
301280,4,196.60,705.45,
301280,5,123.02,487.03,
301280,6,84.07,434.43,
301280,4,287.28,981.72,
301280,6,13.68,66.62,
301280,7,326.66,1751.00,
301280,4,72.46,241.27,
301281,3,61.73,162.02,
301281,1,112.69,94.21,
301281,5,335.79,1501.16,
301281,5,107.50,455.76,
301281,4,19.22,70.24,
301285,6,7.34,36.08,
301285,6,226.32,1136.66,
301285,5,463.59,1700.11,
301285,9,19.76,137.81,
301285,7,115.52,631.93,
301286,4,34.72,101.31,
301286,1,252.96,183.10,
301286,8,172.66,1091.27,
301286,3,470.22,1164.53,
301286,8,487.56,2778.00,
301287,4,76.93,226.04,
301287,3,479.40,1117.59,
301287,5,143.49,558.42,
301287,5,64.60,234.19,
301287,4,222.48,679.83,
301287,2,85.88,134.16,
301287,1,91.39,63.72,
301287,5,44.24,167.07,
301287,3,32.47,70.81,
301287,8,76.62,441.53,
301289,3,159.14,457.43,
301289,5,87.84,410.04,
301289,4,122.72,430.69,
301289,5,92.83,416.27,
301289,2,346.19,632.27,
301289,3,85.64,226.13,
301289,5,478.89,2194.19,
301289,3,175.30,446.34,
301289,4,120.12,432.90,
301289,2,77.56,136.54,
301289,6,186.14,958.45,
301290,1,175.65,151.50,
301290,4,192.02,730.18,
301290,6,150.94,763.99,
301290,4,119.53,403.28,
301290,5,125.43,526.49,
301290,3,207.26,547.65,
301290,4,142.96,483.76,
301290,4,332.64,1127.71,
301290,2,107.97,179.53,
301294,3,18.38,49.32,
301294,5,55.33,250.83,
301294,3,189.20,506.89,
301294,3,138.86,366.21,
301294,5,206.03,927.04,
301294,4,119.53,437.60,
301294,8,34.55,243.36,
301295,3,8.54,20.41,
301295,4,94.18,299.15,
301295,4,220.79,743.20,
301295,2,76.62,120.74,
301295,3,208.90,498.97,
301295,4,528.36,1584.62,
301295,1,134.51,104.55,
301296,4,526.32,1811.17,
301296,2,71.51,122.58,
301296,3,23.28,58.90,
301296,8,46.80,323.17,
301296,7,100.42,601.14,
301296,3,124.02,333.10,
301296,2,236.40,404.46,
301296,8,47.07,339.77,
301299,4,340.83,1180.12,
301299,3,127.32,322.46,
301299,3,317.21,723.90,
301299,5,74.97,308.18,
301299,5,143.79,571.00,
301299,4,8.43,30.53,
301299,2,12.03,18.20,
301300,5,152.76,600.48,
301300,4,191.88,554.75,
301300,1,233.28,172.30,
301300,3,34.58,76.91,
301300,4,217.44,714.38,
301300,7,126.38,693.78,
301300,2,35.90,57.14,
301301,4,143.75,538.48,
301301,2,148.35,271.75,
301301,5,19.53,92.64,
301301,6,242.88,1232.94,
301302,7,252.00,1548.86,
301302,5,313.11,1348.06,
301302,3,288.23,716.21,
301302,4,154.28,526.48,
301302,5,13.14,56.43,
301303,3,124.25,334.31,
301303,4,12.49,42.21,
301303,5,13.26,57.80,
301303,1,59.11,54.59,
301303,4,92.35,347.10,
301303,5,211.36,934.93,
301304,4,7.21,24.89,
301304,4,18.88,66.35,
301304,4,223.66,822.39,
301304,4,47.66,170.02,
301304,1,40.68,35.88,
301304,4,192.50,686.20,
301306,5,527.34,2083.59,
301306,6,78.89,360.77,
301306,3,11.34,25.82,
301306,5,442.68,1673.47,
301306,4,11.50,33.09,
301306,5,555.90,2199.18,
301308,2,108.91,155.78,
301308,5,59.96,215.43,
301308,7,164.31,833.01,
301308,2,85.17,121.48,
301308,4,201.93,555.27,
301308,6,421.68,1899.22,
301308,4,25.49,76.00,
301308,3,452.34,1025.90,
301309,3,211.15,500.03,
301309,4,129.76,414.00,
301309,5,75.28,312.42,
301309,6,192.02,883.16,
301309,5,129.21,540.40,
301310,4,260.40,830.22,
301310,2,44.06,71.61,
301310,6,324.45,1609.51,
301310,7,25.54,143.23,
301311,2,121.04,205.01,
301311,3,461.04,1223.76,
301311,3,128.15,306.90,
301311,5,7.95,30.63,
301311,2,33.79,56.25,
301313,2,13.06,23.34,
301313,6,140.71,755.08,
301313,5,311.54,1446.94,
301313,8,199.47,1397.16,
301313,2,57.46,103.66,
301313,2,56.18,97.50,
301313,4,19.37,70.61,
301313,2,25.66,43.91,
301313,2,339.57,574.09,
301315,3,13.65,31.09,
301315,9,122.25,813.17,
301315,5,35.64,125.12,
301315,6,206.03,893.40,
301315,6,8.20,34.86,
301321,5,111.98,404.53,
301321,2,110.68,174.55,
301321,4,63.01,198.14,
301321,7,80.86,418.69,
301321,3,73.71,156.65,
301321,5,11.65,43.67,
301321,6,112.81,520.20,
301321,8,144.01,863.07,
301321,1,260.64,189.99,
301322,3,41.63,108.07,
301322,5,127.20,592.11,
301322,6,452.34,2373.73,
301322,4,451.50,1565.58,
301324,4,88.32,305.03,
301324,4,57.28,179.04,
301324,3,118.80,309.77,
301324,4,231.60,815.66,
301324,6,477.87,2309.71,
301324,2,17.19,30.89,
301324,7,422.94,2591.52,
301324,2,551.31,964.98,
301324,1,13.19,11.57,
301324,5,120.60,519.79,
301325,3,162.94,411.84,
301325,4,12.34,43.42,
301325,2,339.26,601.55,
301326,2,8.36,11.90,
301326,7,379.68,2069.42,
301326,2,490.62,770.14,
301326,3,48.29,100.46,
301331,4,134.24,406.79,
301331,4,78.66,246.34,
301331,8,13.69,81.82,
301331,4,148.05,482.18,
301331,8,64.78,384.55,
301331,4,25.39,76.63,
301331,4,187.17,595.25,
301331,1,7.80,5.58,
301331,5,61.06,205.70,
301331,4,12.94,40.14,
301331,6,8.77,36.27,
301332,5,124.73,550.50,
301332,3,17.71,45.75,
301332,2,16.58,28.99,
301332,1,401.10,344.83,
301332,8,481.95,3445.42,
301332,6,236.40,1221.16,
301332,8,73.01,490.46,
301332,7,49.19,292.50,
301332,2,173.89,315.16,
301333,5,147.14,627.30,
301333,4,115.05,408.81,
301333,4,26.02,87.32,
301335,2,58.56,98.83,
301335,1,11.76,10.43,
301335,8,154.13,967.36,
301335,4,25.20,81.61,
301335,3,17.50,43.54,
301335,9,30.36,220.94,
301335,4,473.28,1481.21,
301335,4,57.58,189.92,
301335,4,84.47,302.18,
301335,3,76.46,190.38,
301335,5,186.21,768.16,
301335,6,11.93,56.84,
301335,4,182.16,592.70,
301335,5,80.70,333.04,
301336,3,200.90,436.23,
301336,4,7.89,22.85,
301336,4,22.73,66.89,
301336,6,318.47,1385.38,
301337,8,22.58,167.62,
301337,5,44.28,203.64,
301337,7,197.62,1285.71,
301339,4,61.43,201.81,
301339,3,79.36,200.86,
301339,5,125.80,500.08,
301339,6,192.72,997.93,
301340,5,336.11,1362.96,
301340,5,471.75,2016.79,
301340,6,161.58,782.33,
301340,6,83.45,431.17,
301340,3,147.90,359.86,
301340,3,387.24,993.83,
301340,2,127.20,193.36,
301340,5,42.26,168.13,
301341,3,56.06,124.54,
301341,4,8.58,24.96,
301341,3,11.76,27.50,
301341,5,499.29,1804.40,
301341,4,138.02,461.04,
301341,3,238.80,523.22,
301341,4,475.83,1413.65,
301341,6,25.34,115.67,
301341,5,326.66,1144.77,
301342,3,36.00,85.68,
301342,1,440.16,359.93,
301342,2,499.80,831.20,
301342,3,293.58,816.89,
301342,6,331.07,1659.23,
301342,6,63.56,320.17,
301342,5,8.02,35.48,
301342,5,262.08,1024.92,
301344,4,162.18,586.12,
301344,7,402.36,2318.76,
301344,2,71.67,110.39,
301345,7,22.44,143.31,
301345,4,331.70,1128.53,
301345,6,25.18,135.99,
301345,3,177.23,487.55,
301345,5,82.58,384.04,
301345,2,63.26,116.12,
301345,6,11.93,67.23,
301345,2,455.28,818.15,
301345,4,45.27,172.78,
301345,4,116.94,431.24,
301345,2,383.46,723.15,
301347,3,44.15,101.33,
301347,5,42.35,164.87,
301347,5,390.18,1540.68,
301347,6,59.29,266.11,
301347,5,16.40,61.50,
301347,2,195.98,284.75,
301347,4,24.79,72.26,
301347,1,105.50,76.94,
301348,3,13.55,34.86,
301348,4,60.21,214.34,
301348,3,19.19,51.44,
301348,6,17.78,93.47,
301349,2,263.28,431.25,
301349,7,517.65,2942.29,
301349,2,452.76,769.31,
301349,6,62.04,294.33,
301349,4,289.17,892.92,
301349,5,559.98,2258.50,
301349,6,430.08,2088.43,
301349,3,240.48,576.55,
301349,3,66.00,153.15,
301350,3,76.38,186.94,
301350,5,174.59,759.76,
301350,4,125.43,421.63,
301350,6,60.82,287.15,
301350,9,130.02,954.92,
301350,2,22.99,39.40,
301351,3,136.36,362.16,
301351,4,331.70,1168.46,
301354,4,34.09,107.21,
301354,2,59.05,96.54,
301354,1,225.30,180.17,
301354,4,7.50,24.53,
301357,3,119.77,318.56,
301357,3,141.77,390.81,
301357,5,31.12,135.60,
301357,5,17.66,76.35,
301357,3,159.60,420.81,
301357,5,41.36,188.27,
301358,3,22.42,59.09,
301358,4,241.20,852.77,
301358,4,136.62,463.62,
301358,2,94.46,158.68,
301358,5,168.26,754.34,
301361,2,8.40,13.49,
301361,2,65.33,100.63,
301361,4,263.76,872.14,
301362,6,300.83,1354.00,
301362,3,129.56,297.09,
301362,3,137.56,315.62,
301362,4,143.79,453.01,
301362,5,163.55,636.64,
301365,4,19.76,65.24,
301365,3,417.06,992.41,
301366,3,32.41,74.82,
301366,3,35.01,77.78,
301366,6,529.89,2424.79,
301366,7,108.09,550.35,
301366,3,33.00,80.94,
301366,8,24.12,141.30,
301366,4,144.41,426.97,
301366,3,32.57,78.42,
301366,2,162.27,250.60,
301366,4,147.29,451.70,
301366,3,118.47,253.99,
301366,4,71.04,219.00,
301367,4,102.34,357.20,
301367,6,499.80,2784.65,
301367,3,111.27,294.92,
301367,4,109.27,390.34,
301368,4,25.34,89.02,
301368,8,172.30,1286.28,
301368,4,45.36,170.44,
301368,6,42.66,225.35,
301368,3,149.26,427.32,
301368,6,539.58,3045.84,
301368,5,303.98,1359.89,
301368,3,16.74,47.90,
301368,5,503.37,2326.87,
301368,8,212.79,1549.38,
301368,2,445.62,804.58,
301370,4,32.93,115.19,
301370,2,100.51,172.89,
301370,7,77.64,518.75,
301370,5,127.20,576.56,
301370,2,8.25,14.60,
301370,5,455.28,1969.54,
301370,5,46.67,203.11,
301370,5,98.98,420.92,
301370,7,96.67,594.06,
301370,7,144.14,911.76,
301370,1,11.39,10.12,
301371,5,292.01,1193.90,
301371,3,172.13,478.29,
301371,5,137.02,550.83,
301371,3,166.14,448.42,
301371,4,128.57,424.97,
301371,2,43.52,70.53,
301371,4,138.32,454.57,
301374,5,243.84,986.60,
301374,2,36.30,60.23,
301374,2,169.66,277.12,
301374,4,23.62,82.44,
301374,7,211.97,1203.40,
301374,5,13.08,55.67,
301374,5,16.54,67.98,
301380,4,126.50,424.27,
301380,4,25.80,94.85,
301380,2,521.22,917.65,
301380,2,323.82,606.19,
301380,6,12.85,66.79,
301380,3,146.38,366.33,
301380,4,55.02,218.48,
301380,5,420.42,1728.98,
301381,3,40.68,88.81,
301381,4,19.19,54.54,
301381,6,390.18,1730.04,
301381,3,488.58,1127.99,
301382,7,218.33,1299.95,
301382,5,142.27,652.89,
301382,4,34.82,121.27,
301382,3,7.73,20.08,
301382,7,342.72,1960.14,
301383,5,229.92,967.80,
301383,5,77.79,347.09,
301383,4,95.62,342.52,
301383,5,12.10,54.00,
301384,6,330.12,1478.28,
301384,2,109.27,163.02,
301384,4,208.49,628.52,
301384,3,26.23,64.22,
301384,2,65.33,97.23,
301384,3,73.63,175.80,
301384,3,128.83,293.04,
301384,6,166.29,761.46,
301386,3,88.90,222.60,
301386,3,341.46,858.93,
301386,3,120.91,279.84,
301386,4,254.64,860.38,
301386,2,87.46,131.71,
301386,1,150.02,130.47,
301386,7,169.31,946.76,
301386,3,11.28,28.18,
301386,1,555.90,479.98,
301386,7,309.33,1729.27,
301386,2,559.98,881.06,
301387,6,188.40,950.40,
301387,5,82.50,371.59,
301387,6,31.71,165.69,
301387,7,186.96,1094.97,
301387,2,60.76,110.70,
301387,7,30.26,191.46,
301389,4,156.26,513.80,
301389,3,24.22,55.01,
301389,3,12.16,29.63,
301389,3,98.50,254.24,
301389,5,12.20,46.23,
301389,4,7.81,25.33,
301389,2,537.03,944.09,
301389,7,250.80,1341.32,
301389,9,162.98,1164.29,
301389,2,17.44,29.74,
301389,4,106.79,340.22,
301389,5,31.68,123.21,
301390,2,164.62,279.85,
301390,9,125.40,979.14,
301390,5,24.14,97.74,
301390,4,119.77,414.07,
301390,4,8.03,26.94,
301390,5,186.21,751.65,
301390,5,505.92,2356.83,
301390,4,13.51,46.39,
301390,5,18.58,80.98,
301391,1,313.11,253.26,
301391,4,8.72,27.11,
301391,5,21.65,89.46,
301392,3,162.34,457.13,
301392,6,43.88,240.24,
301392,6,19.12,109.39,
301392,5,109.74,503.82,
301396,7,11.88,69.10,
301396,3,463.08,1201.90,
301396,5,311.85,1317.30,
301396,4,153.82,468.22,
301396,6,33.17,166.45,
301396,5,320.04,1366.57,
301396,5,98.50,407.59,
301396,5,30.76,124.50,
301399,3,17.73,44.23,
301399,3,21.67,54.10,
301399,5,500.31,2118.49,
301399,4,24.00,83.32,
301399,4,444.78,1414.41,
301399,3,11.48,27.69,
301399,5,89.95,360.33,
301399,3,22.27,55.68,
301400,5,74.18,339.00,
301400,7,24.22,165.12,
301400,2,17.30,30.47,
301400,4,77.79,271.56,
301400,4,338.94,1175.79,
301400,2,12.19,21.71,
301400,5,148.05,627.73,
301401,5,172.48,635.81,
301401,5,84.86,334.79,
301401,6,448.98,2071.28,
301401,5,8.42,32.15,
301404,3,29.73,66.02,
301404,5,559.47,2195.46,
301404,4,174.59,556.19,
301404,4,58.56,184.16,
301404,3,56.06,131.04,
301404,1,117.06,96.35,
301409,4,139.92,447.30,
301409,4,261.12,863.42,
301409,4,23.57,78.25,
301410,4,96.67,304.61,
301410,4,170.54,619.45,
301410,4,17.57,57.63,
301410,3,33.20,78.77,
301410,8,210.95,1320.94,
301410,5,29.73,122.28,
301410,2,236.88,405.61,
301410,3,538.56,1374.39,
301410,2,462.06,735.15,
301412,7,12.99,70.05,
301412,4,559.98,1739.80,
301413,4,146.07,531.53,
301413,4,429.66,1555.80,
301413,4,125.79,438.29,
301413,7,338.63,2174.83,
301414,4,156.26,514.58,
301414,2,167.20,269.34,
301415,4,558.96,1781.09,
301415,5,86.78,315.51,
301416,6,252.00,1305.46,
301416,4,64.54,226.62,
301416,4,138.02,488.74,
301416,3,315.63,789.06,
301418,5,198.03,867.12,
301418,6,48.92,248.34,
301418,4,304.92,903.01,
301418,5,64.54,266.85,
301418,3,80.93,200.49,
301418,4,145.77,439.38,
301418,6,64.84,289.29,
301418,6,141.21,660.47,
301418,5,314.06,1359.30,
301418,5,18.77,70.50,
301418,3,178.29,439.86,
301419,5,422.52,1854.00,
301419,4,461.55,1520.25,
301419,6,29.77,143.94,
301419,5,66.06,270.58,
301422,5,23.09,96.24,
301422,5,309.96,1243.49,
301422,6,176.35,924.05,
301422,5,75.99,319.66,
301422,3,185.12,485.18,
301422,3,7.72,20.04,
301422,5,11.43,49.03,
301422,5,84.15,366.66,
301422,3,12.00,30.21,
301424,5,86.04,363.21,
301424,5,100.42,397.01,
301424,4,153.52,464.17,
301424,3,80.70,204.62,
301424,7,519.18,2874.43,
301426,8,190.43,1016.62,
301426,2,212.59,323.51,
301426,4,56.12,161.40,
301426,3,25.46,58.27,
301426,3,178.46,400.44,
301426,3,46.31,112.83,
301426,2,495.21,791.47,
301426,5,194.55,698.22,
301428,4,19.58,60.95,
301428,3,58.01,140.05,
301428,7,19.67,118.48,
301428,3,461.58,1068.76,
301428,2,129.36,211.53,
301428,4,523.26,1738.22,
301429,3,328.55,859.56,
301429,5,175.47,818.86,
301430,2,99.46,155.59,
301430,4,119.06,346.48,
301430,4,104.35,308.23,
301430,15,338.31,3882.52,
301432,6,32.14,175.91,
301432,5,17.78,71.00,
301432,4,8.19,26.32,
301432,4,75.28,242.34,
301432,5,180.75,793.98,
301432,5,164.38,724.42,
301432,4,43.74,146.91,
301432,6,138.07,658.85,
301432,2,46.08,77.23,
301432,2,25.37,42.82,
301432,3,551.31,1463.73,
301433,6,166.67,813.09,
301433,9,324.77,2611.89,
301433,9,188.19,1457.37,
301433,2,435.54,693.94,
301433,6,210.13,1093.86,
301433,4,57.46,191.69,
301433,2,122.63,194.70,
301433,5,13.74,60.69,
301434,5,193.73,714.69,
301434,2,190.04,260.76,
301434,5,124.49,447.91,
301434,6,61.49,302.88,
301434,2,211.15,299.44,
301434,2,535.50,754.17,
301434,4,70.89,212.30,
301435,7,422.10,2502.63,
301435,6,251.52,1251.09,
301435,3,92.26,214.23,
301435,7,111.27,646.35,
301435,7,49.19,259.96,
301436,4,13.40,48.10,
301436,3,25.46,69.37,
301436,2,45.54,82.14,
301436,3,21.94,55.33,
301436,5,386.40,1637.71,
301436,2,427.14,794.90,
301436,6,23.66,134.15,
301436,5,149.26,704.68,
301436,9,104.54,864.99,
301437,5,214.84,885.58,
301437,4,30.66,107.92,
301437,6,127.38,631.92,
301437,6,261.36,1295.79,
301437,5,314.69,1310.50,
301437,5,424.20,1800.38,
301437,2,124.74,215.51,
301439,4,35.61,128.31,
301439,5,25.42,103.55,
301439,6,89.09,455.81,
301439,3,46.40,129.84,
301439,3,260.16,716.05,
301440,5,63.38,298.13,
301440,4,31.22,114.32,
301440,3,411.60,1104.93,
301440,5,166.50,791.23,
301440,7,543.15,3510.79,
301443,4,119.59,425.09,
301443,3,244.08,663.57,
301443,4,516.12,1695.63,
301443,7,34.52,218.59,
301443,5,125.55,549.08,
301444,5,127.20,488.62,
301444,2,13.10,20.22,
301444,3,449.82,983.90,
301444,4,160.16,465.61,
301444,6,165.62,742.02,
301444,3,32.31,67.30,
301444,4,103.87,337.52,
301445,4,94.75,351.05,
301445,4,59.84,210.09,
301445,5,106.79,501.18,
301445,2,119.06,221.71,
301445,5,498.78,2158.86,
301445,5,125.55,591.79,
301448,6,96.00,433.43,
301448,1,35.51,26.89,
301448,4,334.22,943.11,
301448,4,48.29,123.62,
301448,3,146.53,353.75,
301448,5,17.51,69.45,
301448,4,443.52,1418.36,
301448,4,81.95,255.51,
301449,8,76.85,438.80,
301449,6,92.35,429.33,
301449,4,88.90,251.41,
301449,4,291.38,882.74,
301449,5,149.11,613.33,
301449,3,22.03,48.20,
301449,1,136.36,95.89,
301449,7,182.34,942.73,
301449,4,251.04,773.22,
301449,12,99.65,916.40,
301450,1,7.83,6.75,
301450,3,446.46,1158.56,
301450,2,65.45,111.19,
301450,6,102.62,514.62,
301450,2,129.45,214.82,
301450,3,41.76,101.90,
301450,4,30.53,106.07,
301450,3,252.00,615.59,
301451,4,11.80,42.12,
301451,6,33.66,185.18,
301451,6,61.61,342.27,
301451,1,420.42,351.10,
301451,4,413.70,1482.36,
301451,4,104.06,376.23,
301451,4,22.87,83.49,
301451,6,46.26,245.62,
301454,3,164.77,401.54,
301454,6,468.69,2407.33,
301454,4,66.49,223.46,
301455,5,194.14,822.13,
301455,5,18.76,80.92,
301455,3,440.58,1210.43,
301455,7,250.32,1619.49,
301455,5,13.30,57.48,
301455,6,416.64,1994.10,
301455,5,95.62,430.49,
301455,5,209.92,1021.46,
301455,2,65.76,117.23,
301455,4,414.54,1484.80,
301455,2,22.94,40.50,
301458,2,128.70,203.82,
301458,3,8.48,20.71,
301458,4,25.15,78.83,
301458,5,25.92,101.33,
301459,5,215.25,825.54,
301459,4,91.49,276.71,
301459,6,124.73,579.88,
301459,2,57.40,90.14,
301459,5,46.22,175.77,
301459,5,130.28,514.80,
301459,4,61.85,188.45,
301459,1,60.33,46.06,
301459,7,107.14,542.64,
301465,3,336.42,755.28,
301465,8,49.14,290.06,
301465,8,285.71,1724.86,
301465,4,55.27,162.69,
301465,1,98.40,72.78,
301465,5,144.55,500.98,
301469,4,545.70,1574.93,
301469,4,335.16,950.31,
301469,3,32.67,80.67,
301469,2,22.56,35.28,
301469,4,19.69,57.91,
301469,4,113.40,336.64,
301472,2,232.08,409.73,
301472,2,333.27,567.06,
301472,4,55.51,205.87,
301472,3,60.94,162.64,
301472,3,12.55,31.53,
301473,5,84.78,377.91,
301473,5,164.03,648.78,
301474,2,12.88,20.55,
301474,2,13.19,20.06,
301474,1,25.80,20.56,
301474,5,517.14,2144.92,
301474,6,478.89,2495.01,
301474,2,96.96,151.39,
301474,3,7.50,18.23,
301474,5,341.78,1353.41,
301474,5,121.57,474.36,
301474,3,342.09,805.67,
301474,3,19.19,46.92,
301474,4,11.26,33.85,
301474,6,11.75,59.79,
301479,6,86.59,431.79,
301479,4,23.14,76.46,
301479,5,12.80,54.10,
301479,2,92.93,152.60,
301479,3,16.33,42.26,
301480,2,252.24,421.96,
301480,5,191.31,859.00,
301480,6,549.27,2905.82,
301480,2,162.62,304.69,
301480,3,197.83,525.64,
301480,4,159.81,606.74,
301480,6,58.87,324.12,
301481,5,555.39,2289.34,
301481,3,163.25,404.57,
301482,4,44.60,142.33,
301482,6,449.40,2114.86,
301482,5,55.45,215.76,
301482,4,138.32,417.95,
301482,2,239.04,348.69,
301482,6,17.24,86.69,
301482,4,90.14,290.57,
301482,5,41.40,165.36,
301482,2,8.30,13.53,
301483,5,62.77,272.99,
301483,5,7.81,36.92,
301483,3,515.10,1408.14,
301483,4,125.32,462.72,
301483,4,126.72,451.39,
301483,2,153.06,279.98,
301483,2,11.31,18.96,
301483,5,480.93,2136.31,
301483,4,40.86,149.17,
301483,3,493.68,1287.09,
301484,2,143.88,204.69,
301484,6,23.88,110.30,
301487,2,492.66,719.43,
301487,6,158.69,722.19,
301487,5,165.09,656.82,
301487,7,59.29,305.59,
301487,7,13.05,76.71,
301487,2,413.70,650.95,
301487,5,100.70,390.64,
301489,6,179.87,871.46,
301489,6,217.10,1069.15,
301489,5,45.36,179.10,
301489,7,392.70,2011.51,
301489,2,130.02,213.10,
301489,6,175.65,845.70,
301489,2,101.86,142.90,
301494,4,147.14,495.65,
301494,1,91.10,74.92,
301494,2,126.02,221.15,
301494,2,98.78,174.65,
301494,4,8.41,29.02,
301495,4,103.78,353.93,
301495,3,124.37,330.00,
301495,4,12.30,44.18,
301496,4,144.28,437.59,
301496,2,87.65,142.81,
301496,4,18.20,60.64,
301496,5,150.63,584.45,
301496,2,12.81,19.34,
301496,5,62.77,261.71,
301496,5,473.28,1838.76,
301496,6,214.64,1067.20,
301496,4,381.78,1186.09,
301498,3,12.44,34.00,
301498,2,324.77,565.12,
301498,4,57.58,208.84,
301498,7,169.31,986.05,
301498,4,84.62,292.73,
301498,4,23.59,82.07,
301501,3,175.65,438.52,
301501,1,151.70,134.20,
301501,2,412.02,731.61,
301501,2,191.84,362.04,
301502,6,17.55,93.18,
301502,5,76.30,325.71,
301502,2,19.37,34.81,
301502,3,139.13,362.50,
301502,5,253.92,1099.03,
301502,5,18.00,74.44,
301504,7,13.35,87.03,
301504,4,101.28,345.24,
301504,2,7.55,13.29,
301504,5,534.48,2201.26,
301504,3,118.00,300.66,
301507,4,25.54,85.26,
301507,4,135.04,482.94,
301507,4,250.80,861.92,
301507,7,13.49,82.85,
301507,6,109.86,532.46,
301508,4,36.10,112.82,
301508,6,179.52,897.88,
301508,5,7.64,32.88,
301508,4,11.65,34.69,
301508,4,131.74,402.53,
301509,7,42.03,264.42,
301509,1,168.96,149.78,
301509,2,433.02,788.50,
301509,5,485.52,2331.03,
301509,4,492.66,1771.24,
301509,3,486.03,1263.26,
301509,4,81.09,272.83,
301509,5,528.36,2374.57,
301511,6,106.79,584.02,
301511,8,319.73,2209.54,
301511,3,144.25,387.38,
301511,5,16.58,72.68,
301511,7,30.69,199.12,
301511,4,24.67,85.71,
301511,3,176.53,447.96,
301514,4,19.35,61.84,
301514,3,78.66,197.52,
301514,2,72.85,115.91,
301514,5,24.96,100.42,
301516,5,186.38,725.47,
301516,5,48.65,188.83,
301516,6,127.44,529.35,
301516,4,161.42,480.51,
301518,7,287.28,1663.90,
301518,4,209.31,778.95,
301519,3,130.68,346.32,
301519,3,11.34,29.39,
301519,2,11.61,19.33,
301519,4,142.96,545.27,
301519,4,16.45,56.04,
301519,7,13.03,85.13,
301520,6,98.02,523.32,
301520,6,95.33,486.81,
301520,2,48.33,91.62,
301520,3,8.46,22.86,
301520,5,62.65,271.39,
301521,4,207.67,744.63,
301521,7,75.12,470.38,
301521,4,117.76,406.82,
301521,7,400.26,2721.73,
301521,6,24.00,136.69,
301521,2,7.76,13.85,
301521,2,18.70,34.63,
301529,4,110.68,356.80,
301529,3,499.80,1124.31,
301529,2,126.14,195.26,
301529,5,22.08,85.90,
301529,4,233.04,738.57,
301530,1,122.13,110.09,
301530,5,122.13,520.95,
301530,4,191.88,677.42,
301530,5,41.09,189.52,
301530,4,55.75,191.53,
301531,6,187.62,1001.85,
301531,5,88.70,393.65,
301531,6,391.86,2092.58,
301531,4,201.11,735.00,
301531,2,16.38,31.82,
301531,4,226.80,765.70,
301531,3,121.54,342.20,
301531,6,74.50,422.19,
301531,6,43.70,229.17,
301531,6,42.80,242.80,
301531,4,220.80,832.19,
301533,2,12.06,20.85,
301533,5,26.26,115.76,
301533,1,109.74,108.02,
301533,3,387.24,1078.14,
301533,2,319.41,610.17,
301537,3,183.92,494.25,
301537,3,214.23,539.57,
301537,4,193.52,657.83,
301537,2,99.36,164.53,
301537,4,261.84,894.57,
301538,6,110.45,596.49,
301538,5,186.76,846.62,
301538,3,59.84,158.24,
301538,3,61.61,170.74,
301538,3,107.62,312.22,
301538,3,11.64,31.50,
301538,4,73.71,247.46,
301538,4,311.22,1059.89,
301538,4,8.70,31.17,
301543,3,102.05,247.82,
301543,3,253.20,642.85,
301545,5,162.62,532.68,
301545,2,305.24,472.92,
301545,6,174.59,790.35,
301545,5,48.38,170.49,
301545,5,43.92,161.81,
301545,3,137.54,330.15,
301545,4,207.26,612.44,
301545,4,206.85,634.86,
301545,5,139.38,554.74,
301545,5,76.46,276.07,
301545,4,297.36,967.91,
301546,8,162.98,1222.24,
301546,3,139.26,361.58,
301546,5,30.82,143.85,
301546,4,189.22,723.31,
301546,5,48.02,219.21,
301546,4,187.09,689.35,
301546,2,7.88,14.46,
301546,4,262.08,861.76,
301546,6,131.60,748.21,
301546,3,47.21,136.63,
301547,5,21.74,97.27,
301547,3,550.29,1479.73,
301547,5,178.46,784.33,
301549,10,207.05,1587.52,
301549,4,48.29,148.85,
301549,1,441.84,328.61,
301549,4,89.09,277.95,
301549,3,7.74,17.21,
301549,4,335.79,1000.64,
301549,5,7.82,28.61,
301549,3,180.93,412.32,
301549,2,185.94,281.15,
301549,3,8.63,18.85,
301550,6,216.48,1098.35,
301550,3,75.67,194.37,
301550,3,390.60,1014.88,
301551,3,379.26,972.91,
301551,2,26.06,45.08,
301551,5,30.39,137.58,
301551,4,101.66,365.93,
301551,5,80.70,350.68,
301551,3,183.04,480.68,
301551,4,13.25,47.64,
301551,3,144.86,361.25,
301552,5,82.03,346.43,
301552,4,24.62,84.00,
301552,7,99.46,613.74,
301554,4,146.68,483.86,
301554,1,202.13,159.40,
301554,1,22.82,18.75,
301555,4,187.99,623.64,
301555,3,221.04,521.35,
301555,6,116.23,564.48,
301555,3,261.36,682.49,
301555,6,16.67,82.18,
301556,4,242.16,786.73,
301556,3,8.11,16.58,
301556,6,17.19,74.13,
301556,5,12.39,42.69,
301556,7,467.16,2312.42,
301556,5,296.10,1082.33,
301556,6,113.99,541.63,
301557,7,48.78,283.33,
301557,5,142.82,600.37,
301557,3,11.41,28.45,
301558,3,319.41,714.60,
301558,8,143.94,885.87,
301562,7,139.84,876.77,
301562,8,105.02,713.49,
301562,3,408.66,1049.69,
301562,5,140.58,615.11,
301562,7,244.32,1448.09,
301565,2,7.82,12.93,
301565,3,553.35,1243.46,
301565,5,254.88,1065.15,
301565,2,90.43,135.60,
301565,1,30.00,24.45,
301565,3,166.85,392.16,
301565,4,31.32,94.46,
301565,4,497.76,1580.05,
301565,6,436.38,2051.72,
301567,3,508.98,1349.50,
301567,3,41.76,110.72,
301567,1,432.60,398.34,
301567,3,220.79,565.38,
301567,3,153.37,384.74,
301567,5,17.89,77.24,
301567,9,64.29,524.68,
301569,7,244.32,1536.09,
301569,1,7.53,6.59,
301569,4,169.84,604.75,
301569,4,45.27,162.08,
301569,5,192.37,808.92,
301569,5,506.43,2305.79,
301569,6,8.56,45.58,
301569,6,474.81,2382.34,
301569,6,131.21,710.39,
301569,5,204.80,906.92,
301569,3,174.24,424.08,
301569,2,63.50,104.80,
301569,6,31.48,155.20,
301569,7,62.04,378.32,
301570,8,150.33,966.87,
301570,8,101.66,653.63,
301570,1,11.81,9.43,
301570,8,64.17,424.29,
301570,4,119.42,386.73,
301570,5,499.29,1952.22,
301574,5,466.14,1958.59,
301574,2,138.62,254.16,
301574,5,324.45,1417.79,
301574,4,96.10,331.58,
301574,4,146.53,479.21,
301574,6,384.72,2136.63,
301574,8,59.54,386.98,
301574,2,143.34,243.15,
301576,3,17.05,44.12,
301576,4,87.36,301.24,
301576,5,12.38,55.35,
301576,4,156.71,590.15,
301576,3,494.19,1321.30,
301576,3,19.01,51.49,
301576,6,527.34,2909.43,
301576,5,167.20,753.67,
301576,4,61.12,218.10,
301576,6,60.27,322.74,
301576,6,193.52,1022.53,
301576,3,222.00,602.85,
301577,2,107.26,184.23,
301577,4,42.35,140.14,
301577,3,12.95,31.80,
301577,3,11.91,30.55,
301577,4,386.40,1354.73,
301577,3,106.55,273.69,
301577,4,77.17,279.90,
301577,3,47.43,111.24,
301582,1,117.88,100.16,
301582,5,494.70,2329.30,
301582,3,90.53,233.45,
301582,3,100.32,279.13,
301582,4,33.23,117.15,
301582,5,57.52,245.93,
301582,8,187.44,1326.06,
301582,6,7.84,42.20,
301582,7,112.34,733.14,
301583,7,45.95,250.68,
301583,3,123.16,282.49,
301583,7,107.50,586.62,
301583,4,396.48,1200.75,
301584,3,190.61,535.80,
301584,3,227.76,623.94,
301584,4,94.37,340.10,
301584,1,25.08,22.17,
301584,3,171.07,444.64,
301584,5,333.27,1530.88,
301584,5,227.28,960.93,
301584,4,46.94,162.08,
301584,4,491.64,1830.41,
301584,6,111.98,618.59,
301584,2,58.99,106.87,
301585,6,7.32,39.07,
301585,7,124.25,756.01,
301585,2,12.50,21.87,
301585,5,322.25,1360.00,
301585,4,125.00,404.40,
301585,5,120.24,548.26,
301585,5,18.86,86.65,
301585,6,32.87,179.56,
301585,5,128.03,554.23,
301585,1,56.36,51.86,
301585,6,13.35,69.62,
301585,7,78.89,448.20,
301585,2,125.32,220.49,
301586,3,165.22,427.29,
301586,3,130.42,363.56,
301586,4,226.56,851.87,
301586,2,385.56,665.89,
301586,4,44.46,159.01,
301586,3,58.26,149.82,
301586,3,161.12,413.74,
301586,1,12.94,11.49,
301586,3,250.56,688.50,
301586,2,419.58,770.53,
301586,4,300.20,1085.74,
301588,8,285.71,2168.21,
301588,6,45.36,246.25,
301588,7,65.76,392.96,
301588,4,157.32,510.77,
301588,5,221.40,1020.37,
301588,4,13.63,50.84,
301588,3,169.84,467.70,
301588,4,407.82,1548.71,
301588,5,23.23,110.00,
301588,6,24.05,125.98,
301588,5,167.90,792.45,
301588,4,64.17,237.80,
301590,4,83.52,307.65,
301590,4,85.25,295.90,
301590,4,176.88,621.55,
301590,3,223.25,591.30,
301590,2,409.50,740.70,
301590,4,98.98,353.37,
301591,2,121.42,206.70,
301591,4,142.16,525.31,
301591,6,59.54,315.43,
301591,7,11.94,78.11,
301591,3,126.97,312.17,
301595,3,122.01,330.40,
301595,5,167.55,747.15,
301595,6,62.53,318.85,
301595,3,127.09,340.44,
301595,2,247.68,427.92,
301595,3,190.08,524.38,
301595,2,180.05,316.89,
301597,8,158.23,900.01,
301597,5,30.79,107.07,
301597,9,35.41,233.25,
301597,3,258.00,598.14,
301600,2,529.38,917.83,
301600,3,223.04,582.77,
301600,5,118.83,540.18,
301600,3,12.81,33.81,
301600,5,309.96,1377.29,
301600,5,153.98,686.28,
301600,4,13.15,48.74,
301600,5,417.48,1896.01,
301600,5,22.13,100.85,
301600,7,141.51,944.48,
301601,5,408.24,1684.16,
301601,3,98.11,219.37,
301601,3,394.80,931.77,
301601,2,137.41,216.31,
301601,2,130.94,213.37,
301601,3,191.88,459.14,
301601,2,33.83,54.68,
301601,5,19.19,81.19,
301601,5,525.30,1990.93,
301601,4,13.19,38.01,
301601,4,473.28,1500.10,
301602,5,32.11,120.41,
301602,5,136.75,485.49,
301602,3,263.52,589.51,
301602,5,7.38,27.06,
301602,6,192.02,858.74,
301602,4,23.66,72.88,
301602,6,41.27,189.48,
301602,5,382.62,1538.38,
301606,4,76.54,216.58,
301606,1,170.37,129.02,
301606,7,13.65,68.56,
301606,5,554.37,2003.04,
301606,2,23.06,32.49,
301606,1,339.26,256.91,
301606,6,122.13,555.87,
301606,6,7.60,33.38,
301607,6,457.80,2122.70,
301607,6,24.05,113.66,
301607,5,229.68,874.35,
301607,4,421.68,1281.12,
301607,3,380.94,816.89,
301607,5,48.20,179.63,
301608,8,22.78,162.80,
301608,6,196.19,1057.37,
301608,3,153.67,426.94,
301608,3,295.16,821.69,
301608,5,86.27,381.44,
301608,6,134.24,709.62,
301608,4,471.24,1673.59,
301608,3,32.57,91.58,
301610,5,143.18,619.78,
301610,3,385.56,1044.41,
301610,4,13.49,48.64,
301610,5,123.66,539.43,
301611,3,150.63,343.36,
301611,7,108.56,587.60,
301611,7,159.10,825.63,
301611,2,119.99,187.89,
301611,4,131.60,429.63,
301611,6,95.62,400.76,
301613,3,18.76,51.32,
301613,3,508.47,1406.50,
301613,3,155.65,433.66,
301613,3,201.11,545.44,
301613,5,162.79,775.86,
301613,3,90.05,242.43,
301613,7,112.93,759.46,
301613,3,106.79,283.57,
301613,4,178.29,659.56,
301613,4,190.24,644.29,
301613,5,95.81,441.70,
301613,4,338.94,1245.19,
301614,3,138.02,344.10,
301614,6,59.11,323.57,
301614,4,8.44,28.83,
301614,4,189.38,623.58,
301614,5,317.84,1378.10,
301614,4,24.17,81.72,
301615,5,13.36,59.36,
301615,5,12.49,53.44,
301615,8,392.70,2621.01,
301615,5,338.00,1564.07,
301615,6,12.69,74.37,
301615,5,8.37,36.90,
301619,2,221.40,348.38,
301619,4,11.59,36.62,
301619,5,133.19,535.47,
301619,5,401.10,1758.67,
301619,4,46.17,145.76,
301620,3,338.00,816.31,
301620,3,8.49,21.47,
301620,5,24.67,106.17,
301620,3,182.51,403.82,
301620,4,219.36,747.48,
301620,5,11.35,42.34,
301620,5,331.70,1383.09,
301620,2,44.82,72.80,
301620,3,77.87,193.86,
301620,7,326.97,1832.24,
301620,4,36.07,107.56,
301620,2,506.94,824.05,
301621,4,148.20,537.43,
301621,1,149.42,140.58,
301621,5,7.71,36.02,
301621,6,291.69,1655.87,
301621,3,118.80,356.07,
301621,4,42.21,156.28,
301621,8,192.72,1522.22,
301622,2,23.95,42.57,
301622,3,34.65,94.90,
301622,6,17.68,98.89,
301622,5,204.59,959.67,
301622,1,548.25,508.15,
301622,4,40.86,135.19,
301622,2,89.09,155.36,
301622,3,165.44,455.76,
301622,5,456.12,2096.42,
301622,5,128.62,556.81,
301622,4,104.74,384.26,
301622,3,16.79,43.77,
301623,4,392.70,1212.10,
301623,3,23.62,49.11,
301623,2,25.58,37.41,
301623,3,114.34,240.82,
301623,5,129.76,451.35,
301623,2,380.94,548.90,
301623,5,12.13,43.75,
301625,3,128.97,291.70,
301625,6,105.02,499.00,
301625,4,17.87,50.07,
301625,2,66.06,96.88,
301625,3,12.30,25.13,
301629,5,59.23,243.11,
301629,7,22.80,119.97,
301629,4,160.36,542.21,
301629,2,159.45,273.49,
301630,4,549.78,1721.29,
301630,3,209.72,495.63,
301630,2,91.01,145.71,
301630,1,93.12,75.19,
301630,3,42.08,106.05,
301630,3,34.78,79.96,
301630,6,42.44,206.70,
301630,5,87.07,365.38,
301631,3,186.91,410.36,
301631,2,35.34,48.24,
301631,2,143.64,218.30,
301631,3,58.38,128.66,
301631,3,7.21,17.34,
301631,5,152.46,607.19,
301631,3,33.50,83.29,
301631,5,127.91,506.82,
301631,6,451.08,2058.81,
301631,5,35.48,129.67,
301631,4,167.20,501.85,
301631,3,25.78,57.95,
301631,4,24.62,77.81,
301632,4,58.13,188.90,
301632,6,138.17,745.39,
301632,3,549.78,1465.05,
301632,2,8.03,14.40,
301632,3,56.55,141.94,
301632,4,24.48,81.78,
301632,7,329.18,2181.45,
301632,2,93.31,170.89,
301632,4,469.20,1594.32,
301632,2,92.35,158.28,
301632,4,156.71,578.60,
301634,7,106.55,642.34,
301634,9,156.41,1162.10,
301634,5,16.85,74.70,
301634,6,322.88,1662.97,
301634,5,134.11,553.72,
301634,5,12.54,56.53,
301635,5,91.58,398.79,
301635,3,183.39,503.05,
301635,2,65.58,112.76,
301635,1,455.28,387.98,
301635,2,85.80,159.87,
301635,8,33.59,243.47,
301637,3,224.40,482.00,
301637,8,208.28,1331.05,
301637,1,191.84,157.81,
301637,3,250.80,627.07,
301637,6,168.43,759.95,
301637,4,528.87,1869.25,
301637,4,142.69,451.69,
301637,2,137.28,218.77,
301637,3,454.02,1133.35,
301637,4,13.58,42.73,
301638,7,166.85,952.97,
301638,3,57.83,149.64,
301638,2,170.37,278.92,
301638,3,219.56,504.28,
301638,3,234.72,540.03,
301638,7,32.64,182.71,
301638,4,24.50,76.02,
301638,5,12.60,51.23,
301638,4,19.04,62.02,
301638,8,178.11,1132.46,
301638,3,190.61,470.79,
301638,5,190.78,833.12,
301639,4,145.31,523.42,
301639,2,138.73,233.77,
301639,6,242.40,1269.82,
301639,3,24.43,64.29,
301639,5,60.82,261.51,
301639,4,153.37,542.30,
301639,8,262.08,1919.72,
301639,4,7.82,27.76,
301642,2,32.80,59.96,
301642,4,187.99,670.59,
301642,5,292.64,1343.11,
301642,3,8.17,20.92,
301642,5,55.94,237.22,
301642,2,149.11,273.58,
301643,5,104.16,432.23,
301643,4,8.65,29.87,
301643,1,259.92,216.67,
301643,3,191.49,499.05,
301643,2,486.03,852.09,
301643,3,66.55,165.51,
301644,6,248.64,1316.14,
301644,3,129.56,359.78,
301644,4,163.15,592.42,
301645,4,22.08,73.22,
301645,6,94.66,437.33,
301645,8,24.70,145.49,
301645,3,331.70,790.48,
301645,7,73.87,428.24,
301645,4,287.60,924.13,
301645,6,222.48,1010.19,
301645,1,285.39,220.63,
301645,4,8.48,27.40,
301645,7,109.27,600.54,
301645,5,25.20,103.99,
301647,4,248.88,910.90,
301647,6,32.44,170.46,
301647,3,118.00,311.88,
301647,7,17.03,107.49,
301647,2,23.62,41.38,
301647,3,91.58,250.07,
301649,6,164.03,761.42,
301649,3,80.93,176.26,
301649,2,418.32,614.59,
301649,1,33.76,25.83,
301649,4,29.90,94.46,
301650,5,22.06,84.43,
301650,6,43.61,194.77,
301650,3,123.19,305.59,
301650,2,490.11,767.41,
301650,4,83.13,284.41,
301650,3,222.24,556.19,
301651,4,73.40,236.03,
301651,6,19.53,90.94,
301656,2,127.09,231.64,
301656,4,500.31,1786.84,
301656,2,43.83,75.13,
301656,4,48.96,172.26,
301656,4,19.04,68.24,
301656,4,102.14,378.61,
301656,3,125.00,320.22,
301656,4,44.06,153.59,
301656,5,46.53,209.86,
301658,3,24.29,70.27,
301658,2,186.21,359.87,
301658,7,401.10,2483.86,
301658,5,36.10,149.69,
301658,5,66.25,304.95,
301661,2,343.98,564.90,
301661,5,412.44,1642.55,
301661,4,250.56,864.82,
301661,6,382.20,1888.32,
301661,2,59.11,99.11,
301666,5,326.66,1305.35,
301666,7,218.40,1300.72,
301666,5,234.72,968.13,
301666,6,8.07,40.09,
301666,8,56.12,363.02,
301666,1,8.22,6.49,
301666,4,325.40,1106.16,
301666,5,8.55,35.37,
301666,2,75.99,120.59,
301666,4,235.44,748.63,
301666,6,84.00,394.19,
301668,6,8.16,41.23,
301668,3,11.25,31.20,
301668,6,8.29,38.05,
301668,4,301.14,1026.44,
301668,5,62.95,250.79,
301669,4,337.05,1035.48,
301669,6,144.54,615.31,
301669,2,13.18,20.69,
301671,3,98.11,233.43,
301671,8,11.25,74.39,
301671,7,137.02,782.97,
301671,3,16.90,42.83,
301671,2,73.87,129.11,
301671,2,233.76,368.14,
301671,5,133.32,548.71,
301671,3,554.88,1359.62,
301671,3,12.90,32.62,
301671,3,186.96,453.28,
301671,3,174.24,411.89,
301672,5,16.31,68.30,
301672,3,35.67,85.59,
301672,5,36.07,146.62,
301672,6,139.00,631.74,
301672,2,7.53,12.38,
301672,7,7.25,44.12,
301675,1,13.25,9.90,
301675,3,184.98,433.07,
301675,6,19.19,88.16,
301675,4,208.49,603.66,
301675,3,35.15,83.59,
301675,5,81.40,316.47,
301675,9,254.40,1848.26,
301676,4,18.02,61.83,
301676,3,48.11,128.39,
301676,7,209.92,1248.34,
301676,2,118.35,204.81,
301676,3,492.15,1286.68,
301676,5,119.53,498.91,
301676,5,12.60,54.51,
301676,6,42.03,200.43,
301676,5,16.63,75.67,
301676,7,156.10,903.80,
301676,4,151.54,515.58,
301678,4,555.39,2054.79,
301678,4,25.70,94.53,
301678,4,86.88,321.22,
301678,2,147.74,270.96,
301678,5,17.95,80.07,
301678,5,242.40,1087.61,
301678,5,36.17,171.96,
301678,7,25.80,169.44,
301678,5,88.51,394.96,
301678,10,545.19,4648.56,
301678,5,7.42,34.85,
301678,6,46.76,257.41,
301678,1,144.70,137.76,
301678,5,100.32,474.04,
301678,2,170.72,307.96,
301682,2,19.26,32.02,
301682,6,8.51,39.86,
301682,3,531.42,1250.88,
301682,3,106.91,251.23,
301683,1,312.48,291.63,
301683,6,77.17,441.71,
301683,1,40.86,35.58,
301683,6,112.45,602.52,
301683,4,57.10,204.32,
301683,4,30.23,108.48,
301683,4,58.56,200.54,
301683,7,96.38,562.39,
301684,4,126.26,445.62,
301684,9,17.46,139.04,
301684,4,8.48,32.31,
301684,3,404.88,1056.45,
301684,5,260.64,1203.52,
301684,4,47.48,168.59,
301684,4,159.60,532.22,
301684,5,146.38,657.46,
301684,3,407.82,1032.82,
301684,3,23.06,59.75,
301684,5,125.08,522.12,
301685,4,19.33,68.66,
301685,4,149.57,506.65,
301685,2,186.56,320.48,
301685,5,332.96,1371.90,
301686,3,168.61,373.22,
301686,5,343.04,1307.36,
301686,2,47.66,69.86,
301686,4,8.50,25.91,
301686,1,100.51,77.64,
301686,4,24.82,76.99,
301689,3,217.30,614.19,
301689,3,150.78,383.09,
301689,3,232.08,623.30,
301689,6,451.08,2407.18,
301689,4,329.49,1163.68,
301689,3,87.46,230.28,
301689,3,339.26,872.83,
301690,6,13.23,72.65,
301690,4,57.71,210.66,
301690,6,62.59,339.91,
301690,4,404.88,1405.48,
301690,2,208.28,348.62,
301690,3,31.85,85.88,
301690,3,110.09,302.10,
301691,4,508.47,1701.64,
301691,4,23.21,76.77,
301691,2,135.17,218.45,
301691,3,16.22,39.77,
301691,4,437.22,1462.78,
301691,5,211.15,761.87,
301691,5,7.93,32.93,
301691,1,72.77,59.84,
301691,4,22.85,75.77,
301691,4,12.05,39.05,
301691,5,18.81,75.10,
301691,3,165.07,424.62,
301693,5,121.07,507.01,
301693,9,30.89,238.94,
301693,5,61.73,268.54,
301693,3,29.87,74.51,
301693,8,7.50,49.96,
301695,5,220.08,746.94,
301695,5,8.16,29.30,
301695,4,139.92,394.02,
301695,4,129.21,405.18,
301695,2,169.31,248.40,
301696,1,8.55,6.23,
301696,4,80.70,216.32,
301696,4,409.92,1262.44,
301696,4,56.91,166.96,
301696,3,163.86,340.33,
301696,2,164.38,282.66,
301696,1,98.50,74.13,
301697,7,180.93,1158.71,
301697,5,164.03,729.08,
301697,6,127.51,676.28,
301697,5,8.68,41.20,
301697,5,325.71,1485.68,
301697,6,19.71,101.40,
301702,2,292.64,534.23,
301702,7,161.27,1075.04,
301702,3,86.19,230.61,
301702,5,8.04,36.46,
301702,3,207.67,545.88,
301702,3,96.58,264.80,
301705,3,495.72,1317.57,
301705,2,139.92,230.17,
301705,3,129.36,356.01,
301705,4,8.70,29.21,
301705,5,480.93,2101.80,
301705,5,167.05,665.85,
301705,1,557.94,472.21,
301705,5,32.08,135.69,
301705,4,43.74,153.11,
301705,2,32.80,55.78,
301705,3,64.66,164.84,
301705,7,21.84,130.17,
301706,6,214.23,992.85,
301706,3,7.70,16.38,
301706,5,132.79,494.37,
301709,2,23.98,36.58,
301709,6,172.83,854.39,
301709,3,63.81,145.67,
301709,4,438.06,1480.48,
301709,3,169.14,393.91,
301709,7,543.66,2915.62,
301709,3,74.26,191.67,
301709,4,19.46,61.72,
301709,5,13.59,57.22,
301709,5,191.84,714.27,
301709,4,491.64,1612.93,
301710,3,57.71,156.51,
301710,2,333.59,613.53,
301710,3,12.55,33.87,
301710,4,455.70,1720.76,
301710,5,8.30,37.45,
301710,6,30.26,167.65,
301710,1,172.48,149.02,
301710,5,12.76,59.15,
301711,4,395.22,1536.44,
301711,6,165.79,893.06,
301711,4,17.69,61.68,
301712,3,8.30,20.94,
301712,4,151.54,559.65,
301712,3,223.20,563.08,
301712,2,537.54,966.93,
301712,2,257.28,464.46,
301715,5,7.70,30.18,
301715,6,193.73,829.78,
301715,2,17.86,25.11,
301715,8,139.84,799.55,
301715,3,57.16,135.55,
301717,3,107.85,261.44,
301717,3,8.74,21.31,
301717,3,137.71,316.27,
301717,5,142.69,537.84,
301717,4,181.28,606.32,
301718,8,60.82,417.45,
301718,4,8.41,26.62,
301718,4,538.56,1708.13,
301718,7,341.46,1974.73,
301718,3,74.34,180.61,
301719,7,120.91,774.54,
301719,5,186.21,843.32,
301719,4,116.11,399.10,
301719,6,49.23,272.65,
301719,6,42.35,238.87,
301719,5,157.32,755.58,
301719,3,61.24,153.60,
301719,3,8.76,23.39,
301719,4,97.25,334.12,
301719,5,22.37,97.95,
301722,2,44.33,85.19,
301722,1,167.02,144.94,
301722,4,47.16,181.09,
301722,6,545.70,3022.76,
301722,2,251.76,481.51,
301722,3,296.73,795.79,
301722,4,130.81,457.25,
301722,3,102.91,280.52,
301722,4,43.52,162.28,
301724,4,17.23,55.52,
301724,6,184.50,1011.39,
301724,2,100.22,155.27,
301724,4,215.25,618.34,
301724,5,25.92,103.20,
301724,4,461.55,1544.30,
301724,7,26.18,151.25,
301724,5,118.94,507.10,
301724,3,239.76,608.73,
301724,6,99.26,530.93,
301724,5,460.32,1796.16,
301724,6,126.02,615.31,
301727,5,44.33,169.19,
301727,6,299.88,1423.73,
301727,2,71.12,113.60,
301727,3,45.23,98.49,
301727,3,99.74,225.20,
301728,1,313.74,257.98,
301728,2,23.50,41.37,
301728,3,149.26,385.04,
301728,6,49.19,264.94,
301728,4,129.76,458.85,
301728,3,83.45,216.93,
301728,3,22.25,51.39,
301733,3,8.77,21.27,
301733,3,230.40,585.14,
301733,6,466.65,2318.57,
301733,3,533.97,1349.62,
301733,1,35.28,28.27,
301734,8,46.44,329.16,
301734,6,243.84,1260.21,
301734,2,414.54,701.17,
301734,2,325.71,532.67,
301735,4,484.50,1645.58,
301735,3,70.96,167.22,
301735,6,127.79,686.86,
301735,1,83.84,71.30,
301736,2,222.24,382.27,
301736,3,392.70,1038.37,
301736,5,11.69,53.44,
301736,3,104.45,295.75,
301736,2,84.39,149.81,
301736,4,162.45,579.34,
301737,3,8.20,22.12,
301737,2,7.94,14.34,
301737,3,542.64,1399.12,
301737,3,512.55,1364.35,
301737,2,12.85,24.56,
301737,5,131.34,545.79,
301737,5,121.31,520.58,
301737,1,48.24,43.76,
301737,4,16.51,58.40,
301737,3,45.36,120.55,
301738,6,22.80,97.76,
301738,2,144.54,232.27,
301738,6,160.86,724.01,
301738,3,156.56,337.77,
301738,7,252.72,1290.60,
301738,4,155.34,452.52,
301738,4,13.03,40.94,
301738,4,7.44,21.25,
301738,6,309.96,1562.04,
301738,8,48.42,277.72,
301738,8,75.36,451.58,
301738,4,184.62,551.75,
301738,4,479.91,1391.20,
301741,7,473.79,2467.90,
301741,5,45.72,167.66,
301741,1,48.92,37.30,
301741,5,87.17,354.13,
301741,5,36.00,139.05,
301741,3,23.30,52.33,
301741,6,25.70,122.86,
301742,3,335.79,836.39,
301742,4,124.49,421.97,
301742,5,47.39,221.86,
301742,2,7.78,12.27,
301742,5,119.30,514.22,
301742,3,42.53,104.27,
301744,1,124.21,109.70,
301744,3,161.04,445.37,
301744,3,32.18,90.42,
301744,5,145.07,646.33,
301744,3,19.67,52.31,
301744,3,510.00,1292.76,
301744,4,210.74,791.84,
301745,4,65.58,232.46,
301745,3,230.64,579.55,
301745,3,170.54,420.07,
301745,3,405.72,957.12,
301745,5,31.78,127.79,
301745,1,7.96,6.24,
301745,4,450.66,1576.71,
301746,3,118.00,315.68,
301746,4,31.48,112.90,
301746,6,11.69,62.58,
301746,2,286.02,499.50,
301746,3,42.62,110.37,
301746,4,224.88,764.41,
301746,5,12.11,52.34,
301746,2,59.17,96.14,
301747,3,47.03,122.72,
301747,6,120.38,616.36,
301747,4,262.56,1006.16,
301747,8,549.27,3933.65,
301747,5,121.89,538.41,
301747,3,32.87,84.87,
301747,3,94.56,252.22,
301747,6,57.77,293.26,
301747,1,474.30,381.19,
301747,5,59.60,254.33,
301747,2,17.91,32.76,
301747,3,135.30,364.44,
301748,5,91.30,401.62,
301748,6,26.21,135.63,
301748,4,90.53,354.12,
301748,2,212.38,377.19,
301748,2,91.01,161.94,
301748,3,142.42,361.49,
301748,3,201.11,544.41,
301748,2,290.75,524.02,
301748,2,196.39,358.89,
301750,4,18.90,63.50,
301750,6,11.74,62.12,
301750,6,57.10,306.69,
301750,3,504.39,1385.44,
301750,5,413.28,1899.11,
301750,8,144.67,1041.65,
301750,5,167.90,748.91,
301750,5,18.31,82.42,
301750,5,23.40,93.64,
301750,4,116.58,425.83,
301754,2,43.07,78.26,
301754,8,143.62,1057.88,
301754,4,12.49,42.40,
301754,2,222.72,413.06,
301754,4,512.55,1817.03,
301755,6,236.16,1238.95,
301755,5,22.51,98.91,
301755,6,8.45,43.20,
301755,5,43.25,180.10,
301755,6,212.79,1093.35,
301755,4,58.80,217.26,
301755,5,332.33,1401.39,
301755,2,8.76,14.95,
301756,4,42.98,137.65,
301756,2,103.78,164.52,
301756,4,97.34,340.32,
301756,4,486.03,1556.38,
301756,2,249.12,397.62,
301756,7,138.32,768.72,
301756,2,41.40,69.49,
301756,2,7.26,10.79,
301756,5,44.28,173.94,
301756,6,25.90,127.80,
301756,9,190.86,1488.42,
301756,4,86.69,280.18,
301756,2,16.61,27.28,
301757,4,7.70,23.73,
301757,6,180.75,901.72,
301757,4,209.31,696.89,
301757,7,22.18,133.89,
301757,3,25.63,64.59,
301757,1,306.18,255.78,
301757,5,143.88,580.48,
301757,4,64.42,198.67,
301757,4,134.38,430.51,
301757,2,196.60,335.50,
301757,3,115.64,290.68,
301758,5,13.51,54.42,
301758,3,12.44,32.88,
301758,8,297.68,2078.91,
301758,3,210.33,518.74,
301758,3,441.00,1135.64,
301761,4,413.70,1343.63,
301761,3,7.32,21.14,
301761,4,122.60,485.21,
301761,5,56.91,269.75,
301761,3,129.49,351.31,
301761,5,7.94,37.92,
301761,3,7.46,20.53,
301761,3,56.85,154.01,
301761,3,384.72,1051.88,
301762,3,17.53,39.85,
301762,4,218.74,641.86,
301762,9,121.18,943.12,
301762,5,32.54,124.02,
301762,2,541.11,738.96,
301762,4,156.56,508.19,
301762,6,261.36,1228.86,
301762,7,167.20,883.72,
301762,9,97.34,675.55,
301763,6,483.48,2098.01,
301763,3,222.00,464.68,
301763,3,177.58,374.14,
301763,5,211.15,765.75,
301763,6,34.85,165.41,
301763,8,147.90,866.04,
301763,2,229.44,339.59,
301763,4,193.73,514.74,
301764,3,166.14,375.93,
301764,2,184.62,265.40,
301764,4,137.15,440.52,
301764,6,25.20,111.63,
301764,4,49.01,151.87,
301764,4,66.19,200.41,
301765,2,213.00,382.86,
301765,5,13.64,63.06,
301765,6,24.34,127.37,
301765,2,110.92,205.24,
301765,3,176.00,492.90,
301765,4,22.87,86.21,
301765,6,303.66,1609.02,
301765,11,8.17,87.40,
301765,6,31.12,163.88,
301766,6,228.48,1199.57,
301766,4,139.39,491.35,
301766,4,33.53,113.06,
301766,6,23.21,118.17,
301766,2,145.92,252.15,
301766,5,423.78,1759.81,
301766,3,43.20,121.78,
301766,2,93.22,165.71,
301767,4,246.24,820.05,
301767,5,24.67,109.30,
301767,4,47.25,159.05,
301767,4,284.45,935.19,
301767,5,95.52,386.82,
301767,2,457.80,757.39,
301767,8,216.89,1433.58,
301767,4,107.26,337.75,
301767,3,185.73,475.94,
301767,6,433.86,2096.68,
301767,3,23.76,57.17,
301767,3,31.12,74.71,
301767,8,35.81,243.21,
301767,8,8.20,58.00,
301767,4,100.03,342.21,
301769,5,34.91,162.30,
301769,5,322.25,1511.51,
301769,2,545.70,1017.89,
301769,7,73.55,470.25,
301769,3,214.02,588.92,
301769,9,23.16,177.10,
301769,5,19.10,84.40,
301769,3,556.92,1450.51,
301770,4,59.60,170.76,
301770,4,217.44,700.63,
301770,3,191.68,450.74,
301770,2,62.04,98.74,
301770,5,189.63,693.65,
301771,6,218.12,1100.37,
301771,1,31.61,28.56,
301771,7,63.26,403.27,
301771,3,11.98,31.76,
301771,4,230.88,808.76,
301771,5,12.84,58.85,
301774,6,35.34,182.78,
301774,2,25.13,43.21,
301774,6,73.16,380.73,
301774,5,540.09,2268.14,
301774,3,57.83,153.17,
301774,5,13.35,59.39,
301774,7,17.78,116.51,
301774,4,18.23,61.63,
301776,4,125.66,432.06,
301776,4,104.93,340.80,
301776,4,8.35,27.01,
301776,3,73.95,195.37,
301776,4,118.12,442.37,
301776,10,165.62,1518.60,
301776,3,8.29,21.57,
301777,4,478.38,1671.35,
301777,5,30.00,131.09,
301777,5,220.56,1047.07,
301777,4,73.87,246.65,
301777,6,156.26,781.43,
301777,1,511.02,444.33,
301777,1,43.20,40.62,
301777,3,62.10,163.35,
301777,5,555.39,2474.98,
301777,7,43.11,269.15,
301780,6,158.93,745.31,
301780,3,336.74,848.40,
301780,8,477.87,3359.89,
301780,5,7.60,30.81,
301780,5,34.32,135.17,
301780,3,11.84,28.49,
301780,2,24.38,37.00,
301780,3,212.59,483.75,
301781,6,130.94,712.60,
301781,3,65.09,175.14,
301781,5,113.52,479.56,
301782,2,55.33,94.76,
301782,3,60.45,153.58,
301782,6,147.90,773.59,
301782,4,166.32,540.77,
301782,6,140.60,730.22,
301782,6,7.22,36.11,
301782,4,132.53,457.52,
301782,3,32.14,86.57,
301783,2,7.68,12.72,
301783,3,486.54,1289.74,
301783,2,45.00,82.43,
301783,3,319.10,829.56,
301783,5,60.57,248.43,
301784,4,34.12,122.88,
301784,8,149.42,970.37,
301784,4,138.07,459.65,
301784,1,225.36,198.56,
301784,3,549.78,1398.17,
301786,5,58.32,253.20,
301786,4,30.76,112.72,
301786,3,105.31,261.33,
301786,3,175.65,452.08,
301786,1,62.95,55.49,
301786,6,207.67,1117.45,
301786,3,24.31,65.99,
301786,4,102.05,385.48,
301786,3,106.55,282.25,
301786,3,19.55,47.55,
301786,2,147.29,240.14,
301790,4,145.16,492.64,
301790,4,162.64,513.36,
301790,3,100.90,237.53,
301790,4,12.29,40.40,
301790,3,76.46,179.13,
301790,6,63.50,302.33,
301791,4,102.72,332.46,
301791,4,184.98,576.74,
301791,5,17.66,71.91,
301791,5,150.94,585.64,
301791,3,13.20,32.82,
301791,7,228.24,1250.66,
301791,5,158.08,663.22,
301791,8,260.16,1588.30,
301791,5,33.33,137.00,
301791,9,143.94,975.28,
301791,7,238.08,1274.06,
301791,6,163.55,769.60,
301791,4,186.21,558.46,
301791,6,213.61,957.52,
301791,6,470.73,2346.20,
301792,4,70.96,218.35,
301792,4,8.38,24.48,
301792,8,91.30,544.68,
301792,2,24.98,37.85,
301792,5,197.83,788.08,
301794,6,93.79,537.96,
301794,5,78.58,336.44,
301794,6,13.04,68.36,
301794,5,91.58,412.28,
301794,4,259.92,926.92,
301794,4,43.92,154.13,
301794,5,165.68,744.02,
301794,7,64.05,399.19,
301794,5,47.07,198.07,
301794,7,433.02,2851.80,
301796,3,23.88,58.16,
301796,4,200.90,657.97,
301796,6,35.71,185.76,
301796,7,229.92,1333.29,
301796,4,197.42,657.14,
301796,4,102.24,319.67,
301796,2,46.67,79.55,
301796,3,228.24,574.89,
301799,3,57.65,154.64,
301799,2,134.77,236.82,
301799,4,80.70,293.70,
301799,5,75.75,331.48,
301799,4,74.18,273.07,
301799,2,149.11,256.29,
301799,2,83.37,153.12,
301805,4,153.98,435.79,
301805,4,32.31,95.32,
301805,6,23.86,103.41,
301805,5,446.88,1784.93,
301809,1,143.79,124.86,
301809,2,47.16,84.92,
301809,2,103.10,196.50,
301809,5,22.34,97.74,
301809,3,448.98,1252.00,
301809,4,340.83,1243.33,
301811,3,161.12,416.58,
301811,2,257.52,392.21,
301812,6,306.81,1387.95,
301812,4,66.86,231.87,
301812,2,190.96,331.43,
301812,7,136.22,716.01,
301812,3,241.20,630.63,
301812,3,11.79,29.69,
301812,7,55.69,343.12,
301812,5,41.81,172.21,
301813,2,112.81,198.64,
301813,4,31.28,98.25,
301813,5,32.27,128.21,
301813,3,193.07,468.85,
301813,5,7.82,32.05,
301813,5,181.98,787.40,
301813,4,7.43,24.71,
301813,3,187.44,494.65,
301816,8,22.42,156.56,
301816,10,224.89,1881.82,
301816,3,19.67,49.63,
301816,8,334.53,2295.08,
301816,6,106.79,567.78,
301816,4,157.62,501.87,
301818,3,63.20,165.37,
301818,4,217.68,846.00,
301818,4,123.55,471.88,
301818,2,11.68,21.33,
301818,3,187.62,510.73,
301818,2,33.00,58.65,
301818,3,26.09,70.78,
301818,3,418.32,1207.34,
301818,4,61.67,230.90,
301819,3,133.06,284.38,
301819,3,489.60,1128.58,
301819,3,195.57,443.07,
301819,7,49.19,257.90,
301819,8,234.72,1400.30,
301822,4,84.62,308.42,
301822,3,66.00,174.96,
301822,7,88.90,513.23,
301822,1,58.99,56.64,
301822,4,250.80,842.21,
301822,4,55.45,188.66,
301822,3,75.44,193.10,
301824,1,247.20,212.06,
301824,3,491.13,1364.49,
301824,7,19.01,119.21,
301825,4,12.80,40.00,
301825,3,163.70,405.76,
301825,5,158.58,631.51,
301825,2,56.55,94.23,
301825,4,24.46,80.72,
301825,7,224.40,1176.92,
301825,2,190.78,301.49,
301825,4,17.66,60.45,
301826,4,17.89,49.93,
301826,3,32.97,73.41,
301826,4,89.76,263.31,
301826,4,432.60,1227.85,
301826,8,55.08,310.43,
301826,2,96.00,146.04,
301826,1,194.14,145.89,
301826,4,213.61,598.52,
301826,5,72.53,254.43,
301826,3,17.75,40.07,
301826,5,294.53,1046.95,
301827,5,508.47,1867.79,
301827,3,396.90,936.98,
301827,5,94.75,374.24,
301827,4,7.36,21.94,
301827,5,79.76,318.61,
301827,6,11.71,53.49,
301827,5,11.85,45.82,
301827,2,162.34,255.00,
301828,3,137.94,383.14,
301828,2,240.00,420.60,
301828,4,124.87,454.05,
301828,4,378.84,1367.49,
301829,1,25.54,18.28,
301829,2,180.93,270.82,
301829,1,13.66,10.71,
301829,6,71.67,291.25,
301829,6,73.32,336.96,
301829,4,25.78,75.64,
301829,4,142.73,375.65,
301829,3,89.66,206.95,
301829,5,22.61,92.56,
301829,3,134.90,308.81,
301830,6,146.53,859.86,
301830,7,165.38,1008.03,
301830,5,17.23,80.13,
301830,4,261.12,935.42,
301830,9,490.62,3869.30,
301830,1,137.10,132.14,
301830,5,81.40,360.25,
301831,4,17.14,63.68,
301831,5,7.40,32.66,
301831,6,85.02,465.38,
301831,5,165.79,750.37,
301831,5,551.82,2322.34,
301831,5,75.83,313.10,
301831,2,217.20,371.70,
301831,4,23.74,83.05,
301831,4,25.03,93.61,
301831,2,245.28,441.79,
301831,8,16.60,122.26,
301835,4,61.18,195.50,
301835,5,126.06,483.29,
301835,2,552.33,843.35,
301835,5,550.29,2073.86,
301835,4,44.82,135.57,
301835,6,31.45,141.60,
301835,3,34.12,78.14,
301835,4,118.93,342.28,
301835,1,16.65,12.36,
301835,4,127.20,381.09,
301835,7,30.99,167.18,
301835,3,247.44,566.36,
301835,8,125.67,829.81,
301835,5,171.78,673.40,
301835,2,126.97,183.98,
301836,3,75.52,181.15,
301836,4,558.45,1845.27,
301836,8,546.72,3667.74,
301836,9,13.63,102.17,
301836,4,46.85,146.60,
301836,5,241.68,967.59,
301838,1,42.03,37.56,
301838,5,135.83,620.49,
301838,6,23.66,132.30,
301838,5,117.88,521.87,
301838,3,8.24,23.20,
301838,5,219.35,1039.97,
301838,5,171.60,814.65,
301838,6,24.43,137.04,
301838,4,36.04,129.22,
301838,2,223.45,438.79,
301838,4,21.91,79.22,
301841,2,301.77,461.30,
301841,2,559.98,864.21,
301841,5,207.87,848.40,
301841,4,459.48,1415.91,
301841,7,153.52,753.49,
301841,6,480.42,1966.43,
301841,6,62.10,295.16,
301841,4,7.38,21.83,
301842,3,126.19,342.24,
301842,6,127.78,680.07,
301842,5,171.95,736.22,
301842,5,13.70,61.21,
301842,4,55.63,208.26,
301842,4,42.57,143.08,
301842,3,184.80,507.65,
301842,2,22.01,39.96,
301842,5,83.05,395.10,
301843,5,34.19,130.73,
301843,4,86.27,280.10,
301843,3,137.71,332.42,
301843,5,220.32,758.37,
301843,2,172.66,268.92,
301843,3,119.06,301.30,
301843,3,108.09,258.39,
301843,4,142.58,404.16,
301843,4,219.76,682.11,
301849,5,17.01,75.92,
301849,5,34.88,159.50,
301852,5,96.10,370.07,
301852,6,554.37,2484.73,
301852,2,118.35,207.80,
301852,3,316.89,838.95,
301852,4,44.24,140.98,
301852,3,316.58,739.91,
301852,8,144.14,917.67,
301852,4,12.35,41.69,
301853,5,168.08,690.38,
301853,5,99.84,447.85,
301853,9,61.98,470.15,
301853,3,124.08,327.99,
301853,1,309.02,294.37,
301860,9,126.32,992.03,
301860,3,145.62,383.44,
301860,2,11.85,20.24,
301860,4,160.69,548.69,
301860,5,143.94,678.16,
301862,3,13.26,34.01,
301862,1,126.02,99.85,
301862,4,480.93,1492.99,
301862,2,158.84,241.08,
301862,3,525.81,1358.32,
301862,5,390.60,1575.40,
301862,4,114.93,359.44,
301862,3,30.79,72.23,
301862,2,150.63,247.18,
301862,5,498.78,1997.11,
301862,2,451.50,686.24,
301865,3,227.28,523.21,
301865,3,7.54,17.35,
301865,7,35.31,191.14,
301865,5,299.25,1056.43,
301865,5,165.83,593.89,
301865,6,72.53,338.22,
301865,6,147.44,681.45,
301866,6,16.40,91.34,
301866,4,172.30,611.69,
301866,6,410.76,2225.52,
301866,6,41.40,214.30,
301866,4,22.94,85.22,
301866,4,427.98,1643.82,
301866,3,402.36,1096.49,
301866,6,25.30,131.75,
301866,2,45.59,81.99,
301866,3,184.45,514.65,
301867,6,140.05,747.85,
301867,6,48.65,250.27,
301867,3,17.98,48.75,
301871,6,521.22,2777.19,
301871,8,316.26,2123.29,
301871,5,120.78,518.65,
301871,8,87.55,619.71,
301871,4,12.16,44.88,
301873,5,13.71,56.20,
301873,2,161.04,255.03,
301873,6,102.62,499.52,
301873,6,123.82,587.51,
301873,7,134.51,782.66,
301873,6,165.07,817.69,
301875,4,160.06,489.01,
301875,4,346.19,1007.93,
301875,6,13.56,56.74,
301875,6,84.07,356.60,
301875,3,24.72,55.73,
301878,2,75.91,129.35,
301878,4,431.76,1407.23,
301878,1,128.57,111.79,
301878,3,76.54,189.89,
301878,2,237.12,384.86,
301878,5,102.82,413.58,
301878,1,181.46,148.60,
301878,1,410.76,343.26,
301879,5,153.98,683.54,
301879,5,162.62,661.56,
301879,8,131.60,877.73,
301879,3,13.11,34.59,
301879,6,19.21,102.19,
301879,5,315.32,1420.53,
301881,4,380.10,1168.74,
301881,3,22.85,54.41,
301881,5,122.89,540.02,
301881,6,102.24,486.48,
301881,7,12.73,72.68,
301881,3,60.39,134.19,
301882,3,223.25,531.18,
301882,4,247.68,799.61,
301882,7,35.87,207.62,
301882,7,230.64,1432.25,
301885,5,8.20,31.91,
301885,2,63.14,99.15,
301885,4,12.98,44.50,
301885,1,146.22,131.04,
301885,3,325.08,810.81,
301885,5,108.09,439.30,
301885,4,90.82,279.55,
301885,6,153.82,744.75,
301888,4,343.04,1037.80,
301888,6,133.98,627.80,
301888,5,86.78,324.27,
301888,5,61.67,273.03,
301888,2,34.09,61.06,
301890,4,123.02,439.93,
301890,1,12.83,11.97,
301890,6,125.93,614.63,
301890,5,164.21,687.29,
301890,2,8.04,14.57,
301890,5,301.14,1285.74,
301892,5,77.24,280.43,
301892,3,22.78,55.02,
301892,6,140.75,634.29,
301892,4,8.38,25.47,
301892,6,219.76,983.09,
301892,7,81.80,438.15,
301893,2,58.13,108.70,
301893,3,157.02,403.03,
301893,5,75.91,292.40,
301893,2,87.74,165.10,
301893,3,22.85,62.18,
301893,6,405.30,2027.01,
301893,8,208.28,1559.41,
301893,5,12.35,55.08,
301894,7,378.42,2135.97,
301894,5,497.25,2132.88,
301894,4,81.09,270.14,
301894,5,150.33,614.72,
301894,4,129.76,432.09,
301894,3,141.50,348.26,
301894,3,133.45,325.76,
301894,5,11.93,43.48,
301894,3,201.31,479.26,
301894,2,542.13,799.06,
301896,4,177.76,535.52,
301896,5,103.30,404.87,
301896,4,241.92,738.19,
301896,7,138.32,727.72,
301896,5,32.27,118.03,
301896,4,162.49,502.94,
301898,5,186.74,725.99,
301898,6,41.00,213.76,
301898,3,140.71,309.21,
301898,4,154.28,502.17,
301902,4,165.83,588.30,
301902,7,401.52,2467.72,
301902,3,216.48,570.59,
301902,4,101.18,365.14,
301902,6,21.77,111.82,
301902,3,85.49,208.06,
301902,5,74.73,325.29,
301902,3,142.73,371.63,
301903,6,45.50,203.67,
301903,4,61.00,186.63,
301903,5,122.50,489.36,
301903,6,86.69,467.65,
301903,3,159.30,386.48,
301904,4,58.74,215.54,
301904,3,42.53,114.11,
301904,3,224.16,600.66,
301904,2,121.44,238.26,
301904,4,25.82,92.22,
301904,3,125.40,341.43,
301904,2,91.39,170.16,
301904,3,186.03,524.93,
301904,7,142.73,910.40,
301904,3,125.00,328.32,
301904,5,129.62,576.55,
301904,6,88.99,493.94,
301904,3,237.84,670.50,
301906,2,303.98,498.19,
301906,7,162.03,912.11,
301906,4,508.47,1767.64,
301906,4,110.57,346.75,
301906,5,300.20,1228.00,
301906,4,80.07,243.31,
301906,5,407.82,1631.39,
301906,4,11.49,39.60,
301906,2,125.27,210.32,
301906,6,136.22,696.66,
301906,11,464.10,4176.85,
301906,3,120.38,289.04,
301906,6,106.79,503.67,
301908,5,82.74,356.18,
301908,1,303.66,276.31,
301908,2,293.58,548.96,
301908,6,11.58,63.51,
301908,3,137.10,382.73,
301908,6,121.18,668.08,
301909,2,150.94,279.53,
301909,4,118.83,422.61,
301909,6,92.16,451.25,
301910,1,11.94,10.83,
301910,7,117.41,739.48,
301910,3,332.96,866.77,
301910,1,85.80,79.84,
301910,4,334.53,1231.69,
301910,6,234.00,1348.80,
301911,5,237.60,934.31,
301911,3,97.15,258.30,
301911,2,122.89,204.13,
301911,4,13.25,44.03,
301911,4,113.87,364.37,
301911,5,7.70,31.59,
301911,3,329.49,839.43,
301911,3,162.98,394.80,
301912,6,166.29,756.57,
301912,8,11.60,74.29,
301912,5,73.40,282.41,
301912,2,224.27,371.07,
301912,3,104.83,251.86,
301912,5,31.81,120.51,
301912,2,121.42,197.42,
301912,2,118.24,186.23,
301913,6,107.73,576.58,
301913,4,381.78,1417.38,
301913,3,18.07,46.93,
301913,1,75.28,66.79,
301913,5,144.70,643.30,
301913,1,25.80,21.60,
301913,5,84.62,393.41,
301913,1,162.18,134.79,
301913,9,79.60,645.90,
301913,4,94.56,319.81,
301914,1,8.75,7.20,
301914,1,21.86,17.78,
301914,6,54.96,261.55,
301914,5,315.32,1328.40,
301914,6,22.03,105.57,
301914,4,139.13,452.57,
301915,7,46.76,288.95,
301915,4,187.17,685.25,
301915,5,12.50,56.20,
301915,9,7.85,68.14,
301917,8,241.68,1523.20,
301917,4,91.97,266.01,
301917,4,18.11,58.02,
301917,4,96.19,308.53,
301917,4,13.14,41.54,
301919,4,78.50,275.58,
301919,2,200.29,380.76,
301919,4,287.91,1000.55,
301919,4,26.35,89.13,
301919,3,77.95,218.24,
301919,4,150.63,540.82,
301919,2,173.54,279.37,
301919,4,380.94,1349.61,
301919,4,56.79,204.15,
301919,5,92.74,413.04,
301919,4,88.61,315.01,
301920,5,127.56,432.53,
301920,3,130.42,296.02,
301920,3,461.58,1055.66,
301920,4,146.53,428.13,
301920,5,189.90,739.90,
301920,3,11.49,26.66,
301920,2,17.62,25.39,
301920,6,102.24,453.61,
301920,6,120.65,568.98,
301922,1,558.45,452.72,
301922,4,77.79,252.31,
301922,6,24.17,112.05,
301922,4,484.50,1642.60,
301922,4,17.80,56.60,
301922,1,250.80,193.64,
301922,2,220.08,359.81,
301922,2,392.28,676.23,
301922,3,32.97,81.49,
301923,2,400.68,741.68,
301923,3,63.44,163.18,
301923,4,470.22,1579.23,
301928,4,127.44,479.48,
301928,4,12.98,45.15,
301928,5,18.41,79.22,
301928,4,125.91,496.64,
301928,4,139.66,515.57,
301929,4,219.76,772.91,
301929,1,99.07,86.13,
301929,8,329.49,2429.05,
301929,3,140.60,365.28,
301929,2,540.09,1036.87,
301929,7,305.87,1846.58,
301929,3,16.87,42.13,
301929,3,116.23,297.91,
301929,5,36.07,163.92,
301929,2,120.48,214.82,
301929,4,399.00,1307.66,
301929,2,22.87,39.67,
301929,3,24.19,60.41,
301929,1,86.98,78.36,
301929,1,96.58,80.32,
301931,2,309.96,586.27,
301931,2,504.90,892.91,
301931,3,223.92,617.72,
301931,4,79.60,292.12,
301933,5,179.87,816.70,
301933,5,444.36,1903.58,
301933,5,150.78,638.63,
301933,4,60.45,220.99,
301934,2,551.31,953.15,
301934,7,462.06,3008.20,
301934,5,92.74,416.47,
301934,4,124.61,425.96,
301934,3,11.71,30.84,
301937,6,114.11,515.26,
301937,3,142.69,327.73,
301937,6,157.17,744.16,
301937,7,175.65,886.43,
301937,5,555.90,2065.89,
301937,7,307.13,1691.55,
301937,5,16.33,63.61,
301938,5,8.37,38.17,
301938,2,45.68,84.08,
301938,4,8.23,28.18,
301938,5,44.87,195.32,
301938,1,12.45,10.61,
301938,3,164.01,458.82,
301938,8,35.18,244.09,
301938,4,519.69,1740.73,
301941,4,128.17,412.29,
301941,3,11.30,27.28,
301941,3,163.50,397.03,
301941,2,95.04,143.35,
301941,5,127.09,495.24,
301941,3,25.56,53.08,
301941,4,8.07,23.96,
301941,2,12.00,17.66,
301943,4,18.38,64.94,
301943,1,406.56,309.45,
301943,6,12.89,62.20,
301943,5,187.09,778.28,
301951,3,114.93,292.31,
301951,6,182.16,899.16,
301951,8,120.38,874.97,
301951,2,8.18,14.95,
301951,7,16.45,92.51,
301951,1,76.62,69.84,
301951,7,31.52,196.40,
301951,10,132.40,1136.28,
301951,3,183.57,489.69,
301951,3,81.72,199.37,
301955,7,181.63,1029.89,
301955,5,57.71,214.36,
301955,5,142.88,539.49,
301955,3,60.21,141.31,
301956,3,461.58,1266.09,
301956,5,221.76,1028.16,
301956,5,24.02,108.53,
301956,3,32.84,91.75,
301956,4,322.88,1144.22,
301956,3,145.01,371.31,
301956,6,501.84,2881.98,
301956,4,44.10,159.08,
301959,4,25.30,95.10,
301959,2,59.29,105.07,
301959,5,8.14,37.41,
301959,4,19.37,71.70,
301959,3,543.66,1354.58,
301961,6,104.64,517.11,
301961,1,466.14,389.95,
301961,3,169.31,389.63,
301961,3,143.75,344.83,
301961,3,536.52,1295.99,
301961,5,217.30,841.20,
301962,1,146.98,122.57,
301962,1,35.57,28.68,
301962,5,91.20,388.50,
301962,3,34.06,85.15,
301962,4,210.13,709.34,
301962,9,448.98,3153.36,
301963,5,143.75,537.72,
301963,5,87.84,339.68,
301963,7,76.77,390.34,
301963,3,206.44,461.45,
301963,1,7.90,6.33,
301964,4,149.42,440.91,
301964,3,205.21,460.49,
301964,3,164.92,358.52,
301964,4,81.09,238.46,
301964,3,128.96,266.49,
301964,4,120.83,376.27,
301965,5,13.26,48.54,
301965,3,197.01,454.85,
301965,2,304.61,452.20,
301965,3,30.36,74.47,
301965,4,107.97,346.27,
301966,5,22.39,88.44,
301966,2,30.00,51.63,
301966,2,55.63,85.62,
301966,4,23.95,76.53,
301966,2,61.00,91.17,
301966,5,26.11,111.61,
301966,5,199.26,674.87,
301966,5,502.35,2046.39,
301967,6,316.26,1755.10,
301967,5,151.85,743.19,
301967,4,507.45,1848.23,
301967,4,120.78,449.79,
301967,3,307.13,798.91,
301967,5,81.25,367.72,
301967,5,386.40,1754.25,
301967,3,7.75,19.84,
301967,2,409.50,749.29,
301967,6,11.66,57.91,
301967,4,160.16,583.99,
301967,5,523.26,2567.12,
301968,5,263.52,1084.89,
301968,2,222.63,363.76,
301968,5,535.50,2240.22,
301968,3,24.10,58.00,
301968,5,144.86,595.37,
301968,6,114.58,548.26,
301968,4,25.75,83.40,
301969,2,18.70,32.08,
301969,5,13.69,59.61,
301969,4,74.65,250.67,
301969,3,188.14,483.70,
301970,4,290.12,996.33,
301970,3,17.82,44.10,
301970,6,34.62,164.81,
301970,7,105.50,634.11,
301970,4,138.93,458.57,
301970,5,404.46,1585.53,
301970,5,106.67,470.22,
301970,6,88.61,426.62,
301970,6,8.76,47.07,
301970,6,219.56,1126.51,
301970,4,86.11,295.13,
301970,5,261.84,1088.66,
301970,3,215.05,520.79,
301970,5,87.84,361.28,
301970,3,59.23,153.21,
301975,1,18.59,16.67,
301975,8,46.40,356.42,
301975,3,26.16,73.62,
301975,3,13.68,37.35,
301976,4,448.14,1576.81,
301976,10,428.82,3566.18,
301976,3,337.37,864.19,
301976,5,132.92,573.24,
301976,3,22.06,59.70,
301976,6,11.59,60.20,
301976,4,8.74,28.63,
301977,5,63.93,305.60,
301977,3,231.36,624.17,
301977,6,34.82,179.36,
301977,3,208.69,539.01,
301977,3,18.68,48.86,
301977,4,145.07,511.49,
301977,7,65.09,390.03,
301978,3,105.31,312.25,
301978,5,202.13,863.87,
301978,2,205.41,372.02,
301978,6,12.21,65.93,
301978,4,24.34,87.85,
301978,4,42.62,152.72,
301982,3,7.78,18.70,
301982,4,8.58,28.33,
301982,5,11.28,45.46,
301982,6,107.38,479.38,
301982,6,65.21,314.74,
301982,6,61.92,295.23,
301982,2,58.01,96.16,
301985,4,24.84,90.69,
301985,5,30.03,140.07,
301985,6,423.36,2174.26,
301985,4,144.70,547.75,
301985,4,176.35,681.28,
301987,1,223.25,185.84,
301987,5,79.52,305.34,
301987,2,91.49,154.01,
301987,3,220.32,578.39,
301990,4,313.11,1063.58,
301990,3,11.63,27.57,
301990,5,415.80,1762.19,
301990,7,178.64,1026.33,
301990,1,85.72,78.66,
301990,2,16.58,24.91,
301990,2,93.12,155.34,
301990,1,8.66,6.55,
301990,5,220.38,880.53,
301990,4,217.92,786.61,
301990,3,238.08,598.66,
301990,6,40.91,186.15,
301990,3,234.96,611.07,
301990,2,117.88,196.66,
301990,1,221.40,186.11,
301991,5,25.54,119.17,
301991,3,168.61,428.68,
301991,3,202.13,566.39,
301991,2,126.59,225.20,
301991,7,448.14,2859.71,
301992,5,25.25,111.50,
301992,2,416.22,763.23,
301992,3,255.12,659.98,
301993,7,223.25,1355.86,
301993,4,243.60,920.68,
301993,2,237.60,450.32,
301993,3,17.68,47.43,
301993,2,489.09,916.95,
301993,5,193.60,885.10,
301993,2,32.44,60.71,
301993,6,138.17,749.68,
301993,4,164.56,607.53,
301993,2,34.58,63.02,
301993,3,8.37,22.46,
301993,4,340.83,1235.00,
301995,3,31.42,78.35,
301995,7,99.84,559.83,
301995,7,107.85,596.78,
301995,3,221.04,572.79,
301995,5,334.22,1404.57,
301995,2,49.14,79.60,
301995,10,120.01,1016.46,
301995,4,491.13,1537.80,
301995,4,400.26,1305.05,
301995,3,125.27,297.50,
301995,5,139.54,565.19,
301995,5,211.77,875.70,
301995,7,472.77,2714.00,
301995,4,236.40,762.03,
301995,4,234.24,791.72,
301998,6,224.48,1145.54,
301998,3,219.84,500.54,
301998,4,16.43,51.31,
301998,5,223.04,872.59,
301998,7,42.62,252.47,
301999,4,17.87,64.10,
301999,3,13.04,36.62,
301999,5,17.55,78.88,
301999,2,140.45,243.35,
301999,5,257.76,1131.34,
301999,1,57.46,52.27,
301999,4,198.03,698.75,
301999,4,167.05,622.16,
302000,5,11.40,48.41,
302000,4,454.86,1537.84,
302000,4,24.38,81.37,
302000,5,30.56,116.04,
302000,3,30.53,72.18,
302000,2,64.42,110.46,
302000,4,47.48,155.60,
302001,5,209.31,743.06,
302001,3,13.50,28.66,
302001,4,488.07,1543.41,
302001,9,188.19,1258.78,
302001,3,468.69,1042.91,
302001,2,160.51,255.71,
302001,5,300.83,1031.65,
302001,4,48.42,143.12,
302001,4,210.54,665.01,
302001,3,161.58,397.85,
302001,8,21.60,127.03,
302004,6,80.31,407.39,
302004,3,135.30,307.05,
302004,1,128.44,100.40,
302004,2,90.82,153.07,
302004,3,31.94,78.23,
302004,4,124.61,408.25,
302004,4,82.90,264.07,
302004,3,122.84,288.22,
302004,3,212.38,572.21,
302004,8,66.19,425.56,
302004,4,66.25,217.54,
302005,2,7.61,13.15,
302005,5,128.62,579.78,
302005,5,119.06,551.20,
302005,7,322.56,2094.10,
302005,1,178.46,161.03,
302005,3,128.30,367.73,
302005,2,340.20,615.73,
302005,4,48.24,179.78,
302006,3,7.51,20.51,
302006,2,120.52,208.22,
302006,5,155.19,660.71,
302006,4,300.83,1084.92,
302006,2,16.51,28.15,
302006,2,76.69,137.72,
302007,5,33.76,136.55,
302007,4,11.86,37.33,
302011,4,211.97,727.46,
302011,5,78.97,361.17,
302011,5,207.87,978.15,
302011,3,129.62,338.10,
302014,7,192.29,1195.23,
302014,7,119.86,716.49,
302014,2,33.03,55.21,
302014,3,30.99,90.44,
302014,5,504.90,2228.50,
302014,2,200.90,364.01,
302016,3,517.65,1500.51,
302016,3,236.40,649.49,
302016,6,63.26,332.19,
302016,4,7.91,30.89,
302016,3,57.65,158.17,
302016,8,58.13,430.43,
302017,4,309.33,1035.70,
302017,3,30.33,80.20,
302017,5,461.04,1937.04,
302017,6,410.76,2174.64,
302017,4,130.94,453.97,
302017,3,12.25,32.34,
302017,6,539.07,2895.97,
302017,6,13.38,74.61,
302017,4,235.68,869.48,
302017,6,7.43,41.33,
302017,2,100.13,167.90,
302017,3,32.60,84.69,
302017,2,390.18,703.92,
302017,3,12.34,30.80,
302018,6,332.96,1561.09,
302018,6,142.42,702.94,
302018,8,65.15,411.87,
302018,3,234.48,546.83,
302018,1,105.12,84.12,
302018,5,138.34,551.87,
302018,4,112.69,349.04,
302021,3,254.88,687.88,
302021,4,226.08,819.01,
302021,4,70.89,259.18,
302021,5,8.29,34.99,
302024,2,35.44,58.74,
302024,6,80.62,414.09,
302024,5,97.06,419.90,
302024,1,43.25,34.08,
302026,8,547.74,3055.73,
302026,7,79.36,428.77,
302026,6,129.36,555.19,
302026,4,438.48,1260.96,
302026,4,135.96,414.45,
302026,1,12.23,9.04,
302029,3,31.71,79.30,
302029,3,22.30,48.97,
302029,5,31.61,118.08,
302029,2,283.82,391.22,
302030,5,306.50,1162.61,
302030,2,61.55,100.28,
302030,6,519.18,2375.64,
302030,3,91.58,224.29,
302030,4,141.36,460.72,
302032,4,237.36,679.48,
302032,8,331.38,2003.00,
302032,4,145.20,454.91,
302032,4,129.68,396.22,
302032,5,201.72,768.60,
302034,4,22.80,79.20,
302034,3,253.20,676.96,
302035,4,41.54,148.81,
302035,6,12.04,69.68,
302035,5,415.38,1880.96,
302035,3,161.22,433.11,
302036,6,60.45,333.46,
302036,6,82.74,422.62,
302038,6,47.57,249.95,
302038,9,22.30,169.67,
302038,5,220.32,925.45,
302038,3,60.94,161.92,
302038,2,61.73,109.65,
302038,4,11.95,39.61,
302038,3,290.75,790.44,
302038,7,203.16,1248.86,
302038,6,383.46,1905.68,
302038,4,297.68,1001.29,
302038,2,142.27,234.95,
302038,2,140.30,229.22,
302038,8,31.91,204.72,
302042,4,33.00,117.65,
302042,2,196.19,313.30,
302042,6,75.36,366.96,
302042,3,16.99,43.10,
302042,7,31.09,178.50,
302042,3,193.07,485.67,
302044,2,138.02,198.77,
302044,2,395.22,616.19,
302044,3,42.21,91.47,
302044,4,135.43,372.32,
302044,5,8.62,32.94,
302044,4,188.60,613.35,
302044,5,40.91,149.46,
302044,5,61.06,225.16,
302044,3,17.24,38.49,
302046,4,21.70,69.66,
302046,2,405.30,677.74,
302046,3,46.44,118.26,
302046,3,173.01,421.27,
302046,2,141.66,249.35,
302046,2,19.58,32.96,
302046,5,30.59,129.50,
302046,5,33.03,133.28,
302046,8,174.06,1141.76,
302047,6,24.60,136.69,
302047,4,314.37,1108.22,
302047,3,100.51,286.39,
302047,5,31.15,135.32,
302047,7,43.65,271.06,
302047,4,7.66,27.95,
302048,5,35.84,155.75,
302048,3,16.47,40.09,
302048,4,189.20,612.65,
302048,6,32.93,166.40,
302048,3,140.45,371.44,
302048,5,165.98,703.04,
302048,4,11.50,38.30,
302048,1,13.58,10.90,
302048,6,288.54,1489.34,
302048,4,511.02,1686.51,
302048,3,258.96,644.16,
302048,3,170.37,425.02,
9302048,-3,16.47,-40.09,
9302048,-4,189.20,-612.65,
302049,5,499.80,2214.54,
302049,8,7.60,55.51,
302049,6,8.09,44.65,
302049,3,17.50,44.96,
302049,3,105.50,292.79,
302049,2,30.66,56.70,
302050,5,175.12,739.86,
302050,4,393.96,1287.89,
302050,4,19.48,71.53,
302050,3,17.51,45.90,
302050,5,98.50,454.86,
302050,3,103.20,272.21,
302052,1,8.42,7.24,
302052,2,31.15,55.51,
302052,9,102.34,793.03,
302053,8,179.87,1035.13,
302053,3,495.72,1018.86,
302053,2,34.72,50.05,
302053,4,19.15,54.69,
302053,2,18.00,25.91,
302053,2,29.70,41.72,
302054,4,179.70,699.55,
302054,3,159.10,441.31,
302054,4,11.95,45.75,
302054,3,13.14,36.58,
302054,1,55.88,49.72,
302054,3,136.75,362.54,
302054,4,120.78,426.58,
302054,7,114.81,696.99,
302054,2,478.38,915.08,
302054,2,66.61,125.88,
302054,5,120.78,566.17,
302054,1,124.21,107.00,
302055,3,158.58,445.12,
302055,9,7.78,63.83,
302055,4,189.38,678.06,
302055,3,19.30,51.46,
302055,5,402.36,1817.58,
302055,1,8.18,7.15,
302055,6,30.76,171.70,
302055,5,12.35,51.28,
302055,5,12.64,60.28,
302055,4,57.10,211.49,
302056,5,135.70,535.96,
302056,4,111.98,380.54,
302056,2,71.83,129.82,
302056,4,468.18,1570.23,
302056,4,22.39,79.56,
302056,2,425.88,805.33,
302056,5,62.40,264.66,
302056,3,80.93,223.58,
302057,5,499.80,2316.12,
302057,3,133.06,346.57,
302057,4,23.09,85.83,
302057,3,165.44,438.48,
302057,4,417.90,1490.94,
302057,2,79.36,136.92,
302058,2,145.16,262.67,
302058,6,11.63,57.98,
302058,6,290.43,1547.03,
302058,3,142.27,400.91,
302058,3,164.91,451.27,
302058,4,168.96,599.40,
302059,6,25.75,138.25,
302059,4,191.49,712.23,
302059,5,35.34,160.61,
302059,3,7.66,20.94,
302059,3,26.14,76.59,
302060,4,18.88,64.54,
302060,5,12.18,58.08,
302060,2,13.44,24.67,
302060,3,378.84,959.51,
302060,4,34.95,124.10,
302060,7,65.64,434.92,
302060,5,21.65,100.23,
302061,3,222.63,525.59,
302061,8,46.08,300.51,
302063,4,22.06,78.61,
302063,4,11.45,41.50,
302063,3,83.68,208.05,
9302063,-4,11.45,-41.5,
9302063,-3,83.68,-208.05,
302064,2,123.42,192.88,
302064,1,11.45,8.61,
302064,3,333.90,814.38,
302065,7,18.09,97.47,
302065,2,415.38,623.87,
302065,4,36.00,101.18,
302065,3,408.24,954.31,
302065,3,17.42,37.48,
302065,3,284.13,631.28,
302066,2,125.55,215.36,
302066,4,223.92,747.59,
302066,7,233.76,1403.44,
302066,1,211.77,172.45,
302066,4,76.93,269.79,
302066,3,30.86,77.00,
302066,4,342.72,1135.66,
302066,3,46.80,119.49,
302066,3,316.26,809.13,
302066,8,82.50,554.55,
302066,2,46.26,84.99,
302066,5,25.66,108.04,
302066,2,210.13,387.22,
302069,6,33.59,174.74,
302069,3,206.23,561.79,
302070,2,23.40,42.62,
302070,6,162.64,884.49,
302070,5,8.49,37.12,
302070,5,127.09,562.59,
302070,7,24.24,153.17,
302070,5,93.70,406.81,
302070,1,141.51,129.47,
302070,2,159.28,300.33,
302070,3,157.17,449.45,
302070,3,100.32,254.09,
302070,3,12.45,32.91,
302071,6,125.93,651.50,
302071,5,17.95,80.46,
302071,6,554.37,3000.06,
302071,4,22.56,76.99,
302071,7,59.23,358.99,
302071,4,25.70,95.63,
302071,4,35.28,129.68,
302074,4,89.76,305.54,
302074,2,191.68,341.40,
302074,5,194.14,912.68,
302074,5,12.28,55.86,
302075,2,112.45,192.12,
302075,4,462.06,1584.61,
302075,1,43.74,39.22,
302076,5,12.81,48.10,
302076,2,65.70,103.37,
302076,3,330.44,756.86,
302076,2,200.90,295.81,
302076,2,501.84,752.99,
302076,4,424.62,1278.11,
302076,3,34.58,76.40,
302076,4,34.78,112.44,
302076,5,527.85,2125.37,
302076,1,185.15,127.81,
302077,2,289.49,440.82,
302077,6,66.67,310.13,
302077,4,85.33,277.16,
302077,5,8.61,35.46,
302077,9,455.28,3167.03,
302077,4,46.40,157.53,
302077,4,42.53,141.49,
302077,5,122.13,594.04,
302077,2,242.40,389.72,
302077,5,561.00,2219.63,
302077,1,521.22,425.70,
302077,3,71.51,185.93,
302077,8,412.86,2779.77,
302078,4,526.32,1916.90,
302078,5,125.93,595.74,
302078,5,454.44,1988.68,
302081,4,41.00,137.13,
302081,4,35.11,130.43,
302081,5,86.69,387.99,
302081,5,504.39,2364.77,
302084,7,488.07,2824.03,
302084,5,64.23,280.47,
302084,7,13.38,82.64,
302084,2,129.49,228.74,
302084,3,66.80,180.55,
302085,5,443.94,1625.70,
302085,3,221.61,557.07,
302085,2,181.10,289.07,
302085,3,237.36,614.92,
302086,2,310.91,567.13,
302086,2,42.21,71.70,
302086,2,120.24,208.51,
302086,4,19.48,69.28,
302086,4,429.24,1445.23,
302086,3,321.93,880.95,
302086,6,331.70,1702.83,
302086,3,235.92,606.09,
302086,4,248.40,822.29,
302087,4,8.09,24.76,
302087,6,61.92,261.42,
302087,3,22.85,48.64,
302087,4,180.22,483.10,
302087,7,186.91,946.36,
302087,8,18.14,113.65,
302094,4,18.76,57.29,
302094,3,466.65,1150.93,
302094,5,8.18,33.64,
302094,2,186.91,330.57,
302094,5,98.98,411.77,
302095,4,36.07,106.77,
302095,5,12.04,46.45,
302095,5,521.22,1988.00,
302095,4,25.99,73.77,
302095,4,481.95,1460.08,
302095,9,136.95,932.57,
302095,3,122.60,292.64,
302102,7,46.62,271.59,
302102,2,25.90,41.82,
302102,2,121.66,201.51,
302102,3,104.64,238.08,
302102,5,114.34,494.19,
302102,3,242.16,568.11,
302102,3,138.20,352.64,
302102,3,190.78,482.67,
302103,6,166.59,782.48,
302103,7,113.28,592.25,
302103,4,35.87,108.79,
302103,4,243.12,634.14,
302103,4,24.22,75.91,
302103,2,237.36,370.41,
302103,3,43.43,93.25,
302104,1,545.19,493.95,
302104,8,13.23,98.73,
302104,3,55.08,152.03,
302104,3,412.86,1185.25,
302104,4,139.00,499.36,
302104,4,64.78,251.84,
302106,3,144.54,413.31,
302106,5,160.06,677.94,
302106,6,217.68,1208.27,
302106,4,231.36,806.30,
302106,3,527.85,1380.87,
302106,8,243.60,1717.46,
302106,2,17.75,31.52,
302106,3,203.16,544.02,
302106,6,144.01,746.77,
302107,7,21.74,122.88,
302107,3,105.22,242.15,
302107,3,147.90,314.20,
302107,3,141.06,316.89,
302107,4,165.53,532.72,
302108,3,186.14,443.33,
302108,2,31.48,50.25,
302108,4,18.22,59.05,
302108,7,345.24,1951.22,
302108,9,345.56,2461.55,
302108,3,60.51,148.55,
302108,4,121.84,374.27,
302108,3,231.12,526.17,
302108,6,541.62,2555.45,
302108,7,223.04,1330.09,
302108,4,140.90,399.74,
302109,4,66.31,252.19,
302109,5,409.08,1832.62,
302109,3,150.18,385.34,
302109,6,233.28,1297.65,
302109,3,228.24,622.15,
302109,6,184.91,973.91,
302110,3,49.41,116.05,
302110,6,35.54,174.70,
302110,4,41.13,126.23,
302110,2,287.91,490.63,
302110,4,12.48,42.88,
302110,6,192.91,1044.06,
302112,3,97.15,212.25,
302112,4,63.32,197.97,
302112,6,73.87,342.13,
302112,2,23.42,35.16,
302112,6,136.49,619.18,
302112,6,7.49,35.07,
302112,1,35.77,28.26,
302112,9,25.73,169.89,
302120,2,91.87,167.65,
302120,9,292.01,2426.53,
302120,3,22.18,62.57,
302120,3,495.21,1276.50,
302120,5,192.09,838.59,
302120,3,210.54,596.97,
302120,5,338.00,1521.25,
302120,3,73.79,204.40,
302121,5,16.65,74.16,
302121,3,41.13,106.60,
302121,6,185.86,1013.61,
302121,5,13.68,62.25,
302121,4,153.82,551.18,
302121,4,440.58,1540.74,
302121,2,139.79,252.80,
302121,4,96.29,318.17,
302125,2,120.24,194.60,
302125,4,124.37,445.28,
302125,4,478.89,1827.38,
302125,3,103.87,298.39,
302125,1,19.08,17.02,
302125,4,35.87,135.52,
302125,2,24.96,46.13,
302126,2,17.46,30.60,
302126,4,22.25,77.40,
302127,5,166.29,771.37,
302127,4,16.27,60.98,
302127,5,319.10,1482.30,
302127,7,56.97,358.88,
302128,5,164.62,739.08,
302128,3,11.99,29.33,
302128,3,48.20,125.58,
302128,4,40.59,140.51,
302128,3,73.16,186.56,
302128,8,7.74,55.21,
302128,5,198.85,824.49,
302128,4,90.72,327.51,
302129,5,25.13,119.73,
302129,3,513.06,1344.14,
302129,2,123.95,224.61,
302129,2,22.49,40.48,
302129,3,296.10,792.38,
302129,3,125.66,332.42,
302129,3,30.99,89.92,
302130,2,43.16,65.65,
302130,5,165.79,590.74,
302130,3,466.65,1035.27,
302130,6,17.93,78.00,
302130,3,11.43,27.17,
302130,4,17.39,53.15,
302130,8,12.39,75.60,
302130,3,97.15,218.91,
302130,3,505.41,1203.80,
302130,4,81.17,259.56,
302135,4,167.55,647.11,
302135,4,128.97,443.04,
302135,6,83.29,447.74,
302135,6,22.20,113.94,
302135,4,43.74,152.53,
302135,7,344.30,2086.24,
302135,4,62.46,236.37,
302135,10,100.61,914.43,
302135,5,17.41,77.13,
302138,6,288.23,1505.13,
302138,4,128.27,429.07,
302138,4,225.60,700.78,
302138,2,471.24,734.75,
302138,6,12.58,60.35,
302138,5,93.50,400.99,
302138,3,24.36,63.52,
302138,8,31.55,224.11,
302138,1,468.69,398.63,
302138,7,95.52,570.33,
302138,3,8.21,19.96,
302138,3,74.03,184.17,
302138,3,70.73,169.38,
302141,7,7.44,42.03,
302141,2,533.46,974.09,
302142,3,153.67,404.65,
302142,1,135.70,119.50,
302142,3,208.49,593.95,
302142,6,34.02,180.88,
302142,6,385.98,1963.82,
302142,3,330.75,921.09,
302142,2,24.24,43.89,
302142,3,259.20,625.71,
302144,6,475.83,2074.31,
302144,2,8.34,13.35,
302144,5,45.99,173.28,
302144,5,8.76,32.30,
302144,6,23.95,116.60,
302144,1,499.80,400.19,
302146,4,140.58,468.55,
302146,4,94.46,316.18,
302146,5,391.02,1711.29,
302147,2,140.30,225.52,
302147,7,73.24,419.94,
302147,7,92.54,549.98,
302147,5,25.39,110.54,
302147,3,388.92,936.53,
302147,2,13.24,21.24,
302147,2,385.98,653.37,
302148,7,412.44,2007.00,
302148,5,186.96,703.67,
302148,8,56.91,353.11,
302148,3,121.70,276.36,
302149,6,516.63,2868.54,
302149,4,7.85,28.62,
302149,3,250.32,633.65,
302149,3,171.60,446.36,
302149,2,42.84,73.81,
302149,3,23.81,58.52,
302149,4,12.68,45.93,
302149,2,13.71,26.06,
302150,12,8.54,85.99,
302150,3,43.47,101.50,
302150,6,88.13,454.52,
302150,5,470.22,2013.28,
302150,5,18.79,74.64,
302150,4,217.30,725.20,
302153,4,35.94,113.41,
302153,5,190.43,730.31,
302153,6,62.34,297.53,
302153,3,19.71,42.55,
302153,3,32.70,73.27,
302153,4,7.39,21.44,
302153,3,159.46,360.87,
302153,4,56.36,167.97,
302155,6,131.34,625.77,
302155,3,19.04,45.24,
302155,6,34.78,163.08,
302155,2,427.14,772.97,
302155,5,118.47,505.26,
302155,3,448.14,1166.82,
302155,1,85.80,72.20,
302156,2,126.32,200.32,
302156,7,80.70,457.61,
302156,3,11.35,28.09,
302156,3,293.27,662.14,
302156,5,472.26,1788.99,
302156,6,18.04,91.20,
302156,2,30.13,44.74,
302156,4,21.70,68.20,
302157,1,292.95,260.81,
302157,6,22.68,117.16,
302157,3,7.58,21.00,
302157,6,86.11,449.94,
302159,2,328.23,499.47,
302159,3,8.48,20.18,
302159,4,121.57,349.36,
302159,3,461.55,1052.76,
302159,2,219.12,367.56,
302161,2,74.42,125.86,
302161,5,43.61,178.74,
302161,1,8.52,7.16,
302161,3,11.43,28.05,
302161,1,62.28,55.60,
302163,9,499.80,3869.93,
302163,6,196.80,1100.06,
302163,5,97.63,445.05,
302163,2,13.46,23.19,
302163,6,25.78,148.26,
302163,1,383.04,340.97,
302163,2,417.48,753.28,
302164,2,120.12,186.47,
302164,5,162.03,648.06,
302164,6,121.70,557.89,
302164,3,188.60,496.71,
302164,3,24.58,56.94,
302164,2,71.12,111.85,
302164,5,127.09,490.52,
302164,4,19.44,61.57,
302164,1,138.02,109.77,
302164,2,435.54,705.34,
302164,6,33.59,149.08,
302164,4,23.26,72.52,
302165,1,71.67,55.21,
302165,6,76.54,312.90,
302165,9,8.06,54.89,
302165,3,33.56,78.75,
302165,4,77.09,212.47,
302165,4,136.95,440.88,
302165,5,98.30,348.15,
302165,5,160.06,567.50,
302165,6,45.45,174.74,
302167,6,55.82,286.70,
302167,7,111.27,723.18,
302167,3,18.38,47.84,
302167,5,42.35,186.29,
302167,4,103.87,391.03,
302167,4,302.09,1082.62,
302167,2,532.44,932.36,
302167,5,224.68,1057.86,
302167,4,447.72,1577.15,
302167,6,85.96,443.03,
302167,5,8.30,36.64,
302168,5,31.02,132.69,
302168,3,7.59,17.25,
302168,4,323.51,926.97,
302168,6,194.75,881.56,
302169,3,67.10,169.64,
302169,4,7.26,28.37,
302169,3,328.86,864.80,
302169,7,11.25,72.13,
302169,2,519.69,960.15,
302170,3,185.86,470.06,
302170,3,168.43,448.36,
302170,4,95.04,344.48,
302170,5,380.10,1593.11,
302170,7,283.82,1720.81,
302171,4,242.40,874.90,
302171,1,326.97,256.13,
302171,3,104.45,265.39,
302171,5,12.11,48.18,
302171,2,46.35,81.14,
302171,4,114.93,356.46,
302171,6,131.87,689.19,
302174,3,159.30,371.99,
302174,3,17.50,47.55,
302174,2,11.40,20.39,
302174,5,44.24,199.78,
302174,2,26.11,45.15,
302174,3,29.73,76.58,
302174,4,516.12,1678.16,
302174,3,103.68,272.00,
302174,5,118.71,487.64,
302174,2,99.65,176.22,
302174,4,82.03,273.44,
302174,4,170.54,542.23,
302174,1,500.82,440.53,
302174,8,406.56,2803.99,
302174,2,29.87,49.75,
302176,1,83.52,79.69,
302176,2,164.92,298.89,
302176,2,183.39,344.49,
302176,5,301.46,1389.27,
302176,2,306.50,545.86,
302176,3,226.08,601.40,
302179,4,12.24,43.47,
302179,1,24.72,20.21,
302179,4,220.08,791.02,
302179,7,170.37,1069.85,
302179,7,86.04,532.80,
302179,4,65.51,245.07,
302179,5,23.76,103.27,
302181,4,8.60,30.42,
302181,4,30.59,101.66,
302181,2,143.64,272.23,
302181,3,335.79,942.97,
302181,6,12.03,67.92,
302181,3,34.22,84.85,
302181,4,123.42,428.56,
302184,5,25.58,120.19,
302184,2,12.20,22.91,
302184,4,61.92,216.54,
302184,5,452.76,1967.85,
302184,4,17.60,66.46,
302184,4,175.30,643.38,
302185,4,137.86,467.33,
302185,4,34.12,122.23,
302185,4,30.00,98.47,
302185,3,165.53,426.80,
302185,12,57.89,606.17,
302185,1,130.28,105.57,
302185,4,13.31,46.16,
302185,3,7.95,20.23,
302185,2,23.14,42.83,
302185,3,152.46,413.91,
302185,5,477.36,1993.25,
302185,3,394.38,925.99,
302185,7,32.41,188.34,
302186,3,63.26,151.57,
302186,3,435.12,966.93,
302186,3,75.20,167.28,
302186,5,48.42,176.17,
302186,6,62.34,278.57,
302186,6,168.61,733.26,
302186,2,218.16,345.54,
302187,6,35.51,172.84,
302187,3,7.79,19.90,
302188,4,24.19,76.68,
302188,3,32.93,72.39,
302188,4,297.99,922.84,
302188,4,204.59,611.74,
302188,3,36.20,73.81,
302188,9,189.83,1317.36,
302188,3,340.52,715.18,
302189,4,74.58,227.45,
302189,6,61.61,297.72,
302191,2,139.13,229.93,
302191,7,223.86,1191.91,
302193,6,22.13,110.78,
302193,2,93.22,148.62,
302193,3,8.21,19.21,
302193,6,61.37,269.85,
302193,5,79.05,289.93,
302193,5,18.76,68.55,
302193,4,32.21,106.42,
302193,6,72.61,328.55,
302194,2,18.43,28.65,
302194,4,16.85,55.92,
302194,3,49.05,110.36,
302194,2,141.06,251.48,
302194,1,137.41,112.55,
302194,3,330.44,727.46,
302194,4,181.46,555.89,
302194,2,410.34,648.78,
302195,5,331.07,1541.08,
302195,4,311.22,1121.85,
302195,5,164.03,744.10,
302196,4,479.91,1595.55,
302196,7,62.53,373.02,
302196,4,456.96,1481.23,
302196,2,80.62,134.85,
302196,2,308.70,543.14,
302196,7,8.70,50.49,
302196,2,7.92,13.42,
302198,5,162.64,677.94,
302198,4,124.48,438.54,
302198,6,97.92,515.93,
302198,4,46.98,154.10,
302198,5,84.07,380.64,
302198,3,171.78,436.20,
302200,2,415.80,691.96,
302200,4,56.36,173.95,
302200,4,139.79,441.46,
302200,5,433.86,1592.52,
302200,3,342.72,715.88,
302200,8,11.34,67.45,
302200,2,47.88,67.98,
302200,2,43.61,67.22,
302200,3,153.37,364.67,
302202,4,171.07,606.57,
302202,3,25.61,65.57,
302202,1,155.65,132.95,
302202,2,71.67,126.95,
302202,3,554.37,1426.34,
302202,2,8.66,15.58,
302202,2,388.50,714.34,
302202,5,188.81,867.34,
302202,2,22.78,39.52,
302205,4,49.37,163.92,
302205,6,99.17,405.78,
302205,3,61.79,134.79,
302205,6,151.09,640.30,
302205,4,262.32,813.85,
302205,2,94.18,133.14,
302205,3,11.61,26.03,
302205,4,119.46,370.74,
302205,4,555.90,1605.58,
302206,2,45.86,70.54,
302206,4,34.49,110.13,
302206,2,12.09,20.20,
302206,5,44.91,190.35,
302206,3,60.94,159.19,
302206,2,82.58,136.81,
302206,8,159.46,1082.65,
302206,5,64.66,271.35,
302206,1,47.93,39.48,
302207,8,207.87,1393.91,
302207,6,169.31,838.56,
302207,5,391.44,1628.46,
302207,4,140.05,446.38,
302207,5,25.10,105.83,
302207,4,78.89,245.12,
302207,5,24.10,98.53,
302207,5,430.08,1837.53,
302207,3,96.86,236.96,
302207,5,121.07,481.95,
302207,1,30.00,22.91,
302207,4,48.15,158.13,
302207,3,46.67,113.57,
302207,4,12.00,38.82,
302207,9,380.10,2617.74,
302209,5,90.24,384.29,
302209,5,115.76,474.77,
302210,4,35.38,122.46,
302210,6,178.99,902.84,
302210,3,86.35,227.12,
302210,7,16.97,105.51,
302210,4,43.70,153.01,
302210,5,18.49,78.99,
302210,5,42.93,180.38,
302210,5,13.30,52.52,
302210,4,130.15,431.19,
302210,3,75.91,192.23,
302210,1,133.98,118.83,
302210,6,98.50,521.90,
302211,3,19.62,56.94,
302211,6,12.86,67.44,
302211,7,12.98,86.27,
302211,4,118.93,429.75,
302211,5,81.80,346.35,
302211,5,117.29,502.81,
302211,3,258.48,707.04,
302211,6,338.63,1826.91,
302211,5,261.84,1196.44,
302213,3,488.07,1274.26,
302213,5,19.10,76.31,
302213,4,506.94,1734.02,
302213,2,21.60,32.24,
302214,5,183.74,793.41,
302214,3,46.85,131.80,
302214,6,89.47,468.69,
302214,6,161.74,866.64,
302217,2,211.56,314.23,
302217,7,44.96,215.63,
302217,3,126.02,286.34,
302217,4,35.11,110.47,
302217,3,381.36,888.35,
302219,7,466.65,2593.91,
302219,4,22.22,72.99,
302220,2,45.00,78.45,
302220,4,96.96,343.15,
302220,4,170.19,585.62,
302220,3,93.70,239.95,
302220,2,164.74,299.58,
302220,7,196.60,1180.67,
302220,1,103.39,88.33,
302220,10,140.60,1224.77,
302220,7,204.18,1215.14,
302220,3,8.26,21.48,
302220,2,496.23,884.76,
302221,2,216.24,364.66,
302221,4,309.02,905.85,
302221,2,32.04,48.08,
302221,6,237.84,1107.48,
302222,3,98.78,260.32,
302222,3,43.07,115.49,
302222,2,428.40,848.61,
302222,1,56.73,48.15,
302222,4,25.01,89.25,
302222,6,26.21,136.34,
302222,3,23.50,61.14,
302222,3,160.21,443.56,
302222,8,46.08,334.85,
302222,4,7.46,27.00,
302223,3,441.84,989.04,
302223,3,130.55,305.03,
302223,5,8.42,31.99,
302223,2,43.47,68.50,
302223,6,11.64,55.64,
302223,3,31.15,68.04,
302223,2,544.68,776.08,
302223,4,165.09,529.77,
302223,6,35.01,159.73,
302223,5,214.43,826.47,
302223,4,76.77,228.54,
302223,4,13.59,42.37,
302223,7,79.21,395.79,
302225,6,329.18,1631.97,
302225,3,406.98,921.37,
302225,2,24.72,43.02,
302225,10,192.02,1617.65,
302225,6,291.38,1409.78,
302225,3,17.26,41.25,
302226,6,17.08,87.16,
302226,4,74.34,257.80,
302226,5,472.26,2113.50,
302226,3,417.90,1097.75,
302226,4,128.15,478.15,
302229,4,218.33,695.29,
302229,3,556.92,1307.67,
302229,3,317.84,822.89,
302231,2,503.88,823.57,
302231,8,42.17,262.78,
302231,3,288.54,640.02,
302231,4,190.24,550.27,
302231,1,12.26,8.95,
302231,4,11.93,36.40,
302232,2,32.57,60.30,
302232,8,99.36,708.41,
302232,5,126.73,550.69,
302232,4,78.34,292.14,
302232,9,19.78,160.44,
302232,3,18.07,51.25,
302232,3,100.61,253.70,
302233,5,71.91,325.17,
302233,4,168.61,589.62,
302233,3,150.63,417.33,
302233,4,192.37,652.21,
302233,3,202.54,534.92,
302233,5,7.35,34.69,
302234,5,521.73,2017.43,
302234,4,139.23,426.70,
302234,4,47.43,157.62,
302234,8,128.03,814.80,
302234,2,137.86,229.86,
302234,6,12.45,61.54,
302234,1,33.50,26.87,
302234,1,162.64,136.48,
302234,4,7.59,24.40,
302236,3,414.96,1038.72,
302236,3,435.96,1145.70,
302236,6,123.42,605.10,
302236,3,133.45,309.53,
302236,1,19.67,16.39,
302236,6,73.32,378.06,
302236,5,43.25,176.82,
302238,7,105.22,610.33,
302238,5,19.58,82.28,
302238,6,74.89,382.40,
302238,10,43.83,357.92,
302238,4,74.89,254.34,
302238,3,156.86,400.32,
302238,4,29.73,99.18,
302238,6,163.40,827.41,
302238,6,141.21,656.03,
302238,2,88.32,138.59,
302238,4,81.80,264.64,
302240,8,158.84,1027.81,
302240,4,23.04,77.38,
302240,5,157.02,618.06,
302240,1,49.32,41.48,
302240,1,302.09,250.88,
302240,4,184.98,623.20,
302240,2,154.28,262.57,
302242,4,81.72,293.23,
302242,2,16.92,29.67,
302242,2,396.06,649.60,
302242,2,221.04,403.27,
302242,3,228.72,598.41,
302242,3,182.51,460.24,
302242,4,176.00,582.12,
302246,1,164.03,144.13,
302246,4,457.80,1427.57,
302246,1,261.84,213.68,
302246,1,194.14,157.49,
302246,7,93.60,577.08,
302246,2,170.02,304.17,
302248,7,141.90,870.17,
302248,6,23.33,112.39,
302248,2,8.52,14.29,
302248,6,125.08,667.87,
302248,3,139.69,358.76,
302253,3,100.03,252.45,
302253,4,138.47,513.01,
302253,1,395.22,336.77,
302253,4,72.53,274.86,
302253,1,124.02,113.34,
302253,2,33.56,58.33,
302255,4,80.07,264.75,
302255,3,125.20,325.61,
302255,1,120.78,96.77,
302255,5,432.18,1867.89,
302255,3,8.42,22.50,
302255,5,165.09,726.59,
302255,4,24.41,79.63,
302257,3,122.37,333.51,
302257,3,75.44,201.37,
302257,7,16.29,110.93,
302257,4,205.00,747.86,
302257,3,8.51,23.48,
302257,4,131.87,453.30,
302260,4,11.78,43.81,
302260,4,8.30,30.08,
302260,4,137.56,522.76,
302260,4,88.61,323.10,
302260,5,162.98,747.52,
302260,3,122.25,322.03,
302261,3,387.66,955.63,
302261,5,42.03,164.97,
302261,3,173.01,434.13,
302261,5,43.56,184.12,
302261,7,93.41,548.59,
302261,2,21.84,36.98,
302261,9,12.95,89.07,
302261,5,524.79,2160.36,
302261,2,23.69,41.62,
302261,1,13.06,10.31,
302261,3,89.38,206.44,
302261,2,33.43,54.96,
302261,2,123.82,213.62,
302261,2,88.22,144.32,
302261,5,397.74,1774.61,
302262,4,24.65,87.84,
302262,5,97.73,465.52,
302262,3,101.38,284.61,
302262,6,161.04,793.92,
302262,2,46.31,81.37,
302262,3,200.49,519.33,
302262,4,11.58,40.22,
302262,2,74.65,132.99,
302265,6,306.18,1594.95,
302265,6,206.23,1002.83,
302265,3,75.67,180.60,
302265,6,304.92,1425.34,
302265,10,115.76,912.48,
302265,4,465.63,1491.17,
302265,3,134.90,334.21,
302265,3,8.06,18.97,
302265,2,509.49,761.19,
302265,3,429.24,958.37,
302268,4,515.10,1850.73,
302268,7,7.46,44.97,
302268,5,406.14,1831.82,
302268,4,7.43,25.72,
302268,5,246.00,1060.01,
302268,2,225.84,393.28,
302268,8,78.97,545.73,
302268,5,77.48,336.75,
302268,3,139.66,365.40,
302268,2,206.03,375.57,
302268,2,47.30,80.54,
302268,4,63.93,229.96,
302268,5,120.36,501.81,
302268,4,118.94,440.18,
302271,4,330.44,1212.48,
302271,3,328.23,886.89,
302271,3,188.67,519.47,
302271,4,83.21,309.52,
302271,2,175.30,325.05,
302271,4,58.87,207.14,
302271,4,296.10,1063.08,
302271,5,137.02,618.71,
302271,5,8.25,36.56,
302272,2,220.38,391.98,
302272,6,179.87,936.09,
302272,8,46.40,339.38,
302272,2,25.06,46.10,
302272,6,135.43,739.14,
302272,5,412.02,1804.84,
302272,6,183.04,959.77,
302272,4,225.30,819.99,
302272,1,42.57,40.35,
302273,5,156.56,681.62,
302273,4,84.23,294.78,
302273,5,77.24,320.56,
302273,5,482.46,1980.35,
302273,1,17.57,16.05,
302273,5,470.73,1994.19,
302273,5,547.74,2459.18,
302276,2,225.12,392.96,
302276,2,22.39,40.10,
302276,5,94.85,436.55,
302276,5,547.23,2298.93,
302276,5,47.30,214.82,
302276,5,85.33,387.73,
302276,3,11.61,30.34,
302278,3,238.08,528.52,
302278,3,257.28,606.69,
302278,4,150.02,477.93,
302278,4,48.92,158.34,
302278,3,89.86,197.32,
302278,7,148.81,821.72,
302278,4,142.30,426.36,
302281,5,62.34,268.94,
302281,5,286.34,1319.21,
302281,5,140.90,643.96,
302281,3,8.30,21.71,
302281,7,222.24,1387.48,
302285,4,131.34,475.20,
302285,3,297.05,783.26,
302285,4,7.91,28.89,
302286,5,144.80,564.49,
302286,4,60.51,209.48,
302286,3,537.54,1358.69,
302286,3,16.29,41.33,
302286,4,207.46,653.27,
302286,4,43.38,156.38,
302286,2,124.87,209.37,
302288,6,175.82,810.21,
302288,5,121.31,423.37,
302288,7,181.46,937.07,
302294,2,98.02,168.45,
302294,3,258.00,724.57,
302294,3,128.27,320.11,
302294,6,104.16,540.95,
302294,5,12.96,62.36,
302295,4,30.99,101.85,
302295,4,25.63,95.47,
302295,5,58.13,267.54,
302295,6,198.03,1010.17,
302295,3,460.32,1293.43,
302295,6,160.66,908.28,
302295,4,116.82,414.65,
302295,2,113.16,196.12,
302295,4,111.51,389.59,
302297,3,159.10,423.95,
302297,2,8.39,15.19,
302297,2,180.93,328.86,
302297,4,60.63,226.82,
302297,8,480.42,3478.34,
302297,2,241.92,437.49,
302301,1,33.23,28.84,
302301,2,98.59,158.82,
302301,2,288.54,500.83,
302301,9,174.06,1259.19,
302301,4,424.62,1484.94,
302301,3,30.86,72.01,
302301,3,46.94,111.37,
302305,3,64.48,163.34,
302305,3,156.86,413.01,
302305,1,81.17,69.86,
302305,6,133.32,735.62,
302306,4,192.54,686.79,
302306,7,210.33,1160.95,
302306,2,30.20,47.47,
302306,5,58.74,258.37,
302306,9,102.72,781.85,
302306,2,34.82,56.30,
302306,4,65.70,226.22,
302309,2,145.16,258.82,
302309,3,122.72,334.22,
302309,4,75.20,270.25,
302309,4,197.42,724.70,
302309,8,66.86,509.75,
302309,6,65.70,364.17,
302309,1,138.86,123.85,
302309,4,47.07,168.96,
302310,1,11.78,9.60,
302310,6,489.60,2258.87,
302310,6,116.35,527.01,
302310,5,512.04,1898.64,
302310,4,456.12,1260.66,
302310,7,33.73,180.12,
302310,3,121.30,272.96,
302310,4,13.29,41.58,
302310,2,89.86,127.54,
302310,8,289.80,1729.86,
302313,2,403.62,679.87,
302313,6,18.85,90.97,
302313,6,42.21,201.47,
302313,3,410.76,1037.99,
302314,6,191.68,861.87,
302314,6,216.96,1036.45,
302314,5,35.87,147.33,
302314,3,344.30,865.27,
302315,4,46.58,160.36,
302315,3,23.98,59.29,
302315,4,45.18,140.87,
302315,4,222.72,722.18,
302315,2,172.13,286.03,
302315,3,18.99,44.78,
302315,5,222.72,881.68,
302315,5,71.67,276.38,
302315,3,155.04,383.45,
302315,3,56.24,133.70,
302315,3,99.26,242.40,
302315,3,464.61,1102.00,
302315,5,216.89,880.20,
302317,2,13.15,21.28,
302317,3,227.28,561.38,
302317,4,95.23,313.99,
302317,6,152.91,738.08,
302317,4,91.39,294.61,
302317,2,64.84,108.26,
302317,4,21.67,71.20,
302320,6,391.02,1869.52,
302320,4,22.97,69.28,
302320,4,12.55,39.61,
302320,2,151.70,231.79,
302327,8,201.93,1210.95,
302327,2,129.45,204.07,
302327,2,446.88,755.09,
302328,6,130.55,741.87,
302328,5,558.45,2578.30,
302328,4,97.63,361.77,
302328,5,141.90,630.51,
302328,8,111.51,773.04,
302328,2,16.29,28.47,
302328,2,138.32,238.82,
302328,1,32.34,28.62,
302328,6,64.11,332.55,
302330,5,207.46,804.21,
302330,4,106.91,333.60,
302330,4,224.40,666.07,
302330,1,111.98,83.03,
302330,5,12.70,48.99,
302330,2,192.02,286.87,
302330,3,78.58,176.34,
302330,4,149.87,489.28,
302330,6,137.54,644.02,
302332,5,7.49,29.36,
302332,5,149.42,585.45,
302333,3,24.24,54.85,
302333,4,109.15,329.60,
302333,2,141.97,208.16,
302333,5,301.46,1133.57,
302333,5,81.80,315.50,
302333,1,239.28,185.18,
302333,2,7.23,10.17,
302333,4,23.50,71.31,
302333,2,171.95,274.18,
302333,3,248.40,588.40,
302333,2,18.25,27.20,
302333,3,338.31,772.18,
302333,2,108.56,155.28,
302333,5,176.88,676.93,
302338,6,137.28,726.20,
302338,4,97.73,362.18,
302338,2,21.96,38.91,
302338,4,232.56,821.43,
302339,4,111.63,410.53,
302339,5,193.11,873.02,
302339,2,304.29,512.33,
302339,5,197.01,837.18,
302339,6,65.88,377.99,
302339,5,56.06,236.82,
302339,6,61.67,332.62,
302339,4,34.45,122.04,
302339,4,466.14,1674.27,
302339,3,59.29,165.67,
302339,5,237.60,1057.11,
302339,3,24.48,66.32,
302339,4,77.01,285.36,
302339,8,7.22,49.73,
302339,6,8.59,45.58,
302340,7,60.88,319.48,
302340,6,218.74,1041.09,
302340,4,190.04,575.22,
302340,3,30.62,70.21,
302340,3,33.30,71.18,
302342,5,379.26,1777.15,
302342,4,537.03,1812.45,
302342,3,86.98,228.04,
302342,1,199.06,168.20,
302342,6,235.92,1178.91,
302342,7,8.60,52.19,
302342,3,224.89,624.45,
302342,6,387.24,1934.53,
302342,4,16.33,58.63,
302342,3,84.47,223.30,
302342,6,455.28,2411.35,
302343,5,18.74,82.89,
302343,7,8.68,47.67,
302343,5,388.92,1567.73,
302343,10,7.83,63.79,
302343,9,457.80,3412.35,
302343,5,7.97,31.11,
302343,4,19.60,64.29,
302343,3,238.56,607.69,
302343,6,8.56,42.00,
302343,5,151.70,647.52,
302343,4,468.18,1455.09,
302343,8,201.52,1261.19,
302346,4,395.22,1330.01,
302346,6,65.70,338.74,
302346,3,191.47,527.84,
302346,2,315.95,588.95,
9302346,-6,65.70,-338.74,
302347,3,228.72,602.81,
302347,7,54.96,325.77,
302347,3,185.50,512.53,
302348,6,139.23,667.04,
302348,4,56.61,194.32,
302348,3,185.73,472.24,
302348,4,187.78,603.47,
302348,1,142.88,111.97,
302348,3,48.96,112.96,
302348,3,45.95,109.56,
302348,6,223.92,1027.48,
302348,3,394.38,903.18,
302348,3,190.78,479.52,
302349,4,99.36,332.83,
302349,3,64.17,152.37,
302349,3,177.94,472.87,
302349,4,7.29,22.80,
302349,4,174.94,592.59,
302349,6,179.87,880.49,
302349,3,19.48,49.75,
302349,2,12.85,24.92,
302349,4,47.79,150.31,
302349,2,98.50,163.21,
302350,3,119.53,307.02,
302350,5,478.38,1991.49,
302350,3,34.45,82.10,
302350,6,7.24,36.45,
302350,4,462.57,1613.54,
302350,2,7.24,12.58,
302350,3,22.01,58.59,
302352,3,16.49,43.35,
302352,3,40.82,100.85,
302352,3,250.80,649.90,
302352,4,93.22,336.22,
302352,4,203.57,733.15,
302352,4,48.29,175.44,
302352,4,94.08,331.99,
302356,3,431.76,1105.33,
302356,5,11.49,49.48,
302356,3,48.06,130.83,
302356,2,127.12,213.90,
302356,3,158.38,461.12,
302356,9,448.14,3760.68,
302356,3,192.72,535.16,
302356,7,178.64,1079.80,
302356,4,181.98,633.82,
302358,6,309.96,1735.91,
302358,3,141.51,371.81,
302358,5,11.80,51.83,
302358,4,129.10,465.42,
302359,4,31.42,104.45,
302359,2,82.58,137.00,
302359,5,132.40,546.75,
302360,4,36.27,108.90,
302360,2,8.20,13.02,
302360,3,123.19,297.55,
302360,3,182.34,424.60,
302360,2,19.37,31.12,
302360,6,32.08,161.99,
302360,8,23.98,154.02,
302361,4,61.43,183.34,
302361,6,328.55,1538.33,
302361,3,76.22,166.30,
302361,6,333.27,1466.61,
302361,4,490.11,1562.94,
302361,5,44.82,173.73,
302361,2,140.45,231.67,
302361,3,158.38,362.99,
302361,3,158.58,363.66,
302361,3,402.78,934.97,
302361,3,152.15,323.57,
302361,8,178.11,1048.87,
302363,4,134.90,503.54,
302363,6,66.49,361.84,
302363,2,318.78,576.32,
302363,5,204.18,983.02,
302363,2,7.32,13.88,
302363,4,380.52,1464.15,
302363,6,57.65,300.52,
302363,7,163.25,1022.27,
302363,1,202.34,200.21,
302363,9,18.85,161.37,
302364,5,12.99,59.09,
302364,3,123.68,328.05,
302364,3,532.95,1423.87,
302364,4,62.04,201.38,
302364,2,424.20,754.53,
302364,6,64.29,364.78,
302364,4,124.14,471.28,
302364,2,16.70,29.28,
302364,4,81.40,295.40,
302364,7,87.55,537.70,
302365,1,303.98,218.48,
302365,4,32.87,95.36,
302365,3,233.76,494.08,
302365,3,431.34,935.51,
302366,3,156.71,419.81,
302366,2,61.37,110.46,
302366,2,18.65,33.89,
302366,3,59.35,153.47,
302366,6,31.75,179.15,
302366,4,75.99,270.75,
302367,5,119.46,553.00,
302367,6,520.20,2921.01,
302367,4,89.86,345.08,
302367,2,46.53,88.45,
302367,3,134.51,353.44,
302367,7,23.54,142.14,
302369,4,536.52,1836.53,
302369,6,121.70,598.10,
302369,5,25.75,112.56,
302369,6,7.98,39.12,
302369,4,12.24,41.98,
302371,2,228.72,382.51,
302371,5,508.98,2047.48,
302371,2,319.41,553.85,
302371,5,35.97,139.16,
302371,3,40.68,99.67,
302371,5,67.10,278.95,
302373,2,12.35,22.05,
302373,5,89.76,438.98,
302373,3,120.24,303.75,
302373,2,138.34,250.94,
302373,2,23.74,43.36,
302373,1,191.27,170.74,
302373,3,16.25,41.30,
302375,7,81.88,529.05,
302375,4,190.26,644.88,
302375,2,212.79,380.59,
302375,5,139.66,587.11,
302379,4,19.48,67.59,
302379,2,146.38,272.74,
302379,7,242.88,1606.37,
302379,7,30.00,185.39,
302379,8,440.16,3056.17,
302379,4,11.59,41.76,
302379,5,316.89,1546.31,
302379,1,30.86,28.65,
302382,6,18.32,90.04,
302382,4,40.68,136.07,
302382,5,43.92,164.03,
302382,4,122.84,381.30,
302382,4,202.13,623.37,
302382,8,401.52,2715.36,
302382,1,89.86,73.05,
302382,4,7.23,21.48,
302382,5,189.55,810.75,
302382,8,11.44,75.35,
302382,5,147.74,541.44,
302382,5,88.61,355.75,
302382,3,480.42,1281.85,
302383,4,435.12,1413.75,
302383,4,441.00,1515.15,
302384,1,225.60,189.23,
302384,5,16.79,70.18,
302384,4,182.86,642.72,
302384,2,13.00,23.69,
302384,3,111.27,266.81,
302384,3,467.67,1159.98,
302384,4,337.68,1179.10,
302385,3,451.08,1084.47,
302385,4,23.76,82.16,
302385,2,31.98,57.42,
302385,4,197.01,717.08,
302385,5,121.07,513.38,
302385,6,393.12,2104.85,
302385,4,487.05,1749.14,
302385,7,221.20,1328.31,
302386,6,104.35,520.43,
302386,6,81.95,429.65,
302386,4,19.44,66.26,
302386,8,191.31,1379.11,
302386,3,18.04,43.84,
302386,5,336.42,1298.32,
302386,2,191.84,327.76,
302386,4,317.84,1088.05,
302386,2,213.61,354.19,
302386,2,75.05,132.44,
302386,4,22.20,71.11,
302386,4,158.84,563.86,
302388,3,165.97,370.72,
302388,5,104.64,447.39,
302388,3,338.63,725.15,
302388,3,159.98,330.86,
302389,3,32.57,89.50,
302389,11,296.42,2975.19,
302389,3,24.10,62.92,
302389,5,93.60,429.25,
302389,8,512.04,3812.72,
302389,4,17.41,58.80,
302389,1,107.62,93.71,
302389,5,82.19,352.81,
302389,2,59.90,103.10,
302389,1,223.92,202.99,
302389,2,41.45,73.25,
302389,6,16.90,93.00,
302390,5,210.74,765.43,
302390,3,559.98,1323.34,
302390,3,123.42,298.81,
302390,1,11.60,9.43,
302391,4,188.81,602.33,
302391,5,217.71,903.06,
302391,6,200.29,986.39,
302391,2,35.15,59.58,
302391,7,407.82,2314.94,
302391,6,132.92,621.17,
302391,5,327.29,1297.70,
302391,3,446.46,1165.83,
302391,3,84.15,205.79,
302391,2,111.39,196.89,
302392,2,79.44,115.24,
302392,5,84.54,329.30,
302392,5,74.03,283.34,
302392,2,115.17,172.34,
302392,10,150.48,1066.64,
302395,5,18.67,87.07,
302395,4,25.51,88.11,
302396,3,21.96,60.69,
302396,3,143.94,370.54,
302396,2,209.92,372.88,
302396,2,98.21,183.91,
302396,5,256.08,1213.28,
302396,6,66.00,355.46,
302399,5,59.60,248.54,
302399,4,77.17,259.72,
302399,2,529.89,876.19,
302399,2,192.37,333.03,
302399,6,388.08,1947.87,
302405,4,34.22,114.97,
302405,2,220.56,397.39,
302405,2,58.13,107.63,
302405,4,508.47,1874.79,
302405,4,444.36,1498.42,
302405,5,44.33,204.17,
302405,3,127.68,361.13,
302405,6,122.13,651.21,
302405,2,394.38,741.56,
302405,6,106.79,557.25,
302405,7,427.14,2620.54,
302405,5,245.28,1012.91,
302405,4,19.12,67.62,
302411,6,208.49,888.06,
302411,3,44.10,107.23,
302411,3,124.96,288.11,
302411,4,306.50,944.19,
302411,2,17.66,23.69,
302411,3,478.89,1078.45,
302413,5,160.51,662.39,
302413,4,136.09,440.68,
302413,5,56.91,220.14,
302413,6,238.80,1128.02,
302417,6,90.43,423.93,
302417,4,63.14,188.88,
302419,2,521.73,960.56,
302419,3,499.29,1367.64,
302419,2,170.02,302.27,
302419,5,77.01,344.46,
302419,3,7.94,22.20,
302419,4,30.46,112.58,
302419,4,306.18,1079.82,
302419,4,45.81,162.63,
302419,4,57.28,210.33,
302419,7,12.89,80.40,
302419,3,451.50,1311.34,
302419,1,139.23,126.17,
302419,3,517.14,1521.21,
302421,2,162.10,284.83,
302421,3,31.45,77.46,
302421,4,233.04,786.52,
302421,3,186.91,456.72,
302421,5,18.59,83.26,
302421,3,109.98,269.60,
302425,10,33.33,251.86,
302425,8,95.81,576.91,
302425,4,187.58,564.99,
302425,3,249.12,603.60,
302425,5,208.28,771.03,
302426,2,7.38,13.10,
302426,5,144.86,635.44,
302426,7,30.95,198.60,
302426,5,122.96,524.52,
302426,6,303.98,1607.72,
302426,3,121.19,305.17,
302428,5,211.36,919.59,
302428,3,74.42,201.19,
302428,3,34.68,92.83,
302428,1,127.91,108.26,
302428,6,7.98,40.60,
302428,3,514.59,1311.95,
302428,5,186.91,852.65,
302429,4,66.92,235.25,
302429,4,547.23,1844.12,
302429,2,13.51,23.11,
302429,8,131.87,949.52,
302429,3,24.41,66.10,
302430,4,228.24,673.15,
302430,9,11.69,80.19,
302430,2,326.97,510.70,
302430,5,193.73,708.54,
302430,5,330.75,1101.05,
302430,6,159.14,669.36,
302430,4,30.49,89.68,
302430,5,34.95,128.70,
302431,4,18.38,62.36,
302431,5,181.28,764.99,
302431,6,219.12,1221.42,
302431,3,13.11,34.75,
302431,3,255.12,670.26,
302431,1,229.44,187.08,
302431,6,543.66,2762.20,
302432,2,396.06,599.83,
302432,3,74.03,161.94,
302432,5,16.31,64.37,
302432,1,91.01,76.41,
302432,6,258.48,1337.31,
302432,1,99.74,82.08,
302434,1,25.10,21.63,
302434,3,80.62,226.49,
302434,6,165.62,964.01,
302434,6,185.94,976.46,
302434,5,85.09,388.16,
302434,5,252.96,1195.24,
302434,2,24.82,42.41,
302434,8,188.60,1330.35,
302434,3,416.22,1153.65,
302435,2,11.86,18.85,
302435,11,44.10,436.99,
302435,3,127.91,353.80,
302435,5,56.24,245.04,
302435,4,24.50,83.90,
302436,5,13.05,54.36,
302436,4,16.58,52.84,
302436,4,180.58,617.78,
302436,5,128.27,494.84,
302436,2,216.28,378.65,
302436,5,7.64,32.62,
302436,4,143.35,439.81,
302436,4,87.36,283.63,
302436,2,321.30,502.57,
302439,6,342.72,1886.01,
302439,4,107.26,391.84,
302439,2,432.18,762.10,
302439,5,8.49,42.45,
302439,6,63.44,369.35,
302440,3,124.14,261.74,
302440,4,430.08,1396.61,
302440,3,149.11,348.67,
302440,5,13.40,49.56,
302440,5,129.62,487.55,
302440,11,122.84,1020.28,
302440,8,126.72,712.78,
302440,4,537.54,1524.01,
302440,4,220.08,654.51,
302440,3,326.03,713.01,
302440,1,77.32,60.10,
302440,8,34.19,201.70,
302440,4,183.74,570.75,
302440,6,46.89,204.87,
302442,4,202.75,712.01,
302442,3,461.04,1287.65,
302442,7,378.42,2369.07,
302443,6,145.07,727.01,
302443,2,40.68,66.86,
302443,5,41.31,168.31,
302443,7,502.35,3111.66,
302443,3,462.57,1191.23,
302443,2,301.77,496.79,
302443,2,122.25,215.34,
302445,5,96.00,338.47,
302445,4,78.19,260.31,
302445,2,207.67,324.44,
302450,4,417.06,1315.61,
302450,7,98.69,576.20,
302450,6,77.40,366.70,
302450,4,18.16,57.40,
302450,9,11.40,82.88,
302450,4,206.64,679.14,
302450,5,121.30,486.59,
302450,3,122.76,303.00,
302451,4,8.65,27.92,
302451,3,433.86,1102.49,
302451,5,213.61,817.38,
302451,3,297.36,638.82,
302451,3,23.93,52.95,
302451,5,190.86,762.27,
302451,4,81.72,258.63,
302451,2,78.11,117.33,
302451,5,165.09,636.21,
302451,3,33.36,75.93,
302451,2,43.11,66.81,
302452,4,121.18,315.26,
302452,7,320.99,1616.48,
302452,1,464.61,335.20,
302452,5,473.79,1726.43,
302452,8,142.58,781.38,
302452,4,47.97,148.09,
302452,3,460.32,909.25,
302452,4,192.09,491.75,
302454,2,7.54,12.21,
302454,7,252.48,1442.11,
302454,3,150.33,364.35,
302454,4,47.48,151.16,
302454,6,13.51,66.99,
302454,4,8.40,28.55,
302454,5,284.76,1134.40,
302454,5,122.10,496.13,
302454,5,433.86,1743.02,
302454,2,333.90,528.84,
302454,3,32.21,80.42,
302455,2,60.88,95.83,
302455,4,16.97,58.61,
302455,5,17.10,77.65,
302455,8,135.96,974.38,
302455,4,530.91,1823.58,
302455,11,430.08,4321.56,
302456,5,44.15,180.12,
302456,3,333.59,841.25,
302456,6,42.89,204.05,
302458,6,473.28,2572.93,
302458,6,496.23,2679.56,
302458,1,59.35,50.12,
302458,3,461.58,1250.51,
302458,1,19.15,16.96,
302458,8,148.35,1068.67,
302458,2,197.83,351.79,
302458,4,16.42,60.45,
302460,8,259.68,1731.35,
302460,3,95.42,257.32,
302460,2,187.79,326.14,
302461,4,120.60,367.94,
302461,3,7.20,17.43,
302461,5,318.15,1173.69,
302461,2,403.62,660.84,
302461,5,16.63,67.35,
302461,7,139.66,729.03,
302461,3,136.22,298.99,
302461,8,13.55,81.86,
302461,3,22.37,51.58,
302461,4,8.04,22.69,
302463,6,233.28,1126.21,
302463,1,230.88,202.68,
302463,5,117.17,478.44,
302464,3,192.29,532.82,
302464,6,34.52,205.88,
302464,2,31.78,61.66,
302464,5,86.40,422.08,
302464,5,166.67,771.31,
302464,3,17.41,48.39,
302464,3,48.06,126.55,
302464,5,218.88,938.95,
302464,1,237.12,207.45,
302464,5,248.16,1108.52,
302464,4,7.66,27.18,
302464,4,90.05,318.34,
302464,3,12.04,30.30,
302465,6,113.40,546.31,
302465,4,11.79,36.99,
302465,2,138.20,227.03,
302465,6,328.86,1645.37,
302465,4,43.47,138.97,
302465,4,381.36,1190.74,
302465,6,244.56,1223.91,
302465,5,459.06,1747.37,
302465,4,159.81,509.66,
302467,7,334.53,1787.25,
302467,6,128.15,637.51,
302467,3,22.73,55.49,
302467,4,43.52,119.72,
302467,2,209.92,318.06,
302467,1,144.40,98.48,
302467,4,335.16,1051.58,
302467,5,18.25,72.82,
302469,4,254.16,862.66,
302469,3,196.60,506.17,
302469,5,418.74,1770.54,
302469,3,172.48,455.97,
302469,4,143.94,489.62,
302472,4,8.42,30.12,
302472,6,92.35,498.63,
302472,6,214.02,1224.32,
302472,7,11.71,73.44,
302472,6,12.49,65.09,
302472,3,156.41,383.84,
302475,5,224.89,831.29,
302475,4,97.54,298.64,
302475,4,401.10,1165.06,
302475,4,307.44,968.61,
302475,5,217.51,773.06,
302475,5,19.08,69.31,
302475,2,34.02,48.95,
302475,6,551.31,2578.54,
302475,8,64.05,369.79,
302475,2,7.79,11.53,
302475,6,94.18,434.92,
302476,2,190.78,278.76,
302476,7,248.88,1232.06,
302476,7,388.08,2009.75,
302476,7,140.30,776.35,
302476,2,80.54,115.78,
302476,3,62.53,140.49,
302476,5,32.14,122.02,
302476,3,143.48,318.34,
302476,2,137.94,204.42,
302476,5,18.72,73.28,
302476,2,32.97,47.58,
302477,4,17.17,51.94,
302477,3,18.49,43.04,
302477,6,42.53,179.63,
302477,6,530.91,2476.95,
302478,7,296.10,1924.80,
302478,4,24.70,90.83,
302478,6,110.09,615.33,
302478,8,13.68,95.04,
302478,3,12.93,36.95,
302483,4,526.83,1433.07,
302483,5,99.46,397.82,
302483,3,132.00,262.83,
302483,5,81.95,311.57,
302483,2,215.25,312.43,
302486,3,510.51,1145.01,
302486,5,23.86,93.47,
302486,1,125.32,93.26,
302486,6,22.37,106.05,
302486,7,81.01,445.63,
302486,6,455.28,2296.05,
302486,3,454.02,1112.85,
302486,1,143.64,115.74,
302486,3,120.24,255.85,
302486,6,216.00,1018.60,
302486,2,17.23,27.43,
302486,3,167.90,404.29,
302486,4,426.30,1395.80,
302486,2,58.07,84.25,
302486,5,180.58,677.75,
302487,4,442.68,1372.85,
302487,5,123.55,469.28,
302487,7,217.68,1060.54,
302487,3,145.46,320.78,
302487,6,259.68,1209.79,
302489,3,126.46,279.09,
302489,4,49.50,148.08,
302490,5,218.88,848.48,
302490,4,184.80,542.70,
302490,6,423.78,1872.18,
302490,4,329.49,936.40,
302490,3,141.77,308.29,
302490,6,25.44,120.62,
302490,2,473.79,760.16,
302490,7,308.70,1529.50,
302490,6,44.82,218.67,
302490,4,41.94,129.71,
302492,3,107.26,299.39,
302492,2,401.52,699.41,
302492,5,156.10,712.12,
302492,7,428.40,2655.05,
302492,3,33.46,84.75,
302493,2,46.17,76.22,
302493,4,240.00,688.13,
302493,6,18.59,80.54,
302493,4,112.57,353.41,
302495,7,345.87,1851.98,
302495,7,406.98,2474.44,
302495,5,8.70,37.35,
302495,7,146.38,839.79,
302499,3,79.52,199.93,
302499,2,556.41,885.78,
302499,5,7.82,29.39,
302499,5,19.24,72.71,
302499,1,220.17,175.44,
302499,8,22.30,143.20,
302499,5,96.86,356.56,
302499,3,23.83,52.40,
302499,3,13.66,30.53,
302499,9,63.26,448.36,
302499,3,8.17,18.67,
302499,5,57.34,221.75,
302500,3,200.90,478.27,
302500,4,43.70,150.06,
302500,2,63.20,98.36,
302500,2,200.70,315.73,
302500,3,40.55,98.76,
302500,3,428.82,1023.08,
302500,4,189.63,556.84,
302500,3,498.27,1111.36,
302500,5,66.67,256.15,
302500,4,63.56,196.40,
302500,4,83.76,259.00,
302500,5,547.23,2167.38,
302500,5,45.63,166.80,
302500,2,179.17,267.64,
302500,5,16.33,57.45,
302501,3,220.80,548.56,
302501,6,11.80,60.93,
302501,3,138.93,317.34,
302501,4,318.15,1008.92,
302501,3,86.78,217.82,
302501,3,46.13,114.27,
302501,4,214.02,664.19,
302501,7,119.06,686.05,
302506,1,126.97,89.16,
302506,3,36.14,81.60,
302509,4,46.40,162.95,
302509,6,555.39,2813.96,
302509,4,414.96,1380.56,
302509,4,98.40,373.93,
302511,3,202.54,512.77,
302511,1,182.16,138.35,
302511,3,186.96,421.55,
302511,6,12.30,55.84,
302512,5,13.39,51.26,
302512,3,94.94,231.63,
302512,2,34.58,55.18,
302512,1,183.92,151.04,
302512,4,8.43,25.79,
302512,3,195.37,478.46,
302512,1,244.32,205.08,
302513,4,64.36,233.59,
302513,3,480.93,1257.37,
302513,2,198.44,343.03,
302513,6,42.75,230.49,
302513,5,23.47,100.07,
302513,4,23.62,81.18,
302513,6,7.91,39.40,
302513,7,478.89,3062.25,
302515,6,8.39,38.27,
302515,4,406.14,1248.15,
302515,7,179.34,1046.41,
302516,2,319.73,561.68,
302516,2,12.08,20.50,
302516,6,79.36,403.63,
302516,3,80.07,222.53,
302516,4,108.21,373.19,
302516,8,78.66,541.98,
302516,6,48.69,274.46,
302517,1,80.70,61.52,
302517,4,26.30,82.71,
302517,3,112.45,247.66,
302517,5,166.32,687.51,
302517,6,12.03,52.02,
302517,7,47.97,243.55,
302517,8,163.15,970.58,
302517,7,456.54,2200.91,
302517,2,141.97,219.04,
302517,4,190.04,574.64,
302517,6,18.43,83.39,
302517,1,141.82,112.49,
302517,7,24.86,139.24,
302517,3,72.93,158.41,
302519,5,47.34,207.16,
302519,4,163.55,609.91,
302519,3,12.03,31.23,
302519,3,17.86,46.01,
302519,3,13.54,36.51,
302519,2,522.75,923.89,
302521,8,333.59,2500.30,
302521,3,63.56,166.74,
302522,3,30.10,71.41,
302522,3,174.94,459.90,
302522,4,100.03,355.22,
302522,1,120.12,104.26,
302524,6,65.21,347.69,
302524,4,218.64,758.88,
302524,3,144.55,406.72,
302524,5,285.39,1308.53,
302524,1,127.78,114.74,
302524,6,84.78,460.22,
302524,3,381.78,1038.18,
302524,2,134.51,250.28,
302526,5,330.12,1287.52,
302526,4,18.58,61.85,
302526,5,223.44,925.05,
302527,1,87.55,63.19,
302527,3,17.17,38.52,
302527,5,42.98,171.28,
302527,2,250.56,390.40,
302527,3,23.83,54.07,
302527,9,179.34,1090.27,
302527,8,189.90,1232.02,
302527,9,64.72,437.63,
302529,5,215.25,811.19,
302529,5,61.43,236.68,
302529,2,13.43,22.64,
302529,6,262.08,1301.14,
302529,6,7.25,32.69,
302529,7,75.67,418.56,
302529,4,157.62,478.20,
302529,5,539.07,2109.96,
302530,4,123.82,418.92,
302530,4,40.50,149.23,
302530,8,48.96,340.54,
302530,2,56.91,96.66,
302531,7,126.06,642.20,
302531,6,7.96,40.03,
302531,4,8.71,26.82,
302531,5,167.73,676.03,
302531,4,502.86,1611.17,
302531,3,8.66,20.37,
302531,2,142.82,213.30,
302531,3,124.48,314.27,
302531,4,47.30,155.88,
302531,6,102.91,524.77,
302531,4,129.62,432.86,
302532,9,159.75,1170.10,
302532,5,35.67,136.41,
302532,5,181.28,698.45,
302532,3,511.53,1179.55,
302533,4,49.46,148.28,
302533,8,82.27,488.21,
302533,4,19.26,54.06,
302533,2,225.60,349.92,
302533,3,120.65,231.65,
302533,4,158.54,531.58,
302533,6,48.02,235.34,
302535,10,64.90,471.63,
302535,3,472.77,1114.00,
302535,2,31.98,48.00,
302535,5,401.10,1589.25,
302535,2,418.32,575.16,
302535,3,139.79,268.40,
302535,3,40.95,89.29,
302537,5,103.87,382.83,
302537,4,34.72,102.73,
302537,4,127.91,393.36,
302537,6,58.99,255.46,
302537,3,471.75,1051.18,
302537,4,8.47,26.86,
302537,6,136.62,616.44,
302537,6,63.87,301.67,
302537,6,96.10,415.22,
302537,4,542.64,1767.84,
302537,3,165.38,389.54,
302539,5,343.35,1618.39,
302539,7,137.71,828.01,
302539,4,157.32,557.44,
302539,5,11.84,53.58,
302539,4,23.30,76.03,
302541,7,31.02,161.14,
302541,7,7.54,44.96,
302541,4,35.94,110.61,
302541,7,284.13,1655.11,
302541,7,17.08,97.14,
302541,3,420.00,1070.51,
302541,2,457.80,731.90,
302541,2,234.72,372.02,
302541,3,47.03,119.28,
302542,6,58.62,299.42,
302542,6,252.48,1276.43,
302542,3,29.73,78.74,
302542,3,208.49,568.37,
302543,6,104.64,516.59,
302543,4,214.64,757.18,
302543,1,299.88,249.07,
302543,7,477.87,2901.46,
302543,6,75.20,411.10,
302543,3,7.67,17.84,
302543,5,404.04,1595.69,
302543,5,120.38,484.67,
302543,3,33.13,83.99,
302543,4,8.31,26.55,
302543,2,337.37,547.53,
302543,7,18.18,117.86,
302543,1,12.44,10.43,
302543,4,161.42,532.65,
302543,2,102.53,165.19,
302546,1,56.30,38.57,
302546,4,25.22,78.42,
302546,7,46.76,227.08,
302546,2,63.81,94.28,
302546,6,17.66,77.36,
302546,5,12.64,43.93,
302546,8,7.60,45.86,
302546,4,524.28,1441.66,
302548,5,36.14,141.00,
302548,6,60.88,309.17,
302548,7,82.74,435.15,
302548,5,177.76,745.96,
302548,5,435.12,1756.30,
302548,2,17.57,27.17,
302548,5,17.95,69.78,
302551,3,184.98,424.76,
302551,4,122.63,375.95,
302551,6,229.20,930.82,
302551,4,121.04,369.15,
302551,6,134.24,605.93,
302553,7,432.60,2545.90,
302553,3,82.19,203.80,
302553,5,48.78,201.57,
302553,5,74.89,309.98,
302553,4,64.23,210.87,
302553,2,207.87,335.00,
302553,4,499.80,1600.98,
302553,4,165.07,535.57,
302553,3,433.02,1109.82,
302553,4,25.30,85.22,
302554,7,446.46,2670.91,
302554,4,7.59,25.90,
302554,3,62.28,164.04,
302554,4,194.55,676.09,
302555,5,115.40,475.78,
302555,4,146.38,506.43,
302555,6,8.54,43.61,
302555,3,43.56,109.81,
302555,3,41.81,110.36,
302555,5,122.10,512.35,
302555,3,47.57,112.97,
302555,3,49.37,125.42,
302555,2,16.45,29.01,
302555,6,8.40,40.78,
302555,3,185.50,462.19,
302555,3,217.68,572.70,
302555,5,126.26,529.85,
302557,5,127.91,593.53,
302557,2,187.17,313.82,
302557,2,497.25,847.33,
302557,4,242.16,928.34,
302557,8,44.24,323.54,
302557,8,251.76,1781.74,
302557,4,23.66,83.29,
302557,7,89.66,572.25,
302557,5,392.28,1725.00,
302557,4,17.41,64.37,
302557,4,80.31,296.35,
302557,7,17.93,106.91,
302557,4,12.30,41.18,
302557,4,297.05,1083.02,
302557,3,140.75,365.50,
302558,3,181.98,431.91,
302558,8,292.32,1932.37,
302558,2,240.00,396.93,
302558,3,141.36,310.97,
302558,3,168.43,392.31,
302558,6,187.62,921.93,
302558,5,223.45,969.69,
302559,1,239.52,200.75,
302559,9,47.57,388.09,
302559,6,389.34,2120.93,
302560,6,8.50,44.36,
302560,3,48.15,128.40,
302560,3,524.79,1481.97,
302560,5,23.93,100.34,
302560,2,42.26,74.29,
302560,3,413.28,1161.27,
302562,7,33.59,213.12,
302562,3,158.23,408.39,
302562,3,120.25,337.20,
302562,3,7.74,21.86,
302562,3,188.14,505.72,
302562,9,341.78,2642.63,
302562,6,346.50,1861.07,
302562,3,208.49,569.49,
302563,4,141.77,545.56,
302563,1,7.61,7.27,
302563,6,126.85,666.78,
302563,4,160.51,562.13,
302563,4,177.23,658.75,
302563,7,134.11,856.84,
302565,2,128.44,231.61,
302565,4,292.64,920.52,
302565,6,84.94,409.29,
302565,7,164.38,907.05,
302565,7,213.82,1167.79,
302565,5,559.98,2346.96,
302565,3,190.86,491.86,
302565,4,44.64,155.31,
302565,9,173.36,1295.35,
302565,5,136.36,558.63,
302565,3,66.00,159.76,
302565,5,83.76,375.18,
302573,4,8.23,26.87,
302573,4,7.90,24.43,
302573,4,192.02,538.54,
302573,2,434.70,643.52,
302573,5,18.61,70.54,
302573,2,197.83,301.54,
302573,8,8.30,48.74,
302573,2,189.20,300.88,
302573,3,134.64,317.97,
302573,3,342.72,808.25,
302573,6,162.18,777.61,
302573,6,216.69,1063.65,
302573,4,121.04,380.14,
302574,3,35.44,88.09,
302574,3,17.87,45.51,
302575,6,116.82,561.01,
302575,6,165.83,842.34,
302575,4,22.15,71.30,
302576,4,208.28,795.47,
302576,5,17.59,71.74,
302576,3,422.52,1167.73,
302576,2,259.68,431.42,
302576,3,378.42,903.15,
302576,4,58.26,211.02,
302577,3,309.33,867.21,
302577,5,101.38,448.15,
302577,5,154.58,699.47,
302577,5,46.49,211.98,
302578,6,437.64,2199.07,
302578,4,36.00,123.57,
302578,2,46.94,77.94,
302578,3,46.76,122.15,
302578,4,110.80,389.19,
302578,3,180.22,476.79,
302579,9,180.40,1575.33,
302579,2,150.33,262.99,
302579,7,398.16,2648.01,
302580,7,448.14,2659.01,
302580,3,97.34,210.39,
302580,2,34.06,56.37,
302580,5,381.78,1533.22,
302580,2,460.02,736.80,
302582,4,44.64,145.63,
302582,3,160.34,387.70,
302582,6,186.74,912.99,
302582,11,16.49,146.15,
302582,6,124.25,609.79,
302583,5,7.61,30.47,
302583,8,48.29,322.61,
302583,1,109.50,93.77,
302583,5,18.14,73.88,
302583,6,286.34,1423.15,
302586,5,448.14,1951.79,
302586,5,11.61,44.94,
302586,5,22.61,88.84,
302586,4,8.13,26.53,
302587,2,189.20,325.73,
302587,3,255.60,642.04,
302587,6,12.61,62.60,
302587,6,325.40,1651.01,
302587,1,13.66,11.92,
302587,4,142.69,429.30,
302590,2,7.34,12.58,
302590,2,12.75,19.84,
302590,5,298.31,1267.40,
302590,4,188.40,590.99,
302590,4,12.00,40.50,
302590,5,211.77,848.48,
302590,8,328.55,2046.53,
302592,6,138.73,733.38,
302592,4,178.99,628.51,
302592,4,160.16,600.46,
302592,3,66.25,191.33,
302593,4,198.24,736.80,
302593,3,18.40,48.40,
302593,5,524.79,2365.34,
302593,4,32.27,115.85,
302593,6,8.14,43.41,
302593,4,104.64,362.71,
302593,1,8.64,7.55,
302593,5,44.42,201.91,
302593,5,136.36,617.13,
302594,4,159.28,622.77,
302594,2,17.71,30.94,
302594,4,511.02,1867.83,
302594,3,59.78,153.70,
302594,3,100.03,267.20,
302595,3,100.32,224.25,
302595,5,433.86,1715.29,
302595,5,94.85,350.85,
302595,1,13.68,9.79,
302596,1,503.37,420.02,
302596,2,442.26,777.08,
302596,3,82.90,208.00,
302596,1,18.61,15.83,
302596,4,19.31,65.20,
302596,7,161.92,967.77,
302596,2,203.77,342.82,
302597,9,119.06,949.35,
302597,6,8.50,44.76,
302597,1,145.77,124.19,
302597,8,158.23,1048.34,
302597,8,164.46,1071.23,
302597,3,57.52,144.76,
302597,3,128.15,330.25,
302597,4,7.82,28.23,
302597,2,104.93,193.45,
302597,4,55.27,193.43,
302597,2,66.73,118.28,
302597,5,73.24,320.49,
302597,6,31.61,161.85,
302598,3,89.09,212.32,
302598,6,184.45,878.87,
302598,4,339.26,1130.76,
302598,4,62.34,217.65,
302598,3,76.69,180.83,
302598,3,35.24,86.37,
302598,5,225.09,857.34,
302598,1,181.46,148.29,
302600,4,425.04,1540.33,
302600,4,74.34,271.89,
302600,4,8.50,32.95,
302600,5,58.74,255.51,
302600,4,35.18,123.00,
302600,5,21.89,100.82,
302600,6,16.20,85.08,
302600,3,93.60,265.66,
302601,8,134.77,941.69,
302601,5,218.74,945.50,
302601,4,7.81,27.85,
302601,4,476.85,1599.19,
302601,6,23.50,123.30,
302601,3,460.74,1281.21,
302601,1,139.66,122.20,
302603,4,121.44,376.80,
302603,2,139.00,219.78,
302603,7,21.62,117.16,
302603,3,341.15,769.17,
302603,4,19.75,60.05,
302604,2,89.47,137.64,
302604,5,81.17,331.62,
302604,4,7.29,21.49,
302604,4,242.64,740.44,
302604,8,154.28,1007.46,
302604,3,157.32,407.10,
302604,4,552.33,1785.94,
302605,2,160.82,255.42,
302605,5,34.72,147.38,
302605,1,393.12,305.64,
302605,5,325.08,1266.14,
302605,5,235.92,963.80,
302606,4,170.54,595.85,
302606,6,81.09,402.17,
302606,4,24.07,86.89,
302606,7,81.17,475.84,
302606,3,317.21,821.07,
302608,5,140.71,614.31,
302608,4,409.08,1465.66,
302608,9,388.08,3180.94,
302608,2,130.68,210.91,
302608,2,140.75,254.71,
302608,2,284.13,499.31,
302613,5,17.75,65.08,
302613,5,115.88,418.32,
302613,3,94.37,207.68,
302613,4,88.51,262.30,
302613,2,186.76,272.38,
302613,2,64.66,100.17,
302613,3,159.90,349.35,
302613,2,12.31,18.56,
302614,5,83.45,399.80,
302614,3,476.85,1263.21,
302614,4,439.32,1511.74,
302614,3,234.24,631.16,
302614,3,8.70,22.13,
302614,4,16.33,60.56,
302614,2,289.49,521.21,
302614,2,66.19,115.48,
302614,3,254.88,700.89,
302614,3,164.16,434.93,
302614,7,303.35,1956.63,
302619,5,167.38,721.05,
302619,6,327.29,1690.50,
302619,6,126.85,693.80,
302620,7,7.22,39.73,
302620,2,23.04,35.46,
302620,7,12.95,69.66,
302620,3,59.17,143.38,
302620,8,320.04,2195.59,
302620,3,194.96,504.02,
302620,1,254.64,209.48,
302620,4,157.02,535.21,
302620,4,103.78,339.19,
302620,4,43.47,137.47,
302620,3,32.11,68.48,
302620,4,337.68,1042.25,
302620,1,124.49,92.93,
302620,5,11.75,48.56,
302620,3,90.34,224.31,
302625,2,45.00,70.98,
302625,6,32.47,163.09,
302625,4,46.26,137.12,
302625,8,46.13,294.43,
302625,6,8.31,37.79,
302625,9,13.44,92.48,
302625,4,163.68,501.60,
302625,4,24.31,72.51,
302626,7,138.47,796.66,
302626,3,192.37,524.69,
302626,5,501.33,2263.62,
302626,3,162.10,414.42,
302626,4,299.57,1172.13,
302626,3,182.86,476.71,
302627,4,102.43,349.05,
302627,5,205.41,911.29,
302627,3,11.56,31.42,
302630,5,25.78,110.84,
302630,3,108.56,286.76,
302630,6,126.98,651.30,
302630,4,75.60,273.88,
302630,7,12.20,72.75,
302630,4,8.70,28.53,
302630,2,436.80,735.42,
302633,2,227.04,344.07,
302633,4,13.65,37.50,
302633,9,326.34,2113.47,
302633,4,383.46,1105.62,
302633,2,416.22,632.20,
302633,2,33.20,48.08,
302633,4,102.72,302.74,
302633,5,13.34,51.01,
302633,5,161.57,614.40,
302633,4,41.94,114.20,
302633,5,535.50,1936.37,
302633,4,90.53,276.26,
302633,1,48.33,34.45,
302633,2,12.55,18.16,
302634,5,72.53,336.48,
302634,8,513.06,3751.07,
302634,7,199.06,1211.82,
302634,4,174.94,655.64,
302634,4,429.66,1567.23,
302640,3,34.82,95.29,
302640,4,421.68,1513.43,
302640,3,139.84,383.45,
302640,7,167.73,1067.83,
302640,5,26.14,117.54,
302640,2,7.50,12.27,
302640,5,165.97,768.60,
302640,5,120.71,517.83,
302640,5,11.36,52.96,
302640,5,130.68,615.81,
302641,1,19.40,17.60,
302641,2,66.19,120.50,
302641,4,127.91,450.91,
302641,6,136.22,669.15,
302641,3,122.25,330.54,
302641,6,82.03,415.01,
302641,5,61.67,272.17,
302642,2,17.91,28.10,
302642,5,168.43,657.23,
302642,3,550.29,1334.87,
302642,3,150.48,367.66,
302642,5,119.06,461.11,
302642,3,24.53,56.40,
302642,1,18.86,15.24,
302642,4,61.61,194.13,
302642,7,49.05,258.65,
302642,3,11.69,28.64,
302643,6,120.24,567.61,
302643,3,82.03,201.57,
302643,5,76.93,324.72,
302643,6,46.26,224.56,
302643,10,8.05,61.85,
302643,4,22.44,75.30,
302643,5,136.62,553.61,
302643,5,162.49,680.25,
302643,5,43.47,181.03,
302643,3,128.96,313.67,
302643,7,31.55,175.57,
302643,3,90.05,212.54,
302643,3,31.94,76.64,
302644,5,8.72,34.93,
302644,3,13.33,34.23,
302644,1,19.64,15.49,
302644,2,98.02,163.75,
302644,2,8.78,15.66,
302644,5,7.22,29.60,
302644,2,131.21,224.90,
302644,3,474.81,1227.25,
302644,3,142.88,371.01,
302644,4,119.59,418.96,
302644,5,128.70,558.59,
302644,5,8.19,35.12,
302644,4,497.25,1768.31,
302649,7,105.22,644.04,
302649,5,91.87,382.25,
302649,3,66.25,174.75,
302649,6,44.82,226.05,
302651,6,33.83,179.23,
302651,10,13.41,127.06,
302651,4,239.04,928.85,
302651,5,60.88,304.40,
302655,5,32.90,147.09,
302655,8,185.73,1254.99,
302655,3,396.90,938.72,
302655,5,49.41,215.58,
302655,5,30.16,129.56,
302658,6,167.55,819.66,
302658,5,81.88,348.74,
302658,5,18.38,77.74,
302658,4,316.89,1128.24,
302658,4,8.55,28.98,
302658,6,124.49,666.19,
302658,6,64.66,328.10,
302658,3,63.26,149.96,
302658,2,343.35,541.91,
302659,1,224.64,202.42,
302659,4,41.81,132.36,
302659,5,458.22,2051.77,
302659,4,193.25,660.93,
302659,4,141.06,479.81,
302659,4,197.83,704.46,
302662,5,8.18,37.67,
302662,3,153.06,417.22,
302662,6,205.62,1086.80,
302662,5,34.32,147.85,
302662,7,214.84,1371.05,
302663,6,314.37,1533.40,
302663,3,8.70,20.82,
302663,2,99.74,155.52,
302663,4,89.66,309.37,
302663,3,62.53,144.99,
302663,3,119.89,281.88,
302664,3,13.26,33.80,
302664,4,307.13,1172.33,
302664,2,207.26,365.35,
302664,2,41.85,72.67,
302664,3,62.40,160.96,
302664,5,393.12,1867.02,
302664,4,24.98,86.41,
302664,5,187.44,843.53,
302665,2,185.86,328.92,
302665,5,118.00,500.11,
302665,4,170.54,587.30,
302665,7,56.06,318.44,
302665,1,487.56,418.38,
302665,5,501.33,2230.81,
302665,4,245.28,853.86,
302668,2,23.90,36.24,
302668,3,46.08,95.38,
302668,6,159.14,687.08,
302668,3,224.40,507.59,
302668,6,139.00,569.70,
302669,6,184.50,778.26,
302669,6,133.32,612.84,
302669,5,296.73,1103.63,
302669,2,222.63,294.54,
302669,4,7.85,23.95,
302669,6,12.90,59.07,
302669,3,24.07,51.08,
302669,3,79.21,183.13,
302669,2,46.17,70.21,
302669,5,451.92,1738.47,
302669,3,401.52,854.14,
302669,3,128.96,293.53,
302674,4,251.28,891.19,
302674,3,192.19,492.81,
302674,3,16.70,46.21,
302674,8,556.41,4032.20,
302674,2,48.74,83.35,
302674,6,12.41,70.44,
302674,4,318.15,1165.03,
302674,3,190.24,528.22,
302674,6,521.73,2842.45,
302674,5,11.79,51.92,
302674,1,17.14,14.95,
302677,3,310.28,812.04,
302677,6,46.85,225.45,
302677,2,7.26,12.91,
302677,4,518.67,1802.08,
302677,3,439.74,1184.81,
302678,5,114.58,512.71,
302678,1,81.01,66.33,
302678,5,84.07,351.30,
302678,4,294.84,1003.49,
302678,3,144.54,384.72,
302679,3,329.49,842.62,
302679,7,218.88,1461.79,
302679,9,23.26,188.29,
302679,5,492.15,2285.82,
302679,3,222.84,579.63,
302679,4,73.63,269.74,
302679,4,121.31,460.93,
302679,2,82.82,144.33,
302679,4,126.32,444.29,
302679,4,17.68,64.59,
302679,1,12.36,11.55,
302679,1,35.41,32.49,
302679,4,98.59,384.28,
302679,5,17.14,75.39,
302679,5,25.68,116.60,
302681,7,144.25,867.36,
302681,2,63.14,107.52,
302681,7,45.54,276.74,
302681,4,155.65,532.52,
302685,7,33.17,198.45,
302685,5,79.60,320.07,
302685,7,22.08,122.52,
302685,2,435.54,691.82,
302685,5,305.24,1193.97,
302685,4,444.78,1567.02,
302685,6,86.78,426.64,
302685,2,345.56,597.11,
302685,4,475.83,1597.94,
302685,5,329.18,1312.35,
302685,4,13.10,42.55,
302685,1,8.54,7.27,
302685,4,21.77,69.42,
302687,2,17.35,28.50,
302687,4,403.20,1281.70,
302687,2,66.98,108.82,
302687,3,177.23,434.80,
302687,6,303.98,1538.43,
302687,4,424.62,1401.73,
302688,4,460.53,1765.15,
302688,1,76.54,70.73,
302688,5,22.80,105.55,
302688,4,123.19,470.64,
302688,5,93.70,447.03,
302688,3,290.12,815.60,
302690,3,164.01,378.63,
302690,3,32.31,77.25,
302690,3,75.05,172.56,
302690,2,35.38,49.82,
302690,5,551.82,2065.09,
302690,4,25.87,79.39,
302690,4,132.53,429.62,
302690,6,199.47,938.29,
302692,4,7.43,26.26,
302692,1,555.39,437.59,
302692,3,308.39,803.44,
302693,5,380.94,1550.27,
302693,3,44.91,118.38,
302693,1,128.27,111.11,
302693,7,49.32,291.84,
302693,5,47.93,208.71,
302693,3,507.96,1386.20,
302693,2,30.00,54.60,
302693,2,94.66,163.76,
302693,5,323.19,1322.10,
302693,5,19.71,82.39,
302693,3,72.14,176.10,
302693,6,122.48,594.38,
302693,5,19.10,83.10,
302694,2,293.27,462.20,
302694,5,108.68,431.10,
302694,4,536.01,1646.72,
302694,4,292.32,968.31,
302694,4,490.62,1582.06,
302694,6,13.35,65.23,
302696,3,106.67,263.58,
302696,4,19.66,63.70,
302696,6,82.19,370.65,
302696,4,439.32,1279.07,
302696,6,59.23,301.19,
302696,6,160.69,802.97,
302697,6,200.90,1010.89,
302697,3,314.06,764.32,
302697,6,426.72,2143.42,
302698,7,34.55,189.28,
302698,5,31.81,124.93,
302698,6,164.46,844.25,
302698,1,171.60,145.89,
302698,3,185.32,427.73,
302698,3,496.74,1245.69,
302698,8,104.26,683.55,
302698,3,24.89,62.95,
302698,4,34.62,111.19,
302698,2,29.77,49.93,
302698,4,319.73,979.15,
302699,6,431.34,2371.59,
302699,2,7.91,15.11,
302699,7,45.27,291.34,
302699,4,454.02,1643.74,
302699,3,159.28,448.23,
302699,4,76.15,283.62,
302699,4,60.21,213.10,
302700,2,337.68,543.31,
302700,4,187.62,570.91,
302700,4,8.32,24.90,
302700,1,7.30,5.24,
302700,1,13.26,10.32,
302700,6,286.34,1237.41,
302700,4,62.04,185.45,
302700,2,153.22,221.19,
302700,5,461.04,1640.89,
302704,2,186.21,282.97,
302704,4,19.31,60.84,
302704,6,458.64,2028.14,
302704,4,516.63,1517.50,
302704,2,405.30,648.48,
302704,5,74.97,276.97,
302704,9,12.25,79.87,
302704,3,19.75,44.47,
302704,3,198.24,424.79,
302704,4,163.55,508.91,
302704,5,17.21,64.35,
302704,6,290.75,1273.37,
302705,6,83.37,386.90,
302705,5,134.90,581.17,
302705,2,199.88,326.71,
302705,4,158.58,491.81,
302705,3,22.80,58.58,
302705,6,290.43,1364.17,
302705,4,66.06,219.34,
302705,4,157.78,531.86,
302707,5,382.62,1606.54,
302707,7,7.92,53.18,
302707,3,216.48,575.82,
302707,5,128.03,600.52,
302707,5,18.56,83.02,
302707,3,108.91,298.49,
302707,4,102.24,363.28,
302707,2,198.03,349.15,
302710,5,474.30,1742.33,
302710,4,498.27,1485.25,
302710,8,7.90,45.74,
302710,3,226.56,502.63,
302710,5,380.94,1339.40,
302710,3,57.71,121.37,
302710,4,22.73,67.45,
302710,4,90.62,266.12,
302710,5,13.73,50.69,
302710,3,124.61,289.89,
302713,5,434.70,1792.55,
302713,2,515.61,810.28,
302713,4,166.32,496.41,
302713,5,307.44,1192.89,
302713,6,43.43,214.33,
302716,5,525.81,2227.47,
302716,4,40.91,121.63,
302716,5,124.74,511.53,
302716,6,102.53,494.00,
302717,2,18.95,34.94,
302717,3,249.36,643.40,
302717,3,162.27,440.82,
302717,5,128.27,603.56,
302717,3,134.11,343.01,
302717,1,169.14,142.39,
302718,5,23.66,99.85,
302718,2,129.62,245.27,
302718,2,293.58,587.16,
302718,6,143.49,794.33,
302718,7,89.18,602.38,
302718,7,156.71,974.17,
302718,3,23.30,60.96,
302718,4,25.99,91.13,
302719,6,44.28,191.29,
302719,4,94.75,280.16,
302719,2,174.24,254.64,
302719,6,34.95,157.43,
302719,5,238.08,886.35,
302719,4,537.03,1521.43,
302719,3,17.42,41.00,
302719,3,11.44,23.79,
302719,3,70.96,167.48,
302719,4,415.80,1274.99,
302719,7,8.35,44.89,
302719,2,423.36,626.65,
302722,4,185.15,578.05,
302722,5,187.78,757.20,
302722,4,546.21,1852.62,
302722,3,153.82,373.45,
302722,2,451.50,722.63,
302722,4,514.59,1564.16,
302723,7,220.38,1198.98,
302723,6,33.33,151.61,
302723,1,254.64,178.18,
302723,4,96.10,287.44,
302723,3,92.06,203.72,
302723,5,17.89,64.59,
302723,7,173.01,863.92,
302723,4,56.49,202.71,
302723,5,31.91,113.58,
302726,2,132.79,199.41,
302726,1,126.50,100.81,
302726,3,309.33,721.20,
302726,5,66.73,255.75,
302726,5,102.91,385.81,
302726,5,83.37,303.04,
302726,2,341.15,479.65,
302726,1,17.24,13.60,
302726,7,442.68,2223.71,
302726,3,100.51,219.74,
302726,4,203.77,652.57,
302726,3,114.81,250.24,
302727,2,22.10,39.14,
302727,3,237.60,625.73,
302727,4,142.27,488.29,
302727,4,121.84,434.96,
302727,3,132.40,368.78,
302727,5,7.98,34.52,
302728,4,220.56,788.89,
302728,7,169.14,1079.08,
302730,3,398.16,1055.62,
302730,6,71.44,356.53,
302730,4,200.29,705.29,
302730,6,378.84,2130.20,
302730,1,527.34,488.80,
302730,2,91.10,164.27,
302730,3,378.84,1043.49,
302730,4,7.37,27.70,
302732,6,127.64,690.68,
302732,3,31.61,86.03,
302733,2,160.82,269.79,
302733,4,164.03,534.78,
302733,4,31.85,104.53,
302733,2,98.40,159.28,
302733,5,25.08,102.80,
302733,4,60.76,195.43,
302733,3,321.62,750.45,
302733,6,48.33,228.33,
302733,2,142.16,215.20,
302734,2,234.48,443.00,
302734,6,108.80,587.22,
302734,2,197.01,331.74,
302734,4,232.80,874.15,
302736,4,8.34,26.13,
302736,3,7.36,19.98,
302736,4,214.43,749.93,
302736,8,245.52,1677.74,
302736,4,512.04,1864.76,
302738,3,91.01,216.61,
302738,4,49.41,137.11,
302738,4,41.40,118.49,
302738,7,441.00,2489.60,
302738,4,24.22,62.61,
302739,4,235.20,854.54,
302739,6,138.78,772.15,
302739,4,399.00,1494.35,
302739,6,519.18,2744.53,
302739,4,33.56,119.90,
302739,3,33.17,84.51,
302739,1,96.19,89.56,
302742,4,19.19,61.74,
302742,3,138.60,350.50,
302742,3,17.24,39.40,
302742,4,163.86,522.63,
302742,4,12.33,43.74,
302742,2,208.49,346.86,
302745,3,7.95,18.09,
302745,4,41.31,142.89,
302745,2,8.23,14.83,
302745,4,388.50,1311.67,
302745,5,13.05,56.81,
302745,4,218.74,749.85,
302745,6,183.57,982.70,
302745,5,297.05,1229.06,
302745,5,17.03,71.51,
302745,5,404.88,1614.74,
302746,4,11.33,31.66,
302746,4,511.02,1531.44,
302746,8,33.86,201.73,
302746,8,94.46,576.13,
302746,5,13.23,50.24,
302748,3,92.16,203.95,
302748,2,93.31,133.41,
302748,1,141.37,116.06,
302748,3,47.57,109.24,
302748,8,392.28,2501.23,
302750,5,42.57,156.35,
302750,5,26.14,97.47,
302750,4,328.23,1004.83,
302750,1,11.44,7.93,
302750,4,187.26,588.79,
302750,5,16.63,59.78,
302750,6,259.68,1275.74,
302750,3,24.91,55.28,
302750,4,451.92,1299.98,
302750,3,196.39,432.53,
302751,2,229.44,376.46,
302751,5,118.93,513.82,
302751,4,12.26,46.44,
302751,3,166.29,425.30,
302751,6,56.30,280.71,
302751,2,83.29,145.50,
302754,1,8.28,7.87,
302754,3,12.45,34.26,
302754,5,553.35,2565.97,
302754,7,311.54,1985.02,
302754,4,433.02,1520.08,
302758,7,343.98,1906.38,
302758,4,125.32,429.30,
302758,5,49.01,197.66,
302758,2,130.55,202.10,
302758,6,497.76,2261.57,
302758,6,24.84,126.04,
302758,1,158.93,131.62,
302758,2,324.45,561.51,
302758,3,23.59,55.65,
302759,1,122.25,90.12,
302759,2,7.34,10.87,
302759,7,301.77,1488.61,
302759,2,233.04,357.36,
302759,5,412.86,1649.94,
302759,8,396.48,2218.99,
302760,4,222.72,827.93,
302760,4,26.06,91.07,
302760,2,218.40,370.86,
302760,3,171.95,511.34,
302760,4,94.85,342.30,
302762,5,497.76,1726.98,
302762,4,128.50,370.53,
302762,4,30.13,92.54,
302762,3,467.67,1141.01,
302762,10,86.88,646.96,
302762,3,222.24,477.32,
302762,5,257.04,1029.60,
302762,4,17.59,49.22,
302764,5,492.66,2220.00,
302764,2,341.46,564.58,
302764,7,25.85,158.10,
302764,4,17.19,58.59,
302764,5,437.64,1814.47,
302764,4,75.91,255.88,
302767,4,121.42,357.48,
302767,5,7.76,31.14,
302767,5,13.24,47.63,
302767,2,285.39,431.24,
302767,5,154.89,636.07,
302767,2,91.97,134.69,
302767,7,142.43,728.24,
302767,3,326.97,797.04,
302770,3,99.55,251.77,
302770,6,22.01,123.33,
302770,2,76.62,132.06,
302770,1,24.17,19.50,
302770,4,324.77,1162.30,
302770,5,12.43,55.06,
302770,2,85.96,146.57,
302770,8,473.79,3170.13,
302770,5,99.36,423.42,
302770,6,17.08,92.44,
302770,4,116.23,416.93,
302770,6,201.31,1030.60,
302770,3,13.14,35.39,
302771,7,388.50,2045.40,
302771,2,48.74,73.78,
302771,4,17.91,59.99,
302771,4,444.78,1435.15,
302771,2,13.74,20.70,
302771,4,314.69,927.90,
302771,5,36.17,131.12,
302771,3,46.17,106.13,
302771,4,32.27,95.37,
302771,3,48.60,109.65,
302771,5,314.69,1245.31,
302771,5,258.96,994.74,
302771,5,238.56,966.21,
302771,2,18.85,28.72,
302771,4,8.60,26.30,
302772,2,169.14,312.65,
302772,8,102.91,795.64,
302772,7,29.93,182.53,
302772,2,173.71,314.72,
302773,3,17.96,41.56,
302773,5,192.50,756.37,
302773,6,48.65,238.62,
302773,5,56.91,226.94,
302775,4,58.74,190.59,
302775,5,35.05,140.60,
302775,6,176.18,794.42,
302775,2,23.33,33.17,
302776,7,84.23,470.26,
302776,9,25.68,208.54,
302776,6,194.14,1015.17,
302777,5,131.60,618.65,
302777,6,47.48,244.98,
302777,9,126.26,1024.78,
302778,2,11.98,20.55,
302778,2,141.11,252.43,
302778,7,16.87,99.72,
302778,4,8.22,29.35,
302778,3,101.47,292.90,
302778,5,191.66,911.42,
302778,3,120.12,307.48,
302778,4,30.86,118.35,
302779,3,161.27,405.21,
302779,5,170.90,736.76,
302779,5,151.85,590.41,
302779,3,60.70,150.07,
302779,2,12.95,22.03,
302779,5,135.17,579.58,
302779,5,321.30,1298.53,
302779,4,323.51,1093.06,
302779,2,57.58,106.49,
302779,4,141.82,490.94,
302779,3,215.46,552.88,
302779,2,43.16,73.03,
302779,2,22.42,37.66,
302779,3,187.37,458.88,
302779,3,25.49,64.80,
302780,3,124.34,335.96,
302780,3,127.91,339.96,
302780,4,164.56,579.37,
302780,3,11.73,29.62,
302780,4,189.20,687.98,
302780,3,457.80,1158.47,
302780,4,47.52,159.85,
302780,6,152.15,764.67,
302782,4,42.44,147.13,
302782,3,43.47,109.42,
302782,4,12.14,41.13,
302782,5,546.21,2378.34,
302782,3,16.78,43.73,
302782,6,8.66,43.64,
302782,2,41.67,79.03,
302782,2,390.18,680.26,
302782,3,186.55,513.30,
302782,2,83.21,154.07,
302782,6,41.72,221.85,
302783,2,46.31,81.61,
302783,4,122.63,443.55,
302783,5,31.42,144.30,
302783,2,491.64,879.70,
302787,4,409.92,1439.53,
302787,3,554.88,1460.57,
302787,4,493.17,1640.79,
302787,2,160.16,262.16,
302789,2,195.78,344.73,
302789,5,106.79,417.57,
302789,4,137.56,425.32,
302789,7,110.92,600.22,
302791,7,61.85,352.68,
302791,3,35.84,95.19,
302791,4,13.49,42.96,
302791,5,8.78,35.24,
302791,3,165.44,414.44,
302791,5,209.72,843.58,
302792,6,8.77,35.11,
302792,4,8.76,24.32,
302792,1,87.94,60.62,
302792,1,151.54,113.95,
302793,6,388.92,2141.36,
302793,3,24.12,67.72,
302794,3,62.53,131.56,
302794,4,381.78,1253.60,
302794,5,128.03,498.34,
302794,3,136.95,315.23,
302794,5,255.60,926.62,
302794,8,56.97,333.92,
302794,3,13.03,31.45,
302794,4,46.53,148.55,
302796,4,30.39,106.43,
302796,6,92.64,491.88,
302796,1,30.82,28.84,
302796,4,199.47,711.12,
302796,4,30.82,106.56,
302796,7,18.09,117.05,
302798,6,186.91,1111.91,
302798,5,31.28,144.23,
302798,4,216.69,739.34,
302798,7,439.32,2989.41,
302801,2,224.16,405.37,
302801,4,44.10,148.30,
302801,5,531.93,2323.53,
302801,2,35.48,61.82,
302801,1,7.30,6.61,
302801,2,13.46,22.43,
302801,2,62.46,97.18,
302802,4,41.67,146.55,
302802,1,183.74,157.49,
302802,2,400.26,736.34,
302803,2,519.18,810.00,
302803,3,119.30,267.56,
302803,9,34.85,238.54,
302803,2,46.62,67.63,
302803,4,511.53,1558.21,
302803,4,57.40,178.68,
302803,4,32.14,86.14,
302803,4,314.06,868.14,
302805,5,460.02,1844.36,
302805,5,84.94,372.30,
302808,4,131.74,439.79,
302808,2,478.38,855.02,
302808,7,185.32,1063.79,
302808,5,106.44,425.18,
302808,5,218.94,940.98,
302808,4,8.54,30.60,
302808,3,81.64,202.21,
302809,2,285.71,399.36,
302809,6,62.10,274.38,
302809,2,23.62,33.03,
302809,3,249.36,528.01,
302809,3,456.54,1075.77,
302809,5,189.42,690.18,
302809,5,206.03,689.99,
302809,2,160.82,229.85,
302813,10,85.25,715.42,
302813,7,335.79,2100.39,
302813,4,183.04,659.49,
302813,5,118.93,471.43,
302813,2,218.40,358.69,
302813,6,40.77,195.12,
302813,4,263.28,849.19,
302813,4,121.89,396.25,
302813,1,78.34,60.33,
302813,7,248.40,1414.58,
302813,3,7.94,19.22,
302813,4,16.42,51.48,
302813,5,226.80,848.34,
302813,4,80.23,282.92,
302813,5,261.12,996.47,
302814,3,18.70,39.18,
302814,3,221.04,468.11,
302814,3,44.42,91.14,
302814,1,45.59,32.67,
302814,5,85.49,298.12,
302814,5,122.01,414.51,
302814,5,204.80,756.27,
302814,5,22.42,84.44,
302814,3,185.12,425.51,
302814,4,139.23,437.54,
302814,3,13.68,30.84,
302814,4,163.10,478.31,
302814,4,17.59,54.25,
302814,3,215.87,490.39,
302816,5,76.30,342.27,
302816,3,162.27,401.70,
302816,4,46.35,175.01,
302816,3,115.99,319.62,
302819,4,456.54,1662.11,
302819,2,42.57,77.21,
302819,5,168.26,724.52,
302819,4,151.70,553.08,
302819,6,208.28,1093.05,
302819,5,18.95,83.43,
302819,4,101.86,379.37,
302819,4,319.41,1123.63,
302821,3,7.67,15.01,
302821,8,21.82,118.87,
302821,6,404.04,1688.20,
302821,4,229.92,663.22,
302822,7,143.35,707.70,
302822,3,229.44,499.38,
302822,4,186.56,538.13,
302822,7,73.32,381.80,
302822,5,22.49,78.90,
302822,3,72.46,152.25,
302822,3,18.65,42.06,
302822,4,218.12,679.12,
302823,6,498.27,2333.90,
302823,6,140.60,612.16,
302823,5,201.72,796.12,
302823,4,433.86,1175.77,
302823,2,108.21,157.46,
302823,6,218.88,921.00,
302823,2,48.60,63.75,
302823,2,78.11,119.77,
302823,8,8.54,56.24,
302823,3,12.79,28.71,
302823,7,119.86,622.75,
302823,2,82.90,133.64,
302823,6,139.92,640.94,
302826,5,406.56,1738.43,
302826,3,205.62,546.32,
302826,5,552.33,2593.59,
302826,3,89.28,234.27,
302827,1,30.89,23.04,
302827,5,244.08,919.60,
302827,5,455.28,1673.26,
302827,1,91.58,68.68,
302827,2,30.03,41.82,
302827,4,480.93,1444.26,
302827,6,111.39,509.81,
302827,2,437.22,599.55,
302827,3,244.56,569.60,
302828,5,81.80,357.89,
302828,5,245.28,1034.06,
302828,5,106.79,453.19,
302828,4,77.64,270.16,
302828,4,168.43,582.59,
302828,8,34.85,242.80,
302828,3,95.33,236.27,
302829,5,205.21,903.09,
302829,2,17.71,29.73,
302829,5,7.91,35.24,
302829,5,412.44,1900.27,
302829,2,321.62,590.22,
302829,5,126.73,569.48,
302829,1,100.03,87.01,
302829,2,41.49,69.39,
302831,5,470.73,1894.61,
302831,2,64.66,104.89,
302831,3,61.24,134.39,
302831,6,290.43,1372.26,
302831,3,152.76,374.13,
302831,7,7.23,40.22,
302831,2,208.28,350.40,
302832,10,237.36,1870.84,
302832,5,11.80,43.72,
302833,4,229.44,637.67,
302833,4,302.40,922.22,
302833,1,7.43,6.08,
302833,6,419.58,2033.07,
302833,4,144.80,400.86,
302833,5,89.57,320.32,
302834,4,452.76,1188.16,
302834,3,314.06,728.80,
302834,4,141.37,446.49,
302834,3,45.99,106.06,
302835,4,139.00,459.75,
302835,1,315.00,256.69,
302835,1,19.49,17.77,
302835,4,42.98,155.84,
302836,7,435.54,2714.21,
302836,5,124.02,522.56,
302836,5,7.21,32.64,
302837,4,111.39,362.63,
302837,3,115.99,290.64,
302837,2,184.71,309.41,
302837,3,58.56,139.67,
302837,5,11.34,45.96,
302837,4,127.64,430.13,
302839,2,32.14,46.76,
302839,3,133.45,311.00,
302839,3,12.03,26.91,
302839,3,13.28,31.90,
302839,4,383.04,1157.43,
302840,2,426.30,725.55,
302840,3,119.53,303.04,
302840,3,554.88,1449.73,
302840,5,8.16,34.56,
302841,6,460.74,2368.27,
302841,3,17.98,44.56,
302843,1,82.50,59.47,
302843,7,110.57,588.90,
302843,4,192.90,556.74,
302843,3,403.62,905.08,
302843,6,34.75,177.92,
302843,5,93.70,373.45,
302843,2,8.58,13.36,
302843,6,306.81,1308.40,
302843,4,203.57,609.94,
302843,6,49.28,215.68,
302843,2,100.80,149.36,
302843,5,381.36,1334.44,
302843,4,502.35,1560.25,
302845,3,87.65,227.69,
302845,5,80.70,350.76,
302845,4,75.67,267.19,
302845,3,30.26,79.81,
302845,5,200.29,897.77,
302845,4,36.07,129.91,
302845,3,333.90,901.02,
302845,10,527.85,4617.28,
302845,3,153.37,425.65,
302845,5,241.20,1076.40,
302845,4,17.44,58.53,
302847,4,216.69,753.16,
302847,6,22.13,113.72,
302847,5,43.47,176.81,
302847,1,19.22,16.21,
302847,5,17.44,70.61,
302847,1,299.25,219.69,
302847,6,29.83,149.83,
302847,4,187.26,628.31,
302847,4,308.70,982.89,
302848,3,157.02,419.06,
302848,3,25.75,70.02,
302848,5,454.86,2095.93,
302848,6,12.48,68.96,
302848,8,192.19,1439.62,
302848,8,406.56,2824.69,
302848,3,74.89,205.33,
302848,1,25.63,23.81,
302848,2,116.11,216.77,
302848,4,127.51,481.76,
302848,4,478.38,1777.09,
302848,6,8.06,44.15,
302848,6,41.99,226.77,
302848,4,386.40,1399.51,
302848,3,314.37,855.96,
302851,3,192.02,463.77,
302851,3,257.28,601.51,
302851,4,36.23,128.24,
302851,4,155.65,523.61,
302851,7,253.20,1484.71,
302852,3,121.04,277.56,
302852,4,218.33,643.10,
302852,5,17.21,64.46,
302852,5,392.70,1426.14,
302852,3,8.52,20.46,
302852,4,217.20,614.49,
302852,4,144.25,485.62,
302852,5,144.25,542.44,
302852,4,18.13,51.65,
302852,2,95.23,143.15,
302852,4,44.96,123.29,
302853,7,41.58,218.75,
302853,4,11.98,39.23,
302853,7,101.66,515.23,
302853,3,59.05,136.46,
302855,2,129.76,209.01,
302855,5,113.40,423.17,
302855,7,206.23,1029.40,
302855,2,22.51,34.56,
302856,3,488.07,1134.60,
302856,2,117.17,166.59,
302856,6,235.68,1150.59,
302856,4,12.53,39.27,
302856,3,7.95,17.69,
302856,4,42.17,132.99,
302857,4,424.20,1290.66,
302857,5,119.30,418.96,
302857,2,8.14,13.70,
302857,6,18.67,88.45,
302857,2,106.44,175.94,
302857,5,32.80,136.58,
302857,4,245.76,831.71,
302857,6,137.28,634.35,
302857,10,61.79,513.52,
302857,6,407.40,1936.75,
302857,6,18.77,94.74,
302859,1,162.03,149.81,
302859,4,35.21,122.35,
302859,2,13.46,23.58,
302859,5,473.28,2103.00,
302859,6,481.95,2500.81,
302859,3,18.18,46.64,
302859,4,21.65,77.25,
302859,4,23.64,86.11,
302859,4,263.04,996.35,
302859,6,105.41,531.78,
302859,4,18.25,63.78,
302860,2,45.77,87.38,
302860,3,63.81,174.07,
302860,4,526.83,1907.80,
302860,4,309.96,1165.41,
302860,4,127.09,473.88,
302860,4,378.84,1354.26,
302860,6,84.23,438.81,
302860,3,138.60,364.19,
302860,3,180.75,498.82,
302860,3,334.85,920.29,
302862,5,262.56,989.88,
302862,5,30.10,113.02,
302862,2,107.38,168.82,
302862,5,22.27,89.05,
302862,3,8.49,20.64,
302862,4,262.32,886.29,
302862,4,202.75,622.26,
302862,6,531.42,2369.72,
302862,7,224.64,1212.23,
302862,3,431.34,905.62,
302863,5,88.03,385.64,
302863,7,47.39,288.72,
302863,2,84.23,144.18,
302863,3,441.42,1105.22,
302863,7,65.33,357.97,
302863,2,7.86,13.81,
302865,3,151.09,404.02,
302865,6,109.86,567.07,
302865,5,185.86,806.93,
302865,3,30.62,73.37,
302865,3,87.17,224.52,
302866,4,492.66,1526.28,
302866,4,17.55,55.06,
302866,4,49.19,154.21,
302866,3,297.68,675.34,
302866,8,142.03,847.79,
302866,4,41.36,115.72,
302871,4,48.38,140.68,
302871,2,144.10,223.11,
302871,2,7.86,11.98,
302871,5,135.04,550.42,
302871,2,238.08,363.71,
302871,8,125.55,798.27,
302875,3,8.73,17.76,
302875,2,143.03,219.02,
302875,5,158.40,590.43,
302876,7,330.12,2217.03,
302876,1,235.20,206.27,
302876,5,214.84,1058.31,
302876,4,30.20,114.39,
302876,6,8.62,49.53,
302876,2,297.68,531.56,
302876,5,220.17,1030.64,
302877,4,126.85,409.47,
302877,3,108.56,275.43,
302877,8,128.30,890.93,
302877,6,137.15,670.51,
302877,7,64.90,379.29,
302877,5,125.66,492.63,
302877,1,514.08,437.74,
302877,2,88.90,140.90,
302877,5,128.17,484.66,
302877,4,183.39,602.52,
302877,5,464.10,1977.72,
302877,3,396.90,964.85,
302877,7,33.79,194.87,
302879,6,136.95,745.67,
302879,4,157.78,578.90,
302879,4,93.02,331.99,
302879,5,11.38,49.22,
302879,2,429.66,763.86,
302879,4,157.78,576.96,
302879,8,8.75,60.66,
302879,2,12.44,21.38,
302880,6,40.86,212.28,
302880,5,117.88,505.44,
302880,3,12.08,31.78,
302880,3,12.63,31.45,
302880,4,221.52,738.87,
302880,4,12.81,46.92,
302885,6,71.20,325.33,
302885,2,131.21,193.60,
302885,7,42.89,231.02,
302885,3,79.21,179.71,
302885,3,32.51,71.96,
302885,2,201.11,307.63,
302885,4,237.36,686.29,
302885,4,185.12,527.08,
302885,6,12.93,55.08,
302885,4,100.42,289.09,
302886,3,229.20,570.43,
302886,3,148.66,360.94,
302886,5,219.36,954.60,
302886,2,33.50,55.91,
302887,5,17.50,63.71,
302887,8,160.21,950.45,
302887,2,302.09,426.60,
302887,3,65.15,138.84,
302887,4,57.34,169.54,
302887,4,58.26,176.13,
302889,4,128.62,426.59,
302889,2,283.82,466.22,
302889,5,47.75,189.02,
302889,3,404.88,990.24,
302889,2,138.07,245.48,
302889,4,139.79,496.02,
302890,2,118.93,183.53,
302890,6,25.51,112.05,
302890,4,129.76,439.62,
302890,3,179.70,410.06,
302891,4,470.73,1588.56,
302891,4,19.60,74.23,
302891,6,46.49,263.59,
302891,3,44.51,123.43,
302891,1,30.03,28.62,
302891,3,17.57,48.23,
302891,8,212.18,1473.84,
302891,5,163.40,737.69,
302891,3,387.66,1060.46,
302892,3,182.69,415.62,
302892,3,7.65,17.77,
302892,6,537.03,2457.65,
302892,5,305.87,1205.94,
302892,5,313.11,1189.48,
302892,3,146.38,355.75,
302894,5,44.51,170.00,
302894,2,11.28,17.00,
302894,4,188.32,557.40,
302894,9,165.38,1079.37,
302895,4,18.40,63.83,
302895,4,112.81,425.16,
302895,2,131.21,241.84,
302895,5,13.39,61.57,
302895,3,489.09,1326.34,
302895,4,12.19,42.04,
302895,7,383.04,2365.56,
302895,1,11.75,10.48,
302896,3,141.97,327.38,
302896,4,13.46,38.06,
302896,3,47.84,106.42,
302896,6,13.70,62.80,
302896,6,184.62,879.80,
302896,1,122.36,96.81,
302896,4,121.04,333.90,
302899,3,222.02,628.76,
302899,5,80.70,353.89,
302899,6,125.80,659.47,
302899,4,118.47,440.12,
302899,3,141.36,392.09,
302899,2,316.58,607.76,
302899,2,344.93,624.51,
302899,3,17.64,45.30,
302900,3,231.36,550.46,
302900,3,96.86,216.32,
302900,5,107.62,411.21,
302900,2,44.15,67.08,
302900,3,58.01,135.38,
302900,3,254.64,642.61,
302900,3,90.05,222.77,
302900,4,79.29,271.82,
302901,1,544.17,438.15,
302901,7,138.78,643.23,
302901,6,162.62,695.79,
302901,2,7.34,10.45,
302901,2,459.51,657.67,
302901,7,450.24,2483.17,
302902,4,459.48,1337.74,
302902,7,137.94,706.85,
302902,3,189.55,441.00,
302902,5,293.90,1142.84,
302902,1,177.94,131.34,
302902,3,11.46,26.63,
302902,2,287.91,428.42,
302902,3,32.27,77.41,
302902,6,7.45,34.01,
302902,3,440.16,944.98,
302902,3,82.03,179.56,
302903,4,19.08,61.71,
302903,3,7.90,19.17,
302903,3,142.43,322.72,
302903,5,19.71,78.22,
302903,6,313.43,1313.57,
302903,6,85.72,405.90,
302903,3,24.98,62.57,
302903,4,89.95,273.02,
302904,3,536.01,1214.98,
302904,2,178.46,283.53,
302904,4,447.72,1299.44,
302904,5,105.60,403.86,
302904,6,35.94,154.63,
302907,6,504.39,2232.01,
302907,3,127.51,275.15,
302907,3,218.64,495.57,
302907,2,261.60,411.26,
302907,4,139.84,431.80,
302910,3,8.68,21.49,
302910,5,147.29,516.39,
302910,3,71.75,166.32,
302910,5,296.42,1135.93,
302910,1,78.34,58.70,
302911,4,63.87,239.68,
302911,7,234.96,1505.16,
302911,3,86.69,204.46,
302911,6,407.40,2228.39,
302911,3,12.80,34.84,
302911,3,12.63,35.41,
302911,3,34.75,91.80,
302911,1,110.45,90.66,
302911,5,184.27,839.93,
302912,5,80.62,363.75,
302912,5,11.50,51.45,
302912,8,175.47,1332.46,
302913,4,113.04,380.97,
302913,3,8.62,21.77,
302913,2,87.17,123.01,
302913,3,11.40,27.60,
302913,3,199.67,485.57,
302913,3,16.78,39.06,
302913,4,144.54,485.82,
302913,4,11.91,38.48,
302913,6,108.56,470.11,
302913,3,41.09,106.12,
302915,6,125.80,643.15,
302915,5,222.72,858.40,
302915,4,25.70,83.71,
302915,5,142.69,583.40,
302915,3,33.23,82.55,
302915,3,122.37,308.65,
302915,5,76.07,302.32,
302915,5,40.50,161.52,
302915,1,7.70,5.71,
302915,5,102.43,440.20,
302917,3,89.47,221.29,
302917,4,159.46,562.88,
302917,4,161.73,578.12,
302917,8,30.49,222.10,
302923,2,455.70,816.39,
302923,7,13.14,77.67,
302923,4,184.27,621.91,
302923,6,7.57,38.98,
302923,4,163.55,586.14,
302923,3,229.68,612.07,
302923,7,63.75,404.36,
302923,3,13.70,35.94,
302923,4,192.54,680.19,
302924,6,336.11,1629.71,
302924,2,206.03,343.93,
302924,3,204.59,502.53,
302924,2,7.93,11.87,
302924,4,154.43,520.42,
302925,8,393.96,2487.56,
302925,6,293.58,1410.89,
302925,3,191.27,426.92,
302925,2,29.90,47.03,
302925,5,8.19,30.35,
302927,4,341.78,1144.51,
302927,2,262.80,465.26,
302927,3,7.25,19.03,
302927,2,147.74,264.41,
302927,3,128.57,347.62,
302927,2,73.32,127.27,
302928,4,17.73,53.30,
302928,8,539.58,3236.43,
302928,3,19.64,46.65,
302928,3,179.52,367.59,
302928,2,111.98,176.42,
302928,2,79.13,120.19,
302928,7,489.09,2697.90,
302928,5,162.94,650.72,
302928,3,8.40,19.36,
302928,1,79.29,64.11,
302933,6,7.90,44.01,
302933,6,385.98,2106.45,
302933,6,17.66,95.49,
302933,5,111.86,518.90,
302933,6,299.57,1538.07,
302933,2,553.35,978.61,
302933,5,106.67,497.49,
302933,1,259.92,224.30,
302933,8,239.76,1775.10,
302933,3,125.79,353.95,
302934,1,12.09,9.28,
302934,6,34.75,167.00,
302934,4,72.69,222.14,
302934,6,121.19,536.81,
302934,2,167.55,252.42,
302934,4,24.55,71.19,
302934,3,25.49,61.32,
302934,3,105.31,241.31,
302934,2,100.51,154.18,
302935,3,25.49,64.75,
302935,5,403.62,1855.19,
302935,1,62.71,58.58,
302937,3,197.42,527.85,
302937,5,425.88,1976.00,
302937,2,144.40,255.80,
302937,2,42.80,75.85,
302937,5,150.33,645.62,
302937,6,190.24,977.54,
302937,3,158.23,418.58,
302937,2,79.13,153.23,
302937,3,303.03,795.43,
302937,3,84.07,228.42,
302937,3,218.64,613.52,
302938,2,89.76,160.56,
302938,4,17.53,60.98,
302938,3,18.65,50.45,
302938,2,16.85,28.59,
302938,2,444.78,814.33,
302938,2,8.61,14.98,
302938,3,105.41,259.52,
302940,4,101.86,275.92,
302940,7,23.18,119.12,
302940,3,123.07,289.37,
302940,3,195.98,430.09,
302940,4,340.52,941.04,
302940,3,380.52,842.11,
302940,6,310.28,1370.42,
302942,5,114.93,498.32,
302942,4,417.90,1397.75,
302942,3,121.42,330.00,
302942,6,44.33,229.86,
302942,6,139.08,715.62,
302942,5,72.14,288.75,
302942,3,11.56,26.79,
302943,3,145.92,352.98,
302943,3,43.11,109.99,
302943,2,425.04,772.32,
302943,3,62.53,170.31,
302943,3,425.04,1041.13,
302947,5,92.26,341.86,
302947,4,72.61,221.47,
302947,3,40.55,93.64,
302947,2,162.18,266.31,
302947,4,112.57,357.85,
302947,4,45.18,138.04,
302947,6,18.67,88.01,
302947,4,22.85,71.39,
302949,3,58.32,153.10,
302949,2,504.90,848.37,
302949,4,8.33,28.19,
302949,6,16.43,83.60,
302949,2,140.84,247.20,
302949,4,82.35,303.94,
302949,4,208.90,732.18,
302949,5,138.60,578.12,
302949,5,89.28,406.02,
302949,3,7.82,19.94,
302949,6,127.09,667.28,
302952,4,82.90,298.65,
302952,3,535.50,1383.32,
302957,4,21.62,71.86,
302957,5,320.99,1372.57,
302957,4,245.28,817.03,
302957,3,30.29,82.59,
302957,4,136.09,467.00,
302957,3,329.49,815.27,
302957,2,55.27,97.06,
302960,5,7.44,28.97,
302960,4,89.28,270.99,
302960,4,187.78,581.04,
302960,6,58.32,270.53,
302960,2,135.96,208.97,
302962,2,34.35,54.18,
302962,6,12.40,60.26,
302962,5,201.52,834.89,
302962,3,166.74,369.64,
302962,8,234.72,1636.74,
302962,6,8.48,44.43,
302963,4,211.36,668.14,
302963,2,8.14,12.89,
302963,2,124.25,198.03,
302963,2,172.13,252.65,
9302963,-2,8.14,-12.89,
302964,3,290.75,708.87,
302964,3,40.82,99.72,
302965,3,243.12,621.25,
302965,2,19.01,29.93,
302965,2,78.66,143.34,
302965,5,520.71,2163.73,
302965,2,417.06,715.47,
302965,5,41.31,185.15,
302965,2,123.82,224.85,
302966,4,129.36,487.38,
302966,8,35.31,249.05,
302966,4,45.09,159.27,
302966,1,75.75,71.73,
302966,5,185.68,799.10,
302966,6,73.24,357.48,
302967,4,129.10,400.83,
302967,5,7.20,27.51,
302967,5,34.65,140.52,
302967,5,303.66,1158.99,
302967,5,169.14,682.01,
302967,4,152.61,481.18,
302967,4,156.86,461.49,
302968,4,71.67,254.08,
302968,6,175.65,923.60,
302968,5,151.54,651.33,
302968,5,40.77,189.69,
302968,6,142.12,758.31,
302968,9,36.07,273.51,
302968,3,143.22,388.56,
302968,6,510.00,2553.27,
302968,5,55.39,247.37,
302968,4,235.20,806.08,
302968,8,13.25,92.27,
302968,1,542.64,427.43,
302968,5,106.67,466.11,
302968,4,422.94,1392.58,
302969,3,105.12,253.59,
302969,8,424.20,2686.93,
302969,4,187.99,589.02,
302969,4,336.74,1055.84,
302969,2,101.47,160.85,
302969,6,508.47,2608.84,
302969,6,136.62,662.56,
302969,3,21.86,51.01,
302969,3,162.18,389.93,
302970,4,401.94,1291.11,
302970,6,57.89,268.91,
302970,3,35.71,90.83,
302970,7,482.46,2763.36,
302970,4,48.74,171.83,
302970,3,292.01,704.50,
302970,4,13.28,44.40,
302970,3,70.89,168.78,
302970,3,161.27,388.90,
302970,5,146.22,593.23,
302970,7,23.30,114.85,
302972,4,43.11,159.73,
302972,3,209.10,528.03,
302972,3,89.57,227.43,
302972,4,7.42,27.17,
302972,3,316.26,867.04,
302972,2,100.32,177.71,
302972,4,343.35,1145.65,
302972,4,485.52,1627.37,
302972,2,127.56,232.52,
302972,5,152.46,716.50,
302975,2,140.84,190.61,
302975,1,158.99,116.16,
302975,2,24.84,40.39,
302975,3,165.44,361.39,
302975,7,188.14,934.86,
302975,4,108.09,333.58,
302975,2,128.50,205.11,
302975,5,8.26,31.08,
302975,3,12.48,26.92,
302975,3,7.41,14.53,
302975,3,16.34,35.49,
302975,3,77.01,173.24,
302975,5,40.91,146.89,
302975,5,465.63,1701.81,
302975,5,411.60,1530.25,
302976,3,123.19,311.75,
302976,3,239.28,577.90,
302976,3,33.33,77.02,
302976,4,13.28,41.93,
302976,5,7.96,34.20,
302976,5,59.72,239.78,
302976,4,210.33,706.47,
302979,2,264.00,478.80,
302979,3,128.04,338.86,
302979,8,7.42,56.48,
302979,5,55.14,233.90,
302979,4,22.49,80.80,
302979,5,178.46,837.49,
302979,8,95.33,675.60,
302979,2,126.98,226.41,
302979,6,200.70,1059.61,
302979,3,384.72,1008.33,
302979,5,514.08,2380.49,
302981,3,193.52,424.01,
302981,7,117.53,562.96,
302981,7,249.84,1340.65,
302983,2,23.71,41.75,
302983,5,331.38,1500.06,
302983,5,404.46,1874.87,
302983,3,57.52,163.69,
302983,5,11.73,44.31,
302983,9,108.21,854.95,
302984,5,18.67,76.79,
302984,5,46.80,176.58,
302984,3,542.64,1283.53,
302984,7,64.23,359.22,
302985,4,7.84,30.00,
302985,7,79.36,505.37,
302985,2,205.82,380.92,
302985,2,115.17,206.70,
302985,8,61.12,433.71,
302986,8,130.68,753.07,
302986,2,8.10,11.10,
302986,5,243.12,879.05,
302986,3,95.14,193.22,
302986,2,7.36,9.71,
302986,5,31.68,110.82,
302986,6,452.34,2007.24,
302986,4,113.40,353.23,
302986,4,106.79,322.98,
302987,6,17.64,72.18,
302987,3,121.54,274.01,
302987,4,13.20,41.33,
302987,4,13.18,41.40,
302987,7,25.20,132.35,
302987,4,17.60,55.93,
302987,3,130.02,289.86,
302987,4,72.14,217.29,
302987,7,11.43,60.14,
302990,6,58.50,269.01,
302990,3,515.61,1117.21,
302990,7,155.19,734.87,
302990,7,450.24,2546.83,
302990,5,7.62,28.84,
302990,4,418.32,1315.05,
302990,3,55.69,135.19,
302990,5,101.47,384.88,
302990,7,186.74,1065.01,
302990,4,22.03,64.24,
302990,4,137.10,411.39,
302991,4,31.09,114.78,
302991,3,156.56,406.11,
302991,5,149.87,678.66,
302991,4,47.21,166.07,
302991,5,12.71,57.74,
302991,6,33.59,172.43,
302991,4,227.76,766.35,
302992,6,158.93,802.20,
302992,2,290.75,528.48,
302992,3,78.97,172.67,
302992,4,160.86,538.38,
302993,5,430.92,1721.72,
302993,3,88.70,221.34,
302993,6,11.31,58.21,
302993,4,12.94,40.43,
302993,6,17.96,93.39,
302993,5,19.15,77.76,
302993,2,251.76,398.01,
302993,4,11.50,37.08,
302996,2,18.61,32.84,
302996,4,65.09,223.02,
302996,5,137.26,605.67,
302996,2,16.67,27.95,
302996,4,47.16,166.91,
302996,3,486.54,1276.04,
302996,3,48.74,121.68,
302997,2,185.32,296.79,
302997,4,460.53,1543.25,
302997,4,235.68,838.14,
302997,2,47.84,78.45,
303005,2,7.26,11.96,
303005,3,87.36,200.35,
303005,5,495.21,1822.90,
303005,2,23.64,41.09,
303005,1,56.67,43.85,
303006,3,58.07,155.75,
303006,2,13.18,24.33,
303006,5,126.26,589.59,
303006,2,29.83,55.15,
303006,5,18.52,84.63,
303006,6,74.81,410.56,
303008,2,18.34,28.20,
303008,6,174.77,898.04,
303008,2,42.80,71.62,
303008,4,18.52,57.71,
303009,6,152.91,730.78,
303009,5,66.25,279.54,
303009,4,30.33,97.76,
303009,7,188.50,1083.30,
303009,5,12.93,52.52,
303009,3,125.40,317.95,
303009,3,149.87,350.97,
303011,2,126.06,193.19,
303011,4,191.84,677.74,
303015,4,8.32,28.66,
303015,5,8.20,36.73,
303015,1,109.27,90.19,
303015,5,8.70,36.98,
303015,6,32.14,158.19,
303015,4,391.02,1471.71,
303015,5,19.33,81.58,
303018,2,46.31,80.45,
303018,4,316.89,1126.93,
303018,2,212.38,396.37,
303021,4,291.06,981.07,
303021,7,7.46,48.32,
303021,3,25.90,71.18,
303021,5,136.62,596.22,
303021,3,35.44,92.00,
303021,1,241.68,204.74,
303021,4,190.43,624.79,
303021,2,19.01,30.58,
303021,8,8.16,60.37,
303021,5,92.06,429.58,
303022,3,7.22,19.95,
303022,7,26.26,166.00,
303022,5,22.15,101.98,
303022,7,287.91,1825.39,
303027,1,8.47,6.65,
303027,4,88.22,288.39,
303027,3,255.60,605.31,
303027,5,187.37,733.17,
303027,3,30.56,74.24,
303027,3,8.76,19.70,
303027,6,330.75,1593.98,
303028,4,7.61,27.15,
303028,4,135.04,498.57,
303028,6,127.44,713.70,
303028,3,16.47,43.77,
303031,2,159.81,291.32,
303031,5,24.48,108.04,
303036,8,78.50,518.75,
303036,2,194.34,309.64,
303036,5,13.10,55.95,
303036,5,98.59,405.61,
303037,7,145.01,824.63,
303037,1,41.72,33.73,
303037,2,110.68,193.92,
303037,2,82.43,131.04,
303037,4,79.91,292.72,
303037,6,71.75,345.76,
303039,5,12.59,52.24,
303039,5,90.91,326.55,
303039,5,408.24,1578.01,
303039,7,149.42,710.97,
303039,3,129.33,281.37,
303039,3,125.93,292.37,
303039,4,145.46,451.98,
303039,6,405.72,1776.47,
303042,4,150.02,585.02,
303042,3,158.23,442.22,
303042,5,17.98,86.54,
303042,6,424.62,2181.40,
303042,2,149.42,272.96,
303042,2,158.40,297.70,
303044,2,138.07,206.80,
303044,4,101.28,287.25,
303044,4,126.02,348.52,
303044,4,155.65,489.67,
303044,4,225.36,721.04,
303044,4,35.44,110.88,
303044,6,26.26,125.51,
303044,8,194.96,1150.96,
303044,3,120.25,264.19,
303044,2,80.62,126.68,
303045,3,540.09,1378.59,
303045,2,411.60,703.72,
303045,3,40.95,107.39,
303046,6,23.76,130.89,
303046,4,414.54,1487.16,
303046,2,143.49,256.95,
303046,3,77.40,216.81,
303046,3,140.75,387.52,
303046,6,60.94,325.32,
303046,3,314.69,815.54,
303048,2,100.99,159.47,
303048,3,90.43,227.43,
303049,6,161.27,811.34,
303049,4,32.64,116.96,
303049,4,48.11,173.07,
303049,6,21.67,114.14,
303049,4,409.92,1413.90,
303049,5,189.01,868.81,
303049,2,168.96,326.94,
303049,2,7.76,14.67,
303050,2,99.46,172.42,
303050,6,34.52,156.69,
303050,3,159.28,371.91,
303050,5,18.97,78.04,
303050,4,186.56,591.79,
303050,4,12.39,40.97,
303051,2,176.88,282.77,
303051,5,492.15,2129.30,
303051,4,242.64,800.63,
303052,3,545.19,1327.35,
303052,5,394.80,1589.21,
303052,4,229.92,699.73,
303052,5,425.46,1867.06,
303052,3,555.39,1378.18,
303052,2,26.26,40.54,
303052,6,7.42,34.16,
303052,3,432.60,1151.20,
303052,1,11.75,10.10,
303052,6,7.98,37.58,
303053,5,261.60,1187.13,
303053,3,13.65,37.37,
303053,6,45.32,229.18,
303053,3,19.19,49.07,
303053,1,174.94,162.66,
303053,6,260.40,1339.10,
303058,1,391.86,304.80,
303058,3,148.96,348.90,
303058,5,16.60,76.50,
303058,5,33.99,132.89,
303058,4,11.90,42.53,
303058,4,388.50,1263.07,
303059,2,48.92,79.85,
303059,6,24.82,119.36,
303059,5,189.42,776.49,
303059,5,188.81,736.07,
303059,3,122.50,294.97,
303059,3,140.45,326.71,
303059,4,171.42,551.32,
303060,7,320.67,2001.44,
303060,3,187.99,532.50,
303060,3,24.86,63.14,
303060,7,302.72,1873.73,
303060,1,121.42,116.27,
303060,7,528.36,3115.37,
303060,2,163.10,295.39,
303060,4,220.32,758.80,
303060,4,67.04,230.68,
303060,8,159.10,1222.69,
303061,3,35.57,91.07,
303061,3,336.74,743.64,
303061,5,208.28,758.31,
303061,2,339.26,573.41,
303061,2,23.57,35.59,
303063,4,45.36,150.87,
303063,3,90.05,232.77,
303063,4,247.20,888.68,
303063,3,334.85,809.61,
303063,3,138.47,372.70,
303063,5,467.16,1990.64,
303063,6,12.69,60.97,
303064,4,11.51,41.97,
303064,3,190.86,546.37,
303064,2,126.50,231.69,
303064,5,104.16,485.55,
303064,7,179.87,1144.24,
303064,6,142.03,813.13,
303065,5,33.43,152.10,
303065,2,319.41,593.66,
303065,4,126.61,424.76,
303065,5,34.52,146.78,
303065,1,32.31,28.63,
303065,1,113.75,95.35,
303065,7,12.70,81.74,
303066,3,166.44,474.72,
303066,7,8.19,51.85,
303066,6,164.38,911.58,
303066,4,65.58,231.47,
303066,4,11.79,41.46,
303066,6,18.70,107.23,
303066,5,125.32,576.11,
303066,4,450.24,1599.16,
303066,7,459.51,2792.08,
303066,7,40.64,239.86,
303066,4,520.71,1817.33,
303066,9,181.98,1501.60,
303066,6,468.69,2444.74,
303067,7,155.04,830.59,
303067,6,34.85,159.58,
303067,6,438.06,1953.40,
303069,8,63.32,461.70,
303069,4,497.76,1834.33,
303069,3,450.66,1222.79,
303069,3,129.09,354.40,
303070,6,106.55,523.68,
303070,4,19.10,65.66,
303070,5,320.36,1368.75,
303070,5,108.56,461.96,
303070,4,239.76,847.08,
303070,1,141.97,121.65,
303070,6,56.43,296.57,
303070,5,187.58,806.43,
303071,3,129.68,361.46,
303071,3,145.46,409.81,
303073,4,140.32,431.70,
303073,5,84.00,314.82,
303073,5,46.89,185.46,
303073,3,12.11,26.67,
303073,2,557.94,886.61,
303073,4,11.40,35.54,
303073,3,7.85,18.37,
303073,5,142.27,501.43,
303074,5,34.19,130.45,
303074,6,87.36,408.14,
303074,1,144.54,111.13,
303074,4,548.76,1626.63,
303077,3,174.06,466.29,
303077,3,58.80,154.55,
303077,8,184.27,1214.05,
303077,7,550.29,3018.89,
303077,3,65.09,162.32,
303079,4,12.03,34.47,
303079,3,470.73,1051.92,
303079,3,324.14,716.45,
303079,2,16.27,25.36,
303079,4,43.38,129.11,
303079,4,87.94,273.03,
303079,4,111.27,352.95,
303079,1,446.88,336.34,
303079,3,7.65,17.54,
303079,3,455.70,1097.60,
303079,3,173.36,400.18,
303080,3,141.50,349.75,
303080,3,547.23,1377.47,
303080,9,135.04,952.05,
303080,6,17.84,84.85,
303080,4,31.85,96.14,
303080,4,430.50,1392.96,
303080,5,46.13,188.47,
303082,5,330.44,1269.89,
303082,10,65.09,510.26,
303082,3,40.91,86.24,
303082,3,137.94,318.68,
303082,5,34.72,135.74,
303083,6,105.22,539.43,
303083,3,30.89,72.36,
303083,2,229.68,367.04,
303083,4,99.74,292.02,
303083,6,45.90,215.79,
303083,4,81.48,263.10,
303083,3,33.43,78.58,
303083,5,56.67,221.89,
303083,7,179.34,1031.92,
303084,2,218.33,400.03,
303084,5,17.59,75.93,
303084,5,164.01,734.01,
303084,3,45.41,120.19,
303084,5,16.27,70.42,
303084,5,544.68,2274.37,
303084,9,163.86,1307.72,
303084,6,303.03,1651.92,
303086,4,31.68,111.17,
303086,3,127.56,350.09,
303086,9,177.06,1375.70,
303086,6,117.06,676.86,
303086,5,536.52,2357.36,
303086,2,55.14,98.55,
303086,7,36.23,223.21,
303086,4,297.36,1051.08,
303086,1,163.86,158.15,
303086,2,197.83,354.83,
303086,4,116.47,400.86,
303086,3,46.44,128.02,
303086,3,305.87,849.88,
303086,1,30.56,28.76,
303086,3,283.82,814.99,
303088,6,8.10,44.57,
303088,7,8.06,51.41,
303088,7,7.24,48.08,
303088,2,446.88,816.88,
303088,3,224.07,631.29,
303089,4,74.42,268.43,
303089,2,61.43,111.81,
303089,8,197.62,1377.76,
303089,4,131.08,477.91,
303089,5,178.64,821.50,
303089,6,8.20,42.58,
303089,3,194.34,495.53,
303089,5,47.79,224.50,
303089,2,92.06,163.32,
303089,3,153.06,421.23,
303089,7,8.62,50.87,
303092,2,74.58,130.01,
303092,3,121.07,319.59,
303092,7,153.98,977.73,
303092,2,67.04,118.08,
303092,5,55.27,251.24,
303092,4,11.33,39.36,
303094,4,84.00,292.84,
303094,3,83.13,210.56,
303094,6,444.78,2228.03,
303094,4,206.44,673.20,
303096,5,238.08,962.72,
303096,5,71.51,291.77,
303096,4,115.40,395.07,
303096,3,403.62,948.79,
303096,6,31.05,154.66,
303096,8,46.89,320.71,
303096,8,342.09,2369.57,
303098,4,83.37,247.44,
303098,3,115.29,284.05,
303098,5,78.74,304.78,
303098,4,136.09,430.96,
303098,5,79.91,310.18,
303098,6,11.78,58.67,
303098,4,24.98,72.41,
303098,6,7.58,38.72,
303098,4,58.62,194.81,
303098,6,17.80,81.17,
303098,3,29.96,67.00,
303098,5,155.50,577.37,
303098,5,194.34,766.22,
303098,4,538.05,1765.52,
303098,5,8.55,34.43,
303099,1,396.90,354.67,
303099,6,83.21,435.75,
303099,4,64.84,232.46,
303099,4,532.44,1953.19,
303099,3,25.82,65.79,
303099,6,47.39,269.85,
303099,3,140.18,382.06,
303099,7,158.58,1015.12,
303099,2,489.09,837.99,
303101,5,456.96,2116.46,
303101,1,126.14,113.57,
303101,4,7.44,28.01,
303101,2,94.27,161.56,
303101,3,170.54,486.23,
303101,3,12.21,31.42,
303101,4,224.88,853.51,
303104,3,7.94,21.49,
303104,4,45.59,165.32,
303104,6,82.43,443.42,
303104,5,23.71,107.83,
303104,4,180.40,647.74,
303104,2,61.43,107.76,
303104,4,219.60,786.60,
303104,5,331.38,1508.15,
303104,4,42.03,148.58,
303104,4,132.79,444.75,
303106,7,64.05,368.52,
303106,5,17.33,66.11,
303106,4,436.38,1495.07,
303106,2,12.55,20.61,
303106,3,525.30,1305.33,
303106,3,514.59,1158.64,
303106,6,216.24,1003.57,
303109,4,61.00,170.23,
303109,3,143.22,309.32,
303109,4,225.12,717.69,
303109,4,72.93,221.39,
303109,4,537.54,1667.70,
303109,3,103.87,214.24,
303109,2,24.05,34.53,
303109,7,238.56,1272.01,
303109,5,181.10,659.12,
303109,7,70.73,409.34,
303109,4,35.21,108.39,
303109,4,148.50,427.61,
303113,5,35.87,145.89,
303113,8,559.98,3990.02,
303117,3,82.97,176.74,
303117,4,48.29,149.08,
303117,3,96.96,229.75,
303117,4,138.47,424.55,
303117,5,128.30,440.56,
303117,2,218.16,324.31,
303117,3,80.15,191.03,
303117,5,123.78,461.38,
303120,2,33.17,57.09,
303120,4,85.33,304.99,
303120,5,182.51,833.45,
303120,4,257.28,936.96,
303120,6,64.54,350.04,
303120,4,13.24,47.67,
303121,2,425.46,678.87,
303121,4,64.60,185.88,
303121,5,12.94,47.72,
303121,8,454.44,2630.18,
303121,3,77.32,170.74,
303121,5,7.44,28.66,
303121,6,138.34,604.62,
303121,2,225.09,337.17,
303121,3,47.25,97.98,
303121,5,29.77,112.96,
303121,6,71.98,320.01,
303124,2,43.29,67.10,
303124,3,17.12,42.29,
303124,2,44.10,71.39,
303124,6,193.42,945.51,
303126,6,91.68,506.39,
303126,2,12.73,21.03,
303126,2,31.58,52.06,
303126,5,64.72,284.14,
303126,6,126.14,635.52,
303126,5,23.64,98.05,
303126,4,213.20,714.70,
303126,1,18.11,15.93,
303126,3,66.61,160.67,
303127,10,108.56,856.31,
303127,4,256.80,817.62,
303127,4,63.07,201.52,
303127,2,8.44,13.51,
303127,4,100.32,344.74,
303128,4,7.71,30.43,
303128,3,114.22,299.07,
303128,4,65.88,238.13,
303128,3,160.36,421.70,
303128,4,192.72,738.56,
303128,5,186.56,902.83,
303129,6,46.67,246.27,
303129,5,8.74,37.82,
303129,4,34.55,127.38,
303129,7,161.73,968.07,
303129,6,47.88,256.61,
303129,2,146.83,264.75,
303131,5,11.73,52.02,
303131,4,534.48,1975.27,
303131,1,420.42,376.93,
303131,4,87.26,305.97,
303132,7,131.74,772.95,
303132,5,141.11,623.53,
303132,6,33.20,178.26,
303132,2,405.30,807.98,
303132,5,193.52,865.42,
303132,5,199.47,862.72,
303133,3,223.92,594.51,
303133,3,18.00,52.34,
303133,4,22.68,77.89,
303133,8,115.64,822.97,
303133,6,46.44,257.23,
303133,5,35.41,156.03,
303133,6,156.10,895.61,
303133,3,46.04,124.82,
303133,2,338.63,623.51,
303133,5,260.40,1236.30,
303133,4,23.02,84.87,
303133,6,124.37,685.36,
303133,8,162.79,1187.35,
303134,4,339.89,1246.50,
303134,4,224.16,787.01,
303134,4,71.91,272.23,
303134,5,141.66,690.47,
303135,3,115.52,311.21,
303135,5,238.56,1102.32,
303135,1,502.86,489.47,
303135,5,301.77,1405.31,
303135,5,171.78,778.88,
303135,4,24.34,89.22,
303135,6,45.27,239.32,
303137,2,166.50,280.66,
303137,5,22.92,87.18,
303137,4,186.38,626.17,
303137,6,43.79,224.05,
303137,4,77.48,250.55,
303137,4,421.26,1364.30,
303137,3,166.74,405.93,
303143,5,345.56,1238.96,
303143,4,157.02,453.52,
303143,2,240.48,348.81,
303143,3,510.00,1219.98,
303143,4,410.76,1303.30,
303143,7,175.12,968.19,
303145,3,123.95,320.65,
303145,3,157.47,444.52,
303145,6,23.40,125.83,
303145,5,36.23,157.87,
303145,3,118.93,303.17,
303145,7,100.80,652.53,
303145,6,227.76,1240.73,
303145,3,16.22,44.58,
303147,5,336.11,1384.25,
303147,4,554.88,1762.21,
303147,5,188.50,724.20,
303147,4,155.34,538.58,
303147,2,151.70,223.42,
303147,2,78.89,130.05,
303149,1,25.37,22.24,
303149,4,124.49,434.31,
303149,4,153.98,526.66,
303149,4,237.60,891.02,
303149,6,16.36,91.02,
303149,3,160.66,417.55,
303149,6,13.55,73.39,
303151,2,302.72,504.83,
303151,6,88.22,407.07,
303151,4,7.54,24.41,
303151,3,525.30,1254.00,
303151,3,106.55,266.26,
303151,2,58.87,93.77,
303151,5,65.82,275.21,
303151,4,16.83,53.46,
303151,6,25.37,118.88,
303151,6,8.54,42.04,
303153,7,162.49,1000.17,
303153,5,116.94,527.07,
303153,4,78.26,279.19,
303153,6,157.02,878.23,
303153,3,118.24,288.83,
303153,2,554.37,1003.36,
303153,6,86.35,469.13,
303153,4,197.83,739.46,
303153,2,23.14,42.38,
303153,2,207.26,375.95,
303155,6,61.31,322.04,
303155,4,47.84,165.92,
303155,5,548.25,2423.40,
303155,6,539.07,3084.92,
303155,7,41.72,246.50,
303155,6,71.67,394.91,
303157,2,220.56,408.10,
303157,8,141.24,993.78,
303157,2,112.57,198.28,
303157,5,117.65,501.25,
303157,4,32.44,110.45,
303157,2,127.91,232.21,
303157,5,225.36,1027.57,
303157,5,134.51,631.16,
303157,1,33.99,31.22,
303159,1,185.50,156.27,
303159,3,7.62,19.53,
303159,4,11.53,39.52,
303159,4,8.26,28.08,
303159,2,532.95,937.51,
303159,3,230.88,616.06,
303159,3,189.63,466.21,
303159,2,11.98,20.98,
303159,6,185.68,914.92,
303159,7,58.13,375.96,
303159,4,231.12,799.41,
303160,5,11.73,53.44,
303160,4,17.24,61.66,
303160,6,319.10,1677.75,
303160,5,505.92,2166.63,
303160,5,91.39,411.86,
303160,6,44.78,244.57,
303160,6,165.83,858.95,
303160,4,163.33,617.50,
303161,3,48.74,130.32,
303161,5,482.97,2016.79,
303161,4,194.55,640.65,
303161,6,383.88,1922.15,
303161,4,341.15,1136.65,
303161,4,244.56,826.30,
303161,3,432.60,1055.13,
303162,4,22.56,87.06,
303162,5,179.87,794.56,
303162,5,512.55,2303.16,
303162,2,24.19,40.67,
303168,1,83.21,61.55,
303168,4,13.31,40.24,
303168,4,19.44,61.06,
303168,3,302.09,714.96,
303168,4,22.15,63.81,
303168,6,141.21,675.03,
303168,3,115.05,276.14,
303168,3,31.35,71.33,
303168,5,12.49,50.18,
303168,3,17.26,40.00,
303169,4,8.20,23.35,
303169,3,44.19,95.28,
303169,4,62.10,180.82,
303169,1,8.22,6.56,
303169,3,11.83,23.69,
303169,5,130.15,446.48,
303170,2,159.75,235.33,
303170,3,58.01,132.60,
303170,4,17.44,55.10,
303171,5,7.93,33.07,
303171,1,113.99,98.51,
303171,5,165.44,727.63,
303171,3,19.76,51.46,
303171,1,325.08,291.11,
303173,1,158.08,146.70,
303173,3,140.45,369.47,
303173,4,71.98,252.53,
303173,2,79.21,143.70,
303173,6,145.46,794.71,
303173,2,7.77,13.78,
303173,4,246.72,817.43,
303173,5,88.90,393.62,
303173,5,34.62,164.97,
303173,7,150.78,912.18,
303173,6,525.30,2754.92,
303173,3,22.80,58.98,
303173,5,13.26,52.58,
303173,4,58.01,208.46,
303174,6,175.30,815.62,
303174,6,514.08,2481.93,
303174,5,13.04,52.01,
303174,5,95.42,399.39,
303174,5,127.25,521.28,
303174,8,47.34,302.95,
303175,3,63.07,151.11,
303175,2,60.45,105.26,
303175,5,103.10,429.01,
303175,4,59.48,209.06,
303175,4,159.14,563.34,
303175,6,17.62,87.11,
303175,2,8.66,15.90,
303175,2,104.35,167.05,
303177,7,7.82,48.95,
303177,5,29.90,144.69,
303177,5,158.08,653.91,
303177,3,12.89,35.27,
303177,2,11.95,21.90,
303177,6,21.65,114.43,
303177,3,196.60,524.14,
303177,3,32.01,89.99,
303177,12,141.66,1546.33,
303178,3,43.97,117.58,
303178,7,302.40,1753.99,
303178,6,229.20,1142.35,
303178,3,378.42,948.81,
303179,4,19.64,61.08,
303179,6,125.53,527.83,
303179,5,12.53,50.21,
303179,3,159.14,358.62,
303179,3,8.23,17.84,
303179,5,117.76,428.82,
303179,3,23.62,52.29,
303179,4,214.23,613.34,
303179,3,304.61,611.80,
303179,3,186.38,470.53,
303179,3,22.87,53.61,
303183,5,82.58,394.26,
303183,4,222.02,809.04,
303183,5,237.84,1056.37,
303183,4,17.55,65.76,
303183,8,143.35,1058.25,
303183,2,223.86,413.30,
303186,4,224.27,777.30,
303186,3,104.06,270.75,
303186,6,303.35,1624.32,
303186,1,160.21,130.34,
303186,5,7.54,33.01,
303187,7,233.28,1527.62,
303187,6,32.51,175.92,
303187,4,61.12,225.73,
303187,5,44.96,199.45,
303187,3,226.32,632.69,
303187,4,13.50,49.24,
303187,4,132.53,441.52,
303187,3,325.71,919.48,
303188,2,25.06,39.38,
303188,10,8.69,69.27,
303188,5,199.47,742.36,
303188,4,307.44,909.06,
303188,5,7.62,28.16,
303188,2,7.83,11.54,
303188,4,95.90,290.43,
303188,4,474.30,1462.57,
303191,4,8.78,30.42,
303191,3,343.67,960.33,
303191,8,48.47,358.11,
303191,4,30.82,103.51,
303191,6,335.79,1734.92,
303191,2,411.60,736.72,
303191,1,161.04,136.76,
303191,5,500.31,2358.95,
303192,6,284.76,1448.70,
303192,5,203.57,856.64,
303192,5,218.16,805.16,
303192,5,19.75,79.99,
303192,3,12.61,30.59,
303192,6,162.34,786.28,
303192,2,244.08,395.29,
303192,7,221.76,1270.99,
303192,3,86.27,209.50,
303192,3,7.26,17.72,
303192,3,13.01,30.57,
303192,5,228.48,911.83,
303193,3,221.76,591.63,
303193,10,12.06,105.32,
303193,3,132.13,347.83,
303193,2,263.28,456.37,
303193,3,172.48,453.56,
303193,5,140.30,588.12,
303193,3,137.71,366.19,
303193,4,443.52,1636.78,
303193,4,223.04,777.47,
303194,6,221.20,1060.35,
303194,3,65.88,158.65,
303194,6,192.50,950.91,
303194,4,125.53,399.54,
303194,3,128.97,312.53,
303194,7,23.45,141.59,
303194,5,99.84,400.13,
303194,5,34.22,148.62,
303194,1,17.24,13.52,
303196,3,22.51,52.75,
303196,6,16.38,80.44,
303196,6,17.26,88.70,
303196,4,507.96,1786.07,
303196,4,160.36,549.52,
303196,4,59.66,213.07,
303198,3,41.54,115.65,
303198,2,291.06,547.13,
303198,2,16.45,30.29,
303198,3,234.96,632.54,
303198,4,228.72,866.86,
303198,6,109.03,594.80,
303198,5,139.54,649.50,
303198,4,294.21,1081.48,
303198,3,257.28,706.14,
303200,4,197.83,600.49,
303200,4,170.90,554.93,
303200,5,302.72,1268.52,
303200,1,115.76,94.81,
303200,4,147.44,467.19,
303200,2,311.54,510.81,
303200,7,49.14,290.17,
303201,4,24.34,78.76,
303201,11,343.04,3187.75,
303201,1,41.85,33.72,
303201,5,546.21,2388.75,
303202,2,193.11,352.03,
303202,3,328.23,891.33,
303202,5,407.82,1921.42,
303202,4,12.33,43.41,
303202,5,249.36,995.96,
303202,5,79.21,333.82,
303202,6,538.56,2765.26,
303203,4,8.62,30.61,
303203,6,537.54,2420.97,
303203,4,247.44,846.68,
303203,4,7.50,25.89,
303203,5,8.71,36.31,
303203,6,59.78,306.22,
303203,2,202.34,336.77,
303203,5,117.53,508.89,
303203,1,404.46,351.72,
303206,5,85.88,344.31,
303206,4,56.24,183.86,
303206,3,18.43,45.18,
303206,3,164.03,397.00,
303206,5,167.73,645.69,
303206,2,227.76,379.51,
303206,6,56.00,281.62,
303206,4,291.38,904.63,
303206,4,143.79,438.95,
303206,5,18.00,69.86,
303208,5,31.38,118.82,
303208,3,122.76,284.82,
303208,2,515.61,807.63,
303208,9,326.03,2195.08,
303208,2,165.68,254.32,
303208,3,439.32,897.92,
303208,2,388.50,579.68,
303208,5,189.01,703.22,
303208,5,29.77,117.06,
303208,3,56.30,135.99,
303209,5,11.45,50.27,
303209,4,223.66,776.20,
303209,3,456.54,1196.89,
303209,4,202.75,681.11,
303209,3,61.79,163.32,
303209,4,7.35,25.76,
303209,5,26.30,115.82,
303209,4,112.22,363.06,
303209,3,260.40,661.01,
303210,3,17.26,47.05,
303210,3,252.72,626.71,
303210,2,160.06,283.72,
303210,5,199.67,849.95,
303210,3,123.29,319.53,
303211,4,321.62,1027.43,
303211,2,56.91,86.09,
303211,6,219.12,1026.32,
303211,1,85.41,66.28,
303211,5,58.13,233.63,
303211,3,8.46,19.57,
303211,2,191.49,283.64,
303211,6,34.82,167.89,
303211,4,25.20,78.20,
303213,6,45.59,243.02,
303213,3,24.79,63.89,
303213,5,122.76,595.37,
9303213,-5,122.76,-595.37,
303223,6,241.68,1338.97,
303223,2,121.07,221.56,
303223,2,23.23,43.76,
303223,7,25.06,151.39,
303223,5,44.33,203.32,
303223,6,86.78,443.29,
303223,5,17.73,78.05,
303223,3,22.85,65.16,
303223,7,184.10,1191.86,
303223,3,95.71,273.87,
303226,4,63.75,196.63,
303226,5,114.93,514.65,
303226,2,441.84,769.78,
303226,3,333.59,801.70,
303226,4,49.37,162.09,
303226,3,57.95,156.72,
303226,7,490.62,2717.57,
303226,5,40.86,163.55,
303226,5,12.24,52.83,
303226,7,235.20,1352.95,
303226,6,546.72,2827.13,
303226,7,154.28,892.13,
303226,3,173.71,456.60,
303226,1,169.49,143.96,
303229,4,423.36,1504.56,
303229,4,128.30,442.72,
303229,6,199.26,1079.56,
303229,4,164.38,592.30,
303229,4,122.76,448.33,
303229,6,138.07,762.07,
303229,3,19.73,51.01,
303229,7,502.35,3194.07,
303229,2,176.18,304.89,
303229,5,128.44,542.55,
303229,2,134.64,247.67,
303229,3,190.08,477.40,
303229,5,82.43,347.09,
303231,3,42.30,105.16,
303231,3,62.77,150.56,
303231,4,12.34,39.78,
303231,5,62.71,261.16,
303231,8,234.96,1622.84,
303231,3,219.60,538.81,
303232,3,189.01,514.60,
303232,2,227.76,394.07,
303232,3,19.69,53.76,
303232,6,32.34,171.59,
303232,6,234.24,1281.80,
303232,5,486.03,2126.32,
303232,5,225.60,1063.91,
303232,5,326.66,1416.52,
303232,3,25.06,65.98,
303232,1,30.20,28.86,
303232,2,341.15,616.39,
303232,2,12.51,23.11,
303232,3,16.24,43.88,
303232,9,8.13,67.19,
303237,4,128.57,411.40,
303237,1,126.97,102.37,
303237,5,328.23,1324.67,
303237,6,433.86,1708.86,
303239,5,323.19,1374.43,
303239,5,163.86,699.45,
303243,5,407.82,1921.35,
303243,4,192.90,739.28,
303243,3,24.48,73.44,
303243,4,7.80,28.33,
303243,7,34.06,212.22,
303243,4,23.38,83.97,
303243,7,186.74,1221.20,
303243,3,128.70,357.14,
303243,2,30.23,49.85,
303243,5,35.87,166.42,
303243,5,184.62,806.37,
303243,5,7.58,35.78,
303243,3,91.49,245.15,
303243,3,499.29,1455.93,
303244,8,199.47,1355.19,
303244,3,11.50,23.81,
303245,5,18.99,81.24,
303245,4,196.39,655.92,
303245,3,203.57,468.75,
303246,3,74.97,214.24,
303246,4,32.01,112.57,
303246,4,214.02,782.37,
303246,4,13.55,51.56,
303246,3,388.08,1070.73,
303246,3,34.98,96.51,
303246,3,112.34,311.39,
303249,4,220.99,775.30,
303249,2,45.00,81.81,
303249,4,380.52,1252.56,
303249,4,84.86,280.15,
303249,5,461.58,2056.56,
303249,3,410.76,1061.68,
303249,2,139.92,226.63,
303250,3,78.81,197.71,
303250,7,168.61,984.70,
303250,4,226.32,782.11,
303250,9,8.42,66.52,
303250,6,125.55,670.98,
303250,3,72.46,204.23,
303251,5,161.12,697.41,
303251,5,84.07,325.81,
303251,2,11.58,21.30,
303252,4,17.80,62.20,
303252,5,144.54,629.70,
303252,2,220.56,385.81,
303252,6,31.91,170.46,
303252,3,24.22,61.87,
303252,8,12.23,84.13,
303252,6,8.70,49.77,
303252,6,187.26,899.08,
303253,3,294.21,816.37,
303253,2,417.90,755.83,
303253,6,59.41,303.96,
303253,4,8.74,29.36,
303257,5,90.14,379.29,
303257,3,56.73,138.69,
303257,4,93.12,288.10,
303258,4,8.78,31.33,
303258,4,18.22,61.19,
303258,4,24.84,88.81,
303258,5,94.46,403.71,
303258,4,8.00,28.62,
303258,3,330.75,890.84,
303259,5,138.47,587.11,
303259,5,102.05,386.91,
303265,3,17.98,41.60,
303265,5,508.98,1962.24,
303265,5,211.15,779.04,
303265,2,31.94,42.62,
303265,4,24.67,72.86,
303265,8,128.86,802.30,
303265,3,62.04,140.70,
303265,5,41.54,160.51,
303265,3,82.03,187.38,
303267,4,33.76,117.34,
303267,2,36.17,65.95,
303267,6,171.95,877.16,
303267,6,17.55,95.00,
303267,5,163.50,734.45,
303268,5,484.50,1946.99,
303268,3,417.06,983.69,
303268,4,79.29,257.22,
303268,9,141.36,1053.52,
303268,1,125.93,96.29,
303269,4,65.51,222.39,
303269,4,115.88,407.68,
303269,8,494.19,3457.71,
303269,6,164.16,779.73,
303269,2,451.08,771.67,
303269,5,258.24,1119.77,
303270,2,119.99,182.31,
303270,7,11.99,62.46,
303270,5,125.93,454.73,
303270,1,19.10,13.68,
303270,6,31.71,147.27,
303270,5,17.73,64.42,
303270,4,161.88,471.15,
303270,5,24.60,87.90,
303270,3,159.30,361.29,
303270,3,108.32,249.39,
303271,5,303.35,1253.70,
303271,5,33.46,137.08,
303271,4,406.14,1404.95,
303271,5,191.66,710.69,
303271,6,260.88,1157.35,
303272,4,47.93,169.99,
303272,4,414.96,1529.15,
303272,3,56.91,148.83,
303272,5,17.12,72.76,
303272,4,537.03,1873.02,
303272,4,16.36,54.77,
303272,7,424.20,2846.51,
303273,3,19.31,50.74,
303273,4,44.82,159.49,
303273,1,258.72,217.34,
303273,5,315.95,1342.23,
303273,3,219.56,513.89,
303273,4,149.26,521.82,
303276,5,217.71,923.66,
303276,1,225.12,196.17,
303277,3,404.04,866.79,
303277,4,166.14,513.90,
303277,2,203.77,303.88,
303277,5,96.58,362.02,
303277,5,126.97,469.27,
303277,5,127.25,504.24,
303277,1,13.70,10.32,
303277,4,22.44,69.85,
303277,2,222.00,343.88,
303278,4,218.16,779.58,
303278,2,451.50,778.19,
303278,4,225.36,737.74,
303278,5,135.04,543.13,
303279,4,19.40,69.82,
303279,5,381.78,1761.29,
303279,6,144.41,761.42,
303279,4,177.94,625.52,
303279,4,33.79,119.86,
303279,6,12.28,66.48,
303279,3,252.24,756.40,
303286,7,63.68,417.61,
303286,6,386.82,2092.05,
303289,6,300.51,1445.42,
303289,4,260.88,818.34,
303289,4,207.26,738.74,
303289,4,159.10,516.19,
303289,4,115.76,372.91,
303289,3,260.64,622.29,
303289,5,84.70,346.55,
303289,3,19.66,45.14,
303289,6,156.41,811.29,
303289,2,66.86,114.82,
303289,4,25.44,79.05,
303290,4,82.11,299.30,
303290,4,7.65,27.04,
303290,2,19.55,33.40,
303290,4,165.53,597.68,
303290,4,476.34,1786.47,
303290,3,16.97,47.38,
303292,3,159.14,446.98,
303292,3,248.40,720.54,
303292,4,12.54,47.26,
303292,3,48.74,132.71,
303292,5,319.73,1385.11,
303292,5,8.10,40.44,
303292,5,11.30,54.15,
303292,6,76.38,420.30,
303292,4,24.19,83.88,
303295,3,137.94,384.44,
303295,3,62.59,165.58,
303295,5,138.47,636.92,
303295,3,47.21,128.72,
303295,4,8.38,31.21,
303295,6,114.34,605.64,
303295,2,25.22,47.81,
303297,3,100.03,280.54,
303297,4,122.01,452.91,
303297,7,19.75,126.71,
303297,5,70.65,322.80,
303297,3,145.20,399.47,
303297,2,120.24,230.19,
303297,3,210.95,564.27,
303297,6,442.26,2554.35,
303297,4,207.67,782.42,
303297,2,301.46,571.78,
303298,5,121.57,489.20,
303298,4,7.62,23.51,
303298,5,8.50,36.35,
303298,3,249.36,576.39,
303298,4,13.30,42.23,
303298,6,319.10,1453.75,
303298,2,32.27,54.45,
303298,7,13.64,71.92,
303300,6,117.76,525.07,
303300,4,131.08,403.11,
303300,7,19.19,102.83,
303300,5,160.86,627.20,
303300,1,22.51,16.10,
303301,9,422.52,3183.08,
303301,1,184.62,157.99,
303301,4,63.20,212.07,
303301,8,7.84,53.61,
303301,4,43.79,148.00,
303303,6,141.64,637.67,
303303,4,59.29,193.69,
303305,4,34.98,118.23,
303305,8,340.83,2498.09,
303305,10,301.14,2731.57,
303305,3,47.12,119.68,
303305,3,24.84,68.20,
303305,4,116.47,404.06,
303305,6,80.38,415.55,
303305,3,140.84,366.92,
303305,4,78.50,243.16,
303309,3,201.11,489.83,
303309,3,56.30,144.63,
303309,2,66.31,111.50,
303309,3,214.64,546.19,
303309,5,96.67,434.60,
303309,2,344.61,576.86,
303309,4,199.26,664.98,
303311,6,8.03,33.93,
303311,3,152.46,334.27,
303311,3,414.12,845.71,
303311,4,30.95,85.27,
303311,6,193.11,808.11,
303311,4,115.76,343.52,
303311,2,56.30,83.32,
303311,2,17.35,22.88,
303313,6,91.49,411.98,
303313,2,106.55,162.52,
303313,2,106.44,164.29,
303313,7,487.05,2629.27,
303313,5,128.30,534.76,
303313,3,164.01,376.71,
303313,4,47.07,142.27,
303313,6,33.66,173.26,
303314,4,300.51,947.09,
303314,4,76.15,248.07,
303314,6,16.67,80.82,
303314,2,176.18,274.53,
303314,6,48.11,218.01,
303314,3,163.68,397.08,
303317,4,144.80,535.28,
303317,4,543.15,2060.72,
303317,4,159.14,555.16,
303317,4,16.63,59.91,
303317,5,152.30,721.23,
303317,3,522.75,1391.89,
303317,6,153.52,828.41,
303317,3,124.84,343.54,
303317,4,76.46,271.97,
303317,4,248.88,875.58,
303318,4,18.97,56.95,
303318,3,43.97,100.83,
303318,3,43.47,96.71,
303318,4,127.12,382.08,
303318,3,12.48,27.91,
303318,6,193.42,888.67,
303318,7,208.08,1043.47,
303318,3,17.62,38.42,
303318,7,8.58,44.69,
303318,5,33.07,131.85,
303318,5,78.42,296.73,
303320,5,30.06,117.74,
303320,2,178.29,261.24,
303320,3,12.53,29.20,
303320,3,243.36,544.34,
303320,5,120.48,452.41,
303322,6,238.80,1270.97,
303322,3,129.49,327.42,
303322,5,12.49,48.30,
303322,5,226.08,924.36,
303322,3,65.70,168.60,
303322,6,179.17,839.98,
303322,2,67.10,115.47,
303322,3,125.66,296.09,
303322,3,73.55,185.40,
303322,3,63.32,148.99,
303324,6,175.47,762.69,
303324,3,139.08,309.56,
303324,3,23.93,51.33,
303324,5,180.75,657.08,
303324,4,19.21,52.40,
303327,5,42.39,203.77,
303327,2,144.28,246.69,
303327,5,120.60,502.22,
303327,4,73.40,250.50,
303327,4,44.06,147.04,
303327,2,63.50,105.87,
303330,5,214.02,875.78,
303330,6,297.05,1409.27,
303330,6,294.53,1381.16,
303330,4,7.90,25.06,
303332,5,458.22,2003.46,
303332,2,248.40,452.18,
303332,4,89.57,301.19,
303332,4,13.10,46.11,
303332,6,449.82,2355.91,
303337,7,141.50,864.76,
303337,5,13.11,55.63,
303337,3,165.38,428.81,
303337,7,217.68,1310.62,
303337,5,138.02,630.01,
303337,3,7.58,19.53,
303337,7,84.70,534.41,
303337,2,127.20,230.19,
303337,3,138.07,351.73,
303337,3,78.58,217.42,
303338,6,110.92,494.15,
303338,2,483.48,718.40,
303338,3,114.46,259.02,
303340,5,86.11,344.70,
303340,5,64.90,269.32,
303340,5,214.02,845.01,
303340,6,193.25,1018.23,
303342,4,7.32,24.94,
303342,2,49.10,93.04,
303342,3,183.22,486.61,
303342,6,163.25,846.46,
303342,8,98.69,685.15,
303342,3,60.94,169.27,
303342,3,46.40,127.03,
303344,4,215.05,692.33,
303344,7,284.76,1620.38,
303344,4,163.86,509.29,
303344,2,12.33,17.13,
303344,3,120.48,282.03,
303344,3,23.90,54.50,
303345,4,206.85,721.56,
303345,4,133.98,450.19,
303345,1,16.43,14.79,
303345,3,178.64,454.71,
303345,4,21.67,77.66,
303345,6,162.45,874.57,
303345,7,156.56,899.11,
303345,4,105.31,384.21,
303346,2,304.29,525.41,
303346,7,119.89,659.48,
303346,2,8.10,11.83,
303346,9,35.71,269.52,
303346,6,13.45,65.78,
303346,4,203.36,603.48,
303346,4,386.82,1195.30,
303347,3,417.48,1089.28,
303347,6,48.69,258.99,
303347,6,258.00,1256.50,
303347,5,89.18,373.37,
303347,4,79.91,278.84,
303347,2,338.63,585.27,
303347,4,207.87,663.17,
303348,3,554.37,1543.34,
303348,6,16.36,85.31,
303348,3,179.70,455.91,
303348,3,26.11,72.67,
303351,5,464.10,1735.82,
303351,5,129.89,512.16,
303351,4,93.50,285.92,
303353,5,230.16,1020.94,
303353,7,73.40,461.17,
303353,4,146.98,548.64,
303353,4,131.87,461.62,
303355,4,256.32,899.39,
303355,5,42.39,179.36,
303355,2,96.48,166.27,
303355,7,231.12,1433.45,
303356,2,157.78,293.36,
303356,5,343.98,1515.88,
303356,2,100.22,176.92,
303356,4,420.42,1510.12,
303356,4,42.08,160.13,
303358,4,320.04,927.06,
303358,6,99.26,439.15,
303358,4,529.89,1590.64,
303358,8,126.46,742.64,
303358,7,532.95,2628.30,
303358,6,215.46,883.29,
303358,5,61.06,242.43,
303358,2,36.10,53.72,
303359,3,124.25,337.16,
303359,3,86.78,221.43,
303359,2,222.96,384.96,
303359,3,526.32,1395.19,
303359,3,114.46,301.81,
303361,6,8.13,42.54,
303361,5,137.94,618.69,
303361,1,187.44,157.89,
303361,3,21.70,56.24,
303361,3,21.91,52.34,
303362,4,11.79,40.71,
303362,4,7.64,27.43,
303362,3,166.59,435.27,
303362,3,18.94,49.62,
303362,5,346.19,1473.35,
303362,6,164.46,861.74,
303362,4,115.52,405.43,
303364,4,223.45,797.17,
303364,4,203.98,755.71,
303364,5,63.68,276.90,
303364,5,80.23,357.43,
303364,8,155.19,1028.97,
303364,5,12.29,53.52,
303365,3,118.24,287.36,
303365,3,259.68,647.79,
303365,3,42.75,103.24,
303365,1,33.03,25.34,
303365,3,82.90,208.15,
303365,3,303.98,723.36,
303365,6,8.07,37.19,
303366,3,431.34,1077.19,
303366,5,147.90,618.78,
303366,3,78.81,207.59,
303366,5,60.02,233.26,
303366,5,34.25,137.80,
303366,7,16.54,98.28,
303366,5,140.75,571.86,
303366,5,395.64,1579.84,
303366,2,200.70,327.46,
303366,5,286.97,1234.02,
303368,4,113.52,401.18,
303368,3,168.61,410.37,
303368,2,113.16,200.05,
303368,6,49.01,259.00,
303368,1,7.65,6.28,
303368,4,47.21,158.01,
303369,3,227.76,554.73,
303369,9,231.12,1842.13,
303369,6,41.85,214.89,
303369,2,71.28,121.36,
303369,5,235.68,961.04,
303369,5,88.90,377.72,
303372,3,67.10,179.45,
303372,1,173.54,147.86,
303372,5,534.99,2338.94,
303372,3,177.41,454.27,
303372,8,64.17,451.06,
303372,7,221.52,1313.39,
303372,3,190.04,495.58,
303373,3,62.40,167.05,
303373,4,135.56,482.03,
303373,5,382.20,1614.83,
303373,4,515.61,1842.72,
303373,4,322.25,1151.89,
303373,3,301.14,740.80,
303375,3,253.44,607.18,
303375,4,8.48,27.97,
303375,5,12.35,52.22,
303375,2,218.12,346.32,
303375,5,138.07,631.26,
303375,5,155.80,661.40,
303375,5,101.09,421.74,
303375,4,145.62,512.39,
303378,5,100.32,452.83,
303378,3,538.56,1558.62,
303378,4,57.58,198.58,
303378,5,128.83,576.49,
303378,2,23.11,42.85,
303378,2,181.63,339.38,
303378,4,42.08,144.92,
303379,7,143.94,929.77,
303379,3,123.78,345.70,
303379,5,8.64,41.48,
303379,1,12.50,10.88,
303379,2,127.25,238.80,
303379,3,93.31,246.66,
303380,5,263.28,1180.51,
303380,3,139.13,357.77,
303380,5,8.15,34.98,
303380,3,165.44,428.96,
303380,5,25.49,107.61,
303380,4,112.57,357.86,
303380,3,16.61,40.62,
303380,4,411.60,1360.42,
303380,8,84.23,486.79,
303380,5,91.49,374.14,
303380,7,427.56,2592.00,
303380,5,71.83,281.03,
303380,4,24.89,80.74,
303385,7,108.09,578.74,
303385,4,81.48,273.17,
303385,5,499.80,2008.74,
303386,5,33.76,157.15,
303386,9,238.56,1800.01,
303386,6,139.08,748.67,
303386,3,40.77,113.77,
303389,4,134.38,482.63,
303389,2,427.98,784.98,
303389,3,35.15,92.32,
303389,1,8.22,7.43,
303389,2,78.26,136.80,
303390,3,12.34,33.17,
303390,4,186.14,700.30,
303390,2,42.44,77.75,
303390,4,382.62,1279.50,
303390,5,127.79,549.80,
303390,5,128.30,545.08,
303390,3,65.27,189.48,
303390,4,230.64,849.08,
303390,7,100.22,641.87,
303390,2,222.84,418.22,
303390,5,228.72,1001.27,
303391,4,163.70,575.68,
303391,5,130.42,533.20,
303391,6,13.48,66.60,
303391,3,58.87,151.39,
303391,4,410.34,1473.14,
303391,5,7.58,31.70,
303395,6,7.74,40.27,
303395,4,185.12,654.57,
303395,4,120.95,422.09,
303395,3,197.62,535.12,
303395,5,23.93,106.67,
303395,5,148.05,660.02,
303395,5,23.52,105.51,
303395,4,8.37,29.91,
303395,5,190.86,863.48,
303397,7,320.67,2102.27,
303397,4,48.24,169.55,
303397,6,159.81,855.83,
303397,3,91.10,263.80,
303397,2,8.51,15.91,
303397,9,71.98,573.09,
303397,8,41.76,302.92,
303397,5,165.62,790.71,
303397,4,288.86,1049.70,
303397,4,93.70,332.04,
303397,8,487.05,3482.73,
303397,3,12.64,35.42,
303397,7,121.57,765.15,
303397,4,64.42,237.75,
303397,4,58.13,201.80,
303398,4,63.01,238.02,
303398,3,309.02,820.50,
303398,2,74.03,127.42,
303398,2,142.16,256.77,
303398,3,197.42,538.12,
303399,3,124.61,312.09,
303399,5,42.98,182.09,
303399,5,205.82,902.03,
303399,3,459.51,1160.80,
303401,6,88.99,417.62,
303401,4,186.91,602.37,
303401,5,23.64,91.54,
303401,2,479.40,810.95,
303401,4,58.26,194.73,
303401,3,230.40,545.75,
303402,4,305.87,1074.40,
303402,5,45.27,182.83,
303402,2,30.69,52.94,
303402,3,7.81,19.99,
303402,4,127.51,425.18,
303402,4,109.74,359.99,
303402,2,147.44,239.65,
303402,5,142.73,587.96,
303404,6,314.37,1487.74,
303404,1,415.80,308.81,
303404,7,229.44,1312.38,
303404,2,56.06,92.97,
303406,3,16.29,35.00,
303406,7,170.54,938.76,
303406,7,97.82,561.93,
303406,4,80.62,228.49,
303406,5,96.38,367.26,
303408,2,113.28,192.12,
303408,6,92.45,469.16,
303408,5,161.57,766.58,
303408,5,8.43,39.24,
303408,4,61.49,205.44,
303408,3,423.36,1011.21,
303408,2,494.70,849.43,
303408,2,165.44,279.41,
303408,3,12.73,35.10,
303411,4,18.05,60.22,
303411,6,80.78,400.09,
303411,6,502.86,2756.39,
303411,3,426.72,1031.22,
303411,5,22.82,92.21,
303411,5,188.32,741.65,
303411,5,287.91,1216.45,
303411,5,126.98,517.25,
303411,6,166.67,809.62,
303411,3,16.25,41.88,
303411,2,60.63,104.89,
303411,4,8.23,30.39,
303411,2,200.29,325.66,
303411,5,56.36,234.58,
303415,3,7.55,18.83,
303415,5,25.37,107.89,
303415,4,44.78,152.00,
303415,5,61.37,268.53,
303415,6,191.84,1026.65,
303415,6,254.16,1351.47,
303415,4,561.00,1817.45,
303415,7,21.74,126.05,
303416,6,165.44,924.99,
303416,4,161.88,575.37,
303416,3,57.65,156.37,
303416,5,58.13,247.58,
303416,10,123.31,1049.82,
303416,5,493.68,2151.87,
303417,4,520.20,1806.36,
303417,7,552.84,3622.57,
303417,8,145.77,961.53,
303417,9,18.90,145.58,
303417,1,29.87,26.04,
303417,6,81.88,411.25,
303417,4,234.24,784.84,
303417,4,80.15,280.26,
303417,6,151.09,763.31,
303418,2,122.76,235.46,
303418,5,480.42,2123.08,
303418,6,107.97,570.53,
303418,4,34.85,125.76,
303418,4,136.22,499.90,
303418,3,12.89,35.54,
303424,2,108.21,197.66,
303424,4,493.68,1823.37,
303424,3,189.01,479.11,
303424,6,447.30,2376.41,
303424,1,121.42,111.89,
303424,4,25.85,103.40,
303424,8,237.84,1762.68,
303424,5,102.24,470.83,
303424,7,42.35,261.83,
303424,9,48.78,391.92,
303425,3,207.87,586.60,
303425,6,321.62,1700.34,
303425,4,25.22,97.48,
303425,3,19.78,54.58,
303425,4,8.50,30.98,
303425,4,78.58,290.99,
303425,3,19.78,54.44,
303425,1,195.16,169.06,
303430,2,113.63,176.76,
303430,2,455.70,756.59,
303430,8,16.69,108.92,
303430,2,80.07,125.68,
303430,3,441.84,1049.59,
303430,3,17.30,41.84,
303430,3,325.40,752.37,
303430,4,233.52,763.88,
303431,5,164.01,664.47,
303431,8,30.56,204.45,
303431,2,512.55,897.08,
303431,4,61.61,205.64,
303431,3,531.93,1317.83,
303431,5,133.85,564.55,
303431,3,421.68,1028.24,
303431,5,194.75,786.88,
303431,5,12.83,51.73,
303431,5,40.50,162.91,
303432,3,97.92,236.40,
303432,6,185.53,891.68,
303432,5,63.87,246.36,
303432,1,12.98,10.02,
303432,3,100.22,235.95,
303432,2,103.39,169.92,
303432,5,306.81,1304.22,
303432,5,17.96,71.73,
303432,2,7.44,12.34,
303432,6,19.66,91.18,
303432,5,29.93,125.37,
303432,4,443.10,1355.08,
303435,5,66.86,283.47,
303435,3,13.26,33.96,
303435,3,297.68,751.33,
303435,2,22.46,37.69,
303437,3,285.39,693.50,
303437,3,7.88,19.25,
303437,8,331.07,2079.48,
303437,2,24.60,38.83,
303437,4,197.21,698.08,
303437,4,29.90,97.92,
303440,3,60.51,170.20,
303440,3,11.90,33.27,
303440,5,286.34,1312.78,
303440,7,139.66,828.39,
303440,3,514.59,1394.77,
303440,3,83.76,228.58,
303442,3,57.16,129.59,
303442,3,18.85,43.52,
303442,3,201.31,488.19,
303442,2,55.08,95.86,
303442,7,8.08,48.33,
303442,8,254.64,1514.60,
303442,5,440.16,1645.34,
303442,3,57.65,135.57,
303442,4,160.82,536.41,
303442,2,251.28,410.77,
303443,3,23.04,51.78,
303443,5,214.84,852.02,
303443,8,35.77,239.59,
303443,4,125.43,381.03,
303443,5,25.75,100.61,
303443,1,241.68,190.47,
303443,4,17.23,51.36,
303444,4,190.26,729.35,
303444,3,95.90,270.64,
303444,4,164.31,622.41,
303444,2,49.10,87.34,
303447,7,19.44,119.83,
303447,3,109.74,287.07,
303447,3,8.00,19.08,
303447,3,218.12,591.71,
303447,3,522.75,1321.68,
303448,4,501.84,1599.37,
303448,7,206.64,1148.12,
303448,3,23.38,57.98,
303448,6,12.99,66.75,
303448,4,142.42,458.49,
303448,6,47.21,226.68,
303448,3,31.68,79.02,
303450,4,24.82,72.42,
303450,9,16.38,115.21,
303450,3,451.08,1035.36,
303450,2,7.82,13.03,
303450,6,12.79,62.24,
303450,3,97.63,227.35,
303450,5,23.50,88.15,
303450,8,17.14,116.17,
303450,3,438.06,1025.25,
303454,3,104.35,232.95,
303454,4,171.95,512.04,
303454,4,55.94,184.96,
303454,3,489.60,1138.03,
303454,2,32.04,51.67,
303454,6,222.24,1046.90,
303454,4,544.17,1758.88,
303455,7,136.09,847.25,
303455,5,126.59,532.87,
303455,3,26.04,66.28,
303455,8,100.51,734.21,
303455,6,100.99,536.09,
303456,4,386.40,1367.55,
303456,5,539.58,2383.45,
303456,3,23.83,57.74,
303456,4,48.74,179.35,
303456,1,499.80,419.31,
303456,3,18.36,48.20,
303456,4,72.93,262.13,
303456,5,324.77,1442.97,
303456,2,129.89,218.56,
303456,5,237.36,1055.22,
303456,7,30.29,183.15,
303456,5,187.58,805.65,
303456,5,80.23,337.56,
303457,3,81.56,220.06,
303457,4,23.95,83.96,
303457,6,159.14,897.90,
303457,7,48.87,302.92,
303457,2,60.70,112.73,
303457,5,326.34,1401.40,
303457,8,22.44,154.53,
303458,6,8.09,37.36,
303458,4,316.58,1080.22,
303458,1,338.31,270.89,
303458,6,477.36,2167.68,
303458,3,21.70,57.67,
303458,3,146.38,363.21,
303458,4,16.63,54.17,
303458,4,94.85,318.54,
303458,4,531.42,1663.34,
303458,5,19.55,79.77,
303459,8,248.64,1853.42,
303459,5,160.82,744.84,
303459,3,49.37,137.47,
303459,3,537.03,1430.73,
303459,4,122.10,477.48,
303459,3,384.30,1031.84,
303459,3,7.71,20.36,
303459,4,12.60,44.70,
303459,5,11.41,55.63,
303459,3,35.64,100.75,
303460,7,25.15,149.96,
303460,2,46.71,81.33,
303460,4,223.68,821.87,
303460,3,538.56,1439.81,
303460,3,160.69,421.71,
303460,3,12.08,33.82,
303460,5,468.69,2218.34,
303460,3,121.70,327.60,
303460,7,383.46,2574.49,
303460,6,143.62,814.45,
303462,4,18.34,67.94,
303462,5,8.69,40.87,
303462,6,380.94,1934.72,
303463,5,445.62,1737.49,
303463,4,94.27,315.61,
303463,4,58.44,201.09,
303464,5,11.95,50.73,
303464,5,22.42,99.82,
303464,4,407.82,1483.84,
303464,3,22.34,58.08,
303464,6,113.04,649.04,
303464,2,546.72,990.14,
303464,2,7.83,14.46,
303464,1,47.39,42.48,
303464,5,7.30,34.75,
303464,2,438.48,756.37,
303464,4,206.23,719.09,
303464,8,183.92,1346.79,
303464,2,129.76,243.95,
303464,2,32.97,58.35,
303464,3,62.53,168.00,
303466,4,33.79,130.91,
303466,3,141.90,381.25,
303466,4,100.80,341.24,
303466,2,165.09,287.33,
303466,3,158.69,431.85,
303466,6,12.56,62.22,
303470,3,12.65,34.86,
303470,4,554.37,1908.02,
303470,3,237.60,663.59,
303470,2,30.23,56.16,
303470,6,323.82,1662.86,
303470,4,186.55,654.55,
303470,2,161.22,276.78,
303470,5,126.59,584.41,
303470,5,200.70,839.78,
303471,3,163.86,456.04,
303471,2,110.09,184.72,
303471,1,62.16,53.00,
303471,3,133.32,342.77,
303471,4,42.26,150.98,
303471,2,12.05,21.39,
303471,3,84.70,230.90,
303471,4,22.10,75.42,
303474,4,231.60,664.29,
303474,3,193.73,444.63,
303474,3,82.50,185.07,
303474,4,122.10,361.35,
303474,7,309.65,1547.86,
303474,6,71.75,291.00,
303476,4,24.53,88.66,
303476,5,390.60,1703.81,
303476,2,13.04,21.94,
303476,4,288.86,1061.99,
303476,4,12.83,46.72,
303476,4,308.39,1155.11,
303476,4,183.39,658.53,
303476,4,288.86,1042.98,
303476,3,133.32,381.48,
303477,5,136.22,588.56,
303477,3,64.97,174.19,
303477,2,430.92,792.12,
303481,2,63.50,110.44,
303481,8,138.20,947.10,
303481,1,240.24,199.43,
303481,3,108.80,275.06,
303481,3,311.54,839.19,
303481,3,85.72,234.39,
303482,2,153.22,231.48,
303482,7,321.62,1728.52,
303482,5,31.85,131.52,
303482,6,12.28,55.55,
303482,5,58.07,227.01,
303484,4,181.98,639.16,
303484,6,162.79,901.08,
303484,6,31.25,168.59,
303484,3,65.88,172.96,
303485,4,397.74,1311.33,
303485,3,432.18,1086.86,
303485,5,13.11,56.03,
303485,7,286.34,1539.47,
303485,1,125.67,95.52,
303485,4,149.26,423.21,
303485,4,124.49,417.57,
303485,4,407.82,1359.28,
303485,4,41.22,128.72,
303486,3,233.76,566.37,
303486,6,211.97,988.18,
303489,6,17.39,92.68,
303489,1,13.35,12.06,
303489,2,196.19,369.66,
303489,5,561.00,2353.87,
303489,4,409.92,1510.52,
303489,5,186.74,832.96,
303492,3,60.94,149.82,
303492,5,252.00,944.67,
303492,8,60.27,406.19,
303492,2,25.61,45.44,
303492,6,22.63,112.85,
303492,5,65.82,264.64,
303492,3,18.63,49.62,
303492,8,25.61,152.61,
303492,6,137.26,639.67,
303492,5,100.80,407.45,
303492,4,8.37,24.96,
303493,5,79.91,366.15,
303493,3,225.36,653.03,
303493,5,250.56,1136.14,
303493,2,160.69,300.07,
303493,4,82.27,282.59,
303493,3,88.61,228.04,
303493,6,7.22,40.25,
303493,2,35.48,61.58,
303493,1,83.45,76.19,
303493,7,123.43,781.03,
303494,3,41.85,117.76,
303494,6,35.54,198.30,
303494,6,44.46,245.79,
303494,2,7.66,11.74,
303494,6,124.34,666.06,
303494,4,11.70,42.31,
303494,7,184.98,1253.84,
303495,6,8.16,44.16,
303495,2,164.91,310.54,
303497,6,88.51,447.81,
303497,4,17.05,63.64,
303497,5,19.12,89.01,
303497,3,158.54,438.13,
303497,4,441.84,1618.92,
303497,3,87.94,245.99,
303497,5,42.35,199.61,
303498,4,112.69,366.50,
303498,5,80.46,283.04,
303498,5,25.42,107.43,
303498,9,46.13,334.90,
303498,10,19.30,145.25,
303498,4,103.49,337.88,
303498,5,44.06,151.31,
303498,3,105.50,255.11,
303498,4,19.12,60.41,
303498,6,159.90,743.60,
303498,2,172.66,265.97,
303498,3,405.72,998.30,
303498,3,30.59,65.94,
303499,4,18.83,69.83,
303499,5,438.48,2020.27,
303499,5,126.98,568.96,
303499,6,19.24,101.74,
303499,3,45.63,120.78,
303502,5,189.20,682.09,
303502,8,338.94,1954.50,
303502,5,407.40,1427.87,
303502,5,88.32,300.35,
303502,4,318.78,980.08,
303502,1,309.96,227.57,
303502,8,465.12,2831.41,
303502,5,12.38,46.47,
303502,5,12.76,47.27,
303502,4,212.59,621.47,
303502,3,26.28,56.03,
303505,4,378.42,1206.12,
303505,5,31.52,122.00,
303506,2,483.48,852.41,
303506,7,99.94,583.69,
303506,7,24.62,144.52,
303506,7,78.66,500.00,
303506,3,42.08,114.15,
303507,5,12.31,51.19,
303507,4,125.27,460.63,
303507,2,110.57,198.21,
303507,5,198.44,934.90,
303507,4,120.60,440.92,
303507,2,7.95,14.60,
303507,4,539.07,1985.20,
303507,4,164.62,557.44,
303509,6,125.40,609.90,
303509,4,76.93,261.52,
303509,2,17.87,29.85,
303509,3,186.96,459.40,
303509,2,126.61,198.94,
303509,5,191.49,728.54,
303512,5,90.53,371.86,
303512,4,188.60,638.67,
303512,7,63.62,390.63,
303512,2,23.40,38.46,
303512,3,45.00,117.15,
303512,2,115.29,182.84,
303513,4,304.61,1017.58,
303513,3,144.55,359.14,
303513,4,73.71,254.45,
303513,6,35.77,180.00,
303513,2,392.70,686.47,
303513,3,225.30,568.05,
303513,6,89.57,487.46,
303513,6,309.02,1556.49,
303513,6,140.18,724.74,
303513,4,140.30,453.39,
303513,1,74.89,64.63,
303513,6,128.50,658.89,
303513,5,12.21,51.60,
303514,4,76.15,240.72,
303514,4,8.25,25.96,
303514,2,22.68,38.02,
303514,3,558.96,1344.73,
303514,2,32.90,53.63,
303514,6,515.61,2532.68,
303514,4,288.54,947.27,
303514,6,167.20,834.23,
303514,1,506.94,453.40,
303514,3,36.30,95.20,
303516,2,422.94,747.00,
303516,5,22.58,98.91,
303516,2,387.66,712.23,
303516,4,8.42,31.04,
303516,4,30.66,106.06,
303516,5,158.84,665.79,
303516,7,32.27,185.75,
303516,4,89.57,303.76,
303521,1,216.48,181.13,
303521,4,91.20,280.97,
303521,4,172.13,581.22,
303521,1,7.72,5.70,
303521,3,215.25,498.91,
303521,7,22.08,129.82,
303521,1,126.19,98.27,
303521,3,11.40,27.76,
303525,2,217.20,318.89,
303525,3,7.34,17.05,
303525,4,166.74,507.89,
303525,8,93.31,583.16,
303525,2,26.38,35.70,
303525,5,300.20,1171.98,
303525,2,545.19,850.62,
303525,3,17.32,37.57,
303525,6,121.57,587.89,
303526,3,121.19,291.19,
303526,4,31.48,93.15,
303526,5,486.03,1945.36,
303526,3,18.95,46.81,
303526,2,263.28,432.83,
303526,6,171.42,818.96,
303527,8,121.70,784.05,
303527,6,322.56,1544.31,
303528,5,85.96,326.58,
303528,2,34.95,52.00,
303528,1,24.98,20.29,
303528,6,252.48,1217.67,
303529,4,171.25,564.88,
303529,2,221.81,342.07,
303529,3,8.26,20.16,
303529,4,241.92,751.79,
303529,5,539.58,2160.38,
303531,4,189.22,593.70,
303531,4,8.61,25.85,
303531,1,25.08,20.21,
303531,2,24.24,38.88,
303531,2,221.52,345.44,
303531,6,286.97,1345.14,
303531,6,232.56,1028.89,
303531,9,40.77,267.08,
303532,4,92.26,330.34,
303532,6,263.28,1372.64,
303532,5,25.30,112.19,
303532,3,33.00,91.49,
303532,5,24.84,113.85,
303532,7,16.88,94.25,
303532,6,48.24,250.66,
303533,4,73.95,239.90,
303533,5,335.79,1275.53,
303533,2,184.98,291.45,
303533,3,154.28,356.60,
303533,4,284.45,829.79,
303535,3,8.36,22.25,
303535,8,24.89,174.38,
303535,4,126.19,440.20,
303535,2,161.73,283.69,
303535,3,189.90,480.81,
303535,7,143.34,836.34,
303535,2,116.94,219.75,
303535,7,17.12,108.69,
303535,5,108.09,473.53,
303536,4,121.18,388.53,
303536,5,78.19,309.77,
303536,6,253.44,1064.91,
303536,4,86.19,258.83,
303536,5,529.38,1996.30,
303536,2,8.74,12.85,
303536,3,89.95,206.74,
303540,4,45.41,150.00,
303540,2,31.15,50.87,
303540,5,23.09,94.25,
303540,5,7.62,30.84,
303540,4,46.62,158.39,
303540,5,235.92,1023.45,
303541,3,168.61,410.66,
303541,4,19.49,63.67,
303541,3,260.16,684.55,
303542,4,344.61,1087.43,
303542,4,21.77,70.83,
303542,4,186.76,621.74,
303542,5,47.16,200.82,
303546,3,121.19,303.13,
303546,4,45.72,155.20,
303546,4,8.28,26.26,
303551,4,444.78,1381.58,
303551,4,176.88,528.03,
303551,3,13.65,29.03,
303551,4,206.44,626.78,
303552,5,204.18,714.01,
303552,3,99.36,210.72,
303552,5,79.60,310.38,
303552,3,26.28,55.99,
303552,6,224.64,1019.65,
303552,4,166.29,515.83,
303552,6,178.11,768.60,
303552,4,236.64,697.98,
303553,3,24.22,66.67,
303553,1,60.15,55.52,
303553,4,116.58,418.62,
303553,2,145.46,255.59,
303553,4,106.20,364.65,
303553,2,7.45,13.48,
303553,4,226.56,834.85,
303553,4,252.00,930.66,
303553,2,288.86,553.04,
303553,5,17.62,81.40,
303553,3,12.39,32.49,
303553,4,118.59,425.55,
303553,6,44.33,239.27,
303554,4,336.74,1063.42,
303554,5,111.16,466.39,
303554,5,8.04,29.73,
303554,3,211.56,509.66,
303554,3,56.30,133.87,
303555,3,25.49,56.03,
303555,5,124.37,488.29,
303555,4,118.94,362.62,
303555,3,531.93,1170.83,
303555,5,121.42,456.31,
303555,3,42.21,98.57,
303560,7,73.63,397.01,
303560,2,140.75,232.15,
303560,4,22.49,73.39,
303560,3,127.91,316.75,
303560,4,84.62,280.04,
303560,5,13.64,55.67,
303560,4,142.03,475.38,
303560,3,12.85,30.55,
303562,5,81.33,347.66,
303562,3,93.02,261.48,
303562,1,179.52,162.12,
303562,6,337.37,1800.88,
303562,5,388.50,1812.96,
303562,6,139.52,702.89,
303562,3,543.15,1439.04,
303562,5,99.65,471.36,
303562,1,386.40,351.24,
303562,9,63.38,511.52,
303562,4,257.52,906.66,
303562,3,12.09,33.22,
303564,5,165.98,759.02,
303564,4,156.71,583.51,
303564,6,402.78,2179.10,
303564,5,125.55,579.38,
303564,6,7.52,40.90,
303564,6,343.35,1849.43,
303564,3,431.34,1097.35,
303564,5,19.08,84.77,
303564,3,32.74,96.61,
303564,6,179.34,937.45,
303565,4,184.98,610.46,
303565,6,109.86,580.85,
303565,2,78.03,136.61,
303565,1,475.32,412.17,
303569,4,30.20,102.64,
303569,7,203.77,1273.13,
303569,4,288.54,998.74,
303569,2,13.73,24.27,
303569,3,153.98,430.67,
303569,1,313.43,273.72,
303569,4,468.18,1547.89,
303569,7,78.03,467.31,
303569,5,7.68,34.85,
303571,7,314.69,1833.72,
303571,5,18.11,72.15,
303575,3,175.82,425.21,
303575,4,477.87,1633.16,
303575,4,492.15,1682.70,
303575,4,139.00,430.04,
303575,4,524.79,1787.73,
303575,5,13.48,56.17,
303575,2,104.83,174.56,
303575,1,199.67,157.30,
303577,5,286.97,1035.64,
303577,5,192.54,769.65,
303577,5,512.04,1986.90,
303577,4,164.92,486.99,
303577,4,143.49,405.35,
303577,3,31.05,64.86,
303578,5,42.12,185.27,
303578,4,105.02,377.12,
303578,4,8.61,30.39,
303578,1,12.50,10.72,
303578,7,319.10,1929.87,
303578,7,415.38,2576.26,
303578,5,544.68,2419.36,
303581,1,199.67,192.41,
303581,3,123.55,333.46,
303581,2,128.57,226.97,
303581,6,165.97,877.38,
303581,3,552.84,1446.25,
303581,3,114.70,316.38,
303582,6,204.59,968.78,
303582,3,205.62,513.73,
303582,6,65.27,290.51,
303582,3,125.27,257.38,
303582,4,201.93,564.42,
303582,5,25.66,87.84,
303582,2,80.23,119.58,
303582,4,387.24,1192.05,
303583,2,140.05,230.90,
303583,6,17.28,87.76,
303583,1,128.62,102.79,
303583,4,502.86,1567.86,
303583,8,476.85,3031.43,
303583,3,176.88,466.96,
303583,5,85.41,378.97,
303583,6,94.56,492.54,
303583,5,24.67,96.38,
303583,8,262.08,1763.78,
303585,1,57.89,51.62,
303585,5,98.40,422.58,
303585,3,134.64,349.98,
303585,5,73.79,307.53,
303585,7,56.73,334.72,
303585,4,55.57,195.40,
303585,3,112.34,281.67,
303585,4,256.80,929.08,
303586,8,246.48,1590.62,
303586,4,48.51,157.69,
303586,4,203.57,608.00,
303586,3,143.88,317.92,
303586,2,91.30,122.40,
303586,4,106.44,327.67,
303586,4,8.58,26.80,
303586,3,185.53,447.19,
303586,3,245.28,613.49,
303587,5,46.67,182.51,
303587,5,115.17,465.23,
303587,1,62.10,47.22,
303588,2,19.75,35.44,
303588,4,320.36,1202.15,
303588,5,30.36,145.11,
303590,4,126.02,450.57,
303590,2,113.63,187.74,
303590,5,179.34,850.49,
303590,8,248.16,1774.39,
303590,1,200.29,177.96,
303593,3,252.48,621.25,
303593,2,59.96,86.67,
303593,5,225.09,969.11,
303593,7,139.00,845.31,
303593,3,85.88,204.31,
303593,4,41.76,123.34,
303593,4,55.21,183.39,
303593,2,99.46,158.15,
303595,8,12.63,86.50,
303595,2,24.82,46.43,
303595,5,540.60,2336.05,
303595,5,48.78,223.56,
303595,4,66.43,236.49,
303595,5,383.46,1687.52,
303595,2,496.74,856.02,
303595,3,123.16,335.15,
303595,3,18.04,48.26,
303595,3,313.74,875.93,
303595,3,129.10,331.73,
303595,5,239.76,1120.05,
303598,8,25.32,139.15,
303598,7,79.36,397.13,
303598,3,320.04,704.74,
303598,4,31.42,92.95,
303598,8,295.79,1857.93,
303598,3,170.90,369.13,
303598,4,16.33,48.63,
303598,3,86.50,181.62,
303599,5,297.36,1175.74,
303599,2,252.96,439.68,
303599,6,216.72,1054.84,
303599,4,102.43,342.96,
303599,1,84.31,72.27,
303599,5,139.00,585.30,
303599,2,132.13,234.24,
303599,5,75.12,327.12,
303600,3,8.30,18.43,
303600,3,83.60,190.48,
303600,5,167.73,622.46,
303600,4,262.56,752.72,
303601,2,224.07,338.10,
303601,3,122.13,271.22,
303601,4,30.69,98.54,
303601,4,102.62,301.61,
303601,3,11.25,27.80,
303601,3,18.99,44.06,
303601,9,139.69,846.58,
303602,4,32.41,117.43,
303602,3,416.64,1139.50,
303602,4,12.88,47.73,
303602,4,64.48,234.65,
303603,4,109.15,374.42,
303603,7,12.75,76.61,
303603,5,36.27,152.15,
303603,2,84.62,142.21,
303603,3,542.64,1320.14,
303603,4,8.22,27.89,
303603,4,24.34,80.24,
303603,4,45.45,149.64,
303603,6,252.96,1125.64,
303603,4,214.64,682.36,
303603,5,61.79,255.90,
303603,4,24.43,80.13,
303603,2,66.73,112.55,
303603,3,141.66,370.07,
303603,3,83.76,195.69,
303604,1,94.85,84.90,
303604,6,344.93,1854.29,
303604,8,8.31,56.08,
303604,2,78.11,145.80,
303604,4,7.75,29.12,
303604,3,17.87,47.45,
303604,3,247.68,646.12,
303604,4,7.61,27.80,
303604,3,345.24,930.94,
303604,5,173.18,739.29,
303606,5,286.65,1013.15,
303606,4,522.24,1507.20,
303606,3,103.68,252.16,
303606,4,292.32,864.59,
303606,8,29.70,184.14,
303606,2,412.02,595.32,
303609,8,26.16,188.23,
303609,4,151.39,570.21,
303609,4,124.48,434.60,
303609,7,12.59,79.75,
303611,4,142.56,406.47,
303611,3,49.05,109.50,
303611,5,58.38,221.32,
303611,5,19.26,67.57,
303611,2,451.50,674.32,
303611,3,55.08,118.95,
303611,1,124.08,94.27,
303611,1,176.18,126.25,
303611,2,191.06,268.62,
303611,5,42.71,153.75,
303612,6,34.39,174.95,
303612,8,118.12,821.11,
303612,3,161.39,423.42,
303612,6,298.62,1607.49,
303612,5,22.01,104.34,
303612,4,340.20,1221.70,
303612,6,111.16,587.33,
303612,6,384.72,2079.23,
303612,6,257.52,1374.09,
303614,3,318.47,820.57,
303614,1,133.72,114.35,
303615,7,8.06,44.86,
303615,3,55.02,121.10,
303615,4,41.13,135.49,
303615,3,18.40,41.50,
303615,3,104.26,238.36,
303615,9,34.25,250.26,
303615,3,13.38,31.18,
303615,1,528.87,380.59,
303615,5,35.01,139.52,
303615,5,18.07,73.04,
303615,7,25.73,150.44,
303615,4,433.86,1370.01,
303615,2,16.24,24.73,
303615,4,19.57,59.10,
303615,5,8.23,32.24,
303617,4,33.83,120.20,
303617,6,540.60,2876.93,
303617,3,45.77,121.70,
303617,3,378.42,1030.33,
303620,4,164.56,582.42,
303620,3,22.80,62.05,
303620,4,46.31,163.32,
303620,4,22.63,74.67,
303620,2,167.20,285.65,
303620,2,41.45,73.98,
303620,4,312.80,1100.70,
303620,1,407.82,376.58,
303620,2,8.26,14.72,
303620,6,152.30,814.65,
303621,5,136.62,632.45,
303621,2,230.88,406.26,
303621,7,75.52,469.21,
303621,3,48.47,128.12,
303621,3,30.29,82.27,
303622,4,217.20,682.13,
303622,3,90.82,241.67,
303622,4,48.74,176.78,
303622,5,324.14,1275.41,
303622,3,60.63,151.08,
303624,4,160.51,501.55,
303624,4,8.49,25.90,
303624,2,260.88,397.38,
303624,8,490.11,2886.42,
303625,6,414.54,2182.87,
303625,1,66.67,59.81,
303625,7,7.76,47.12,
303625,3,24.00,58.05,
303625,4,13.16,42.97,
303625,6,17.96,89.29,
303625,3,556.41,1336.73,
303625,1,11.75,10.15,
303626,7,217.30,1386.15,
303626,5,304.29,1373.22,
303626,4,99.65,362.05,
303629,2,90.34,136.84,
303629,2,107.97,168.32,
303629,4,32.21,95.17,
303629,5,160.34,587.82,
303629,6,126.26,525.90,
303629,2,16.99,26.02,
303629,4,428.40,1269.96,
303629,3,155.34,372.05,
303629,4,21.67,68.30,
303630,6,381.36,1769.37,
303630,5,8.58,33.93,
303630,5,222.24,830.26,
303630,2,76.77,110.77,
303630,1,143.75,104.06,
303630,4,48.51,146.94,
303630,4,35.41,115.89,
303632,1,99.26,97.47,
303632,3,11.94,32.59,
303632,3,138.93,360.77,
303632,3,486.54,1299.12,
303632,6,64.84,319.93,
303632,7,114.22,733.59,
303632,6,236.16,1240.92,
303632,7,480.42,2880.46,
303632,3,13.60,37.03,
303632,3,7.44,21.05,
303633,3,262.08,642.30,
303633,5,302.09,1315.64,
303633,4,515.61,1794.57,
303635,4,106.44,391.85,
303635,4,139.92,475.75,
303635,6,129.23,710.81,
303635,4,260.64,923.85,
303635,5,24.89,105.51,
303635,4,58.74,201.62,
303635,3,34.16,92.28,
303635,5,333.27,1394.72,
303636,2,41.09,61.96,
303636,5,128.97,545.24,
303636,2,159.63,264.38,
303636,2,33.92,54.29,
303636,4,32.11,106.79,
303636,2,97.44,160.65,
303637,5,55.33,195.42,
303637,4,427.56,1374.77,
303637,5,119.20,440.59,
303637,3,244.56,586.74,
303637,2,208.90,313.45,
303637,2,34.68,56.90,
303637,3,491.64,1083.91,
303637,3,319.10,705.41,
303639,2,211.56,388.58,
303639,2,31.28,52.53,
303639,7,384.30,2338.72,
303639,4,139.08,527.96,
303639,2,48.06,88.39,
303639,6,208.08,1028.48,
303639,4,16.36,62.84,
303639,3,133.72,345.06,
303640,1,524.79,384.82,
303640,5,11.61,41.05,
303640,4,75.99,214.23,
303640,6,85.25,367.41,
303640,5,501.84,2094.05,
303640,1,65.09,50.28,
303640,4,29.96,87.20,
303640,5,224.68,786.96,
303643,6,503.37,2578.87,
303643,7,239.28,1436.04,
303643,5,339.57,1519.60,
303643,5,18.38,80.47,
303643,3,13.38,36.90,
303643,6,111.98,603.18,
303643,3,560.49,1573.03,
303643,2,170.37,293.03,
303643,2,139.66,269.00,
303643,4,393.12,1390.13,
303643,2,23.88,43.58,
303643,3,11.45,30.40,
303643,4,60.51,222.49,
303643,3,215.66,600.81,
303643,3,297.05,761.92,
303645,4,121.18,355.98,
303645,4,103.10,314.79,
303645,3,234.48,543.34,
303645,2,191.47,297.94,
303645,2,11.68,16.57,
303645,1,255.36,194.74,
303645,3,498.27,1141.30,
303645,3,154.28,347.01,
303647,5,81.72,330.38,
303647,2,19.01,28.53,
303647,5,32.90,129.11,
303647,5,461.55,1700.65,
303647,5,106.79,429.23,
303647,3,18.05,43.00,
303651,2,21.94,37.50,
303651,7,145.01,795.94,
303651,3,229.68,617.05,
303651,2,93.22,163.98,
303651,5,18.38,82.61,
303652,7,8.44,53.64,
303652,6,176.35,935.79,
303652,2,194.34,333.99,
303652,4,460.32,1549.52,
303652,3,42.84,115.84,
303652,4,7.93,26.75,
303652,3,45.18,128.36,
303652,4,7.25,27.83,
303652,4,58.50,200.33,
303652,6,7.35,37.29,
303654,3,220.80,490.00,
303654,2,8.47,13.43,
303654,2,104.26,155.93,
303654,6,128.97,590.74,
303654,6,66.49,304.68,
303654,1,125.00,98.54,
303654,1,222.48,159.96,
303654,6,97.15,457.27,
303654,4,168.61,551.28,
303654,1,142.42,100.72,
303654,5,333.59,1259.26,
303654,4,227.28,665.89,
303656,5,160.51,616.54,
303656,5,505.41,2141.94,
303656,5,42.93,186.39,
303656,7,8.76,49.34,
303656,5,442.68,1753.65,
303656,1,30.56,26.62,
303657,4,18.49,66.87,
303657,4,160.51,544.96,
303657,3,190.96,502.50,
303657,5,461.04,2045.06,
303657,3,48.38,134.32,
303657,5,380.10,1644.36,
303657,12,60.76,626.53,
303657,6,7.63,41.67,
303657,3,44.19,119.07,
303657,7,104.26,645.69,
303657,7,126.98,785.87,
303658,5,114.46,512.07,
303658,5,141.11,575.92,
303658,6,132.26,676.91,
303658,5,55.88,244.50,
303658,4,7.70,26.95,
303658,2,41.27,70.90,
303658,3,209.10,566.13,
303658,7,308.39,1863.86,
303658,2,458.22,807.42,
303658,4,8.62,28.79,
303660,7,7.35,38.87,
303660,5,128.27,475.47,
303660,5,58.13,221.44,
303660,5,85.88,315.76,
303660,4,159.30,487.39,
303660,5,172.48,641.80,
303660,2,104.35,159.55,
303660,4,8.66,25.24,
303661,3,140.30,333.10,
303661,4,164.62,507.57,
303661,7,343.35,1885.88,
303662,6,163.50,742.47,
303662,6,451.92,2029.21,
303662,3,314.37,731.58,
303662,1,23.38,17.57,
303662,5,121.42,463.68,
303662,4,325.40,1003.24,
303662,3,25.56,59.78,
303662,5,75.12,282.19,
303664,5,124.49,559.52,
303664,7,176.70,1128.40,
303664,7,18.45,107.84,
303664,3,13.09,34.26,
303664,5,552.84,2308.73,
303664,3,192.90,518.54,
303664,5,552.33,2416.48,
303664,7,119.46,709.43,
303666,5,404.46,1729.57,
303666,4,42.35,135.25,
303666,3,293.58,719.59,
303666,4,152.46,441.17,
303666,4,7.78,24.83,
303666,3,325.08,812.85,
303668,1,192.09,166.06,
303668,4,202.13,658.52,
303668,4,40.73,137.30,
303668,6,224.68,1054.76,
303668,5,152.61,653.85,
303668,4,122.48,401.87,
303668,3,96.29,232.00,
303670,4,40.73,119.98,
303670,5,519.18,2152.06,
303670,4,243.36,730.38,
303670,3,7.23,17.12,
303670,4,487.05,1511.11,
303671,6,192.90,1094.61,
303671,4,251.28,899.51,
303671,4,12.09,44.21,
303671,7,128.62,831.21,
303671,2,44.91,80.51,
303671,4,45.77,170.84,
303671,2,17.05,30.34,
303671,3,7.40,19.26,
303671,4,182.51,671.50,
303671,5,83.05,404.92,
303673,6,7.42,39.25,
303673,4,79.21,262.86,
303673,4,81.09,290.81,
303673,4,8.07,27.34,
303675,3,133.32,367.29,
303675,7,11.73,79.80,
303675,3,25.51,70.99,
303675,1,102.24,91.62,
303675,3,8.37,24.13,
303675,2,139.79,242.51,
303675,4,337.68,1332.41,
303675,3,124.74,338.24,
303675,3,324.14,895.79,
303675,4,11.58,42.44,
303676,4,105.12,389.59,
303676,2,291.06,519.05,
303676,3,8.05,23.28,
303676,4,65.76,228.39,
303676,6,454.86,2483.47,
303676,5,7.70,36.24,
303676,2,11.76,20.94,
303676,5,8.44,38.58,
303679,3,17.46,43.02,
303679,3,63.62,178.18,
303680,4,48.87,139.74,
303680,5,103.78,417.56,
303680,3,153.37,335.22,
303680,6,12.75,57.31,
303680,5,245.52,908.36,
303680,1,23.14,17.89,
303680,3,8.19,17.51,
303680,5,26.04,95.15,
303680,6,189.22,850.42,
303680,4,309.33,959.54,
303681,2,219.36,393.73,
303681,4,121.54,400.83,
303681,5,146.98,663.26,
303681,3,112.81,294.19,
303681,3,158.58,401.29,
303681,4,238.08,852.88,
303681,5,67.04,305.70,
303681,4,119.06,444.82,
303682,2,7.75,13.63,
303682,4,189.22,653.84,
303682,4,45.23,163.04,
303682,6,124.61,617.13,
303683,4,75.12,228.48,
303683,9,229.20,1426.88,
303683,4,158.69,518.93,
303683,4,62.59,204.68,
303683,4,205.21,681.46,
303683,5,124.08,483.61,
303684,3,7.26,19.48,
303684,2,544.17,942.49,
303684,3,126.73,332.44,
303684,2,8.48,14.42,
303684,4,259.92,906.30,
303684,6,203.57,1080.18,
303684,5,74.10,307.56,
303686,2,161.42,255.97,
303686,3,455.70,1184.96,
303686,2,137.56,223.76,
303688,6,34.32,157.06,
303688,7,13.09,64.46,
303688,4,34.62,107.63,
303688,4,557.43,1679.88,
303689,3,229.20,523.57,
303689,4,417.06,1377.15,
303689,6,144.14,655.42,
303689,5,191.66,772.96,
303691,6,204.59,1035.73,
303691,2,86.19,143.66,
303692,2,13.24,23.40,
303692,3,187.37,462.59,
303692,6,225.12,1177.45,
303692,2,7.27,11.94,
303692,2,114.93,193.86,
303692,3,223.92,593.97,
303693,3,11.69,28.35,
303693,3,12.01,25.18,
303693,4,220.99,638.58,
303693,7,62.22,341.74,
303693,1,8.70,6.66,
303693,4,433.02,1269.12,
303693,5,192.70,703.90,
303693,6,159.63,740.13,
303693,2,454.02,678.94,
303693,7,91.30,481.54,
303693,4,162.94,475.46,
303693,5,17.37,62.43,
303696,2,252.24,481.43,
303696,2,152.91,270.68,
303696,7,203.36,1359.56,
303696,4,32.44,118.70,
303696,7,96.48,609.09,
303697,6,144.55,590.09,
303697,6,61.55,267.68,
303697,2,19.19,28.66,
303697,8,260.40,1529.77,
303697,2,8.27,13.10,
303697,5,90.05,344.15,
303697,2,18.56,28.13,
303698,4,324.45,1053.45,
303698,4,310.59,962.84,
303698,4,32.64,100.37,
303698,5,99.07,370.54,
303698,3,16.54,38.61,
303698,2,128.03,195.25,
303698,1,169.14,139.08,
303698,4,22.13,67.85,
303703,4,99.46,300.95,
303703,1,18.56,14.12,
303703,4,8.04,24.67,
303703,4,30.20,94.64,
303703,2,25.99,41.38,
303703,5,62.16,213.44,
303703,5,17.01,63.05,
303703,6,7.90,35.71,
303703,4,25.56,82.47,
303703,7,22.54,127.21,
303703,4,23.06,69.96,
303704,5,73.95,295.77,
303704,3,8.54,20.43,
303704,4,223.25,733.13,
303704,3,553.86,1369.54,
303704,1,425.46,333.56,
303704,3,19.24,49.03,
303704,3,44.51,101.78,
303704,3,13.60,33.78,
303705,1,41.27,30.90,
303705,7,22.10,121.05,
303705,3,199.06,452.11,
303705,4,460.74,1439.82,
303707,1,31.68,27.20,
303707,3,186.74,484.14,
303707,3,102.53,269.75,
303707,6,126.14,657.28,
303707,2,213.20,380.97,
303714,3,16.96,38.45,
303714,3,327.92,794.71,
303714,2,113.87,190.71,
303714,2,343.98,555.07,
303714,2,32.90,50.93,
303714,6,128.38,641.82,
303716,6,213.00,1196.20,
303716,1,26.11,23.05,
303716,3,187.37,477.50,
303717,6,160.82,814.89,
303717,4,21.94,79.42,
303717,4,84.15,294.25,
303717,4,96.86,354.75,
303717,3,31.45,88.22,
303717,7,173.89,1111.83,
303717,1,139.00,121.66,
303717,4,223.44,792.78,
303717,6,25.15,133.48,
303717,3,412.02,1139.40,
303719,6,119.06,563.48,
303719,4,446.88,1370.69,
303719,3,157.62,364.92,
303719,3,302.09,609.46,
303719,4,11.45,37.00,
303719,3,33.79,81.58,
303720,4,82.43,242.19,
303720,4,390.18,1157.43,
303720,3,469.20,1026.77,
303720,2,48.24,71.21,
303720,3,292.32,675.97,
303720,7,454.44,2476.78,
303720,3,17.30,42.79,
303720,5,123.16,464.03,
303721,4,90.34,276.61,
303721,3,392.70,850.03,
303721,5,60.02,225.35,
303721,3,11.41,24.10,
303721,4,427.14,1396.21,
303721,4,257.76,754.09,
303721,7,30.82,156.51,
303721,3,240.96,579.72,
303721,3,35.41,86.83,
303721,7,44.33,215.92,
303721,5,29.96,108.17,
303721,1,216.72,164.29,
303722,4,71.75,260.40,
303722,2,446.46,827.21,
303722,2,95.71,162.10,
303722,3,122.63,347.70,
303722,2,290.12,548.71,
303722,2,32.18,60.73,
303722,7,16.60,100.90,
303722,5,84.78,364.20,
303722,1,142.69,128.16,
303723,1,7.93,6.09,
303723,2,62.46,94.58,
303724,4,56.24,209.56,
303724,1,464.10,430.37,
303724,4,22.13,81.02,
303724,1,427.98,375.75,
303724,7,22.15,135.42,
303724,7,18.13,114.24,
303724,4,125.66,423.44,
303724,4,90.24,314.45,
303724,3,7.21,17.51,
303724,3,217.51,603.52,
303724,6,79.13,413.04,
303730,2,66.61,116.60,
303730,2,79.99,146.84,
303730,6,224.64,1185.37,
303730,3,32.01,89.61,
303730,3,44.28,113.38,
303730,4,31.32,115.72,
303731,4,18.05,63.69,
303731,4,141.64,463.90,
303731,5,209.31,894.02,
303731,4,225.60,747.40,
303731,6,19.12,94.25,
303731,2,202.54,318.19,
303732,4,230.40,806.45,
303732,3,45.90,119.46,
303732,1,201.72,179.38,
303732,3,44.64,115.35,
303732,4,341.15,1334.16,
303732,6,41.72,210.49,
303732,6,252.48,1270.38,
303732,4,341.15,1299.04,
303732,6,196.80,1052.59,
303733,6,121.19,652.93,
303733,2,125.79,233.25,
303733,4,519.69,1813.93,
303733,4,19.04,66.60,
303733,5,47.70,204.92,
303733,4,79.99,287.94,
303733,5,18.72,86.56,
303733,5,383.46,1780.03,
303733,2,140.14,242.21,
303734,2,76.30,133.05,
303734,6,77.48,405.54,
303734,4,154.43,490.63,
303734,3,64.90,161.97,
303734,5,8.36,31.37,
303735,6,22.49,123.05,
303735,6,46.17,228.72,
303735,8,111.27,796.33,
303735,3,13.71,36.20,
303735,3,23.74,58.80,
303735,3,218.12,549.42,
303735,5,24.96,107.80,
303736,7,155.65,1005.53,
303736,5,79.05,375.34,
303736,4,167.20,631.79,
303736,3,153.06,411.48,
303736,2,11.81,22.55,
303739,13,323.82,3559.06,
303739,4,235.44,842.43,
303739,6,128.96,688.35,
303739,5,47.39,210.39,
303739,6,7.64,41.79,
303739,4,422.52,1516.67,
303739,7,137.54,819.53,
303739,5,115.76,521.35,
303740,6,550.29,2734.22,
303740,4,72.85,258.44,
303740,8,462.06,3174.72,
303740,4,416.64,1453.63,
303740,6,7.30,39.33,
303740,5,388.92,1784.27,
303740,5,86.04,358.15,
303742,3,513.06,1200.34,
303742,4,19.10,60.85,
303742,2,13.43,21.61,
303742,3,345.24,768.39,
303742,3,11.84,25.49,
303742,2,459.48,729.03,
303742,7,223.68,1161.61,
303742,5,340.52,1274.19,
303742,3,18.20,39.70,
303745,4,55.57,174.33,
303745,4,61.00,191.73,
303745,3,341.46,804.15,
303745,6,7.43,35.08,
303745,9,11.45,88.33,
303745,7,21.89,126.07,
303745,4,31.09,96.79,
303746,3,7.54,19.22,
303746,3,77.95,202.10,
303746,4,24.41,82.93,
303746,2,257.04,417.29,
303746,3,19.28,47.22,
303747,4,94.56,340.85,
303747,3,135.04,355.76,
303747,5,75.83,322.78,
303747,2,21.79,37.66,
303747,2,92.54,163.10,
303747,3,161.12,433.86,
303747,1,209.31,196.59,
303747,5,64.48,264.92,
303748,2,513.57,844.61,
303748,5,73.32,293.19,
303748,4,100.32,353.98,
303749,4,11.45,33.11,
303749,5,95.04,361.11,
303749,4,25.13,81.22,
303749,3,33.00,74.80,
303749,6,78.19,373.84,
303749,4,142.73,481.01,
303751,3,129.49,309.07,
303751,5,195.78,771.15,
303751,2,123.07,196.78,
303751,3,242.64,572.84,
303753,4,122.72,396.40,
303753,1,17.91,16.42,
303753,7,150.33,838.02,
303753,4,124.25,396.24,
303755,5,16.29,76.21,
303755,5,149.87,661.39,
303755,4,45.50,155.13,
303755,1,70.96,61.77,
303755,4,139.26,486.56,
303755,3,321.62,865.81,
303756,2,43.47,86.94,
303756,2,73.32,138.59,
303756,5,13.20,58.66,
303756,3,431.76,1218.39,
303756,4,48.06,179.03,
303757,3,17.75,45.92,
303757,2,88.80,162.98,
303757,5,87.07,368.84,
303757,2,144.14,255.79,
303758,2,58.26,103.04,
303758,3,153.37,388.35,
303758,4,82.74,304.39,
303758,4,78.34,274.57,
303758,3,534.48,1554.05,
303758,4,81.80,291.91,
303758,3,18.34,47.50,
303761,6,428.82,2175.22,
303761,7,239.04,1567.30,
303761,3,24.79,66.13,
303761,5,497.76,2221.74,
303761,5,59.90,264.36,
303761,3,213.00,581.28,
303761,3,247.68,620.91,
303763,4,31.22,103.88,
303763,5,159.98,738.36,
303763,5,35.34,146.06,
303763,5,90.62,403.11,
303763,5,240.48,940.71,
303763,10,514.59,4459.61,
303769,4,255.60,864.17,
303769,6,96.10,501.37,
303769,4,166.67,554.79,
303769,6,59.90,325.97,
303772,6,16.65,81.46,
303772,5,334.85,1401.07,
303772,5,11.94,50.83,
303772,7,320.67,1885.38,
303774,3,189.63,500.59,
303774,4,92.64,323.04,
303774,4,58.38,199.73,
303774,4,7.66,27.85,
303774,5,111.98,529.92,
303774,3,91.87,251.74,
303775,3,531.93,1387.35,
303775,4,200.90,694.37,
303776,5,163.10,650.82,
303776,4,195.37,638.74,
303776,5,344.30,1263.27,
303776,4,7.22,24.70,
303776,2,71.59,124.22,
303776,3,109.39,280.03,
303776,4,12.68,40.40,
303777,3,25.80,60.68,
303777,2,100.42,151.06,
303777,2,94.27,137.53,
303777,6,502.35,2475.52,
303777,4,198.44,589.64,
303777,5,222.22,876.37,
303777,2,472.77,755.90,
303779,4,125.53,424.00,
303779,3,18.49,46.09,
303779,5,100.70,431.26,
303779,5,343.04,1419.17,
303779,5,32.80,138.97,
303779,2,172.13,292.80,
303779,5,47.07,188.62,
303779,3,13.56,34.77,
303779,3,25.08,65.29,
303779,4,162.80,582.51,
303779,3,112.34,277.86,
303779,2,152.15,249.84,
303779,5,385.56,1671.99,
303779,5,475.83,2022.32,
303779,3,13.51,35.00,
303780,5,30.10,132.75,
303780,2,249.60,457.59,
303780,5,30.26,137.80,
303780,2,234.72,423.53,
303780,3,12.45,32.00,
303780,5,31.22,135.00,
303782,4,100.32,369.58,
303782,6,121.44,589.91,
303782,5,225.09,1009.26,
303782,4,77.17,296.32,
303782,5,11.86,48.83,
303782,5,182.51,811.71,
303782,6,22.61,114.21,
303782,6,103.10,521.14,
303782,3,85.88,227.19,
303783,2,98.59,173.60,
303783,6,57.95,310.11,
303783,2,199.47,377.29,
303783,4,41.99,152.12,
303783,5,505.92,2409.61,
303783,4,180.93,635.01,
303783,5,12.35,57.19,
303783,5,483.48,2157.95,
303783,4,41.58,153.50,
303783,3,12.48,33.96,
303783,5,452.34,2148.61,
303783,4,112.22,405.65,
303785,3,231.12,506.72,
303785,1,22.66,17.84,
303785,3,256.32,570.45,
303785,4,88.70,255.08,
303785,2,63.99,99.34,
303785,2,61.85,100.35,
303785,2,194.34,279.22,
303785,2,31.28,46.56,
303786,4,480.93,1587.66,
303786,2,479.91,754.48,
303786,4,119.20,383.86,
303788,4,56.36,174.87,
303788,3,120.83,299.87,
303788,6,340.20,1598.73,
303788,3,8.78,20.05,
303788,4,123.02,427.79,
303788,6,165.44,781.29,
303788,1,209.92,174.01,
303788,6,81.88,388.90,
303788,8,19.40,127.93,
303788,1,238.56,193.55,
303788,4,13.49,44.39,
303788,2,492.15,852.71,
303789,3,22.82,55.26,
303789,2,459.48,651.45,
303789,5,181.28,694.56,
303789,3,11.40,25.50,
303789,3,172.83,425.54,
303789,4,46.85,146.67,
303789,5,453.18,1792.66,
303789,4,24.82,78.53,
303789,7,163.33,934.91,
303789,3,13.58,32.12,
303789,3,18.31,41.71,
303789,3,530.40,1224.66,
303791,8,65.09,422.26,
303791,2,118.35,213.78,
303791,3,220.79,586.42,
303791,2,181.46,318.21,
303791,5,125.32,548.87,
303791,5,7.78,35.37,
303791,5,58.80,249.49,
303792,3,216.69,633.89,
303792,4,64.17,225.46,
303792,5,188.14,877.41,
303792,6,145.20,778.01,
303792,3,119.06,335.50,
303792,4,19.15,67.01,
303793,8,22.13,169.01,
303793,3,54.96,153.24,
303793,4,34.12,121.72,
303793,2,240.00,460.28,
303793,3,102.43,304.16,
303793,6,23.86,129.40,
303793,1,124.21,117.37,
303793,5,124.74,577.61,
303793,2,134.11,248.83,
303793,3,205.41,562.38,
303793,5,101.86,458.96,
303793,8,187.17,1335.81,
303793,7,33.33,223.25,
303793,5,128.17,590.68,
303795,7,259.20,1446.58,
303795,2,47.39,86.09,
303795,1,378.42,304.38,
303795,7,12.31,72.98,
303797,2,11.86,22.90,
303797,3,7.50,19.86,
303797,4,133.85,472.07,
303797,7,546.21,3471.79,
303797,2,223.04,401.44,
303797,7,220.79,1412.02,
303797,5,7.42,30.73,
303797,3,158.54,434.12,
303797,5,424.20,1827.25,
303798,7,165.53,1057.34,
303798,7,61.06,384.42,
303798,4,95.52,337.62,
303798,4,195.78,664.61,
303802,3,57.95,153.35,
303802,5,42.17,200.45,
303802,5,11.91,53.18,
303802,2,435.54,761.01,
303802,4,101.38,371.65,
303802,7,7.50,46.15,
303802,4,47.52,160.39,
303803,6,188.32,870.79,
303803,6,34.25,171.19,
303803,4,306.18,1066.43,
303803,4,470.22,1352.41,
303803,2,67.04,106.49,
303803,2,34.06,54.46,
303803,3,25.63,63.98,
303803,6,97.73,526.37,
303803,4,8.18,26.67,
303803,3,67.10,166.84,
303803,1,113.75,96.43,
303804,4,154.89,561.22,
303804,2,12.89,22.62,
303804,3,55.94,157.42,
303804,4,88.51,321.34,
303804,5,119.53,534.10,
303804,2,322.25,573.58,
303804,1,30.33,26.74,
303804,7,33.73,209.64,
303804,2,146.68,255.75,
303807,7,129.21,807.71,
303807,2,45.99,81.67,
303807,4,217.92,776.28,
303807,3,23.81,62.69,
303807,3,143.09,411.66,
303807,4,48.20,190.93,
303807,3,11.50,29.71,
303807,6,18.43,107.52,
303807,4,25.73,92.78,
303811,4,141.21,450.41,
303811,5,341.46,1327.82,
303811,5,7.89,32.82,
303811,2,65.45,107.79,
303811,4,13.00,43.20,
303811,6,56.97,261.81,
303814,4,26.38,86.92,
303814,6,82.43,382.17,
303814,5,24.53,102.54,
303814,4,220.58,725.40,
303816,7,74.81,437.23,
303816,5,22.80,91.15,
303816,4,18.99,62.79,
303816,3,165.44,382.71,
303819,2,32.67,50.07,
303819,7,128.27,628.59,
303819,1,13.55,10.23,
303819,8,115.76,766.15,
303819,5,17.80,74.46,
303819,2,13.34,20.48,
303820,5,453.18,1697.71,
303820,3,16.83,37.73,
303820,4,124.21,374.31,
303823,3,161.22,387.48,
303823,5,7.74,32.59,
303823,3,258.96,658.88,
303823,3,12.14,31.90,
303823,4,84.07,293.32,
303826,2,7.79,11.45,
303826,3,336.42,754.75,
303826,3,138.47,308.89,
303827,4,248.64,888.79,
303827,9,174.42,1415.20,
303827,3,97.73,276.14,
303827,3,25.63,73.64,
303827,7,11.73,73.98,
303827,2,35.61,61.16,
303829,5,184.62,763.12,
303829,4,125.27,399.77,
303829,4,142.96,468.68,
303829,4,95.14,322.26,
303829,1,327.92,272.88,
303829,8,36.30,231.82,
303830,7,12.60,66.01,
303830,7,301.46,1350.54,
303830,3,182.34,393.41,
303830,2,119.65,185.84,
303834,4,113.28,414.13,
303834,5,419.58,1848.11,
303834,4,32.74,120.98,
303834,2,137.28,228.47,
303834,4,187.97,652.08,
303834,6,120.95,670.63,
303834,5,554.37,2655.91,
303834,8,191.47,1316.96,
303834,3,12.44,32.14,
303836,3,388.50,848.85,
303836,2,185.33,271.93,
303838,2,11.95,22.33,
303838,5,449.82,2119.10,
303838,3,62.83,168.31,
303838,2,141.50,259.54,
303838,4,448.98,1545.10,
303838,3,42.89,125.28,
303838,6,44.82,249.58,
303846,4,411.60,1438.52,
303846,7,8.70,56.54,
303846,4,61.49,228.83,
303846,7,555.39,3731.89,
303846,4,187.17,727.01,
303846,3,17.71,48.36,
303846,3,115.76,323.90,
303847,4,44.24,145.52,
303847,2,60.57,95.26,
303847,3,193.11,468.08,
303849,8,472.77,3382.10,
303849,3,13.11,33.25,
303849,6,131.60,689.18,
303849,3,148.81,402.96,
303849,4,81.40,286.47,
303849,3,321.30,881.82,
303849,3,12.95,34.35,
303849,4,160.16,609.82,
303849,4,156.71,559.64,
303849,4,16.36,59.99,
303850,7,99.26,488.13,
303850,3,8.38,16.93,
303850,6,122.01,573.04,
303850,6,222.84,987.59,
303850,3,141.21,330.42,
303850,5,63.75,242.11,
303850,3,17.12,37.98,
303850,1,526.83,422.13,
303850,1,201.11,136.48,
303851,6,18.43,70.77,
303851,3,43.29,105.25,
303851,3,22.92,48.58,
303851,5,231.84,869.06,
303852,3,240.48,552.54,
303852,4,7.80,23.72,
303852,4,102.53,312.42,
303852,7,86.98,459.53,
303853,4,122.36,412.19,
303853,6,141.51,751.64,
303853,6,154.43,740.38,
303853,1,383.04,307.21,
303853,6,82.66,428.77,
303853,2,153.22,260.10,
303853,1,7.71,5.77,
303853,1,92.54,79.13,
303853,2,175.47,292.88,
303853,3,141.77,340.09,
303853,7,393.12,2294.26,
303854,4,12.23,39.77,
303854,3,65.21,145.54,
303854,6,24.41,112.45,
303854,4,184.10,528.76,
303854,4,73.32,238.35,
303854,5,138.86,576.21,
303854,3,228.72,530.99,
303854,4,433.02,1464.87,
303854,4,143.03,416.71,
303855,5,418.32,1598.31,
303855,9,221.20,1550.00,
303855,3,460.53,1113.31,
303855,5,556.41,2260.77,
303855,2,129.09,194.41,
303855,5,292.95,1067.19,
303855,10,22.46,164.04,
303855,3,206.64,475.26,
303855,5,31.45,107.06,
303855,2,34.39,47.15,
303855,3,517.14,1183.34,
303855,5,140.05,508.42,
303855,4,22.99,67.93,
303855,4,61.73,186.71,
303855,4,86.59,255.78,
303860,5,190.24,814.01,
303860,4,24.29,79.46,
303860,3,8.14,20.31,
303860,3,30.76,77.48,
303860,4,166.32,555.97,
303860,1,18.40,15.91,
303860,5,163.33,694.99,
303860,2,126.73,223.27,
303860,3,211.77,594.67,
303860,4,149.42,546.86,
303860,3,331.38,885.60,
303860,2,498.78,865.84,
303860,4,16.51,55.54,
303861,3,35.44,101.81,
303861,4,200.49,667.94,
303861,3,307.13,865.45,
303861,4,122.96,429.68,
303861,4,23.52,81.16,
303861,6,145.16,811.09,
303861,4,483.48,1796.17,
303861,4,120.83,448.35,
303861,3,62.65,161.82,
303862,4,22.44,75.25,
303862,7,25.78,142.30,
303862,3,401.94,1111.95,
303862,4,73.95,250.11,
303862,5,433.44,1775.07,
303862,4,61.00,212.90,
303862,6,36.07,191.05,
303862,3,116.35,284.33,
303862,3,22.32,55.40,
303863,3,342.09,883.31,
303863,4,31.32,113.86,
303863,3,173.89,441.42,
303863,5,18.72,83.66,
303863,1,35.67,31.83,
303863,2,16.67,30.18,
303863,4,32.64,121.44,
303863,4,137.54,485.18,
303863,1,92.16,79.89,
303864,4,164.46,561.93,
303864,5,21.89,103.21,
303864,6,30.79,172.30,
303864,4,13.40,51.33,
303864,5,19.40,94.27,
303864,5,30.56,134.88,
303864,4,206.85,738.49,
303864,4,384.72,1313.84,
303867,5,119.33,495.21,
303867,10,115.05,987.93,
303867,5,216.28,888.73,
303867,4,13.00,44.07,
303867,5,158.08,672.37,
303867,4,109.27,372.72,
303867,2,122.10,212.89,
303867,4,18.02,60.01,
303867,3,196.19,520.02,
303867,3,34.12,90.00,
303868,3,86.59,202.23,
303868,3,18.92,43.75,
303868,5,153.37,629.84,
303868,5,215.25,828.20,
303868,6,48.92,230.36,
303868,3,139.39,320.09,
303869,6,113.87,614.73,
303869,4,195.37,726.47,
303869,2,113.87,220.70,
303869,5,17.17,73.87,
303871,4,473.28,1663.78,
303871,5,23.74,102.93,
303871,3,210.13,535.52,
303871,3,443.94,1213.41,
303871,4,12.73,45.70,
303871,6,329.49,1691.03,
303871,4,161.92,561.35,
303873,4,128.57,444.01,
303873,2,18.29,33.03,
303873,6,82.66,433.71,
303873,6,113.28,597.69,
303874,2,44.82,84.65,
303874,4,199.67,667.21,
303874,3,25.22,65.83,
303874,5,257.28,1158.68,
303874,6,219.84,1152.56,
303874,6,525.30,2689.66,
303874,3,154.89,424.94,
303874,4,145.77,479.80,
303877,6,35.51,189.80,
303877,4,41.63,149.71,
303877,5,344.30,1460.77,
303877,3,148.35,381.13,
303880,4,98.21,328.03,
303880,4,459.51,1607.67,
303880,4,30.49,99.46,
303880,2,61.85,99.31,
303880,3,219.12,577.34,
303883,1,16.24,12.59,
303883,1,11.94,9.93,
303883,7,166.59,931.05,
303883,6,72.30,371.08,
303883,4,141.77,439.52,
303883,7,252.00,1360.73,
303883,4,132.79,458.98,
303883,1,31.25,24.79,
303885,3,8.58,20.77,
303885,5,142.27,565.93,
303885,3,304.92,663.36,
303885,5,115.88,426.83,
303886,5,80.86,359.02,
303886,8,54.90,383.48,
303886,2,41.31,73.89,
303886,4,120.01,429.52,
303886,5,513.06,2261.86,
303886,4,100.61,342.64,
303886,7,26.33,169.72,
303886,4,512.55,1895.36,
303886,6,187.37,947.37,
303886,4,85.25,288.43,
303886,6,19.64,112.09,
303886,2,24.43,41.85,
303886,7,16.31,95.22,
303886,7,79.99,490.25,
303888,2,62.04,102.49,
303888,8,17.53,115.91,
303888,2,429.66,698.73,
303888,4,79.05,269.58,
303889,5,396.06,1713.01,
303889,5,471.75,1983.42,
303889,5,299.88,1355.64,
303889,5,548.76,2485.90,
303889,3,66.31,181.18,
303893,5,33.69,143.64,
303893,2,492.15,875.25,
303893,3,401.94,926.51,
303893,3,63.01,153.69,
303893,3,83.52,219.18,
303893,2,7.61,12.75,
303893,1,29.93,22.30,
303893,5,98.59,396.71,
303894,6,385.98,2098.95,
303894,4,34.22,122.48,
303900,7,215.05,1362.24,
303900,2,18.94,32.06,
303900,1,19.24,17.23,
303900,5,189.20,751.93,
303900,6,191.66,1076.70,
303900,3,64.17,175.15,
303904,3,164.74,404.39,
303904,2,101.28,161.41,
303907,3,416.64,1160.37,
303907,3,486.54,1296.85,
303907,4,454.86,1704.98,
303907,6,227.52,1189.21,
303907,6,7.71,41.30,
303907,3,70.96,193.00,
303907,6,66.49,363.36,
303907,2,11.75,19.42,
303908,5,550.29,2413.19,
303908,2,24.05,43.49,
303908,4,189.55,629.14,
303908,7,249.36,1578.41,
303908,2,62.04,113.95,
303909,9,17.05,111.50,
303909,3,227.52,503.16,
303909,5,326.97,1250.21,
303910,5,160.69,580.65,
303910,3,86.69,199.65,
303910,2,261.12,414.08,
303910,4,45.59,140.13,
303910,5,94.27,376.35,
303910,5,156.26,571.73,
303910,5,17.62,65.03,
303910,1,16.88,11.50,
303910,6,227.28,1028.75,
303911,6,213.61,965.78,
303911,4,86.69,259.38,
303911,3,150.33,304.35,
303911,4,102.82,299.09,
303911,5,84.07,309.51,
303911,6,61.73,275.01,
303911,3,189.02,406.11,
303911,3,35.08,77.12,
303912,7,17.95,105.91,
303912,4,92.35,300.88,
303912,5,250.56,959.94,
303912,8,72.61,524.56,
303912,5,8.48,35.37,
303913,5,32.64,121.38,
303913,4,47.70,151.09,
303913,3,401.94,979.23,
303913,5,8.64,33.33,
303913,6,127.79,611.72,
303913,5,89.57,354.96,
303913,2,126.02,199.39,
303913,4,12.64,38.99,
303913,3,34.82,93.37,
303913,2,8.54,12.89,
303913,2,216.72,363.08,
303913,5,320.04,1237.88,
303913,2,496.74,807.00,
303913,5,89.86,379.61,
303913,8,123.31,851.22,
303915,5,328.86,1276.92,
303915,6,391.86,1839.89,
303915,4,144.55,455.21,
303915,4,41.04,124.76,
303915,3,78.58,164.96,
303915,6,195.78,885.09,
303919,4,214.43,618.06,
303919,4,519.69,1492.83,
303919,3,94.75,215.52,
303919,5,63.87,225.81,
303919,5,226.08,801.05,
303919,2,263.52,395.70,
303919,3,32.44,67.19,
303920,4,140.05,486.57,
303920,3,409.92,1155.78,
303920,2,23.66,42.21,
303920,3,509.49,1288.47,
303920,6,96.58,515.99,
303920,6,98.50,500.42,
303920,4,81.01,302.12,
303921,6,22.08,119.64,
303921,5,12.64,56.88,
303921,5,207.05,958.92,
303921,2,71.28,132.54,
303922,5,385.98,1669.69,
303922,4,480.42,1659.02,
303922,6,335.48,1799.07,
303922,5,144.01,624.51,
303922,5,559.98,2578.06,
303922,6,71.91,382.73,
303924,3,61.18,150.78,
303924,7,216.89,1250.15,
303924,4,223.04,726.68,
303924,4,263.52,812.10,
303924,4,518.16,1814.95,
303924,2,24.24,37.70,
303924,5,32.24,135.47,
303924,4,216.00,700.80,
303924,4,257.04,831.26,
303924,9,188.40,1423.81,
303924,4,11.61,40.74,
303924,3,11.45,28.03,
303925,2,169.84,326.55,
303925,2,11.61,21.25,
303925,4,30.95,113.92,
303925,2,56.85,108.24,
303925,7,59.11,353.58,
303925,4,181.46,711.43,
303925,4,65.51,253.50,
303925,4,93.31,357.98,
303925,2,7.42,13.10,
303926,5,31.15,137.18,
303926,3,45.68,103.18,
303926,6,57.65,275.58,
303926,1,477.87,415.60,
303926,2,56.30,89.68,
303926,10,437.64,3240.93,
303928,3,188.60,447.37,
303928,3,110.09,271.35,
303928,3,466.14,1290.59,
303928,1,243.60,193.45,
303928,7,71.28,406.05,
303928,3,208.28,512.76,
303929,5,135.83,587.13,
303929,9,16.85,127.84,
303929,5,425.46,1861.13,
303929,4,44.01,157.61,
303929,3,163.40,456.33,
303931,6,123.55,669.62,
303931,6,196.60,1120.01,
303931,5,11.48,54.00,
303931,2,163.86,303.92,
303931,2,8.51,15.31,
303933,5,18.18,71.11,
303933,7,121.18,615.12,
303933,4,7.98,23.93,
303933,5,17.39,65.86,
303933,4,95.04,289.13,
303933,4,161.92,465.27,
303933,3,126.98,283.82,
303935,9,161.27,1300.10,
303935,3,66.67,168.59,
303935,4,120.38,433.05,
303935,2,147.74,275.70,
303935,7,160.51,1070.15,
303935,6,48.83,251.01,
303935,5,47.34,208.06,
303935,3,217.44,581.33,
303935,5,101.18,472.53,
303936,4,160.69,534.03,
303936,2,310.59,559.67,
303936,5,42.75,175.60,
303936,9,164.74,1223.60,
303936,3,527.34,1281.78,
303936,5,166.32,711.24,
303936,7,542.64,3335.31,
303936,3,17.62,43.42,
303936,2,18.90,31.19,
303936,2,186.55,303.01,
303940,5,250.32,934.98,
303940,4,180.22,553.91,
303940,2,97.15,145.16,
303940,3,12.35,29.78,
303940,3,7.60,18.23,
303940,5,8.10,32.39,
303940,5,26.26,107.42,
303940,3,30.69,79.54,
303940,3,153.67,383.68,
303940,5,162.27,673.05,
303941,4,403.20,1472.95,
303941,6,41.58,230.33,
303941,4,140.05,519.78,
303941,6,17.84,97.60,
303941,4,11.60,42.73,
303941,8,7.67,55.66,
303941,2,22.85,41.88,
303941,7,139.00,907.12,
303941,6,104.83,554.68,
303941,5,451.50,2257.50,
303942,4,170.02,556.21,
303942,2,43.61,80.31,
303942,2,126.32,237.41,
303944,5,231.60,843.76,
303944,3,8.79,20.55,
303944,4,139.26,408.23,
303944,3,30.62,75.48,
303944,4,122.10,390.50,
303944,3,45.50,97.37,
303944,7,161.27,852.41,
303944,6,47.97,203.75,
303944,3,158.99,374.72,
303944,8,158.40,965.98,
303944,3,165.07,359.14,
303944,5,8.01,30.53,
303944,4,305.24,929.87,
303944,3,288.23,669.83,
303944,6,21.62,102.32,
303946,3,102.82,280.56,
303946,7,8.73,55.31,
303946,2,225.30,395.38,
303946,9,313.43,2614.44,
303946,2,23.74,43.90,
303946,4,309.65,1148.42,
303946,5,430.50,1996.47,
303947,3,90.05,230.15,
303947,4,186.14,704.41,
303947,3,8.37,22.58,
303947,2,61.24,114.97,
303947,5,166.85,742.50,
303948,5,8.54,38.16,
303948,3,246.96,664.89,
303948,5,63.75,292.05,
303948,5,316.26,1460.23,
303948,2,235.92,437.43,
303948,3,396.06,1002.19,
303951,7,46.67,264.41,
303951,4,317.52,1062.04,
303951,6,31.19,146.84,
303951,2,45.59,74.92,
303951,7,21.65,134.02,
303953,3,192.37,429.15,
303953,9,194.96,1373.49,
303953,4,217.68,618.76,
303953,3,136.75,275.10,
303953,2,35.44,56.26,
303953,5,24.94,85.85,
303953,4,113.16,337.67,
303953,6,23.04,104.17,
303953,5,462.57,1564.35,
303956,3,237.84,592.09,
303956,8,201.31,1187.19,
303956,2,323.19,529.97,
303956,4,427.98,1367.97,
303956,5,7.97,32.31,
303956,3,313.43,790.29,
303958,4,195.98,653.68,
303958,6,7.61,38.69,
303958,2,18.56,32.21,
303958,4,7.94,27.76,
303958,8,42.62,311.30,
303958,6,255.36,1315.99,
303958,4,8.69,30.07,
303958,7,450.66,2646.32,
303958,6,143.79,762.38,
303960,7,160.16,908.06,
303960,6,61.67,297.18,
303960,5,96.86,390.50,
303960,12,322.88,2918.08,
303960,3,7.58,18.97,
303960,2,82.58,142.71,
303960,4,118.47,381.41,
303961,7,30.49,166.20,
303961,3,17.75,43.22,
303961,3,285.08,651.69,
303961,5,326.34,1395.58,
303961,3,24.02,61.09,
303963,4,228.48,909.15,
303963,1,25.51,23.15,
303963,5,175.65,753.70,
303963,2,59.11,104.14,
303963,5,62.53,280.85,
303965,2,150.78,270.14,
303965,7,44.91,297.47,
303965,2,106.79,191.80,
303965,4,8.15,25.82,
303965,5,48.15,220.50,
303965,4,24.94,88.82,
303965,4,65.33,222.93,
303965,8,55.82,385.55,
303965,4,121.57,446.99,
303965,4,26.06,93.31,
303965,3,219.35,608.51,
303967,3,26.38,68.21,
303967,2,78.11,137.81,
303967,4,132.13,483.19,
303967,4,325.71,1084.78,
303968,4,24.60,90.87,
303968,2,24.65,41.99,
303968,6,77.87,417.17,
303968,2,43.16,77.01,
303968,4,47.30,171.37,
303968,4,22.90,78.28,
303970,6,30.92,157.26,
303970,6,75.52,415.46,
303970,5,23.93,108.34,
303970,3,8.76,25.05,
303970,3,30.53,80.34,
303970,7,65.21,407.06,
303972,2,320.99,526.04,
303972,4,191.06,629.29,
303972,6,116.23,562.66,
303972,3,7.22,16.48,
303972,3,232.56,556.49,
303972,2,45.18,71.91,
303972,4,326.97,1069.31,
303973,9,146.53,1162.23,
303973,2,186.14,331.24,
303973,5,19.42,79.44,
303973,2,44.78,78.66,
303973,3,189.90,490.53,
303975,7,168.26,910.85,
303975,2,519.18,898.42,
303975,5,245.04,1101.95,
303977,3,116.35,302.44,
303977,9,17.21,141.89,
303977,5,59.11,278.06,
303977,3,18.41,48.95,
303977,4,59.35,208.68,
303977,3,48.74,123.59,
303977,3,185.73,495.37,
303978,4,13.65,47.46,
303978,6,189.73,927.78,
303978,6,222.48,1233.92,
303978,2,23.93,42.70,
303978,3,12.60,31.93,
303978,4,150.48,529.38,
303978,2,47.52,88.18,
303978,1,12.56,11.21,
303978,5,31.71,140.81,
303979,5,35.84,150.62,
303979,6,46.35,228.34,
303979,4,18.85,62.62,
303979,1,322.56,256.71,
303979,2,121.44,201.15,
303979,7,303.98,1945.79,
303980,5,110.80,425.76,
303980,2,17.55,24.29,
303980,5,95.62,348.21,
303982,3,74.65,206.00,
303982,3,44.60,117.53,
303982,6,126.85,668.84,
303982,2,552.33,1022.92,
303982,7,45.81,267.19,
303982,2,341.15,595.29,
303982,5,56.49,269.02,
303982,4,16.90,59.89,
303983,2,320.04,530.95,
303983,5,129.68,428.29,
303983,5,119.20,476.65,
303983,2,153.82,235.13,
303983,5,62.89,241.27,
303983,3,55.82,134.34,
303983,6,230.64,1053.63,
303984,5,297.99,1173.93,
303984,3,519.69,1326.89,
303984,3,187.09,492.90,
303989,6,13.24,58.87,
303989,3,121.07,283.80,
303989,4,133.85,414.80,
303989,3,183.04,389.47,
303989,5,91.87,352.07,
303989,2,210.54,342.84,
303989,7,124.73,654.58,
303989,3,146.07,331.09,
303989,3,23.23,48.29,
303989,2,337.68,470.09,
303989,5,178.11,643.11,
303989,4,16.79,54.61,
303989,4,459.06,1321.65,
303990,4,17.89,65.84,
303990,3,125.93,332.22,
303990,3,198.03,533.54,
303990,3,284.76,746.39,
303990,3,210.54,548.85,
303990,5,61.73,283.28,
303991,5,42.53,185.09,
303991,9,22.94,184.81,
303991,3,120.12,329.66,
303991,5,131.34,619.84,
303991,9,139.52,1105.83,
303991,5,156.86,666.14,
303992,1,107.26,93.71,
303992,6,113.28,577.39,
303992,5,13.43,60.19,
303992,5,33.83,151.86,
303992,5,164.03,746.15,
303992,4,58.07,201.79,
303992,2,7.22,13.51,
303992,1,60.88,53.45,
303992,6,25.44,142.02,
303992,3,247.44,716.11,
303992,4,47.16,153.04,
303992,3,344.93,882.01,
303992,4,237.36,845.25,
303992,5,7.97,36.77,
303993,1,314.37,270.56,
303993,3,153.22,402.13,
303993,8,159.28,1128.69,
303993,6,13.26,68.20,
303993,5,31.75,144.19,
303993,3,45.09,122.76,
303993,5,174.77,800.34,
303993,4,16.56,60.03,
303993,3,484.50,1309.58,
303997,4,154.74,490.73,
303997,3,24.43,58.37,
303997,7,19.03,104.95,
303997,6,175.12,880.16,
303997,5,85.57,353.92,
303997,6,127.91,630.36,
303997,6,31.05,155.14,
303997,3,13.41,33.73,
303997,4,16.90,51.54,
303997,6,407.82,1961.20,
303999,7,299.25,1587.52,
303999,7,191.14,1038.34,
303999,2,158.99,232.48,
303999,4,23.71,70.77,
303999,6,30.66,139.08,
304004,5,25.54,90.74,
304004,6,11.26,43.24,
304004,3,433.44,936.31,
304004,3,112.93,256.99,
304004,4,325.71,1064.67,
304005,6,41.72,188.57,
304005,6,21.96,106.55,
304005,2,223.66,347.09,
304005,3,409.50,952.36,
304005,4,149.72,477.24,
304005,3,222.84,542.87,
304005,3,220.17,499.37,
304005,5,180.93,704.25,
304005,2,453.60,702.26,
304006,4,176.70,676.78,
304006,3,22.18,61.19,
304006,2,329.18,610.10,
304006,3,157.62,450.01,
304006,4,126.32,478.87,
304007,4,264.00,733.53,
304007,6,140.90,634.92,
304007,3,7.70,16.37,
304007,4,300.20,879.12,
304007,4,49.46,144.86,
304014,4,42.93,137.49,
304014,6,112.10,521.82,
304014,4,128.30,396.94,
304014,1,119.77,96.78,
304014,4,8.44,26.80,
304014,3,432.18,1050.43,
304014,2,32.70,52.50,
304015,3,123.29,331.54,
304015,2,63.32,114.84,
304015,5,290.43,1313.07,
304019,5,181.98,832.35,
304019,7,379.68,2215.19,
304019,6,284.76,1439.81,
304019,5,159.81,710.58,
304019,1,112.22,98.64,
304021,2,77.17,144.09,
304021,2,187.44,297.01,
304021,5,138.73,581.66,
304025,3,150.78,355.17,
304025,3,124.14,273.77,
304025,2,76.54,120.96,
304025,2,287.28,367.72,
304025,2,17.05,27.56,
304025,3,113.87,247.06,
304025,3,222.43,465.54,
304025,4,34.72,112.50,
304025,3,476.34,977.08,
304025,2,456.96,702.84,
304025,7,193.42,1036.06,
304025,4,65.15,201.98,
304025,6,143.94,626.41,
304025,4,34.09,96.37,
304025,4,432.18,1228.10,
304026,3,81.88,225.56,
304026,4,13.04,47.82,
304026,1,41.27,38.38,
304026,7,345.24,2189.61,
304026,2,17.77,30.08,
304026,2,43.20,78.61,
304026,2,96.19,174.28,
304026,4,110.92,398.04,
304026,5,62.28,267.68,
304029,5,325.08,1425.73,
304029,6,243.84,1428.95,
304031,3,25.34,62.70,
304031,7,23.04,134.30,
304031,4,399.00,1283.54,
304031,3,232.56,580.87,
304031,5,47.52,210.19,
304035,5,117.17,493.23,
304035,6,390.18,1814.88,
304035,5,142.43,565.21,
304036,6,163.50,734.58,
304036,3,234.48,549.62,
304036,3,31.38,76.97,
304036,2,22.49,37.20,
304036,6,122.37,615.06,
304036,6,96.58,488.30,
304036,3,138.93,324.99,
304036,7,22.08,123.34,
304036,4,7.22,23.33,
304037,4,425.04,1439.76,
304037,4,49.01,167.85,
304037,4,156.56,552.66,
304037,5,29.83,124.90,
304037,7,125.20,725.46,
304037,3,8.72,20.45,
304037,8,8.30,57.58,
304039,4,7.50,21.84,
304039,3,24.48,53.26,
304039,3,219.12,502.80,
304039,1,123.42,95.11,
304040,3,44.73,103.76,
304040,7,46.08,258.08,
304040,5,228.24,873.85,
304040,6,18.43,86.05,
304040,1,34.25,26.83,
304040,4,22.39,67.89,
304040,5,12.38,46.70,
304041,3,19.57,52.86,
304041,3,340.83,895.28,
304041,2,332.64,625.95,
304041,3,525.81,1416.61,
304041,5,142.69,616.80,
304041,4,21.62,70.90,
304041,4,150.02,506.06,
304041,1,148.35,132.51,
304041,6,125.27,659.29,
304043,4,7.64,27.99,
304043,3,18.58,50.40,
304043,1,215.87,192.55,
304043,2,253.20,456.18,
304043,5,76.69,335.33,
304043,4,119.53,402.34,
304043,1,18.25,16.55,
304045,3,249.60,658.22,
304045,5,137.68,667.06,
304045,5,453.60,2103.26,
304045,4,184.10,700.34,
304046,3,391.86,1072.12,
304046,2,44.37,80.83,
304046,6,43.83,230.27,
304046,3,112.34,298.32,
304046,6,42.12,252.72,
304046,3,147.44,412.34,
304046,3,24.43,66.70,
304047,2,159.46,295.20,
304047,4,13.20,51.02,
304047,3,19.78,54.06,
304047,5,135.04,603.71,
304048,7,8.38,51.84,
304048,2,323.51,602.61,
304048,2,46.40,83.11,
304048,4,59.17,222.36,
304048,3,25.56,67.97,
304048,4,139.52,495.61,
304048,8,128.83,888.20,
304048,3,11.26,30.27,
304048,2,7.33,12.81,
304048,2,216.07,360.00,
304048,5,107.62,473.07,
304048,6,162.64,894.10,
304048,5,16.97,74.67,
304048,4,244.56,879.80,
304049,8,72.30,460.47,
304049,5,56.18,245.50,
304049,7,18.83,104.38,
304051,4,13.26,43.57,
304051,7,395.22,2455.65,
304051,4,397.74,1300.68,
304051,2,104.64,173.70,
304051,2,12.26,20.88,
304051,3,158.08,363.16,
304051,4,56.85,179.60,
304051,7,222.00,1275.78,
304051,5,118.71,473.17,
304051,5,7.57,31.61,
304051,4,22.01,71.03,
304051,5,24.07,94.58,
304051,4,17.77,57.52,
304054,7,218.33,1180.60,
304054,3,121.44,272.12,
304054,4,18.05,51.78,
304054,5,43.65,171.47,
304054,4,32.93,98.33,
304054,5,32.93,125.05,
304054,4,215.46,734.16,
304054,3,61.55,139.57,
304054,5,11.54,43.92,
304054,4,8.61,27.24,
304055,1,13.09,10.02,
304055,4,12.65,37.27,
304055,3,378.84,800.55,
304055,1,298.31,206.03,
304057,2,44.24,76.43,
304057,5,93.79,408.09,
304057,3,142.58,359.96,
304057,6,123.66,610.03,
304057,4,553.35,2025.23,
304057,3,168.96,453.13,
304058,4,175.65,529.35,
304058,4,164.62,505.37,
304058,6,171.07,808.54,
304058,5,86.78,349.77,
304058,4,327.29,1074.79,
304058,4,34.09,115.73,
304058,5,71.04,267.60,
304058,5,105.22,395.19,
304059,3,8.59,19.16,
304059,3,24.96,61.11,
304059,4,152.15,499.15,
304059,3,139.00,325.28,
304059,2,24.10,40.64,
304059,3,110.68,263.53,
304059,5,8.72,33.95,
304061,3,102.43,242.48,
304061,6,30.86,155.89,
304061,2,59.35,95.58,
304061,3,83.84,202.94,
304061,5,130.68,543.63,
304061,4,8.08,27.54,
304061,5,57.34,230.17,
304062,4,231.60,815.25,
304062,4,144.10,521.83,
304062,6,7.45,39.33,
304062,5,82.58,346.48,
304062,4,45.90,155.32,
304062,5,118.94,503.22,
304062,3,82.11,214.72,
304062,6,544.17,3177.04,
304062,2,114.58,214.72,
304064,3,82.97,228.51,
304064,3,85.72,215.62,
304064,3,148.05,380.48,
304064,4,173.71,610.55,
304064,6,219.35,1111.86,
304064,7,333.27,1820.55,
304064,4,129.62,381.47,
304064,3,18.90,49.74,
304064,5,556.92,2264.30,
304065,6,288.86,1610.09,
304065,6,96.77,534.40,
304065,6,34.22,179.83,
304065,4,12.98,44.39,
304065,5,136.95,551.96,
304065,5,141.24,614.06,
304065,2,61.00,103.53,
304065,3,170.02,473.68,
304065,2,126.85,238.05,
304066,3,290.43,767.56,
304066,4,120.12,441.02,
304066,5,34.09,161.23,
304066,2,221.20,426.65,
304066,5,31.25,147.12,
304066,6,206.85,1196.51,
304066,4,83.92,309.93,
304066,4,253.68,930.71,
304066,6,18.11,94.73,
304066,3,150.94,397.10,
304066,4,136.36,458.31,
304066,2,12.25,23.04,
304067,5,536.52,2495.47,
304067,2,219.35,407.73,
304067,5,482.46,2349.83,
304067,7,218.33,1430.74,
304067,2,169.31,316.17,
304067,5,257.76,1200.54,
304075,8,73.16,538.46,
304075,8,112.93,804.19,
304075,6,460.32,2419.12,
304075,2,8.71,16.00,
304075,2,41.81,74.58,
304076,3,312.48,773.99,
304076,7,18.43,99.96,
304076,4,18.07,57.93,
304076,4,224.89,767.64,
304076,7,30.23,161.53,
304079,3,416.64,1000.80,
304079,3,18.86,47.70,
304079,1,225.30,173.80,
304079,6,154.28,793.36,
304079,1,159.14,122.57,
304079,4,23.54,76.21,
304080,2,18.11,29.48,
304080,6,8.16,37.30,
304080,5,191.47,786.40,
304080,1,41.36,32.34,
304080,4,34.78,110.55,
304080,4,66.49,199.08,
304080,5,24.19,101.75,
304080,8,343.35,2417.18,
304080,4,7.54,24.34,
304080,3,8.37,19.47,
304081,2,62.46,110.21,
304081,3,61.49,155.59,
304081,7,413.70,2567.35,
304081,3,48.06,124.76,
304081,2,17.41,30.33,
304081,4,134.90,477.18,
304081,4,476.34,1569.96,
304081,3,260.40,674.90,
304081,3,508.98,1267.32,
304082,4,158.75,529.82,
304082,3,49.14,127.28,
304082,6,60.82,320.96,
304082,5,142.56,656.46,
304082,4,106.32,371.48,
304082,6,219.12,1151.89,
304082,3,78.34,216.21,
304082,4,7.27,26.29,
304082,7,215.87,1385.89,
304082,1,79.05,74.78,
304082,5,140.84,602.11,
304082,4,172.83,637.96,
304084,1,510.51,416.25,
304084,5,42.66,175.67,
304084,3,13.33,31.59,
304084,5,524.79,1948.84,
304084,3,206.64,492.07,
304084,2,126.72,198.27,
304084,2,19.30,29.68,
304084,2,111.98,180.15,
304084,3,523.77,1247.67,
304086,4,8.73,25.03,
304086,4,70.96,216.01,
304086,2,24.67,38.40,
304086,6,220.08,1043.40,
304086,3,503.88,1196.26,
304086,5,44.64,172.14,
304086,2,202.13,305.54,
304086,2,11.26,17.37,
304086,5,142.27,511.67,
304087,2,102.91,157.44,
304087,4,13.15,43.56,
304087,5,293.27,1109.72,
304087,3,16.54,35.76,
304087,4,162.49,501.51,
304088,3,221.04,579.77,
304088,6,26.28,133.72,
304088,1,151.24,127.20,
304088,3,19.62,52.21,
304088,5,124.02,568.68,
304088,4,255.36,836.36,
304088,4,223.25,775.92,
304088,2,223.20,385.11,
304091,4,405.72,1338.75,
304091,9,536.52,4040.53,
304091,7,129.33,790.14,
304091,4,195.37,695.59,
304091,7,56.67,326.43,
304091,6,12.13,58.84,
304091,2,18.25,31.55,
304091,5,125.43,529.18,
304091,5,26.14,111.54,
304091,4,338.94,1096.76,
304092,6,13.13,56.39,
304092,4,250.32,811.75,
304092,4,519.18,1657.03,
304092,2,494.70,701.07,
304092,5,137.15,514.31,
304092,3,71.44,174.85,
304092,1,61.61,46.51,
304092,7,57.04,296.00,
304092,4,32.37,105.15,
304092,3,22.30,50.99,
304092,3,30.66,73.75,
304095,3,87.26,247.66,
304095,3,233.04,657.28,
304095,4,131.47,469.41,
304095,6,192.02,1013.48,
304095,3,89.38,255.68,
304095,1,11.26,10.32,
304096,4,102.24,358.69,
304096,6,490.11,2604.43,
304096,7,8.74,56.67,
304096,5,220.80,980.93,
304096,6,205.82,1155.12,
304096,4,8.06,30.55,
304096,7,78.66,478.33,
304096,4,426.30,1540.69,
304096,3,140.45,371.88,
304097,3,11.75,28.87,
304097,4,124.96,416.35,
304097,5,124.96,494.95,
304097,3,388.92,972.62,
304097,5,65.94,265.65,
304097,4,24.19,72.61,
304097,3,136.62,322.56,
304097,1,108.32,87.39,
304097,6,548.76,2727.40,
304097,4,123.31,378.52,
304097,7,215.25,1278.43,
304098,2,118.47,195.41,
304098,3,337.68,798.00,
304099,2,158.69,286.60,
304099,3,24.14,62.38,
304099,1,485.01,429.56,
304099,5,59.54,260.84,
304099,2,406.14,699.24,
304099,1,8.42,7.35,
304099,4,59.90,211.49,
304099,1,554.37,510.31,
304099,4,317.21,1099.84,
304099,5,19.40,86.33,
304100,5,45.59,180.43,
304100,6,221.28,1117.08,
304100,5,33.89,141.11,
304100,5,118.24,471.88,
304100,8,12.39,80.53,
304100,7,86.59,487.07,
304100,4,112.34,383.29,
304101,5,201.72,891.93,
304101,2,60.27,105.81,
304101,4,232.56,843.53,
304101,4,286.97,1066.52,
304101,3,224.27,618.05,
304101,2,35.41,62.30,
304101,6,30.20,173.31,
304101,8,8.69,60.87,
304102,4,46.94,134.30,
304102,9,495.72,3340.32,
304102,3,74.34,171.30,
304102,3,333.90,804.23,
304102,4,146.68,433.81,
304102,5,134.38,505.23,
304102,6,162.80,680.01,
304102,6,459.06,1904.27,
304102,3,295.47,666.27,
304102,3,248.16,511.97,
304103,3,34.19,73.65,
304103,6,159.30,709.95,
304103,3,128.27,275.21,
304103,5,127.64,536.92,
304103,7,176.53,847.00,
304103,3,24.12,54.40,
304103,4,13.35,42.03,
304103,4,8.16,24.41,
304104,8,12.23,67.82,
304104,5,318.78,1158.11,
304104,1,43.92,31.03,
304104,1,31.42,26.42,
304104,2,16.97,26.57,
304104,3,89.86,194.78,
304104,4,22.10,64.91,
304104,4,338.63,1145.17,
304104,1,134.24,99.18,
304104,3,127.51,289.56,
304104,6,93.98,409.48,
304104,5,159.14,604.82,
304104,2,157.02,237.62,
304105,6,120.38,661.63,
304105,2,36.27,63.57,
304105,6,57.10,269.35,
304107,7,12.40,68.67,
304107,4,11.99,34.02,
304107,6,447.30,1991.77,
304107,4,313.74,894.79,
304107,3,435.12,1026.99,
304113,4,160.97,497.43,
304113,4,151.39,473.77,
304113,5,527.85,2072.15,
304113,1,75.12,61.47,
304113,5,64.84,265.15,
304113,10,12.86,96.18,
304113,5,13.38,56.17,
304113,3,309.65,777.04,
304115,6,339.89,1830.32,
304115,2,161.88,305.82,
304115,3,46.08,134.42,
304115,5,113.28,507.53,
304115,2,11.60,21.50,
304115,3,48.15,144.45,
304115,4,303.66,1146.32,
304115,6,82.19,456.44,
304115,8,41.13,299.26,
304118,2,7.48,13.11,
304118,3,315.32,822.40,
304118,6,114.93,573.03,
304118,7,124.61,693.70,
304118,5,299.25,1140.54,
304118,5,17.80,75.27,
304118,5,19.30,75.44,
304118,6,205.21,868.65,
304121,3,13.74,34.44,
304121,3,86.19,214.01,
304121,5,8.69,34.08,
304121,4,18.20,59.35,
304121,4,206.64,691.91,
304121,6,143.22,717.86,
304121,3,11.81,29.25,
304121,3,524.79,1322.69,
304121,4,258.96,852.98,
304121,3,241.20,600.60,
304121,3,206.85,518.29,
304122,5,48.38,188.53,
304122,3,86.98,184.68,
304122,2,161.39,244.52,
304122,5,63.38,238.51,
304122,5,240.48,850.22,
304122,3,428.82,958.45,
304123,3,392.28,1022.28,
304123,3,155.19,430.82,
304123,3,388.92,1010.62,
304123,5,196.39,861.98,
304123,3,142.88,362.21,
304123,4,13.28,43.22,
304123,3,98.50,245.36,
304123,4,200.49,666.23,
304125,3,506.43,1160.18,
304125,4,187.09,662.21,
304125,2,522.24,849.34,
304125,5,246.72,1060.27,
304126,3,12.35,30.19,
304126,3,493.68,1132.94,
304126,4,186.76,559.12,
304126,4,44.24,144.34,
304127,5,7.73,28.43,
304127,5,111.51,412.54,
304127,4,146.38,435.91,
304127,2,184.45,260.56,
304127,3,228.24,566.26,
304127,10,21.79,156.20,
304127,2,25.66,42.08,
304127,8,18.76,111.89,
304127,4,214.02,657.74,
304127,3,7.64,16.85,
304127,5,139.66,559.18,
304128,6,128.44,628.92,
304128,4,427.56,1376.87,
304130,1,220.80,159.38,
304130,4,260.40,758.20,
304130,3,16.65,37.07,
304130,7,248.64,1334.15,
304130,7,82.27,460.47,
304130,8,29.90,184.47,
304131,5,291.38,1343.76,
304131,9,105.22,834.34,
304132,5,93.89,340.51,
304132,4,152.61,437.51,
304132,7,121.57,644.61,
304132,7,44.96,233.35,
304133,4,225.36,674.01,
304133,4,19.12,59.20,
304133,4,61.18,199.79,
304133,7,32.24,184.64,
304133,6,125.53,558.69,
304133,2,35.44,53.27,
304133,3,74.81,169.37,
304133,5,33.33,128.79,
304135,3,45.68,119.73,
304135,3,31.58,80.46,
304135,3,385.56,1015.67,
304135,3,8.38,20.91,
304135,4,45.14,159.48,
304135,1,109.98,95.65,
304139,4,63.44,196.99,
304139,7,458.22,2547.65,
304139,9,25.80,185.58,
304139,2,12.93,20.40,
304141,4,160.36,501.41,
304141,5,138.62,553.22,
304141,5,233.76,876.83,
304141,3,208.69,507.49,
304141,5,250.80,1000.25,
304141,6,7.28,35.37,
304141,6,201.11,856.95,
304141,1,84.39,62.45,
304141,2,78.34,121.67,
304143,7,120.52,597.65,
304143,6,504.39,2305.53,
304143,8,58.87,363.47,
304143,3,259.92,574.77,
304143,5,511.53,1878.60,
304143,4,91.58,281.54,
304143,3,161.58,360.31,
304144,3,524.28,1318.98,
304144,3,101.66,261.14,
304144,3,7.62,17.74,
304144,3,125.32,312.31,
304144,4,62.77,199.26,
304144,6,16.88,76.37,
9304144,-3,7.62,-17.74,
304149,8,481.95,2842.84,
304149,5,181.28,663.43,
304149,3,158.84,330.32,
304149,6,118.94,543.98,
304149,3,257.76,565.28,
304149,1,56.18,42.05,
304149,2,45.05,67.87,
304149,4,128.03,364.49,
304149,3,13.38,30.54,
304149,7,12.70,65.95,
304151,5,526.83,1999.66,
304151,7,17.93,97.44,
304151,5,330.12,1241.57,
304151,4,167.55,509.99,
304152,6,201.93,939.04,
304152,7,119.59,656.61,
304152,5,218.74,806.85,
304152,6,65.94,307.42,
304154,4,8.21,24.70,
304154,5,146.68,563.07,
304154,1,326.03,251.63,
304154,3,18.92,42.32,
304159,5,225.36,987.55,
304159,5,468.69,2159.47,
304160,5,7.88,33.28,
304160,4,496.23,1835.38,
304160,6,42.17,230.92,
304160,3,80.07,217.13,
304161,4,223.66,703.68,
304161,3,380.10,849.89,
304161,4,114.70,351.81,
304162,5,430.08,1975.97,
304162,4,433.44,1571.51,
304162,2,24.46,45.60,
9304162,-2,24.46,-45.6,
304163,7,90.43,473.86,
304163,8,187.26,1219.27,
304163,5,97.54,380.06,
304163,1,47.88,36.75,
304163,3,35.77,86.64,
304163,3,24.38,60.87,
304163,1,196.60,150.37,
304163,1,311.54,243.32,
304163,2,425.04,681.92,
304163,6,89.18,449.49,
304164,5,112.81,436.42,
304164,8,78.42,461.26,
304164,6,139.54,624.51,
304164,5,17.05,64.93,
304164,4,47.75,143.99,
304164,5,143.62,529.06,
304164,4,13.75,36.94,
304167,3,8.65,20.31,
304167,3,142.96,338.69,
304167,8,56.36,367.71,
304167,7,241.68,1279.44,
304167,6,496.74,2496.60,
304167,5,381.78,1478.45,
304168,6,177.06,759.55,
304168,4,103.49,301.19,
304168,6,204.59,886.21,
304168,4,26.33,79.35,
304168,3,138.93,318.87,
304168,3,88.80,203.18,
304168,2,13.63,21.96,
304168,5,13.34,51.83,
304168,6,22.34,95.76,
304168,2,323.19,489.40,
304168,3,435.12,1044.59,
304168,5,401.10,1552.17,
304168,4,135.70,360.96,
304170,7,480.93,2508.69,
304170,4,120.78,380.76,
304170,7,8.75,45.79,
304173,6,215.25,1119.17,
304173,4,7.27,24.97,
304173,1,189.02,173.42,
304173,5,18.16,77.98,
304173,3,13.15,33.92,
304173,4,134.64,459.93,
304173,4,133.58,452.20,
304173,5,116.70,530.94,
304173,3,144.94,401.51,
304173,6,23.14,116.08,
304173,4,42.35,147.23,
304173,5,115.40,491.55,
304176,5,105.12,380.29,
304176,4,178.29,534.87,
304176,2,13.18,22.19,
304176,6,60.63,276.25,
304176,2,85.64,139.99,
304176,3,94.85,209.04,
304178,7,428.40,2674.75,
304178,4,45.81,164.29,
304178,5,218.16,992.92,
304179,4,319.10,1033.39,
304179,6,100.42,412.07,
304179,1,141.64,107.27,
304179,3,13.08,28.95,
304179,3,114.70,259.91,
304179,4,11.85,37.39,
304179,3,31.45,76.39,
304179,2,29.73,43.39,
304186,4,341.78,1145.64,
304186,2,25.46,44.79,
304186,5,33.26,142.57,
304186,2,85.72,145.51,
304186,5,164.03,687.15,
304186,3,118.24,305.60,
304186,4,159.14,556.10,
304186,1,305.87,266.80,
304186,2,73.95,125.02,
304187,2,19.10,33.72,
304187,5,434.28,1974.35,
304187,12,13.00,137.18,
304187,3,192.54,498.18,
304187,2,155.19,276.66,
304187,4,379.68,1364.50,
304187,2,316.58,580.59,
304187,5,59.78,257.69,
304187,5,295.79,1426.05,
304187,6,120.52,652.95,
304188,6,43.11,198.09,
304188,3,8.72,20.78,
304188,7,343.04,1972.99,
304188,4,11.69,35.05,
304188,3,73.40,179.98,
304188,6,144.54,688.76,
304188,3,110.57,267.43,
304188,4,296.42,952.86,
304188,2,144.86,231.96,
304189,4,12.18,36.52,
304189,4,23.06,69.83,
304189,4,30.16,93.14,
304189,5,125.55,521.25,
304189,6,389.34,1954.52,
304190,6,118.47,544.02,
304190,5,136.09,528.85,
304190,5,222.24,826.15,
304190,3,46.76,99.68,
304190,3,459.51,1025.40,
304190,3,97.25,201.12,
304190,6,115.17,544.91,
304190,6,188.32,835.97,
304191,6,128.83,619.67,
304191,2,172.30,297.27,
304191,2,144.86,239.56,
304191,4,307.13,909.80,
304191,7,220.79,1202.42,
304191,5,108.44,442.24,
304191,8,43.11,280.35,
304191,3,48.69,115.76,
304191,4,7.59,25.58,
304195,4,162.10,504.05,
304195,4,124.73,433.20,
304195,3,151.54,397.05,
304195,5,17.59,73.64,
304196,5,35.57,137.79,
304196,6,43.56,224.05,
304196,4,245.52,770.63,
304196,3,17.82,41.37,
304196,1,139.08,109.68,
304196,4,168.26,559.69,
304196,6,82.50,416.85,
304197,3,56.30,142.52,
304197,5,132.40,603.05,
304197,5,520.71,2212.03,
304197,4,126.97,423.66,
304197,4,102.82,361.57,
304197,5,175.12,796.23,
304197,3,125.32,332.27,
304197,3,21.82,60.86,
304198,3,517.65,1167.68,
304198,4,251.04,815.47,
304198,6,81.56,379.53,
304198,3,72.69,165.24,
304198,2,161.22,251.60,
304198,6,78.26,365.90,
304198,4,483.99,1511.06,
304200,2,124.48,231.33,
304200,5,191.49,865.37,
304200,3,47.88,127.86,
304200,4,48.83,179.00,
304200,2,191.88,363.49,
304200,5,30.92,138.35,
304200,5,32.41,141.87,
304201,7,11.43,73.40,
304201,4,316.58,1132.75,
304201,4,531.93,1807.29,
304201,4,226.08,748.62,
304202,3,12.74,35.19,
304202,6,232.08,1171.88,
304202,3,481.44,1321.37,
304202,4,258.00,942.49,
304202,3,235.92,662.32,
304202,2,79.76,141.45,
304202,3,136.80,372.51,
304203,4,34.95,111.00,
304203,2,137.81,228.92,
304203,4,119.99,371.84,
304203,4,55.69,185.52,
304203,8,94.85,638.49,
304203,6,32.27,142.37,
304203,4,485.52,1645.89,
304203,7,7.30,39.36,
304203,2,80.31,136.62,
304203,5,104.64,443.07,
304203,3,474.81,1078.04,
9304203,-2,137.81,-228.92,
9304203,-4,119.99,-371.84,
304205,4,23.81,81.46,
304205,3,314.37,847.54,
304205,5,495.21,2305.72,
304205,5,153.37,701.54,
304205,5,162.03,704.59,
304205,6,121.30,614.46,
304205,6,79.21,412.70,
304205,5,8.35,37.00,
304208,5,195.98,831.57,
304208,3,207.87,545.15,
304208,7,126.85,743.09,
304208,5,122.72,533.58,
304212,3,344.61,927.22,
304212,6,443.52,2216.90,
304212,2,323.82,504.56,
304212,6,109.39,562.35,
304212,4,7.28,22.84,
304212,2,108.56,171.14,
304212,6,25.51,127.84,
304212,5,117.65,429.24,
304212,6,151.70,754.58,
304212,5,438.48,1787.33,
304212,3,460.02,1153.55,
304212,4,85.41,302.14,
304212,5,91.49,383.10,
304212,6,13.25,66.06,
304212,2,12.71,21.53,
304213,3,115.64,278.31,
304213,3,109.62,297.78,
304213,2,11.86,20.10,
304215,4,61.85,192.29,
304215,5,384.30,1453.72,
304215,2,142.56,218.44,
304215,5,76.07,272.26,
304215,4,163.70,474.34,
304215,4,78.97,236.94,
304215,5,414.96,1513.72,
304215,6,13.05,56.14,
304215,5,124.14,527.39,
304215,8,263.28,1534.26,
304215,5,308.39,1133.89,
304215,2,19.71,28.91,
304222,5,19.51,74.71,
304222,3,8.14,17.61,
304222,4,301.14,884.23,
304222,6,24.02,98.96,
304222,4,16.52,49.14,
304222,6,96.58,420.94,
304222,7,92.26,465.91,
304222,7,84.00,462.75,
304222,2,399.42,583.83,
304222,1,116.94,93.47,
304224,2,194.96,332.22,
304224,6,128.62,653.97,
304224,2,12.13,21.32,
304224,2,95.71,160.08,
304224,4,546.21,1753.68,
304224,4,13.31,45.20,
304224,3,192.37,478.93,
304224,4,97.54,294.53,
304224,7,384.30,2109.65,
304224,8,495.21,3329.25,
304224,2,7.61,12.10,
304224,2,158.84,255.72,
304225,4,87.46,288.17,
304225,7,144.10,736.00,
304225,3,19.62,42.92,
304225,6,124.48,566.45,
304225,3,71.91,173.49,
304225,4,22.58,65.91,
304225,4,46.08,132.38,
304225,9,24.12,182.12,
304227,6,176.70,878.16,
304227,2,25.97,45.50,
304227,2,125.00,208.28,
304227,4,95.52,353.49,
304227,2,242.16,428.06,
304227,4,122.37,414.27,
304227,3,58.74,149.63,
304228,5,23.59,89.10,
304228,6,24.72,117.22,
304228,7,49.05,270.13,
304230,4,114.70,386.38,
304230,2,549.27,871.25,
304230,2,334.22,558.11,
304230,4,126.97,408.85,
304230,4,85.49,293.61,
304233,8,48.87,353.46,
304233,4,451.92,1615.31,
304233,6,8.45,43.36,
304233,5,518.16,2076.80,
304234,2,23.06,38.95,
304234,4,83.68,283.70,
304234,2,7.91,13.35,
304234,2,137.56,229.45,
304234,4,11.51,38.78,
304234,4,286.02,911.85,
304234,6,31.55,165.22,
304234,3,23.30,59.33,
304234,3,143.48,367.12,
304237,5,222.02,1001.67,
304237,4,76.69,259.98,
304237,4,13.36,49.70,
304237,5,61.92,276.20,
304237,3,84.86,241.79,
304237,3,8.34,23.83,
304237,4,80.07,287.70,
304237,4,183.74,648.15,
304237,3,167.20,449.56,
304238,5,7.70,29.37,
304238,5,171.95,723.48,
304238,4,114.81,349.07,
304238,4,32.08,96.47,
304238,8,242.16,1399.21,
304238,4,56.12,181.63,
304238,6,213.41,1040.91,
304238,4,421.26,1251.64,
304239,6,18.41,77.77,
304239,4,391.02,1137.93,
304239,5,34.55,132.56,
304239,6,11.71,50.61,
304239,3,229.68,550.21,
304242,8,314.69,1963.14,
304242,6,299.25,1378.85,
304242,4,46.44,138.09,
304242,4,19.69,56.39,
304242,5,138.60,510.75,
304242,4,16.70,52.64,
304242,7,66.31,356.00,
304242,2,193.32,288.28,
304242,5,168.08,623.17,
304242,3,143.75,320.60,
304242,1,13.13,9.62,
304242,5,137.26,494.41,
304242,10,35.57,278.06,
304244,1,130.55,112.83,
304244,2,8.41,14.71,
304244,3,58.68,152.76,
304246,9,21.72,140.71,
304246,6,124.48,574.63,
304246,3,206.64,473.36,
304246,5,159.45,586.04,
304246,7,87.17,455.50,
304246,3,205.41,486.57,
304247,6,43.56,211.70,
304247,3,49.37,120.77,
304247,2,403.62,700.96,
304247,7,142.69,856.29,
304247,5,466.65,1686.48,
304247,3,177.94,442.48,
304248,3,84.78,214.79,
304248,2,141.66,237.18,
304248,4,409.08,1279.06,
304253,2,190.45,279.77,
304253,4,137.54,389.46,
304253,3,223.04,550.37,
304253,5,130.55,474.85,
304253,1,160.51,118.72,
304253,3,128.15,278.42,
304253,7,124.73,637.22,
304253,3,8.10,18.82,
304253,3,16.70,36.40,
304253,4,47.12,146.26,
304253,2,17.98,25.79,
304253,5,165.26,643.83,
304253,2,326.97,472.74,
304253,5,13.53,52.37,
304253,7,33.17,180.89,
304254,5,43.97,189.96,
304254,8,147.59,1025.22,
304254,4,115.99,436.83,
304254,3,215.25,583.51,
304254,7,8.49,52.95,
304254,2,42.71,79.97,
304254,3,43.52,126.74,
304254,4,17.78,60.11,
304254,4,220.80,817.50,
304254,3,120.52,290.36,
304254,3,125.80,343.73,
304254,6,23.50,129.11,
304254,3,8.60,23.67,
304255,3,82.27,210.08,
304255,5,203.57,771.03,
304255,5,164.01,667.91,
304255,1,24.50,19.74,
304257,5,125.91,548.43,
304257,6,100.70,507.68,
304257,3,190.45,510.38,
304257,3,432.60,1175.08,
304258,6,24.19,123.99,
304258,7,292.32,1849.86,
304258,3,48.20,119.94,
304261,8,497.25,2983.93,
304261,5,81.80,312.76,
304261,3,8.55,20.49,
304261,1,63.99,48.79,
304261,4,117.17,361.61,
304261,3,164.91,394.56,
304261,4,8.42,24.92,
304261,2,49.10,83.98,
304262,5,320.04,1450.41,
304262,3,80.23,214.38,
304262,4,11.56,42.63,
304262,2,21.94,39.56,
304262,3,22.06,57.64,
304262,1,242.40,210.95,
304263,3,485.52,1086.91,
304263,3,77.56,193.65,
304263,3,7.37,17.43,
304263,7,221.40,1272.83,
304265,3,216.48,509.72,
304265,6,64.48,317.75,
304265,2,87.84,144.58,
304265,3,11.51,27.41,
304265,6,8.54,40.61,
304265,2,111.86,175.40,
304265,2,36.27,62.59,
304265,3,137.10,357.22,
304265,6,284.76,1436.41,
304265,4,90.43,277.23,
304265,4,12.80,40.71,
304266,3,33.10,78.22,
304266,5,257.76,1087.65,
304266,5,480.42,1714.16,
304266,6,129.62,662.17,
304266,6,8.36,39.68,
304268,4,260.16,833.75,
304268,6,63.81,292.28,
304268,3,175.30,402.98,
304268,3,340.83,776.89,
304268,7,12.28,69.86,
304268,5,101.38,397.45,
304270,1,119.65,102.07,
304270,5,303.03,1210.11,
304270,1,174.42,137.56,
304270,5,141.97,567.56,
304272,5,123.02,469.46,
304272,5,224.88,1017.18,
304272,7,164.56,977.00,
304272,4,223.92,757.69,
304272,9,13.03,96.45,
304272,8,143.35,1013.59,
304272,4,338.00,1133.70,
304272,6,447.30,2356.43,
304272,5,22.15,98.05,
304275,2,30.59,54.98,
304275,1,13.31,11.69,
304275,2,184.91,320.12,
304275,4,237.36,833.62,
304275,3,8.11,21.96,
304275,2,336.11,577.69,
304275,5,289.49,1312.54,
304276,5,31.42,150.54,
304276,2,8.27,15.22,
304276,5,151.85,695.72,
304276,3,459.90,1279.94,
304277,7,7.83,45.31,
304277,1,85.88,71.50,
304277,2,334.85,643.23,
304277,1,147.59,124.13,
304277,3,23.81,60.60,
304277,6,239.76,1325.04,
304277,2,36.07,58.29,
304277,2,16.36,29.29,
304277,5,129.36,563.05,
304279,3,99.84,277.52,
304279,5,44.73,205.07,
304279,5,7.52,34.89,
304279,5,473.28,2144.09,
304281,5,202.34,707.69,
304281,5,127.68,497.75,
304281,5,114.11,414.01,
304281,3,17.73,40.14,
304281,4,326.66,1078.20,
304281,4,264.00,819.99,
304281,4,32.44,100.76,
304281,4,458.22,1362.13,
304281,3,141.50,331.75,
304281,4,65.39,186.08,
304281,2,141.06,196.00,
304283,2,120.60,216.91,
304283,3,166.14,492.67,
304283,3,55.69,151.90,
304283,4,11.98,41.96,
304283,8,59.90,432.85,
304285,4,12.08,41.24,
304285,8,546.21,3939.35,
304285,2,77.17,136.12,
304285,5,24.62,102.43,
304286,3,141.77,322.54,
304286,3,248.16,553.21,
304286,2,8.17,11.40,
304286,7,237.36,1247.22,
304286,2,192.02,289.58,
304286,8,119.42,685.05,
304286,4,47.39,134.81,
304286,4,63.81,197.50,
304286,7,103.49,569.82,
304286,5,260.88,852.56,
304286,2,94.66,151.21,
304287,4,44.28,154.77,
304287,1,86.19,72.86,
304287,1,225.84,196.96,
304287,4,117.41,410.21,
304287,5,7.71,34.47,
304287,3,526.83,1383.54,
304287,6,66.80,356.46,
304290,3,143.88,311.13,
304290,3,35.05,82.65,
304290,3,164.31,421.26,
304290,3,13.51,30.93,
304290,4,143.18,433.99,
304290,3,433.44,1030.25,
304291,5,551.31,2389.43,
304291,5,490.62,2056.76,
304291,4,71.75,232.40,
304291,4,141.24,470.62,
304291,5,121.04,506.55,
304291,7,191.49,1141.46,
304293,9,66.92,476.01,
304293,6,207.46,971.00,
304293,7,7.45,42.30,
304293,4,8.70,26.01,
304293,3,177.94,393.61,
304293,4,55.33,167.45,
304294,6,8.70,39.20,
304294,3,44.64,95.89,
304294,2,30.06,40.85,
304294,6,158.84,678.67,
304294,3,156.41,340.66,
304294,5,45.32,178.25,
304294,5,13.01,42.88,
304294,1,246.00,173.53,
304294,4,97.63,256.81,
304294,5,216.48,765.18,
304294,5,141.82,496.26,
304294,5,190.61,699.84,
304299,3,119.30,309.25,
304299,4,461.04,1631.82,
304299,4,45.50,155.16,
304299,7,40.95,259.67,
304303,3,35.84,91.48,
304303,5,189.42,783.54,
304303,2,57.40,98.29,
304303,4,25.22,81.55,
304304,3,112.10,271.54,
304304,6,17.91,90.47,
304304,4,136.09,422.90,
304304,1,86.11,68.75,
304304,7,13.16,71.91,
304304,7,72.77,387.19,
304304,3,7.46,18.07,
304304,4,200.90,635.86,
304304,3,317.52,721.24,
304304,2,121.07,184.06,
304307,2,497.76,747.95,
304307,2,59.48,95.12,
304307,5,7.26,29.35,
304307,7,85.80,505.27,
304307,6,249.36,1189.29,
304310,6,159.45,764.74,
304310,7,324.45,1581.41,
304311,3,61.12,140.23,
304311,2,22.01,31.74,
304311,3,303.35,648.08,
304311,3,323.19,735.78,
304311,2,119.20,175.22,
304311,2,23.23,34.37,
304311,2,462.00,717.57,
304311,2,129.45,200.91,
304312,5,136.75,605.73,
304312,5,156.10,684.96,
304312,4,240.48,879.77,
304313,5,193.42,897.65,
304313,5,450.24,2030.89,
304313,2,199.26,351.66,
304313,5,23.64,104.42,
304313,3,119.18,306.44,
304313,3,8.35,20.67,
304313,7,142.69,899.09,
304313,5,325.40,1542.44,
304313,4,80.23,285.07,
304313,2,125.00,227.80,
304313,4,239.52,871.41,
304313,4,44.55,160.01,
304315,3,16.49,39.23,
304315,3,163.86,393.70,
304315,6,462.57,2082.40,
304315,7,502.86,2854.89,
304316,3,128.86,343.18,
304316,5,137.41,623.27,
304316,2,64.54,116.51,
304316,5,128.96,588.40,
304316,1,7.60,6.62,
304316,3,492.15,1308.35,
304319,7,98.88,532.36,
304319,3,25.92,63.03,
304319,4,192.72,593.79,
304319,6,21.70,103.56,
304324,7,121.18,601.49,
304324,6,433.86,2069.26,
304324,3,110.92,235.75,
304324,4,181.46,580.99,
304324,3,157.78,370.41,
9304324,-6,433.86,-2069.26,
9304324,-3,110.92,-235.75,
304325,4,408.24,1220.34,
304325,2,217.44,328.50,
304325,7,258.72,1361.72,
304325,5,7.34,27.30,
304325,2,64.48,89.03,
304326,3,8.30,22.02,
304326,4,145.07,486.60,
304326,3,129.10,327.26,
304326,8,58.93,394.73,
304326,3,18.65,46.85,
304326,3,123.19,341.43,
304331,3,16.69,34.68,
304331,5,342.41,1263.63,
304331,3,31.52,69.13,
304331,4,159.90,443.27,
304331,6,11.59,49.71,
304331,4,98.50,320.11,
304331,3,117.29,273.18,
304333,6,62.77,330.22,
304333,3,23.90,65.40,
304333,3,7.74,20.63,
304333,2,163.86,290.58,
304333,6,7.45,41.74,
304333,5,125.55,565.27,
304333,6,292.32,1581.39,
304334,4,143.18,458.20,
304334,4,87.65,285.75,
304334,5,404.46,1642.08,
304334,5,147.90,625.13,
304335,3,12.28,26.27,
304335,6,96.10,447.20,
304335,4,166.14,528.63,
304335,3,503.37,1116.12,
304335,5,221.52,850.61,
304335,7,152.61,803.70,
304335,3,30.59,69.96,
304335,4,511.53,1577.89,
304335,4,494.19,1438.99,
304338,8,556.92,3846.96,
304338,5,128.62,626.11,
304338,5,510.00,2348.37,
304338,7,245.52,1688.06,
304338,1,7.42,7.01,
304338,7,225.60,1529.95,
304338,4,7.64,28.26,
304338,6,180.40,913.93,
304338,4,310.28,1161.94,
304338,5,122.36,576.47,
304338,8,476.85,3410.01,
304338,2,46.85,75.96,
304338,4,78.58,293.44,
304338,5,8.02,37.62,
304341,3,13.64,29.90,
304341,4,169.84,509.51,
304341,1,55.27,44.68,
304341,3,111.86,256.63,
304341,3,201.11,428.41,
304341,5,7.56,28.64,
304341,5,48.33,180.50,
304341,8,491.64,2938.92,
304341,2,7.27,10.74,
304341,3,44.91,102.96,
304341,1,41.13,31.84,
304342,3,187.17,489.82,
304342,3,78.42,226.45,
304342,6,26.26,135.62,
304342,4,324.45,1191.61,
304345,1,474.30,367.12,
304345,6,213.82,949.94,
304345,4,156.26,512.54,
304345,5,17.62,68.23,
304346,4,242.64,690.49,
304346,4,13.74,42.55,
304346,2,236.16,367.46,
304346,3,47.70,106.05,
304346,6,391.02,1767.07,
304346,4,111.27,341.27,
304346,4,23.02,70.98,
304346,4,169.14,540.36,
304346,5,471.75,1789.18,
304347,4,24.53,79.29,
304347,2,18.94,29.50,
304347,4,549.78,1734.39,
304347,5,204.80,868.44,
304347,2,30.43,49.74,
304348,4,190.61,681.39,
304348,6,7.54,38.12,
304348,6,312.48,1696.61,
304348,4,8.33,28.09,
304348,4,217.10,775.38,
304348,3,222.24,554.10,
304348,6,311.85,1728.86,
304348,1,8.59,7.61,
304349,3,82.66,195.23,
304349,5,88.51,335.71,
304349,4,195.16,620.94,
304349,5,195.98,779.99,
304349,3,124.25,273.08,
304349,5,230.16,882.77,
304349,2,150.33,228.31,
304349,2,140.45,207.92,
304349,4,8.39,26.80,
304349,5,98.78,372.37,
304349,4,33.89,98.69,
304349,5,11.31,46.18,
304350,4,111.98,352.87,
304350,4,462.06,1415.93,
304350,2,394.38,609.14,
304350,2,163.68,232.73,
304350,3,383.88,844.39,
304350,3,164.62,395.18,
304352,3,154.13,416.73,
304352,5,121.30,546.60,
304352,4,47.66,156.66,
304352,2,19.08,34.51,
304352,5,7.67,31.92,
304352,5,8.02,34.86,
304352,2,115.99,209.31,
304352,5,131.21,567.19,
304352,4,95.90,349.11,
304352,2,106.44,185.55,
304352,1,16.56,14.10,
304354,4,124.74,435.14,
304354,2,255.60,422.28,
304354,3,161.04,428.83,
304354,2,102.72,170.23,
304354,4,127.20,461.57,
304354,4,64.23,228.35,
304354,3,24.29,65.40,
304355,8,182.16,1258.75,
304355,3,7.38,18.64,
304355,6,134.11,678.43,
304355,4,16.49,59.50,
304355,2,123.42,223.82,
304355,4,12.30,45.36,
304355,7,110.33,690.09,
304360,2,523.77,825.44,
304360,5,162.80,588.49,
304360,6,44.87,218.09,
304360,4,72.46,239.85,
304360,3,17.69,40.89,
304360,8,72.53,452.36,
304361,2,31.35,47.02,
304361,2,41.45,62.92,
304361,6,559.98,2744.17,
304361,6,25.06,114.04,
304361,6,18.54,85.18,
304362,3,204.80,478.88,
304362,6,127.20,613.12,
304362,2,17.32,29.02,
304362,3,43.88,100.74,
304362,5,286.97,1250.25,
304362,4,58.01,199.02,
304365,2,80.15,146.73,
304365,3,182.51,527.53,
304365,7,234.00,1528.73,
304365,5,62.59,274.23,
304368,2,60.39,110.46,
304368,6,7.79,43.06,
304368,4,99.36,349.74,
304368,2,24.50,41.71,
304368,6,343.67,1803.73,
304368,4,226.56,799.94,
304368,1,29.83,27.45,
304368,4,84.47,314.32,
304368,5,558.45,2499.46,
304368,4,159.81,569.41,
304368,4,329.49,1145.62,
304368,3,86.88,234.58,
304368,4,44.42,159.54,
304370,5,18.43,85.70,
304370,4,287.91,1057.09,
304370,4,30.33,107.37,
304370,3,398.58,1101.32,
304370,2,64.23,115.07,
304370,5,556.41,2605.73,
304370,4,84.07,306.16,
304370,3,8.10,22.51,
304372,3,16.81,45.68,
304372,5,94.27,430.44,
304372,4,7.77,26.12,
304372,3,107.03,268.59,
304372,3,129.89,342.02,
304373,8,473.79,3194.95,
304373,6,138.93,724.02,
304373,4,55.75,190.85,
304373,10,74.81,595.07,
304373,4,170.37,543.44,
304373,4,119.46,378.14,
304375,4,78.66,222.60,
304375,3,184.27,423.14,
304375,3,23.21,53.88,
304379,2,556.41,846.15,
304379,7,114.81,564.14,
304379,3,67.10,148.12,
304379,3,80.07,176.83,
304379,4,34.49,91.23,
304380,4,249.36,796.15,
304380,9,23.50,202.21,
304380,3,532.95,1472.39,
304381,7,77.17,456.15,
304381,1,211.77,174.05,
304381,4,62.95,217.49,
304381,7,262.32,1436.68,
304381,3,189.01,460.87,
304381,8,468.69,2825.22,
304381,7,17.10,100.68,
304383,5,24.72,116.81,
304383,5,48.33,219.84,
304383,8,172.13,1307.15,
304383,4,169.84,607.87,
304383,2,109.50,202.34,
304383,5,122.48,525.46,
304383,5,459.51,1885.94,
304383,3,428.40,1201.72,
304383,1,32.54,30.40,
304383,4,22.15,86.20,
304386,3,34.42,96.91,
304386,4,458.22,1627.24,
304387,7,198.65,1182.99,
304387,4,42.26,147.90,
304387,3,98.50,245.66,
304387,4,195.98,599.67,
304387,8,24.58,163.70,
304387,7,287.28,1667.98,
304387,5,24.48,102.82,
304388,6,102.53,568.17,
304388,6,213.41,1227.58,
304388,6,91.78,484.88,
304394,2,323.82,541.85,
304394,3,62.40,149.08,
304394,4,165.79,530.95,
304394,3,204.18,488.52,
304394,5,12.14,49.62,
304394,4,7.27,25.42,
304394,5,44.33,184.09,
304394,1,201.93,175.26,
304394,1,185.12,152.86,
304394,4,185.86,586.72,
304394,6,41.76,221.60,
304394,1,7.89,6.65,
304394,8,148.05,1024.12,
304394,8,21.91,153.28,
304394,2,17.35,27.19,
304395,6,338.31,1710.04,
304395,4,504.39,1674.86,
304395,2,117.29,190.51,
304395,6,126.32,644.44,
304395,8,262.32,1825.41,
304395,4,70.73,232.89,
304399,3,119.06,272.87,
304399,7,25.68,137.74,
304399,2,58.01,83.79,
304399,3,8.13,18.85,
304399,8,163.25,1056.35,
304399,4,409.92,1288.09,
304399,2,236.64,340.73,
304401,3,122.84,283.65,
304401,4,13.73,44.67,
304401,6,258.24,1146.49,
304401,2,138.47,216.99,
304403,2,17.35,29.84,
304403,4,44.37,158.16,
304403,3,139.13,348.24,
304403,3,234.00,600.20,
304404,6,73.55,404.72,
304404,8,78.34,517.42,
304404,1,427.98,389.73,
304404,7,22.39,144.62,
304404,2,17.48,25.97,
304404,5,35.38,155.85,
304404,4,18.43,66.66,
304406,5,77.24,294.77,
304406,3,394.38,978.06,
304406,3,412.02,1012.37,
304406,8,259.68,1603.34,
304406,2,24.02,41.04,
304406,2,8.43,13.60,
304406,1,19.46,15.43,
304407,2,221.61,374.24,
304407,3,74.58,193.52,
304407,2,13.75,22.42,
304407,3,430.92,1228.46,
304407,5,24.98,115.46,
304407,6,96.00,498.42,
304407,3,474.30,1270.03,
304408,2,58.74,105.87,
304408,3,100.42,282.06,
304408,4,148.20,521.05,
304408,4,483.99,1820.33,
304408,3,60.51,162.28,
304408,5,21.67,100.00,
304408,7,189.90,1102.71,
304408,4,241.92,846.15,
304408,1,12.45,10.04,
304408,6,16.36,89.44,
304408,2,8.22,13.74,
304409,7,26.23,170.61,
304409,9,505.92,3743.90,
304409,3,86.40,239.73,
304409,4,343.04,1198.34,
304409,5,499.29,2095.36,
304409,4,19.13,69.24,
304409,4,75.60,246.50,
304409,7,452.34,2871.78,
304410,5,82.74,321.05,
304410,5,472.26,1702.48,
304410,7,99.17,517.43,
304410,4,11.69,30.39,
304410,2,104.83,155.81,
304410,6,326.97,1458.22,
304410,4,8.76,24.26,
304410,3,547.23,1158.04,
304410,7,161.39,878.61,
304410,4,33.92,101.96,
304410,1,450.66,348.04,
304410,5,49.37,187.27,
304410,5,12.50,44.50,
304410,3,183.39,397.43,
304410,9,143.22,981.39,
304412,2,17.75,29.47,
304412,4,428.82,1363.01,
304412,1,7.94,6.70,
304412,2,472.26,800.80,
304412,8,21.91,148.63,
304412,7,18.67,98.31,
304415,2,24.05,35.61,
304415,6,308.70,1337.54,
304415,6,12.88,59.78,
304415,2,213.61,308.32,
304416,4,90.91,327.81,
304416,4,32.41,122.00,
304416,4,119.65,439.23,
304416,5,220.99,1008.69,
304422,4,162.79,476.69,
304422,4,154.28,499.46,
304422,4,179.34,548.10,
304422,6,179.17,830.95,
304422,2,83.29,127.78,
304423,7,11.84,63.68,
304423,2,62.04,91.73,
304423,3,177.94,390.37,
304423,4,24.38,73.22,
304423,6,191.66,823.62,
304423,3,102.14,225.30,
304423,5,124.61,494.48,
304423,4,23.26,69.96,
304423,4,61.06,194.00,
304423,6,401.52,1611.71,
304423,1,151.70,120.35,
304424,4,99.65,353.20,
304424,6,159.75,887.34,
304424,2,136.09,239.23,
304424,5,117.29,547.10,
304424,4,61.12,215.05,
304424,3,181.98,444.44,
304425,4,12.23,38.19,
304425,4,219.35,723.08,
304425,5,165.44,695.92,
304425,6,226.56,1108.48,
304425,6,218.40,1130.72,
304425,5,122.23,505.30,
304426,9,162.18,1065.47,
304426,3,409.50,967.29,
304426,6,17.62,81.29,
304426,7,111.39,586.82,
304426,3,137.15,321.83,
304426,4,175.47,547.11,
304426,5,382.20,1312.72,
304426,3,140.60,288.39,
304426,3,406.98,927.29,
304426,7,501.33,2771.11,
304430,4,17.64,61.48,
304430,7,246.00,1578.12,
304430,3,29.87,83.83,
304430,4,7.46,26.06,
304430,7,458.64,2822.53,
304430,6,17.62,96.02,
304430,4,42.12,150.70,
304430,5,42.03,191.87,
304430,3,23.83,67.28,
304430,12,72.77,741.53,
304430,5,297.36,1281.81,
304430,3,542.13,1400.30,
304431,3,263.52,651.78,
304431,3,78.74,200.17,
304431,4,71.28,244.60,
304431,8,556.41,3615.93,
304431,4,43.47,148.48,
304434,9,203.77,1552.96,
304434,6,96.67,522.25,
304434,3,404.46,1162.79,
304434,6,427.14,2347.36,
304434,3,231.36,646.49,
304436,6,58.01,279.67,
304436,5,80.78,331.94,
304436,6,35.18,182.23,
304436,3,22.54,57.88,
304437,6,57.16,304.02,
304437,7,234.00,1416.09,
304437,5,202.54,873.50,
304437,2,153.67,276.25,
304437,7,8.26,48.23,
304439,6,7.82,39.90,
304439,6,84.47,432.99,
304439,2,113.04,198.67,
304439,8,30.10,208.50,
304440,5,164.62,637.20,
304440,3,126.02,285.48,
304440,3,86.59,195.24,
304440,8,456.96,2586.43,
304440,4,11.98,35.18,
304441,2,103.30,163.07,
304441,4,291.69,896.18,
304441,5,70.65,250.41,
304441,3,7.66,17.62,
304441,3,7.76,18.40,
304441,2,168.61,263.53,
304441,2,123.68,181.04,
304441,4,93.31,288.31,
304441,3,309.02,725.82,
304441,4,259.20,749.95,
304443,1,231.36,193.43,
304443,3,122.36,322.57,
304443,1,443.10,387.88,
304443,11,122.48,1227.08,
304444,4,86.19,282.59,
304444,2,57.28,88.07,
304444,4,117.65,405.10,
304444,3,25.25,62.19,
304444,2,33.66,56.81,
304444,5,101.95,400.78,
304444,2,12.26,21.40,
304444,6,22.13,106.97,
304444,9,22.90,148.66,
304444,7,8.20,48.96,
304444,5,33.30,128.92,
304445,3,17.05,39.79,
304445,4,188.60,586.50,
304445,4,19.66,61.71,
304445,4,248.88,751.84,
304445,4,124.61,357.32,
304446,1,223.44,164.99,
304446,6,425.88,1671.84,
304446,4,23.78,68.75,
304446,2,335.16,517.98,
304446,5,7.24,25.51,
304446,6,16.94,71.02,
304446,5,31.68,120.50,
304446,3,43.34,100.90,
304446,2,165.79,262.27,
304448,2,70.96,124.83,
304448,6,21.94,117.68,
304448,4,139.69,504.35,
304448,5,255.60,1112.12,
304448,4,17.55,60.48,
304448,1,90.14,79.18,
304449,7,450.24,2768.31,
304449,11,261.36,2227.40,
304449,6,221.40,1175.04,
304449,4,293.58,965.06,
304449,3,197.01,460.50,
304449,5,22.22,84.13,
304449,3,200.29,499.22,
304450,3,398.58,947.59,
304450,1,48.29,40.97,
304450,4,16.79,55.74,
304450,1,120.24,104.60,
304450,4,552.84,1867.62,
304450,2,60.09,97.25,
304454,5,330.44,1350.82,
304454,7,13.35,78.18,
304454,7,24.36,137.67,
304454,5,118.83,470.23,
304454,6,48.06,221.22,
304456,3,138.78,328.76,
304456,3,462.57,1116.34,
304456,2,405.30,616.81,
304456,4,65.09,200.14,
304456,6,166.44,778.56,
304456,5,57.34,218.09,
304456,4,78.89,235.34,
304456,2,16.38,26.23,
304456,3,76.30,182.87,
304456,3,79.83,191.88,
304460,4,33.59,88.45,
304460,3,33.36,72.06,
304460,3,11.89,28.41,
304460,3,12.36,27.92,
304460,5,57.34,214.44,
304460,5,49.10,194.60,
304460,8,140.84,844.95,
304460,8,66.92,395.42,
304461,4,176.53,568.40,
304461,4,170.90,548.73,
304461,3,167.05,436.53,
304461,2,189.55,321.77,
304461,2,8.35,12.73,
304461,5,8.57,35.85,
304461,4,75.20,235.97,
304461,5,396.90,1558.09,
304461,2,89.95,161.49,
304461,2,334.53,539.74,
304461,3,98.21,235.14,
304468,4,11.48,40.08,
304468,3,101.18,268.60,
304468,7,42.84,263.71,
304468,5,165.38,759.41,
304468,3,464.10,1206.29,
304473,5,26.18,121.83,
304473,5,85.80,380.88,
304473,5,173.89,808.37,
304474,2,459.06,690.11,
304474,4,227.04,678.52,
304474,6,31.78,140.95,
304474,1,19.19,14.22,
304474,7,143.49,680.34,
304474,5,141.21,522.16,
304475,5,7.90,30.89,
304475,6,41.72,205.26,
304475,2,113.87,163.93,
304475,10,61.73,444.37,
304483,5,127.32,502.41,
304483,3,16.29,35.21,
304483,6,125.80,561.40,
304483,5,164.56,586.66,
304483,6,87.65,404.20,
304483,7,246.48,1173.36,
304483,4,40.77,123.22,
304483,1,318.78,237.70,
304483,3,90.43,204.02,
304483,6,123.16,541.01,
304483,4,489.60,1445.67,
304483,2,24.79,38.11,
304483,3,59.11,124.24,
304484,2,341.15,625.57,
304484,4,139.79,471.23,
304484,6,24.36,135.70,
304484,4,30.82,113.47,
304484,4,7.60,26.00,
304484,7,58.80,353.62,
304484,3,158.54,413.90,
304484,8,57.04,403.35,
304487,6,19.39,98.48,
304487,3,40.77,98.89,
304487,3,193.42,506.29,
304487,3,155.34,393.95,
304487,5,315.63,1259.99,
304487,5,151.24,628.84,
304487,5,129.10,551.66,
304489,3,233.76,532.63,
304489,4,249.36,762.44,
304489,2,25.06,34.38,
304489,5,471.75,1887.90,
304489,2,331.70,495.96,
304489,3,158.93,353.80,
304489,5,33.99,129.09,
304489,3,477.36,1055.50,
304490,5,75.12,340.96,
304490,4,42.89,151.49,
304490,7,529.38,3398.08,
304490,3,165.44,449.77,
304490,6,326.97,1833.86,
304490,4,8.10,28.97,
304490,5,471.24,2107.02,
304491,8,70.96,459.65,
304491,5,236.64,1007.43,
304491,4,76.69,236.80,
304491,4,18.36,59.24,
304491,2,11.51,18.82,
304491,2,60.15,90.28,
304491,8,73.24,489.87,
304491,4,57.58,186.69,
304491,2,221.40,333.25,
304491,3,32.01,83.28,
304491,3,13.14,32.38,
304491,6,13.50,65.35,
304493,3,171.25,390.89,
304493,5,142.12,608.32,
304493,5,220.79,900.47,
304493,5,328.23,1395.95,
304494,3,293.90,660.10,
304494,5,24.48,95.01,
304494,2,545.70,753.09,
304494,6,123.07,526.45,
304494,2,166.74,237.26,
304494,2,233.52,348.71,
304494,3,219.76,508.89,
304494,5,11.31,44.96,
304494,7,46.89,237.62,
304494,4,120.52,376.62,
304494,7,464.61,2561.57,
304495,7,141.37,754.71,
304495,4,81.80,246.21,
304495,3,12.54,25.43,
304495,6,18.27,79.31,
304495,10,141.21,1045.97,
304495,4,137.26,419.03,
304495,3,23.88,57.57,
304495,4,8.68,24.11,
304495,4,26.04,75.97,
304495,5,13.06,49.47,
304495,2,24.12,33.97,
304499,3,235.44,530.75,
304499,6,529.89,2381.01,
304499,2,385.56,604.04,
304499,2,405.72,620.10,
304499,5,494.19,1820.11,
304501,1,19.80,15.14,
304501,4,8.04,25.96,
304501,2,297.05,447.14,
304501,2,132.92,198.50,
304501,5,435.54,1723.72,
304501,1,197.42,152.59,
304505,5,99.55,398.83,
304505,3,425.88,967.40,
304505,7,33.33,185.72,
304505,5,380.94,1330.62,
304506,3,453.60,1167.83,
304506,2,17.37,29.35,
304506,3,63.93,170.07,
304508,8,505.92,3210.20,
304508,2,8.49,14.68,
304508,4,184.91,635.11,
304508,4,8.07,26.22,
304508,5,298.31,1234.11,
304510,6,16.51,76.36,
304510,2,553.35,811.92,
304510,6,157.32,701.95,
304510,5,19.30,74.30,
304510,3,75.05,162.75,
304510,5,414.54,1483.66,
304510,7,322.25,1638.36,
304511,7,124.84,746.68,
304511,3,42.44,106.37,
304511,6,173.18,878.66,
304511,3,58.93,152.85,
304511,6,406.14,2027.10,
304511,2,117.41,212.14,
304514,4,165.22,506.36,
304514,5,305.55,1167.64,
304514,1,60.70,46.04,
304514,5,85.33,326.45,
304514,1,434.70,322.10,
304514,7,343.35,1788.88,
304514,3,78.74,188.28,
304514,1,16.83,12.64,
304514,4,41.27,125.54,
304514,1,242.64,193.49,
304514,2,30.43,47.09,
304514,7,13.55,75.88,
304517,4,7.82,24.66,
304517,4,500.82,1508.66,
304517,7,66.06,349.73,
304517,8,531.42,3054.00,
304518,7,109.15,669.41,
304518,4,11.81,42.35,
304522,3,180.22,410.29,
304522,3,96.67,201.02,
304522,5,239.76,896.36,
304524,4,87.94,269.27,
304524,3,64.29,142.17,
304524,5,119.42,505.46,
304524,5,79.83,322.41,
304524,5,35.64,143.08,
304524,2,48.65,76.99,
304524,6,70.73,335.30,
304524,4,24.79,77.12,
304524,3,191.06,478.49,
304524,4,159.90,494.80,
304524,2,538.56,862.62,
304524,2,26.09,40.68,
304524,2,177.58,280.79,
304525,5,119.06,522.97,
304525,7,12.83,77.33,
304525,3,8.58,22.48,
304525,4,58.50,210.23,
304525,1,126.46,115.72,
304525,6,557.94,3037.63,
304525,4,36.10,126.92,
304525,5,46.71,192.68,
304526,5,179.52,739.25,
304526,5,121.89,442.38,
304526,4,526.32,1582.83,
304527,5,23.04,102.05,
304527,4,183.04,604.14,
304527,7,12.89,71.00,
304527,3,19.67,47.81,
304527,3,493.68,1142.74,
304527,4,83.60,275.08,
304528,3,211.15,585.42,
304528,6,13.55,74.69,
304528,2,35.71,62.53,
304528,2,156.86,275.30,
304528,5,147.59,607.14,
304528,7,135.56,772.36,
304528,3,42.80,108.77,
304528,3,17.03,43.65,
304528,3,309.96,904.91,
304530,4,414.96,1132.44,
304530,6,211.36,909.85,
304530,4,62.46,182.84,
304530,2,7.70,11.48,
304531,2,206.64,320.55,
304531,6,436.80,2143.62,
304531,6,386.40,1940.87,
304531,6,16.22,76.26,
304531,4,171.60,549.25,
304533,4,102.43,321.54,
304533,3,48.92,115.85,
304533,3,503.37,1240.97,
304533,2,117.65,180.09,
304533,2,191.14,316.74,
304534,3,7.51,16.45,
304534,5,84.07,318.36,
304534,4,96.19,293.82,
304534,4,80.78,278.71,
304534,3,73.63,169.27,
304534,1,35.90,29.21,
304537,5,98.40,437.85,
304537,5,518.16,2213.80,
304537,5,212.79,896.49,
304537,2,8.64,15.44,
304537,2,45.23,78.25,
304537,4,145.46,523.88,
304537,5,35.84,162.13,
304537,2,130.15,202.38,
304537,5,73.32,308.40,
304537,5,124.74,560.04,
304538,1,343.98,260.78,
304538,3,316.58,736.68,
304538,7,125.08,650.57,
304538,6,529.38,2493.24,
304538,9,42.48,292.89,
304538,3,45.14,108.42,
304538,2,538.56,801.00,
304538,6,19.44,89.02,
304542,5,45.00,193.75,
304542,2,58.07,99.68,
304542,4,58.50,193.31,
304542,5,41.72,169.88,
304542,3,187.26,470.70,
304542,5,16.29,69.69,
304542,5,285.71,1032.91,
304542,5,129.36,502.15,
304542,5,119.06,496.14,
304542,5,80.07,337.82,
304542,6,46.89,234.45,
304542,8,11.85,78.42,
304547,4,193.42,645.08,
304547,2,400.26,683.09,
304547,5,22.85,96.99,
304548,4,19.64,63.50,
304548,7,233.28,1226.67,
304548,4,19.78,62.53,
304548,5,513.57,2071.30,
304548,3,22.34,58.34,
304549,4,159.90,512.35,
304549,8,178.99,1113.23,
304549,5,43.38,191.06,
304549,4,180.05,600.85,
304549,4,125.80,368.69,
304549,4,33.56,104.61,
304549,6,179.17,856.65,
304549,3,201.11,511.16,
304549,2,7.90,13.20,
304550,4,103.10,312.92,
304550,1,203.36,153.11,
304550,4,245.28,786.52,
304551,10,23.33,193.36,
304551,3,219.12,521.90,
304551,3,121.57,277.29,
304551,4,123.55,413.84,
304553,2,7.79,14.61,
304553,4,201.72,760.60,
304553,4,12.56,48.02,
304553,1,11.64,10.98,
304553,3,175.82,498.36,
304553,7,17.37,110.24,
304553,6,60.02,329.85,
304553,7,77.79,505.57,
304553,2,218.12,396.17,
304554,2,140.18,225.98,
304554,3,406.98,927.02,
304554,5,55.02,204.25,
304554,3,251.76,551.44,
304554,4,465.12,1414.78,
304554,2,11.34,18.31,
304554,3,22.56,51.75,
304554,5,340.20,1266.03,
304556,3,47.93,128.72,
304556,6,66.86,364.91,
304556,4,29.90,110.66,
304556,4,246.24,871.45,
304557,6,96.10,417.37,
304557,3,12.16,28.47,
304557,4,148.05,429.01,
304557,4,238.56,727.87,
304557,2,328.23,506.16,
304559,4,151.54,535.74,
304559,3,142.73,403.06,
304559,3,24.70,64.70,
304559,1,186.38,171.90,
304559,3,320.99,855.73,
304560,5,187.62,812.62,
304560,4,91.10,289.75,
304560,1,162.03,129.29,
304560,3,339.57,752.38,
304560,7,84.94,449.69,
304560,7,258.00,1468.30,
304560,4,526.83,1852.39,
304560,6,188.14,921.62,
304560,2,96.86,157.18,
304560,5,318.78,1251.54,
304564,6,17.35,92.03,
304564,3,30.95,82.35,
304564,8,78.58,589.35,
304564,2,47.16,87.14,
304564,4,7.57,27.98,
304564,3,33.20,96.05,
304565,10,7.22,59.23,
304565,2,424.20,762.90,
304565,7,18.32,112.51,
304565,5,13.11,53.67,
304565,3,32.87,84.57,
304565,5,75.52,295.46,
304565,6,194.75,1026.78,
304565,3,197.83,541.97,
304565,2,24.02,44.94,
304566,4,190.26,570.97,
304566,6,23.09,93.90,
304566,2,123.19,208.52,
304566,5,100.80,368.17,
304566,6,8.17,37.15,
304566,2,24.58,37.88,
304566,3,41.94,95.49,
304566,7,237.84,1352.82,
304567,3,165.26,421.17,
304567,4,49.05,171.05,
304567,2,546.21,964.98,
304567,3,97.06,261.48,
304567,2,42.98,69.22,
304567,6,7.70,40.53,
304567,4,86.27,304.18,
304567,3,532.95,1447.93,
304567,5,66.49,305.57,
304572,7,8.56,51.54,
304572,2,482.97,854.01,
304572,4,13.41,46.19,
304572,3,221.40,618.87,
304572,4,16.34,58.11,
304572,3,176.70,489.08,
304572,5,469.20,1954.71,
304572,5,520.71,2260.00,
304572,6,71.83,378.54,
304575,3,393.54,1069.15,
304575,4,82.19,292.56,
304575,6,260.88,1478.62,
304575,2,34.85,59.04,
304575,4,207.05,737.64,
304575,3,11.60,28.60,
304575,5,33.33,150.91,
304575,3,222.02,604.77,
304578,3,324.14,890.77,
304578,1,342.72,285.10,
304578,1,294.53,265.61,
304578,5,208.08,962.87,
304578,5,508.98,2343.62,
304578,4,318.47,1159.90,
304578,4,11.88,41.30,
304578,2,188.50,318.86,
304578,4,30.56,100.97,
304579,3,75.52,175.14,
304579,4,70.89,207.88,
304579,6,19.48,94.99,
304579,2,7.45,11.54,
304583,6,210.13,1031.80,
304583,11,13.08,114.60,
304583,4,66.19,203.23,
304583,5,150.02,608.02,
304584,4,283.82,1029.83,
304584,4,340.83,1232.36,
304584,3,56.97,154.43,
304584,3,55.45,138.65,
304584,3,32.60,86.67,
304585,4,17.86,63.33,
304585,3,22.30,62.94,
304585,4,312.48,1106.98,
304585,2,8.34,15.17,
304585,3,58.87,166.82,
304585,3,124.34,337.10,
304585,6,62.46,337.86,
304585,2,48.24,96.48,
304585,6,41.45,223.66,
304589,5,33.07,123.63,
304589,3,191.84,455.07,
304589,3,113.87,272.93,
304589,4,100.51,320.95,
304590,6,220.56,1036.16,
304590,6,16.40,83.57,
304590,4,117.29,397.34,
304590,5,45.86,186.32,
304591,5,46.80,180.32,
304591,6,323.51,1582.29,
304591,2,32.74,52.96,
304591,6,31.35,140.05,
304591,6,33.17,157.88,
304591,5,320.36,1350.38,
304591,5,24.00,102.43,
304591,3,74.42,177.89,
304592,5,22.44,97.95,
304592,2,160.21,293.22,
304592,1,7.46,6.46,
304592,3,84.47,226.47,
304592,7,263.28,1645.13,
304593,2,127.38,208.01,
304593,6,514.59,2764.68,
304593,4,104.83,351.28,
304593,3,263.04,655.96,
304593,3,283.82,747.60,
304593,6,48.06,244.76,
304593,3,329.18,900.96,
304593,2,193.73,321.50,
304593,2,76.62,132.17,
304593,2,294.53,497.72,
304593,6,33.20,167.04,
304594,7,144.41,852.36,
304594,2,35.67,59.41,
304594,3,187.09,502.36,
304594,1,11.26,9.41,
304594,2,18.27,31.62,
304594,4,19.73,77.00,
304594,4,12.61,41.85,
304594,4,16.45,60.23,
304594,2,11.96,21.98,
304594,5,331.38,1486.79,
304594,3,469.71,1219.39,
304596,3,13.14,33.80,
304596,3,59.60,164.70,
304596,4,32.08,117.74,
304596,5,105.31,472.10,
304596,5,114.34,550.95,
304596,5,128.57,561.25,
304596,6,123.16,639.90,
304598,6,114.58,526.67,
304598,6,35.41,179.37,
304598,4,17.98,58.18,
304598,3,323.82,779.86,
304598,1,380.52,291.24,
304598,2,293.90,422.03,
304598,6,46.67,203.79,
304599,4,493.68,1716.45,
304599,5,249.84,1121.39,
304599,6,62.40,345.17,
304599,4,459.51,1626.31,
304599,5,131.60,606.69,
304602,2,72.53,102.42,
304602,3,234.24,471.01,
304602,4,31.88,96.31,
304604,3,13.38,34.11,
304604,3,323.82,913.94,
304604,1,146.53,117.93,
304604,6,300.20,1482.57,
304604,3,56.79,136.87,
304607,3,12.68,31.68,
304607,4,24.72,72.96,
304607,5,93.70,354.81,
304607,3,98.21,238.49,
304607,4,414.96,1307.52,
304607,7,513.06,3105.94,
304607,2,7.61,11.58,
304608,3,43.47,120.13,
304608,4,250.32,919.72,
304608,3,165.97,437.54,
304610,9,208.90,1512.67,
304610,5,103.78,407.30,
304610,4,81.88,254.21,
304610,5,231.12,930.60,
304610,1,19.66,14.67,
304611,2,148.35,245.10,
304611,2,470.22,785.24,
304611,4,124.96,359.18,
304611,2,243.60,424.52,
304611,5,295.16,1080.93,
304611,6,182.51,886.81,
304611,2,45.90,72.14,
304611,4,7.87,26.11,
304611,7,7.84,44.75,
304611,5,87.65,344.23,
304611,2,175.65,274.85,
304612,4,140.30,526.81,
304612,2,11.53,20.25,
304612,4,33.73,134.92,
304612,5,172.83,801.90,
304612,2,23.45,43.79,
304612,3,317.84,838.19,
304612,2,13.24,23.78,
304612,3,194.96,579.33,
304613,5,76.30,313.32,
304613,2,55.75,87.83,
304613,4,297.36,974.07,
304613,2,296.73,492.06,
304613,2,143.88,240.48,
304613,3,74.03,173.20,
304616,6,157.62,778.68,
304616,2,155.65,253.15,
304616,5,16.67,70.62,
304618,1,120.95,105.52,
304618,2,259.44,448.38,
304618,7,156.10,1053.44,
304621,4,136.80,417.55,
304621,3,543.66,1283.76,
304621,1,30.13,22.18,
304621,5,232.56,945.92,
304621,4,55.33,183.98,
304625,4,129.62,456.50,
304625,2,45.77,84.64,
304625,4,19.67,73.79,
304625,1,124.84,110.08,
304625,3,209.51,541.73,
304625,4,137.41,486.09,
304625,4,83.13,281.58,
304625,3,248.40,652.35,
304625,6,18.47,93.47,
304625,3,58.38,155.68,
304625,4,75.99,278.74,
304625,5,472.77,1908.39,
304625,3,169.66,470.01,
304627,4,140.18,454.06,
304627,1,158.38,132.37,
304627,5,123.16,515.83,
304627,4,221.76,704.12,
304627,5,230.40,933.75,
304627,3,61.98,142.47,
304627,3,26.06,66.93,
304628,4,323.19,1250.96,
304628,5,92.64,398.96,
304628,3,335.48,922.74,
304628,4,58.32,229.29,
304628,8,147.14,1079.25,
304628,3,11.98,34.36,
304628,4,19.75,74.30,
304628,2,17.95,33.28,
304628,4,555.39,2221.56,
304630,4,25.08,90.41,
304630,5,293.27,1286.24,
304630,1,511.02,448.47,
304630,6,186.76,984.98,
304630,3,142.03,381.23,
304630,4,58.44,218.82,
304630,2,43.70,74.62,
304630,4,16.25,56.91,
304630,6,412.86,2068.56,
304634,2,16.67,25.23,
304634,3,556.92,1425.20,
304634,3,302.09,679.20,
304634,6,204.59,909.86,
304634,3,342.09,775.29,
304634,3,326.97,807.28,
304634,2,89.76,130.50,
304634,5,92.64,357.95,
304635,7,560.49,2594.26,
304635,4,47.25,133.36,
304635,5,21.84,77.22,
304635,2,221.04,334.90,
304635,4,41.45,124.87,
304635,5,216.24,817.86,
304635,2,99.17,148.13,
304637,2,8.78,13.95,
304637,3,191.66,457.03,
304637,6,388.50,1942.56,
304637,8,450.66,2947.40,
304637,5,214.43,875.74,
304638,4,13.05,47.90,
304638,3,125.53,349.97,
304638,2,130.28,242.12,
304638,6,232.80,1329.88,
304638,5,202.54,1004.10,
304639,2,45.81,86.05,
304639,5,71.51,305.69,
304639,1,162.03,148.40,
304639,5,511.53,2343.61,
304639,2,114.70,211.63,
304639,4,390.60,1377.12,
304639,6,442.68,2345.92,
304642,4,124.37,446.99,
304642,3,123.82,327.03,
304642,3,331.70,853.81,
304643,5,77.17,328.62,
304643,3,203.77,522.18,
304643,3,32.11,76.17,
304643,6,23.26,117.43,
304645,3,518.67,1462.03,
304645,3,66.80,188.69,
304645,3,121.66,341.35,
304645,2,24.31,41.03,
304645,2,257.28,514.56,
304645,7,17.62,112.32,
304645,4,507.45,1852.07,
304651,6,16.56,73.56,
304651,4,252.24,790.57,
304651,5,19.60,69.51,
304656,3,45.86,102.51,
304656,2,137.41,205.06,
304656,2,124.21,198.83,
304656,6,332.33,1441.76,
304657,3,174.94,426.05,
304657,6,290.75,1421.48,
304657,5,192.50,832.85,
304657,4,85.33,286.36,
304657,2,76.30,133.87,
304657,1,8.54,7.17,
304657,3,47.25,111.61,
304659,6,467.16,2389.50,
304659,3,33.13,85.67,
304659,2,293.27,535.96,
304659,8,60.27,404.29,
304659,5,160.66,706.12,
304659,6,405.72,2291.37,
304659,6,34.09,174.99,
304659,4,226.80,845.79,
304659,3,135.30,367.63,
304664,3,142.69,301.14,
304664,4,44.51,145.04,
304664,4,30.29,97.22,
304664,2,191.47,302.54,
304664,4,141.77,450.81,
304665,4,74.89,246.99,
304665,6,537.03,2558.99,
304665,4,131.47,407.06,
304665,3,395.22,951.85,
304665,6,173.54,887.77,
304665,5,218.88,859.68,
304665,6,48.92,221.81,
304665,8,237.60,1558.62,
304665,5,32.18,139.86,
304671,2,70.89,110.04,
304671,3,99.74,230.27,
304671,2,13.41,20.15,
304671,3,59.05,154.47,
304671,3,214.64,511.81,
304671,3,88.42,234.45,
304671,4,408.66,1379.04,
304671,3,83.68,203.26,
304671,7,136.62,758.46,
304672,1,331.38,296.19,
304672,6,90.34,477.38,
304672,6,202.95,1079.85,
304672,3,144.70,383.34,
304673,8,383.46,2270.56,
304673,3,467.16,1001.92,
304675,6,47.25,200.90,
304675,3,11.68,27.39,
304675,3,33.10,76.70,
304675,6,56.97,253.33,
304675,5,149.26,541.78,
304675,4,41.49,119.05,
304675,4,8.29,24.80,
304675,2,7.89,11.62,
304675,5,199.26,727.31,
304677,5,104.35,433.80,
304677,5,11.78,45.59,
304677,5,149.26,589.50,
304677,7,243.12,1256.63,
304677,1,61.98,50.29,
304677,3,223.04,481.21,
304677,1,25.27,20.15,
304677,3,58.44,140.59,
304679,7,378.84,2169.10,
304679,3,145.31,394.68,
304679,5,8.64,39.78,
304679,7,13.08,87.78,
304679,4,514.08,1714.93,
304679,5,139.84,656.02,
304679,4,208.28,751.26,
304679,4,178.29,622.17,
304679,5,419.58,2002.27,
304679,3,155.34,427.84,
304679,3,35.18,93.73,
304679,7,142.43,891.60,
304679,2,168.43,306.47,
304679,4,13.18,48.41,
304679,6,331.07,1819.09,
304680,5,49.05,210.53,
304680,5,417.90,1674.64,
304680,4,117.53,374.03,
304680,5,49.46,192.17,
304680,5,58.01,225.91,
304680,4,231.84,770.75,
304682,2,23.16,34.26,
304682,5,389.34,1405.34,
304682,4,431.76,1216.20,
304682,7,91.97,443.85,
304682,5,506.43,1729.84,
304682,3,164.16,355.60,
304683,3,13.73,33.20,
304683,6,557.94,2690.58,
304683,3,72.69,172.67,
304683,5,88.32,338.91,
304683,5,217.92,829.94,
304683,1,108.21,88.22,
304683,1,517.14,424.51,
304684,7,67.10,379.10,
304684,7,13.71,83.66,
304684,5,529.38,1963.29,
304684,6,520.71,2795.77,
304684,3,253.68,630.94,
304684,7,61.18,358.27,
304687,3,299.57,744.23,
304687,5,481.44,1965.02,
304687,3,96.48,231.92,
304687,7,328.55,1982.38,
304687,5,297.05,1288.54,
304693,7,17.78,98.43,
304693,3,123.95,272.49,
304693,5,144.28,619.42,
304693,4,30.03,97.75,
304693,2,169.66,287.06,
304693,5,190.65,699.12,
304693,6,33.17,167.07,
304694,4,81.40,293.12,
304694,3,115.05,309.58,
304694,4,65.51,233.47,
304694,7,202.95,1271.36,
304694,6,152.00,782.02,
304694,3,554.88,1503.01,
304695,5,442.68,1730.75,
304695,1,176.88,150.55,
304695,6,18.07,89.90,
304695,1,153.67,130.28,
304695,7,320.67,1730.46,
304695,4,142.96,519.90,
304695,4,25.32,78.74,
304696,5,391.86,1776.78,
304696,4,12.75,47.99,
304696,2,23.66,41.91,
304696,5,121.07,519.15,
304701,6,13.16,60.30,
304701,4,154.28,454.27,
304701,4,33.17,105.36,
304701,1,189.90,140.53,
304701,4,160.82,514.10,
304701,4,549.27,1502.01,
304702,3,476.34,1228.47,
304702,8,11.96,79.55,
304702,2,61.00,101.91,
304702,4,7.42,24.09,
304702,4,8.69,27.16,
304702,4,444.78,1337.22,
304702,5,19.01,82.32,
304702,5,543.66,2352.85,
304710,5,129.21,525.83,
304710,5,412.86,1694.79,
304710,3,13.63,35.70,
304710,5,437.22,1801.34,
304710,3,339.26,782.92,
304711,3,448.56,1124.47,
304711,2,18.56,30.08,
304711,6,73.63,350.81,
304711,2,25.90,42.29,
304715,7,458.22,2733.17,
304715,5,34.85,142.83,
304715,5,229.20,906.56,
304715,3,23.88,55.59,
304715,5,7.50,31.33,
304715,2,62.89,97.72,
304715,3,143.35,356.40,
304715,3,544.17,1246.95,
304715,4,25.37,84.39,
304715,2,553.35,910.58,
304715,5,520.71,2291.50,
304715,3,12.66,32.82,
304715,4,128.97,446.54,
304715,5,12.33,51.33,
304715,3,59.05,146.35,
304717,3,34.65,78.27,
304717,2,91.97,139.39,
304717,3,298.94,706.86,
304717,4,167.02,492.04,
304717,5,32.90,129.57,
304718,5,79.76,317.48,
304718,1,139.39,117.78,
304718,5,57.04,265.49,
304718,3,47.97,125.31,
304718,6,18.38,92.82,
304718,5,125.80,565.98,
304718,6,224.68,1164.90,
304718,5,7.60,33.33,
304719,4,114.11,385.40,
304719,3,25.92,66.91,
304719,4,7.40,24.05,
304719,2,146.22,249.46,
304719,4,224.16,719.01,
304719,6,12.66,67.27,
304719,4,13.06,40.14,
304719,6,532.95,2610.74,
304719,1,66.61,49.90,
304720,3,147.44,403.99,
304720,3,17.71,43.57,
304720,3,16.49,45.85,
304720,4,77.79,269.75,
304720,3,100.99,255.84,
304720,7,46.80,283.72,
304720,5,260.40,1135.28,
304721,2,30.26,54.44,
304721,8,82.74,591.64,
304721,1,105.50,94.53,
304721,6,318.47,1658.87,
304721,4,182.16,647.72,
304721,2,12.04,22.09,
304721,2,137.28,253.41,
304721,2,232.80,421.08,
304721,7,421.26,2579.75,
304721,5,84.31,395.39,
304721,5,482.46,2092.49,
304721,4,12.56,48.28,
304722,5,42.03,159.04,
304722,3,71.36,155.34,
304722,5,60.70,211.09,
304722,3,55.45,124.49,
304722,2,13.28,20.79,
304722,1,25.68,19.83,
304722,6,7.66,36.37,
304722,3,322.25,737.30,
304722,5,138.17,570.63,
304722,6,7.23,34.73,
304722,2,324.45,491.99,
304722,4,90.53,289.05,
304723,4,146.98,457.31,
304723,3,407.82,953.01,
304723,6,130.68,581.33,
304723,4,73.63,222.97,
304723,4,133.58,377.26,
304723,4,77.01,230.82,
304723,3,167.38,376.98,
304723,3,16.61,39.06,
304723,5,315.00,1198.54,
304723,5,206.23,768.57,
304723,8,408.66,2500.98,
304723,2,298.94,449.05,
304723,1,41.99,37.80,
304723,2,110.68,180.26,
304723,7,189.42,1009.27,
304729,2,141.82,224.98,
304729,3,388.50,861.38,
304729,5,291.69,1124.88,
304729,4,259.44,748.08,
304730,3,88.80,245.59,
304730,3,18.07,49.90,
304730,3,17.93,46.25,
304730,7,103.10,614.02,
304730,7,12.75,80.39,
304730,3,159.28,406.84,
304730,5,305.55,1364.03,
304730,9,18.97,159.48,
304730,6,224.07,1267.97,
304733,5,117.53,463.62,
304733,3,64.42,152.81,
304733,4,129.09,409.96,
304733,3,404.04,1079.26,
304733,6,26.16,131.67,
304733,4,82.66,263.34,
304733,3,384.30,940.79,
304733,5,16.43,63.72,
304733,6,160.86,758.15,
304733,3,8.76,21.42,
304735,6,7.23,33.72,
304735,5,143.22,575.12,
304735,2,223.25,324.98,
304735,6,314.37,1589.06,
304735,1,21.60,16.43,
304735,7,60.45,348.69,
304735,3,122.60,298.87,
304735,4,192.02,592.24,
304735,1,243.60,184.54,
304735,4,329.49,1092.84,
304735,4,103.87,327.77,
304735,2,139.52,223.66,
304739,3,131.47,331.30,
304739,2,121.04,215.38,
304739,3,120.91,285.13,
304743,4,25.70,73.70,
304743,7,200.70,1056.64,
304743,3,32.08,72.31,
304743,7,19.48,109.28,
304743,6,140.45,624.57,
304743,6,19.78,84.77,
304743,7,41.85,206.01,
304747,5,21.72,84.19,
304747,3,398.16,924.20,
304747,5,98.30,365.59,
304747,3,154.58,378.02,
304747,7,12.99,64.67,
304747,3,306.18,666.07,
304747,2,23.90,36.40,
304747,7,178.99,894.96,
304753,6,48.38,272.90,
304753,5,453.60,1855.79,
304753,8,32.54,232.22,
304753,10,92.93,786.99,
304753,6,125.20,628.64,
304753,3,21.62,56.97,
304753,1,61.06,55.86,
304756,3,241.44,617.59,
304756,4,119.20,411.38,
304756,2,230.16,354.28,
304758,3,187.79,500.47,
304758,3,19.12,50.79,
304759,6,328.55,1614.67,
304759,2,23.26,38.95,
304759,2,109.74,180.25,
304759,3,41.45,105.10,
304760,3,82.58,204.17,
304760,4,211.56,659.95,
304760,6,387.66,1863.13,
304760,3,22.68,58.74,
304761,3,159.30,450.09,
304761,5,239.04,1110.51,
304762,4,497.25,1372.06,
304762,2,162.34,241.37,
304762,10,123.78,925.14,
304762,6,22.46,111.32,
304762,7,24.84,146.89,
304762,2,236.88,358.94,
304762,3,218.12,550.45,
304762,2,32.21,48.81,
304765,3,168.96,437.08,
304765,3,79.76,202.49,
304765,8,33.33,226.22,
304765,3,192.37,508.78,
304766,8,76.62,517.90,
304766,4,177.94,649.87,
304766,2,122.10,225.48,
304766,3,104.45,294.11,
304766,6,7.38,36.20,
304766,4,13.45,45.53,
304766,5,144.28,625.77,
304766,5,422.52,1914.99,
304768,8,18.61,114.42,
304768,3,314.37,685.36,
304768,3,198.44,447.87,
304768,2,534.99,749.84,
304770,3,177.76,428.50,
304770,5,419.16,1535.11,
304770,2,324.45,497.07,
304770,2,17.42,24.56,
304770,6,11.83,57.25,
304770,1,212.18,147.33,
304770,6,32.01,138.81,
304773,4,254.64,910.45,
304773,4,35.38,124.47,
304773,5,24.41,108.14,
304773,7,33.79,210.48,
304773,4,548.25,1822.36,
304773,2,34.42,62.12,
304773,3,426.72,1162.48,
304773,2,7.70,13.52,
304773,7,184.27,1201.26,
304773,7,8.37,48.50,
304773,3,85.02,224.74,
304773,6,7.44,41.89,
304776,3,19.15,53.69,
304776,3,61.12,173.88,
304776,1,23.69,21.34,
304776,8,31.91,235.65,
304776,2,31.78,57.07,
304776,5,181.63,830.28,
304776,5,18.47,86.12,
304776,1,143.62,122.37,
304778,4,19.67,68.93,
304778,6,100.51,507.00,
304778,2,218.74,392.82,
304778,6,17.06,90.17,
304778,7,64.54,403.37,
304778,5,86.11,368.81,
304778,7,317.21,1995.44,
304779,3,47.97,118.71,
304779,4,193.25,659.77,
304779,1,117.06,93.88,
304779,3,35.11,81.77,
304779,4,514.08,1622.28,
304779,2,223.04,357.38,
304779,2,7.35,11.69,
304779,5,172.66,675.54,
304779,7,166.59,925.90,
304782,5,339.89,1555.99,
304782,6,84.62,458.73,
304782,6,308.07,1587.54,
304782,5,87.36,372.00,
304782,5,102.62,474.02,
304786,6,43.11,219.88,
304786,3,448.14,1308.03,
304786,5,30.82,143.30,
304786,7,235.44,1481.39,
304786,5,42.71,193.61,
304786,5,17.69,81.89,
304786,7,22.90,147.31,
304786,5,13.18,61.58,
304786,2,512.04,939.33,
304786,6,35.74,187.02,
304791,5,65.76,301.05,
304791,4,16.79,56.46,
304791,5,260.88,1119.36,
304791,7,127.51,813.10,
304791,6,24.74,124.00,
304791,6,43.07,226.54,
304791,6,105.02,540.79,
304793,5,18.58,85.11,
304793,6,215.66,1197.26,
304793,3,110.45,286.59,
304793,5,142.82,673.90,
304793,5,537.03,2378.81,
304793,4,312.80,1187.79,
304793,4,57.04,228.03,
304793,6,222.00,1167.33,
304793,3,80.54,226.00,
304795,5,322.56,1404.79,
304795,4,8.04,30.68,
304795,7,154.43,952.20,
304795,10,382.20,3784.34,
304799,4,93.98,316.41,
304799,6,430.92,2065.59,
304799,2,96.67,160.00,
304799,1,218.88,172.40,
304800,2,7.41,10.14,
304800,6,137.86,607.07,
304800,4,189.73,560.48,
304800,8,110.33,659.00,
304800,5,182.69,650.68,
304805,2,80.38,120.17,
304805,4,58.13,165.05,
304805,6,550.29,2409.04,
304806,6,185.12,853.25,
304806,4,56.73,175.13,
304806,6,171.42,762.86,
304806,4,17.78,54.47,
304806,5,80.46,287.28,
304806,7,40.91,198.25,
304809,4,170.37,551.83,
304809,5,133.32,559.65,
304809,7,33.30,185.43,
304809,3,239.04,550.17,
304809,2,17.75,28.11,
304809,4,12.80,39.44,
304809,3,92.64,221.80,
304811,4,315.63,1100.27,
304811,5,70.89,303.28,
304811,5,123.68,488.58,
304811,9,57.40,450.96,
304811,5,99.94,405.23,
304811,6,76.15,360.44,
304811,3,59.48,141.37,
304813,6,17.14,92.74,
304813,4,503.88,1772.30,
304813,4,13.28,45.66,
304813,5,139.38,612.05,
304813,2,220.99,349.00,
304813,3,222.22,586.41,
304813,2,8.27,15.00,
304813,2,142.56,235.51,
304813,7,16.45,102.16,
304813,5,63.26,282.11,
304813,8,64.05,469.68,
304813,3,47.97,121.62,
304813,6,146.68,798.84,
304813,5,34.29,158.65,
304815,3,65.70,166.21,
304815,6,45.27,211.08,
304815,6,64.42,306.58,
304815,6,518.67,2784.84,
304815,6,25.46,127.97,
304819,5,59.96,278.39,
304819,6,34.75,201.71,
304819,1,245.76,212.99,
304819,3,207.67,584.69,
304819,6,58.56,307.12,
304819,4,195.16,706.63,
304823,2,227.04,367.23,
304823,4,181.81,565.13,
304823,4,22.61,75.66,
304823,3,17.71,43.40,
304823,3,90.62,222.71,
304824,1,305.24,252.54,
304824,1,11.44,10.07,
304824,4,426.72,1288.41,
304824,4,23.62,72.59,
304825,5,55.33,209.61,
304825,8,136.62,899.77,
304825,7,474.30,2561.27,
304825,2,62.46,94.37,
304825,3,456.96,977.97,
304825,3,200.49,453.58,
304825,6,495.21,2217.14,
304825,5,192.50,759.50,
304825,8,41.22,250.46,
304825,4,43.61,134.91,
304826,2,121.70,205.76,
304826,3,399.00,1043.53,
304826,3,16.81,44.66,
304826,8,25.87,169.86,
304826,7,461.16,2799.23,
304826,4,8.46,29.52,
304828,2,7.98,11.61,
304828,7,124.14,623.48,
304828,7,335.16,1823.52,
304830,3,47.93,128.49,
304830,4,17.64,63.02,
304830,3,454.02,1171.90,
304830,1,211.77,193.10,
304830,4,100.42,350.34,
304830,6,25.99,152.75,
304830,2,214.64,389.32,
304831,3,97.25,268.31,
304831,4,206.23,792.41,
304831,3,197.01,567.69,
304831,3,55.82,145.69,
304831,3,141.24,383.50,
304831,11,26.28,262.35,
304831,5,58.13,263.57,
304834,4,286.65,1047.48,
304834,4,13.36,45.75,
304834,6,95.90,537.67,
304834,2,142.16,257.61,
304835,5,7.75,31.64,
304835,7,251.52,1572.83,
304835,3,19.48,50.29,
304835,2,168.61,272.42,
304835,10,111.51,1018.94,
304835,6,293.90,1345.08,
304835,3,208.49,538.09,
304839,5,311.22,1288.64,
304839,3,34.91,92.05,
304839,3,11.68,30.86,
304839,2,494.19,863.46,
304839,3,192.90,486.36,
304839,5,66.43,298.78,
304839,1,312.48,274.73,
304839,1,116.58,99.87,
304839,3,94.75,256.16,
304839,3,144.54,376.44,
304839,5,252.96,1011.22,
304839,1,513.06,426.30,
304841,4,60.82,205.86,
304841,3,288.54,748.86,
304841,3,46.08,128.92,
304841,2,288.23,525.97,
304841,4,7.42,27.63,
304841,5,22.54,104.45,
304841,3,71.67,198.88,
304844,4,7.25,24.41,
304844,3,8.54,21.60,
304844,7,143.34,826.46,
304844,6,31.85,148.99,
304844,5,417.48,1830.31,
304844,5,481.44,1976.44,
304846,3,84.62,218.06,
304846,4,108.09,385.83,
304846,4,188.60,680.74,
304846,8,178.64,1269.65,
304846,3,173.18,437.95,
304846,6,523.26,2855.38,
304846,3,318.47,833.89,
304846,4,45.86,151.57,
304846,3,126.46,366.40,
304846,4,81.09,307.48,
304849,5,22.73,91.07,
304849,2,66.37,113.38,
304849,2,235.68,359.18,
304849,2,242.40,415.15,
304851,6,17.10,94.04,
304851,6,32.31,177.57,
304851,4,24.77,84.82,
304851,5,203.36,952.02,
304851,7,31.38,191.00,
304851,3,167.05,449.86,
304853,5,485.52,2138.79,
304853,4,232.80,817.44,
304853,5,117.76,525.85,
304853,3,119.46,307.21,
304853,3,30.33,74.73,
304854,4,141.51,427.90,
304854,6,8.02,34.34,
304854,7,73.40,392.73,
304856,6,49.37,244.99,
304856,6,132.00,641.57,
304856,5,223.20,915.99,
304856,3,113.04,244.00,
304856,6,12.75,58.21,
304856,2,8.49,13.74,
304857,5,36.10,125.13,
304857,3,31.42,67.34,
304857,7,467.16,2172.10,
304857,5,8.47,33.45,
304857,6,12.34,56.64,
304857,5,101.09,401.02,
304857,3,345.56,848.06,
304859,4,448.14,1476.45,
304859,3,191.06,446.62,
304859,4,178.64,597.58,
304859,4,184.27,621.26,
304859,4,89.86,284.03,
304859,4,187.37,581.58,
304860,3,8.43,21.34,
304860,4,164.03,519.23,
304860,5,122.10,527.95,
304860,3,162.62,407.26,
304860,2,223.92,366.77,
304860,5,425.04,1658.90,
304861,4,99.17,275.26,
304861,7,13.28,71.68,
304861,5,24.77,99.53,
304861,6,56.06,238.41,
304861,5,79.76,303.33,
304861,7,22.99,121.81,
304861,3,34.02,76.37,
304861,4,140.14,428.65,
304861,4,7.33,21.33,
304861,3,514.59,1162.01,
304861,2,61.49,88.99,
304861,2,95.62,142.61,
304861,2,185.15,281.33,
304864,3,142.27,382.29,
304864,6,57.40,312.82,
304866,3,61.43,168.17,
304866,6,56.85,290.36,
304866,4,17.93,65.46,
304866,3,168.78,475.30,
304868,4,93.79,319.28,
304868,5,226.56,921.81,
304868,7,165.44,1006.37,
304868,3,89.66,226.12,
304868,2,16.97,29.17,
304868,7,76.54,445.41,
304869,2,81.09,129.19,
304869,4,157.62,502.51,
304869,8,19.71,133.29,
304869,7,147.29,826.57,
304870,2,122.37,188.50,
304870,1,59.05,47.83,
304870,5,46.98,187.20,
304870,2,32.41,55.36,
304870,5,256.08,1089.21,
304870,3,151.70,364.33,
304874,4,139.52,454.57,
304874,4,65.15,218.41,
304874,3,25.49,64.55,
304874,3,255.84,593.55,
304874,6,81.09,380.63,
304875,3,196.60,526.24,
304875,4,332.96,1126.37,
304875,5,41.72,185.43,
304875,6,137.02,723.83,
304875,3,156.26,423.04,
304875,1,218.88,195.50,
304875,5,222.48,997.23,
304875,4,96.19,349.65,
304875,2,127.56,225.52,
304876,3,425.88,1138.45,
304876,2,90.14,158.23,
304876,7,121.84,841.94,
304876,4,62.34,230.21,
304876,5,241.44,1088.90,
304877,6,24.89,128.25,
304877,2,77.09,139.65,
304877,4,326.34,1199.82,
304878,3,87.84,250.98,
304878,5,32.11,137.33,
304878,5,217.71,925.55,
304878,5,496.23,2242.01,
304878,4,105.50,399.00,
304878,3,58.44,170.61,
304880,4,81.64,293.34,
304880,5,89.95,427.34,
304880,5,186.38,823.99,
304880,6,165.26,864.94,
304880,5,64.17,288.87,
304881,3,25.51,65.17,
304881,3,146.83,368.75,
304881,5,7.78,31.53,
304881,6,89.47,457.20,
304881,4,13.21,43.44,
304881,2,143.09,244.87,
304881,1,160.86,144.81,
304881,5,42.80,157.41,
304881,4,297.36,905.18,
304882,5,143.09,539.89,
304882,3,7.67,17.15,
304882,3,72.69,154.63,
304882,4,398.16,1157.43,
304882,5,12.53,48.20,
304882,7,330.12,1633.61,
304882,5,165.98,681.15,
304882,1,246.24,192.40,
304882,3,143.34,291.83,
304882,1,189.01,151.63,
304882,4,8.78,27.42,
304883,4,209.31,599.54,
304883,7,335.48,1786.81,
304883,4,12.95,38.76,
304883,5,462.06,1659.44,
304883,5,446.04,1527.87,
304883,4,192.90,573.28,
304883,3,12.03,26.24,
304883,5,248.16,874.76,
304886,5,421.68,1631.44,
304886,4,451.92,1413.22,
304886,3,157.93,371.91,
304886,3,24.24,58.13,
304886,4,174.06,568.80,
304886,3,107.03,249.76,
304886,5,30.86,125.21,
304886,4,79.68,271.54,
304886,4,61.61,198.65,
304886,7,116.70,718.18,
304886,3,30.03,74.66,
304887,6,149.26,775.86,
304887,3,72.22,188.43,
304887,4,72.61,250.80,
304887,5,297.68,1426.22,
304890,4,41.00,133.48,
304890,4,81.48,254.42,
304891,1,44.69,32.03,
304891,5,25.06,98.88,
304891,4,17.26,55.00,
304891,4,411.18,1207.39,
304891,3,80.38,180.41,
304893,6,148.66,745.12,
304893,6,66.67,309.37,
304893,5,172.13,715.22,
304893,2,123.95,198.40,
304895,2,47.79,86.76,
304895,4,160.66,563.69,
304895,5,64.11,260.55,
304895,7,18.95,126.84,
304895,4,239.04,791.75,
304895,5,440.58,1973.44,
304895,3,24.98,63.30,
304895,6,443.52,2254.34,
304895,5,83.21,374.03,
304895,2,19.57,34.24,
304895,5,194.14,930.96,
304900,5,242.40,1066.07,
304900,3,431.34,1163.49,
304900,6,77.48,410.92,
304900,5,35.61,164.51,
304900,2,85.33,156.56,
304900,2,380.10,639.98,
304900,4,263.28,904.65,
304903,3,293.58,722.32,
304903,5,256.08,1187.07,
304903,3,333.59,852.42,
304903,3,542.64,1415.94,
304903,4,124.48,446.59,
304904,3,12.34,32.02,
304904,4,186.14,691.60,
304904,2,42.44,78.03,
304904,4,382.62,1417.96,
304904,5,127.79,623.25,
304904,5,128.30,565.68,
304904,3,65.27,185.51,
304904,4,230.64,839.00,
304904,7,100.22,634.09,
304904,2,222.84,436.26,
304904,5,228.72,1025.35,
304906,6,393.12,2029.77,
304906,3,7.67,17.68,
304906,3,103.87,226.94,
304906,3,8.75,21.68,
304907,1,19.80,14.98,
304907,5,502.35,1850.75,
304907,2,446.88,732.42,
304907,2,76.22,111.51,
304907,4,66.06,198.23,
304907,2,123.42,180.64,
304908,4,17.53,59.61,
304908,3,43.92,115.36,
304908,3,76.46,204.74,
304908,6,474.81,2601.97,
304908,4,85.72,301.68,
304908,3,7.94,20.93,
304911,9,169.84,1228.75,
304911,6,17.71,81.03,
304911,7,124.02,689.73,
304911,3,445.62,1093.91,
304911,1,55.39,39.29,
304911,6,187.26,940.06,
304911,5,113.16,441.57,
304911,5,30.86,120.75,
304911,2,249.60,407.66,
304911,4,75.67,248.38,
304911,2,18.95,31.63,
304911,3,11.46,27.78,
304912,3,201.93,510.76,
304912,3,404.88,944.22,
304912,5,93.50,382.73,
304912,4,406.56,1282.47,
304912,5,165.26,588.51,
304912,4,11.58,37.18,
304916,10,98.59,815.71,
304916,3,11.49,29.31,
304916,3,389.34,1064.44,
304916,2,18.32,31.17,
304916,8,80.31,555.55,
304916,4,413.28,1422.60,
304917,4,140.98,477.60,
304917,2,49.46,91.98,
304917,4,101.38,373.95,
304917,5,175.12,795.37,
304917,4,65.09,226.47,
304917,4,33.53,118.46,
304919,3,78.50,173.72,
304919,2,22.85,37.83,
304919,6,126.06,574.37,
304919,3,385.98,925.53,
304920,7,23.26,122.37,
304920,3,137.10,313.10,
304920,5,141.82,532.20,
304920,1,214.43,160.40,
304921,3,11.94,27.95,
304921,5,7.78,32.05,
304921,6,342.09,1575.91,
304921,4,35.48,105.99,
304921,3,19.42,45.10,
304921,4,89.76,304.30,
304921,2,55.82,94.54,
304922,6,218.16,1061.51,
304922,5,25.75,108.49,
304922,8,7.59,48.96,
304922,4,12.84,44.62,
304922,4,225.60,748.06,
304922,2,144.10,241.89,
304922,3,230.16,566.22,
304922,6,241.44,1174.00,
304922,6,154.89,777.96,
304923,5,249.84,1034.21,
304923,4,25.20,82.10,
304923,2,227.04,333.08,
304924,4,238.56,767.77,
304924,5,235.68,886.26,
304924,6,85.57,398.90,
304924,3,301.77,690.87,
304925,4,437.22,1303.09,
304925,3,417.06,856.55,
304925,7,40.77,221.69,
304925,5,217.68,803.81,
304925,5,155.80,608.49,
304925,6,161.74,727.59,
304925,4,7.76,25.59,
304928,4,541.11,1625.83,
304928,3,391.44,920.72,
304928,3,13.51,31.62,
304928,5,502.35,1919.16,
304928,3,142.16,322.86,
304928,4,72.53,223.21,
304928,5,412.44,1494.16,
304935,7,44.28,272.04,
304935,3,33.99,82.10,
304935,3,55.08,127.65,
304935,7,25.03,131.12,
304935,3,59.54,140.13,
304935,6,210.33,1062.68,
304935,6,427.14,2125.76,
304935,2,22.87,34.09,
304935,4,41.72,135.78,
304936,3,561.00,1522.78,
304936,2,8.26,15.84,
304936,5,122.89,560.95,
304936,5,238.80,1130.25,
304938,7,57.77,324.69,
304938,3,184.71,426.16,
304938,3,340.83,846.24,
304938,3,24.89,61.50,
304938,5,159.63,644.66,
304938,2,293.58,478.85,
304938,7,291.38,1707.10,
304938,2,101.66,168.41,
304938,2,32.84,49.86,
304938,3,293.27,753.38,
304938,4,12.68,37.98,
304938,4,12.79,44.37,
304938,4,334.53,1061.77,
304938,8,132.66,931.12,
304938,6,477.87,2325.26,
304939,3,474.81,990.89,
304939,3,85.02,190.44,
304939,2,536.01,783.01,
304939,4,34.68,106.75,
304941,6,124.37,681.39,
304941,7,137.41,823.90,
304941,4,196.60,735.87,
304941,8,126.02,967.63,
304941,7,328.23,2011.21,
304941,5,12.86,52.86,
304941,5,207.46,885.81,
304942,3,25.75,65.46,
304942,6,188.67,953.58,
304942,5,13.70,52.87,
304942,3,12.14,32.21,
304942,4,11.91,39.97,
304942,8,129.09,834.03,
304942,6,493.17,2525.65,
304942,6,201.93,1017.57,
304948,7,11.80,62.65,
304948,3,16.24,34.99,
304948,6,159.10,760.36,
304948,4,72.93,220.97,
304948,5,516.12,1913.91,
304948,6,405.30,1900.93,
304948,1,304.29,218.03,
304948,4,46.62,147.87,
304953,1,227.28,208.69,
304953,3,192.09,552.30,
304953,3,303.66,821.93,
304953,7,118.59,716.21,
304954,5,245.04,1050.74,
304954,4,34.49,120.24,
304954,3,112.34,266.53,
304954,3,100.42,247.54,
304954,6,12.31,59.40,
304955,5,90.34,347.80,
304955,4,61.49,178.55,
304955,3,16.45,38.77,
304955,3,87.17,207.14,
304955,5,113.87,448.75,
304955,4,44.24,137.73,
304955,6,85.72,391.59,
304957,4,18.50,67.41,
304957,6,71.20,387.04,
304957,4,220.56,778.33,
304957,4,41.85,154.37,
304957,2,31.32,53.79,
304960,4,19.30,54.33,
304960,3,211.97,457.31,
304960,2,315.63,484.85,
304960,4,200.49,615.51,
304961,4,168.26,607.78,
304961,5,235.68,1052.05,
304961,3,460.53,1131.31,
304961,6,24.10,129.55,
304961,3,55.82,152.36,
304963,2,152.00,208.97,
304963,5,140.14,543.11,
304963,3,163.86,390.33,
304963,2,123.31,193.27,
304963,1,93.22,70.87,
304963,2,139.52,209.37,
304963,2,105.60,159.42,
304963,5,86.11,288.19,
304964,3,317.52,754.72,
304964,4,91.20,279.65,
304964,8,187.26,1262.57,
304964,4,55.08,175.19,
304964,4,310.59,1047.51,
304964,4,184.62,584.13,
304964,4,176.00,532.01,
304964,4,163.68,501.93,
304966,2,22.37,40.48,
304966,2,71.98,124.63,
304968,5,23.30,105.37,
304968,2,18.14,28.31,
304968,2,42.98,72.35,
304968,5,35.21,143.78,
304968,1,505.41,438.34,
304968,2,11.30,21.53,
304968,6,317.21,1651.44,
304968,2,19.21,31.85,
304968,1,35.67,29.87,
304970,4,198.03,583.71,
304970,2,237.12,400.43,
304970,4,8.10,25.42,
304970,6,90.05,399.77,
304970,6,35.18,159.84,
304970,8,225.84,1383.80,
304970,3,144.41,326.93,
304970,3,431.76,1018.66,
304970,3,187.62,459.04,
304970,1,13.21,9.90,
304970,2,22.01,34.01,
304973,5,12.84,57.56,
304973,3,150.94,429.03,
304973,2,26.14,45.58,
304973,6,247.92,1321.84,
304973,4,23.62,83.66,
304975,5,60.63,244.12,
304975,3,44.01,104.43,
304975,4,18.61,62.26,
304975,7,440.58,2455.34,
304975,5,166.59,688.26,
304976,4,75.99,249.42,
304976,6,41.13,190.80,
304976,3,26.02,67.65,
304976,8,65.27,414.56,
304976,5,126.59,497.68,
304976,6,91.68,437.59,
304976,7,515.61,2926.16,
304976,5,32.54,141.85,
304976,2,8.64,13.77,
304976,3,87.07,218.93,
304978,3,34.45,88.08,
304978,7,13.10,73.77,
304978,5,30.53,120.09,
304978,5,138.60,540.68,
304978,3,36.04,87.91,
304978,2,32.54,56.11,
304978,2,33.59,49.52,
304978,6,31.05,148.58,
304978,3,120.24,282.76,
304980,4,35.15,124.00,
304980,4,310.91,1026.22,
304980,9,307.44,2574.21,
304980,6,170.37,903.40,
304980,2,122.72,218.37,
304980,5,32.01,147.20,
304980,2,114.46,204.42,
304980,4,102.14,377.97,
304980,4,78.26,289.89,
304981,1,46.85,37.60,
304981,3,31.19,78.13,
304981,3,41.36,102.12,
304981,4,431.76,1495.07,
304981,3,332.01,828.60,
304981,5,397.32,1731.67,
304989,8,43.07,270.26,
304989,7,129.21,652.90,
304989,2,298.62,457.76,
304989,3,338.63,807.28,
304989,5,82.58,316.18,
304989,7,84.07,471.15,
304989,7,42.17,250.68,
304989,5,24.82,97.02,
304989,5,189.63,726.71,
304989,6,137.28,645.54,
304989,1,170.72,135.08,
304989,5,33.17,124.98,
304991,2,185.73,262.88,
304991,6,328.23,1492.78,
304991,1,127.09,99.89,
304991,6,119.53,566.46,
304991,5,127.12,459.24,
304995,1,139.38,92.46,
304995,4,249.84,795.00,
304995,4,157.78,497.98,
304995,3,88.51,215.13,
304995,5,315.63,1190.42,
304995,5,7.28,28.31,
304997,3,111.16,269.36,
304997,2,432.60,727.24,
304997,3,34.25,78.92,
304997,4,137.26,442.58,
304998,2,46.89,77.07,
304998,8,310.28,1987.45,
304998,5,450.24,1809.60,
304998,8,32.84,217.05,
304998,3,25.20,64.80,
304998,5,24.55,103.25,
304998,2,97.44,174.67,
304998,6,7.74,40.23,
304998,4,178.64,592.49,
304998,7,235.20,1457.08,
304998,3,415.38,1102.63,
304998,4,34.58,119.23,
304999,3,12.44,28.12,
304999,3,56.79,130.41,
304999,3,21.77,53.44,
304999,4,8.49,24.95,
304999,4,142.73,438.29,
304999,4,62.95,185.33,
304999,4,43.56,133.36,
304999,2,7.75,12.50,
304999,4,99.17,290.84,
304999,3,394.80,864.12,
304999,4,243.36,762.19,
304999,3,19.22,44.59,
304999,2,60.15,85.08,
305001,3,74.97,181.16,
305001,4,162.62,528.00,
305001,5,66.67,274.70,
305001,3,8.43,19.71,
305001,5,7.46,30.85,
305001,4,168.26,526.09,
305002,2,472.77,712.12,
305002,6,13.68,62.88,
305002,5,24.79,89.21,
305002,4,123.55,371.51,
305002,7,207.26,1097.79,
305002,2,297.99,425.85,
305002,5,142.43,517.79,
305003,1,255.36,207.12,
305003,2,330.12,552.89,
305003,5,186.03,778.69,
305003,4,12.58,37.79,
305003,5,427.56,1783.45,
305004,2,8.71,15.51,
305004,3,56.00,152.09,
305004,3,23.59,67.40,
305004,4,116.82,431.73,
305004,2,468.69,822.84,
305004,4,202.54,743.04,
305007,5,427.14,1523.01,
305007,6,285.39,1209.09,
305007,3,8.27,19.72,
305007,4,217.71,615.51,
305007,3,458.64,978.72,
305007,5,94.75,370.27,
305007,8,63.81,381.17,
305009,5,16.69,69.01,
305009,2,123.78,216.99,
305009,4,99.26,328.51,
305009,4,13.63,44.80,
305009,4,256.32,875.64,
305009,2,11.95,20.50,
305010,4,117.17,400.46,
305010,6,76.15,389.26,
305010,6,96.29,521.82,
305010,4,8.10,29.16,
305010,2,176.88,292.65,
305010,2,220.80,365.89,
305010,1,111.16,94.45,
305011,4,34.12,113.45,
305011,4,144.14,457.43,
305011,2,7.66,12.31,
305011,5,387.66,1699.50,
305013,3,11.85,29.00,
305013,4,8.22,26.89,
305013,5,60.94,246.69,
305013,2,522.24,865.85,
305013,4,7.50,24.63,
305013,4,11.74,40.32,
305013,3,141.51,355.14,
305013,4,461.55,1491.87,
305013,7,177.58,1087.41,
305013,3,80.62,211.13,
305013,5,23.62,93.29,
305013,4,29.73,101.28,
305013,5,301.14,1285.47,
305013,3,212.59,532.02,
305013,1,16.78,14.48,
305014,3,163.70,400.80,
305014,3,153.82,382.99,
305014,4,154.13,508.60,
305014,6,388.50,2000.29,
305014,4,123.55,411.16,
305015,3,289.17,629.91,
305015,2,42.35,65.02,
305015,4,162.34,446.13,
305016,5,223.44,995.96,
305016,4,404.46,1347.87,
305016,4,255.84,885.81,
305016,4,13.31,47.39,
305016,3,17.62,49.12,
305016,6,25.87,129.22,
305016,4,437.64,1563.25,
305022,4,7.61,27.26,
305022,5,193.42,905.00,
305022,2,47.12,88.96,
305022,3,222.96,626.99,
305022,4,7.52,25.93,
305024,4,30.82,112.90,
305024,6,189.90,1009.01,
305024,6,64.36,335.33,
305024,3,175.12,500.83,
305024,7,82.97,530.24,
305024,4,187.37,713.31,
305024,4,45.18,155.17,
305024,3,112.22,309.04,
305024,3,333.27,858.81,
305024,9,61.61,483.59,
305026,2,505.92,940.58,
305026,8,118.24,869.61,
305026,5,75.36,345.80,
305026,1,530.91,492.31,
305026,3,161.73,467.79,
305028,3,470.73,1200.95,
305028,5,161.88,679.08,
305028,3,136.95,345.97,
305030,4,118.71,413.54,
305030,2,196.19,326.50,
305030,3,36.07,103.46,
305030,4,92.74,342.14,
305030,3,26.11,64.50,
305030,4,59.54,210.88,
305030,3,16.24,43.05,
305030,4,128.27,441.79,
305030,4,178.29,647.79,
305030,3,8.65,21.50,
305030,3,8.34,21.18,
305030,3,175.65,444.43,
305032,3,75.67,197.51,
305032,7,11.31,69.97,
305032,4,480.93,1649.28,
305032,5,60.21,254.56,
305032,3,11.25,31.12,
305032,3,183.92,475.13,
305032,5,143.48,644.84,
305032,1,133.06,118.37,
9305032,-7,11.31,-69.97,
9305032,-4,480.93,-1649.28,
305033,7,31.58,204.90,
305033,2,12.10,22.90,
305033,6,66.73,345.36,
305033,4,120.83,437.23,
305033,4,35.74,129.46,
305033,4,86.19,312.97,
305033,5,63.01,280.60,
305033,6,12.26,62.75,
305034,4,12.91,47.12,
305034,3,123.68,321.72,
305034,2,146.38,241.61,
305034,5,78.74,328.65,
305034,4,24.91,81.63,
305036,3,297.99,751.58,
305036,3,17.39,44.28,
305036,3,446.04,1095.09,
305036,6,234.72,1135.90,
305036,3,61.24,146.96,
305036,5,12.15,53.43,
305036,6,158.08,711.90,
305038,3,31.22,86.97,
305038,3,34.62,99.56,
305038,6,74.42,383.78,
305038,3,89.47,252.89,
305038,4,64.84,213.07,
305038,2,303.35,543.68,
305038,7,301.77,1821.15,
305041,1,43.25,37.01,
305041,2,523.77,985.44,
305041,1,401.94,327.35,
305041,2,13.45,22.75,
305041,3,44.64,115.39,
305041,3,25.63,68.57,
305041,3,303.03,811.26,
305041,4,316.26,1083.09,
305043,3,56.36,136.61,
305043,4,49.37,159.93,
305043,9,76.38,664.50,
305043,7,110.33,701.42,
305043,7,16.58,103.13,
305043,9,62.46,510.85,
305045,4,72.06,226.21,
305045,2,485.01,691.91,
305045,3,419.16,954.35,
305045,4,494.19,1529.62,
305045,3,29.87,72.49,
305045,2,159.90,251.41,
305045,3,94.85,240.24,
305045,8,12.94,76.74,
305047,2,44.19,67.26,
305047,4,445.20,1443.40,
305047,3,141.37,327.27,
305047,7,25.27,154.30,
305047,4,17.95,61.07,
305047,3,7.36,18.81,
305048,1,217.71,147.60,
305048,4,417.06,1287.88,
305048,3,67.04,154.64,
305048,4,84.23,255.95,
305048,4,24.14,67.57,
305048,6,93.79,406.95,
305048,3,209.51,491.13,
305048,9,231.60,1489.08,
305048,5,146.22,532.82,
305048,4,8.59,27.69,
305050,8,21.72,147.83,
305050,4,30.53,104.40,
305050,3,13.50,37.11,
305050,8,471.75,3350.37,
305050,1,87.74,76.16,
305050,4,305.87,1081.78,
305050,5,186.35,797.35,
305050,1,7.34,7.01,
305052,8,25.42,145.41,
305052,6,18.11,82.81,
305052,4,243.12,752.17,
305052,6,536.52,2456.11,
305052,6,8.79,39.10,
305052,5,170.19,662.91,
305052,6,26.23,116.17,
305052,4,13.68,39.09,
305052,2,35.61,55.24,
305052,2,23.98,33.82,
305053,1,71.59,65.97,
305053,4,324.45,1061.95,
305053,6,143.79,748.70,
305053,4,185.53,648.41,
305053,8,56.55,396.26,
305053,5,165.83,760.99,
305053,3,65.51,177.41,
305056,5,110.21,517.04,
305056,4,144.70,478.76,
305056,5,124.49,547.58,
305056,5,517.14,2255.50,
305056,8,460.32,3037.57,
305056,5,343.35,1545.89,
305056,5,60.39,270.54,
305057,6,390.18,1775.43,
305057,5,25.66,97.79,
305057,3,308.07,773.75,
305057,2,23.02,36.42,
305057,3,232.08,544.60,
305057,6,160.16,748.73,
305057,5,167.02,678.93,
305057,6,26.04,123.13,
305057,5,8.01,30.73,
305057,4,129.56,438.98,
305057,3,429.24,942.04,
305059,2,139.39,263.73,
305059,6,47.43,258.23,
305059,3,286.97,833.84,
305059,3,137.10,376.92,
305061,5,114.22,436.42,
305061,7,184.98,964.03,
305061,7,163.50,851.48,
305061,8,434.28,2737.13,
305061,2,12.91,17.57,
305063,2,12.34,20.05,
305063,6,131.21,661.94,
305063,3,26.02,65.85,
305063,6,23.74,117.44,
305063,3,398.58,954.11,
305063,3,394.80,975.62,
305063,4,7.75,26.92,
305063,5,295.16,1238.53,
305063,1,23.54,19.12,
305065,4,12.90,44.28,
305065,4,84.47,296.92,
305065,3,294.21,802.54,
305065,5,424.20,1891.31,
305065,7,153.67,1000.17,
305065,4,154.43,557.88,
305065,3,32.57,82.09,
305065,2,34.09,58.55,
305065,3,519.69,1474.25,
305065,8,8.54,62.81,
305066,3,428.40,1104.01,
305066,1,33.30,26.59,
305066,3,58.32,157.08,
305066,2,425.46,744.74,
305066,1,7.42,6.52,
305066,5,7.97,34.21,
305066,7,7.29,43.93,
305066,4,244.32,811.57,
305069,6,63.32,316.74,
305069,4,289.49,1048.90,
305069,3,192.72,578.16,
305069,4,64.97,246.91,
305069,5,59.29,266.36,
305069,3,145.77,421.66,
305069,4,228.72,812.29,
305069,3,30.89,85.95,
305071,2,403.20,713.67,
305071,5,141.82,540.06,
305071,5,166.44,676.14,
305071,4,82.11,248.76,
305071,4,114.93,388.14,
305072,3,127.64,349.08,
305072,7,192.09,1234.96,
305072,3,18.13,48.92,
305072,6,120.12,653.66,
305072,5,74.50,328.81,
305072,6,193.11,1071.72,
305072,3,440.58,1160.91,
305072,3,340.83,982.49,
305072,2,44.37,82.84,
305072,3,487.56,1404.24,
305073,3,113.75,259.43,
305073,4,22.66,68.80,
305073,5,153.06,544.57,
305073,1,11.71,9.08,
305073,3,552.33,1286.25,
305073,3,73.55,161.36,
305073,4,31.38,94.93,
305073,3,118.71,277.57,
305073,4,138.78,402.15,
305075,4,29.96,99.90,
305075,6,162.49,892.76,
305075,4,31.15,103.75,
305075,3,113.16,307.33,
305075,7,43.38,289.28,
305075,4,103.87,364.38,
305075,5,159.45,697.41,
305075,5,61.24,267.76,
305075,3,185.15,524.00,
305075,3,547.23,1399.14,
305075,3,19.58,54.24,
305075,7,145.20,951.34,
305075,4,47.30,161.18,
305075,8,325.71,2361.76,
305075,4,25.70,96.37,
305076,3,85.33,236.41,
305076,6,13.54,70.07,
305076,3,61.00,158.48,
305076,3,121.97,316.50,
305076,2,159.46,297.43,
305076,5,249.60,1140.14,
305076,6,109.39,576.58,
305077,4,11.99,36.03,
305077,7,25.30,139.27,
305077,5,129.56,539.83,
305077,6,97.82,501.25,
305077,2,18.77,28.60,
305077,5,477.87,1864.01,
305077,3,95.23,229.15,
305077,5,48.69,182.79,
305077,5,222.02,844.80,
305078,5,73.48,337.75,
305078,6,164.21,913.95,
305078,5,120.83,539.85,
305078,6,139.38,826.04,
305078,2,87.17,158.26,
305078,5,326.66,1485.79,
305080,3,345.24,927.17,
305080,6,390.60,2141.46,
305080,2,203.98,343.65,
305082,4,319.73,1092.30,
305082,4,12.68,46.49,
305082,7,71.36,433.07,
305082,3,256.56,652.90,
305082,4,334.85,1238.83,
305082,2,159.81,283.43,
305082,4,424.20,1510.11,
305082,3,243.84,668.75,
305082,10,449.40,4120.35,
305085,4,24.00,80.56,
305085,4,243.60,755.92,
305085,6,434.70,2059.88,
305088,5,101.18,389.85,
305088,2,94.56,131.38,
305088,3,7.70,17.89,
305088,5,139.13,546.51,
305092,2,438.90,678.91,
305092,5,242.40,896.40,
305092,7,11.65,58.74,
305092,5,109.74,407.41,
305092,5,83.29,319.45,
305092,5,126.98,514.92,
305092,2,83.45,131.20,
305095,3,36.07,101.64,
305095,1,235.20,210.51,
305095,3,19.19,51.39,
305095,3,190.24,508.16,
305095,2,414.12,764.69,
305096,4,42.98,129.41,
305096,2,103.78,160.82,
305096,4,97.34,300.55,
305096,4,486.03,1589.28,
305096,2,249.12,392.30,
305096,7,138.32,745.67,
305096,2,41.40,62.95,
305096,2,7.26,10.93,
305096,5,44.28,165.05,
305096,6,25.90,117.73,
305096,9,190.86,1290.66,
305096,4,86.69,269.85,
305096,2,16.61,24.93,
305097,2,462.57,864.40,
305097,4,7.29,25.47,
305097,4,93.22,353.21,
305100,5,306.18,1240.90,
305100,3,31.28,75.58,
305100,3,507.96,1320.33,
305100,4,143.62,523.05,
305100,5,72.77,320.89,
305100,2,23.74,42.36,
305100,7,154.13,956.46,
305100,1,24.43,21.46,
305100,3,63.38,160.83,
305100,3,147.90,376.27,
305100,7,94.27,499.54,
305102,2,139.69,200.94,
305102,2,491.13,740.11,
305103,8,33.10,218.91,
305103,4,82.50,287.29,
305103,3,138.02,372.08,
305103,3,117.53,318.76,
305103,6,12.11,60.95,
305103,1,141.06,138.98,
305103,6,24.89,128.11,
305103,3,21.79,57.65,
305105,7,63.75,409.77,
305105,5,252.48,1092.35,
305105,5,24.07,104.55,
305105,3,409.08,1063.58,
305105,5,23.21,104.32,
305105,3,318.15,836.22,
305105,3,32.21,84.53,
305106,4,102.62,339.27,
305106,4,8.46,26.87,
305106,4,40.91,127.70,
305106,5,8.54,31.83,
305106,5,75.60,293.05,
305106,1,553.35,414.22,
305106,2,19.75,30.13,
305106,4,43.16,134.56,
305106,3,220.79,531.26,
305107,4,73.24,268.75,
305107,2,30.49,50.96,
305107,4,18.09,62.84,
305107,3,11.35,29.73,
305107,6,44.46,227.98,
305107,2,417.90,716.08,
305107,4,327.60,1056.65,
305107,8,558.96,4207.40,
305107,2,309.33,530.49,
305109,1,12.01,10.34,
305109,5,138.47,609.26,
305109,6,492.66,2711.64,
305109,8,129.68,915.70,
305109,5,87.07,378.75,
305109,4,199.47,720.25,
305109,2,25.97,45.08,
305109,6,421.26,2051.40,
305109,4,81.48,293.90,
305109,6,34.95,195.93,
305111,3,434.70,1135.14,
305111,6,211.56,1087.78,
305111,4,446.46,1563.58,
305116,6,48.47,235.70,
305116,4,125.55,410.06,
305116,6,126.85,620.15,
305116,5,545.70,2354.67,
305116,4,40.73,126.95,
305116,1,60.88,50.36,
305116,1,58.19,52.10,
305116,2,186.96,314.84,
305116,3,130.81,340.04,
305116,4,47.84,157.24,
305116,6,124.84,651.97,
305117,3,319.10,736.42,
305117,6,158.93,804.50,
305117,8,156.71,994.00,
305118,4,77.87,272.34,
305118,6,137.10,707.69,
305118,4,33.76,112.67,
305118,3,107.62,253.91,
305118,5,232.08,1001.99,
305120,7,13.43,69.81,
305120,3,19.13,41.04,
305120,2,8.28,13.02,
305120,6,190.86,847.94,
305120,5,526.32,1945.17,
305120,3,181.63,398.72,
305120,6,90.34,406.66,
305120,1,56.73,44.52,
305122,7,8.70,52.47,
305122,4,125.27,450.08,
305122,2,240.72,369.44,
305122,3,443.52,1149.73,
305122,5,36.14,154.18,
305122,3,319.10,846.28,
305122,1,217.92,201.24,
305122,2,127.20,209.40,
305122,6,64.60,355.05,
305124,3,65.51,169.14,
305124,2,81.88,128.59,
305124,3,11.36,26.65,
305124,4,173.89,536.69,
305124,4,118.12,372.08,
305124,6,150.94,758.47,
305124,4,337.05,1065.29,
305124,3,418.32,1085.75,
305124,7,33.46,183.23,
305124,4,22.08,70.97,
305124,6,160.97,775.38,
305124,5,8.49,35.38,
305124,5,135.96,573.95,
305125,5,133.85,595.97,
305125,5,137.41,585.40,
305125,4,36.07,128.97,
305125,2,189.83,341.26,
305125,6,120.12,653.38,
305125,5,119.99,538.07,
305125,3,123.16,333.66,
305125,3,207.26,528.67,
305125,9,113.40,946.67,
305125,4,390.60,1366.88,
305125,6,160.21,882.83,
305128,3,288.23,635.42,
305128,6,130.02,581.54,
305128,3,230.64,552.19,
305128,3,161.42,397.25,
305128,5,141.50,502.51,
305128,6,220.38,1012.93,
305128,3,58.74,142.98,
305128,3,60.88,134.97,
305128,6,132.79,609.17,
305128,5,103.10,399.23,
305128,5,109.86,370.03,
305128,5,101.95,354.99,
305130,4,246.24,837.17,
305130,5,24.67,105.72,
305130,4,47.25,158.95,
305130,4,284.45,1047.94,
305130,5,95.52,440.95,
305130,2,457.80,800.84,
305130,8,216.89,1499.43,
305130,4,107.26,372.22,
305130,3,185.73,483.14,
305130,6,433.86,2288.53,
305130,3,23.76,60.51,
305130,3,31.12,79.88,
305130,8,35.81,248.11,
305130,8,8.20,56.04,
305130,4,100.03,337.38,
305131,3,25.68,71.98,
305131,8,35.44,261.73,
305131,5,561.00,2661.67,
305131,3,44.06,117.75,
305131,1,551.31,514.49,
305133,3,7.30,19.52,
305133,3,551.31,1464.93,
305133,6,18.56,101.99,
305133,5,153.67,684.45,
305133,5,122.96,539.92,
305133,5,298.31,1392.73,
305134,4,220.38,799.01,
305134,6,243.60,1109.40,
305134,5,21.70,89.94,
305134,4,504.90,1668.33,
305134,5,47.88,200.31,
305134,5,181.46,763.54,
305134,4,47.30,150.67,
305135,5,548.76,2463.18,
305135,5,101.57,472.10,
305135,3,502.86,1320.53,
305135,7,11.71,72.64,
305135,3,214.02,555.27,
305135,9,23.16,198.61,
305135,5,19.10,87.60,
305135,3,556.92,1512.17,
305136,6,82.19,437.00,
305136,7,416.64,2515.37,
305136,7,548.25,3427.42,
305136,3,177.58,491.54,
305136,4,8.24,29.72,
305138,3,8.46,20.27,
305138,7,30.16,165.43,
305138,3,455.28,1122.69,
305138,1,8.46,6.90,
305138,5,22.01,85.09,
305138,4,24.98,85.97,
305138,5,13.68,60.33,
305138,5,401.94,1523.28,
305138,2,502.86,843.11,
305140,2,24.70,43.51,
305140,5,182.34,854.28,
305140,2,46.31,85.69,
305140,5,76.54,348.13,
305140,4,22.25,82.53,
305140,7,11.95,78.88,
305143,3,23.14,61.16,
305143,4,163.68,559.65,
305143,5,191.06,804.84,
305143,5,503.88,2158.66,
305147,2,440.58,728.51,
305147,4,35.67,118.03,
305147,6,18.67,91.47,
305147,3,126.59,335.48,
305147,2,143.09,253.94,
305147,9,125.14,966.69,
305147,2,153.06,258.31,
305148,4,23.21,71.58,
305148,3,254.16,562.64,
305148,4,299.25,879.44,
305148,6,57.77,241.64,
305148,2,8.21,12.11,
305148,4,205.41,691.24,
305148,1,62.59,48.31,
305148,6,70.73,311.75,
305148,3,197.42,441.26,
305148,4,56.36,161.25,
305148,3,458.64,1032.29,
305148,12,339.57,3290.77,
305148,4,22.80,68.49,
305148,3,59.84,136.22,
305148,4,19.08,58.51,
305150,6,74.10,319.47,
305150,6,23.21,106.47,
305150,3,175.12,400.48,
305150,3,242.88,607.96,
305150,4,87.65,269.59,
305150,3,235.68,575.80,
305150,4,448.98,1404.49,
305150,3,218.64,506.48,
305150,5,460.74,1694.41,
305150,3,379.26,885.26,
305150,6,8.19,40.44,
305150,6,111.98,566.95,
305151,4,66.73,199.02,
305151,3,142.88,329.19,
305151,2,22.13,33.01,
305151,3,518.67,1223.81,
305152,3,84.62,237.24,
305152,7,12.11,72.72,
305152,2,119.77,194.78,
305152,6,25.68,133.76,
305152,2,48.92,86.19,
305152,5,102.24,431.01,
305152,3,178.64,465.32,
305152,2,327.60,578.39,
305152,7,33.13,202.60,
305152,3,65.03,177.64,
305152,2,86.04,148.81,
305152,3,11.48,31.12,
305152,5,302.09,1290.74,
305152,4,47.30,162.83,
305153,2,11.75,20.23,
305153,2,169.14,296.39,
305153,4,66.06,231.14,
305153,6,109.74,587.70,
305153,3,17.33,47.36,
305154,4,12.30,37.09,
305154,2,60.94,100.74,
305154,5,30.33,111.12,
305154,4,101.86,304.56,
305154,4,203.57,576.29,
305154,4,299.57,932.27,
305158,5,121.70,523.05,
305158,4,344.30,1176.16,
305158,3,99.26,256.77,
305160,4,237.60,714.96,
305160,4,406.98,1177.25,
305165,4,207.26,668.35,
305165,3,123.95,254.24,
305165,6,250.32,1147.82,
305165,3,422.94,955.44,
305165,7,192.19,1038.06,
305165,2,126.50,189.66,
305165,7,7.39,36.99,
305165,4,88.13,241.02,
305165,2,12.04,18.02,
305165,6,190.43,890.26,
305167,6,93.79,482.49,
305167,5,78.58,327.51,
305167,6,13.04,63.59,
305167,5,91.58,399.39,
305167,4,259.92,936.85,
305167,4,43.92,149.09,
305167,5,165.68,682.58,
305167,7,64.05,371.42,
305167,5,47.07,217.46,
305167,7,433.02,2528.46,
305169,4,212.18,735.28,
305169,4,503.88,1795.71,
305169,3,11.89,31.62,
305169,4,35.34,125.85,
305169,3,33.50,94.34,
305169,3,144.28,403.08,
305169,7,261.60,1623.36,
305169,3,82.35,211.43,
305169,4,90.72,335.04,
305169,2,346.19,636.95,
305169,6,56.61,310.31,
305169,3,12.24,32.07,
305170,4,30.49,106.92,
305170,8,315.95,2430.25,
305170,1,123.07,114.36,
305170,4,291.69,1074.18,
305172,3,84.54,217.81,
305172,6,47.88,260.41,
305172,2,192.72,362.03,
305172,8,258.48,1717.74,
305172,5,298.94,1241.29,
305172,9,286.65,2138.25,
305172,2,89.28,148.01,
305173,4,159.63,427.66,
305173,1,123.29,93.12,
305173,4,213.20,588.16,
305173,3,116.94,260.07,
305173,2,43.79,70.01,
305173,4,140.18,391.41,
305173,2,137.71,191.95,
305176,5,19.21,83.09,
305176,2,18.83,33.63,
305176,2,174.77,302.97,
305177,6,144.86,679.02,
305177,2,498.78,785.77,
305177,5,497.25,2079.13,
305177,4,515.61,1619.41,
305177,8,128.04,749.86,
305177,4,137.81,440.89,
305182,4,326.66,1218.59,
305182,2,18.54,30.24,
305182,5,26.21,111.19,
305182,1,144.28,141.68,
305182,5,219.84,934.84,
305185,2,99.46,174.24,
305185,6,48.56,240.42,
305185,6,432.60,2198.54,
305185,4,224.88,869.74,
305185,4,247.20,875.46,
305185,2,47.52,79.01,
305185,7,58.01,353.47,
305187,3,119.20,320.14,
305187,2,25.25,45.04,
305187,2,133.72,233.72,
305187,2,43.52,71.49,
305191,5,196.80,857.21,
305191,3,557.94,1533.85,
305191,6,49.23,260.10,
305191,5,179.52,749.48,
305191,7,125.43,801.28,
305192,3,17.35,42.67,
305192,2,88.51,138.43,
305192,4,62.53,203.70,
305192,1,35.54,29.27,
305192,5,65.88,278.13,
305192,5,126.59,511.74,
305192,5,121.97,466.83,
305192,3,16.27,39.03,
305192,5,548.25,2199.23,
305192,2,18.65,28.89,
305192,4,49.28,162.50,
305192,7,227.76,1297.59,
305192,5,147.44,571.23,
305200,4,19.76,75.57,
305200,2,90.62,167.44,
305200,1,164.31,148.89,
305200,4,147.29,519.81,
305200,3,62.04,161.45,
305200,2,43.92,77.96,
305200,7,448.56,2767.09,
305202,2,453.60,749.34,
305202,4,133.32,437.06,
305202,6,341.15,1887.79,
305202,2,338.31,603.70,
305202,4,87.07,311.87,
305202,5,88.70,414.70,
305202,5,102.91,493.75,
305202,4,213.61,712.55,
305202,3,34.52,89.70,
305203,3,126.14,337.74,
305203,3,133.45,356.96,
305203,2,64.97,119.89,
305204,3,497.25,1229.77,
305204,1,97.34,76.23,
305204,4,380.10,1103.99,
9305204,-1,97.34,-76.23,
9305204,-4,380.10,-1103.99,
305205,3,91.78,211.68,
305205,6,139.79,656.03,
305205,8,213.41,1314.24,
305205,2,481.44,737.58,
305205,4,48.65,150.95,
305205,5,103.97,386.18,
305205,4,285.39,851.08,
305205,1,98.02,77.64,
305205,4,12.49,38.98,
305205,6,65.70,290.13,
305205,4,12.36,41.10,
305205,4,145.77,422.44,
305206,6,56.30,302.94,
305206,3,25.92,64.36,
305207,3,93.50,244.32,
305207,2,78.03,124.52,
305207,2,326.34,530.89,
305207,3,16.61,38.84,
305207,4,95.81,297.90,
305207,4,172.83,573.37,
305207,4,154.89,491.57,
305207,4,18.16,58.80,
305207,3,96.77,231.77,
305208,4,142.16,500.83,
305208,4,42.71,151.84,
305208,7,119.33,724.58,
305208,7,223.86,1294.46,
305208,4,19.12,63.19,
305208,4,17.73,58.98,
305208,2,414.96,678.05,
305209,2,327.29,505.95,
305209,3,65.76,159.15,
305209,2,183.04,264.89,
305209,5,19.35,76.87,
305209,1,11.89,8.52,
305209,3,31.52,75.69,
305209,3,25.66,53.40,
305211,6,480.42,2106.86,
305211,6,46.98,220.34,
305211,6,528.87,2212.79,
305211,3,7.83,16.63,
305211,5,217.44,787.09,
305211,6,36.10,162.65,
305211,7,73.63,404.57,
305213,6,393.96,1737.22,
305213,5,158.23,634.89,
305213,2,452.34,664.61,
305213,5,74.81,294.20,
305213,5,145.07,527.05,
305213,3,339.26,721.42,
305213,4,110.21,309.43,
305213,8,253.44,1538.25,
305214,1,121.97,108.86,
305214,3,306.81,770.61,
305214,6,111.39,560.57,
305214,1,31.12,26.82,
305214,6,172.83,909.19,
305214,4,7.92,27.10,
305214,7,76.54,444.29,
305216,4,22.13,80.19,
305216,1,71.67,63.11,
305216,2,84.78,149.15,
305216,3,140.98,372.54,
305216,3,196.60,490.96,
305216,3,126.06,365.04,
305219,5,126.02,475.17,
305219,2,18.94,27.64,
305219,4,34.39,108.34,
305219,4,7.39,21.04,
305219,3,140.45,297.56,
305219,4,59.29,183.25,
305219,8,335.16,1931.70,
305219,6,400.68,1701.74,
305219,6,47.57,220.83,
305219,4,123.82,394.53,
305219,4,30.26,94.97,
305219,6,165.07,763.57,
305219,3,175.82,403.55,
305219,3,492.66,1173.37,
305219,4,174.77,519.15,
305220,4,12.80,44.51,
305220,3,163.70,429.50,
305220,5,158.58,704.91,
305220,2,56.55,107.16,
305220,4,24.46,86.96,
305220,7,224.40,1310.90,
305220,2,190.78,332.43,
305220,4,17.66,61.61,
305221,4,17.89,63.52,
305221,3,32.97,87.55,
305221,4,89.76,328.74,
305221,4,432.60,1619.37,
305221,8,55.08,391.98,
305221,2,96.00,184.47,
305221,1,194.14,173.05,
305221,4,213.61,787.89,
305221,5,72.53,337.05,
305221,3,17.75,42.02,
305221,5,294.53,1201.95,
305222,3,288.54,656.87,
305222,2,25.08,41.25,
305222,3,136.22,326.03,
305222,3,87.55,203.59,
305222,6,33.50,162.81,
305222,1,8.42,7.08,
305224,4,34.12,124.54,
305224,4,498.78,1796.81,
305224,3,186.91,490.23,
305224,2,164.21,309.86,
305228,4,229.44,650.80,
305228,6,253.92,1186.12,
305228,4,23.78,69.48,
305228,7,17.14,87.65,
305229,2,18.16,30.44,
305229,8,535.50,3457.40,
305229,1,22.68,19.82,
305229,2,33.33,54.12,
305229,5,446.04,1813.49,
305229,3,143.18,368.22,
305229,7,46.98,294.90,
305230,7,99.65,576.91,
305230,3,326.97,698.90,
305230,5,13.68,53.56,
305230,2,18.49,26.15,
305230,3,335.16,740.09,
305230,4,18.59,59.83,
305230,4,86.11,257.80,
305230,6,118.80,554.74,
305230,5,173.18,639.69,
305230,6,467.16,1969.27,
305230,6,337.68,1452.91,
305230,5,36.04,132.64,
305230,4,151.39,459.65,
305232,3,7.62,20.31,
305232,4,61.12,229.70,
305232,2,45.09,82.66,
305232,1,185.53,161.39,
305232,4,29.96,102.13,
305232,4,42.12,161.61,
305232,3,470.22,1229.29,
305233,4,24.77,83.05,
305233,2,7.95,14.24,
305233,3,418.74,941.86,
305233,5,18.40,75.61,
305236,4,61.18,207.33,
305236,5,126.06,552.91,
305236,2,552.33,977.30,
305236,5,550.29,2544.65,
305236,4,44.82,155.02,
305236,6,31.45,163.37,
305236,3,34.12,94.55,
305236,4,118.93,419.73,
305236,1,16.65,14.84,
305236,4,127.20,431.81,
305236,7,30.99,204.18,
305236,3,247.44,607.44,
305236,8,125.67,869.90,
305236,5,171.78,762.26,
305236,2,126.97,225.68,
305237,3,186.55,469.80,
305237,2,84.23,146.84,
305237,6,140.60,706.05,
305237,3,12.25,31.62,
305237,6,511.53,2839.51,
305238,2,73.24,117.26,
305238,3,72.46,166.92,
305238,4,227.28,682.21,
305238,3,17.84,41.23,
305238,4,126.38,388.63,
305238,4,129.36,402.29,
305239,9,261.12,1659.60,
305239,4,56.18,175.49,
305239,7,61.18,323.05,
305240,7,22.99,131.44,
305240,4,213.20,657.14,
305240,4,7.27,24.91,
305240,3,515.10,1170.14,
305240,4,8.12,23.93,
305240,4,114.93,318.14,
305242,6,291.38,1581.45,
305242,1,7.54,6.92,
305242,7,170.37,1036.46,
305242,4,22.85,83.32,
305242,4,164.77,614.82,
305243,5,129.76,575.30,
305243,3,149.42,387.85,
305243,3,187.17,487.64,
305243,2,22.22,36.15,
305243,5,503.88,2163.27,
305243,4,12.71,44.66,
305243,2,12.29,20.93,
305243,2,186.35,303.86,
305243,3,180.75,440.92,
305243,6,379.68,2001.76,
305247,5,87.17,365.78,
305247,4,417.48,1519.49,
305247,3,123.66,312.77,
305247,4,45.99,156.41,
305247,4,245.76,871.01,
305247,3,23.66,63.89,
305248,4,98.98,303.92,
305248,4,263.28,766.08,
305248,5,195.98,729.92,
305248,5,8.28,31.61,
305248,2,140.84,204.27,
305248,5,90.62,351.97,
305251,5,18.47,65.81,
305251,4,44.46,139.16,
305251,4,244.32,731.06,
305251,5,12.46,49.51,
305251,7,233.04,1313.82,
305251,4,32.47,107.10,
305251,5,7.26,27.16,
305251,6,63.99,278.27,
305251,3,64.23,149.78,
305251,3,304.61,675.90,
305251,4,32.14,88.56,
305251,4,7.99,24.79,
305251,2,30.72,43.32,
305252,4,99.17,293.00,
305252,4,128.27,361.93,
305252,6,234.72,1061.01,
305252,5,238.08,874.87,
305252,7,61.98,347.88,
305252,2,106.44,167.41,
305252,5,524.28,1985.31,
305252,3,36.23,80.64,
305253,4,321.62,1066.51,
305253,3,41.99,108.32,
305253,4,403.20,1353.07,
305253,4,337.37,1063.44,
305253,4,86.88,283.06,
305253,8,43.83,267.30,
305254,2,7.38,11.46,
305254,4,56.43,179.15,
305255,5,124.34,556.78,
305255,5,46.62,196.89,
305255,6,55.39,288.74,
305255,3,126.02,313.09,
305255,5,330.12,1381.98,
305255,4,142.73,453.03,
305255,2,380.52,643.19,
305255,4,399.84,1373.79,
305255,5,60.09,279.95,
305255,2,8.71,14.54,
305255,7,245.28,1431.57,
305255,3,222.43,579.17,
305255,4,216.89,764.65,
305255,3,304.92,788.29,
305255,3,13.09,30.44,
305261,4,119.33,425.77,
305261,3,31.19,84.75,
305261,3,43.25,110.36,
305261,6,12.34,67.01,
305261,3,12.21,32.71,
305261,3,143.18,389.31,
305261,4,500.82,1854.99,
305261,3,16.83,50.49,
305263,3,82.58,229.61,
305263,3,110.21,295.36,
305263,2,46.98,80.78,
305263,5,115.52,488.73,
305263,3,32.77,81.59,
305263,1,18.95,17.14,
305264,7,13.15,81.88,
305264,3,19.19,47.42,
305264,7,216.28,1385.14,
305264,6,8.65,47.27,
305264,3,82.11,210.61,
305264,7,7.83,52.63,
305264,9,185.73,1538.26,
305266,3,8.16,17.07,
305266,7,124.61,739.18,
305266,5,100.03,408.85,
305266,1,123.90,100.27,
305266,3,61.55,139.37,
305266,3,123.19,282.54,
305266,4,295.47,905.47,
305266,4,198.44,645.47,
305267,5,392.28,1769.36,
305267,4,106.67,349.23,
305267,3,11.58,31.70,
305268,3,7.34,18.07,
305268,4,31.85,104.50,
305269,6,326.66,1653.18,
305269,2,21.84,34.16,
305269,4,12.94,43.23,
305269,3,16.52,38.69,
305269,7,533.97,3100.69,
305269,7,169.84,925.00,
305269,6,133.98,655.43,
305272,3,73.16,156.82,
305272,4,329.49,1044.36,
305272,4,319.73,943.56,
305272,3,403.20,965.17,
305272,4,438.90,1300.31,
305272,6,17.82,81.84,
305272,6,141.36,660.26,
305272,3,63.14,125.45,
305272,5,75.52,297.69,
305273,6,124.96,651.79,
305273,4,158.75,551.55,
305273,6,34.75,184.66,
305273,1,31.02,25.26,
305273,4,305.55,1083.46,
305273,6,61.06,326.25,
305273,4,64.29,233.92,
305273,2,77.01,134.18,
305274,4,96.29,345.16,
305274,3,112.81,313.59,
305274,1,106.44,86.56,
305274,4,161.88,527.10,
305274,3,65.94,177.47,
305276,5,29.90,130.31,
305276,4,140.60,472.14,
305276,2,32.21,53.11,
305276,6,11.44,53.46,
305276,4,204.18,623.56,
305276,4,81.80,271.40,
305276,9,138.60,947.66,
305276,4,118.71,390.19,
305276,3,8.71,21.47,
305276,5,72.46,286.37,
305276,2,7.63,11.82,
305276,2,399.42,672.64,
305276,5,117.65,490.06,
305277,4,308.70,1127.35,
305277,7,84.47,534.15,
305277,6,315.00,1729.28,
305277,3,89.57,256.05,
305277,5,35.94,166.68,
305277,2,84.00,151.59,
305277,3,11.88,35.44,
305277,2,99.46,187.18,
305277,4,223.45,800.13,
305277,4,314.06,1172.04,
305277,2,553.86,1014.29,
305277,6,111.27,619.39,
305280,1,7.75,6.33,
305280,4,217.30,694.26,
305280,5,134.90,544.03,
305280,3,240.48,544.65,
305280,5,25.90,97.76,
305286,4,104.45,394.04,
305286,3,13.04,33.15,
305286,2,379.68,663.60,
305286,2,16.60,32.15,
305286,3,187.97,469.42,
305286,5,129.76,575.96,
305286,3,72.61,203.87,
305289,3,223.68,612.93,
305289,3,16.70,41.77,
305290,4,549.27,1657.69,
305290,2,137.68,208.05,
305290,1,22.46,17.47,
305290,2,81.01,126.99,
305290,3,29.93,62.73,
305290,5,57.16,208.21,
305290,2,33.33,48.22,
305290,7,7.66,37.63,
305290,7,55.94,293.53,
305290,5,317.21,1136.10,
305293,1,61.85,49.56,
305293,3,205.41,457.80,
305293,2,81.33,115.31,
305293,5,138.78,524.29,
305293,3,546.72,1264.65,
305293,2,19.42,26.34,
305293,7,7.91,45.20,
305293,1,48.33,33.46,
305293,2,44.37,74.89,
305293,2,66.80,106.72,
305295,1,214.84,191.20,
305295,5,61.79,252.88,
305295,4,125.66,400.02,
305295,6,155.04,801.75,
305295,5,98.88,465.94,
305295,2,432.18,764.06,
305295,5,24.22,107.64,
305295,8,85.09,599.34,
305295,2,45.81,82.35,
305297,3,45.36,117.42,
305297,4,169.49,569.86,
305297,4,33.59,115.28,
305304,4,26.16,83.17,
305304,3,45.68,109.10,
305304,5,340.52,1335.65,
305304,4,11.66,35.49,
305304,5,198.44,796.55,
305304,5,44.24,164.37,
305304,2,45.77,64.52,
305304,5,8.09,28.25,
305304,4,57.71,176.69,
305304,2,162.62,264.65,
305305,3,443.10,1197.80,
305305,8,204.18,1520.73,
305305,3,119.77,315.78,
305305,6,141.66,735.91,
305306,6,81.40,413.04,
305306,4,24.02,78.12,
305306,6,60.57,278.76,
305306,5,17.96,80.85,
305306,4,541.62,1876.44,
305306,4,62.40,198.31,
305306,3,496.23,1352.70,
305306,4,162.80,539.09,
305306,3,42.84,103.08,
305306,5,55.33,235.40,
305306,6,101.86,514.02,
305309,3,66.49,155.33,
305309,3,477.36,1058.37,
305309,5,118.59,488.93,
305310,5,62.77,258.98,
305310,1,398.58,333.29,
305310,2,66.55,111.77,
305311,1,7.30,5.68,
305311,6,313.74,1575.27,
305311,3,216.48,527.69,
305311,3,160.86,407.31,
305311,3,315.00,780.69,
305311,2,32.18,51.55,
305311,3,343.35,830.18,
305311,2,540.60,882.01,
305311,3,19.10,45.05,
305311,4,401.52,1250.70,
305313,3,203.77,527.86,
305313,3,233.52,582.64,
305313,3,114.93,315.10,
305313,2,146.68,269.79,
305313,8,308.07,2283.76,
305314,4,95.90,337.96,
305314,8,26.09,187.89,
305314,2,87.55,163.17,
305314,2,185.50,314.46,
305314,5,44.06,182.14,
305315,5,326.66,1349.87,
305315,6,77.09,391.45,
305315,6,82.58,386.09,
305315,4,16.42,53.60,
305315,3,42.75,111.09,
305315,3,41.67,97.56,
305317,6,7.98,40.32,
305317,5,124.74,540.17,
305317,4,385.14,1293.43,
305317,3,23.50,55.62,
305318,5,8.56,36.87,
305318,3,42.75,114.69,
305318,2,12.23,21.36,
305318,4,8.18,28.39,
305318,3,13.38,35.73,
305318,7,18.68,115.56,
305318,3,539.58,1361.47,
305318,1,23.93,20.90,
305319,4,160.06,553.92,
305319,4,346.19,1143.64,
305319,6,13.56,72.67,
305319,6,84.07,431.30,
305319,3,24.72,58.59,
305320,3,41.36,97.74,
305320,1,58.87,45.75,
305320,6,16.36,82.40,
305320,6,99.65,501.54,
305320,3,216.24,508.29,
305320,6,134.38,661.04,
305320,7,41.58,220.08,
305320,2,88.90,148.79,
305320,1,24.24,20.49,
305323,2,30.39,54.21,
305323,6,7.99,41.02,
305323,4,193.73,721.46,
305323,2,7.86,14.49,
305323,3,47.03,127.62,
305323,3,16.76,46.96,
305323,6,128.27,746.94,
305323,6,75.99,418.46,
305326,5,256.32,1003.61,
305326,2,32.34,51.99,
305326,6,189.20,951.83,
305326,4,165.26,556.17,
305326,3,129.80,336.78,
305326,2,12.50,19.89,
305326,2,25.39,40.47,
305326,5,294.21,1184.86,
305326,5,192.19,760.72,
305330,2,159.14,251.40,
305330,4,57.52,165.07,
305330,1,467.67,364.77,
305330,4,35.74,112.45,
305333,2,189.55,275.69,
305333,3,126.59,265.79,
305333,5,143.75,494.95,
305333,3,184.80,401.39,
305333,6,173.01,786.88,
305333,8,139.92,845.12,
305334,4,41.85,150.82,
305334,4,12.53,45.12,
305334,3,190.04,505.02,
305334,3,16.90,45.88,
305334,3,92.26,229.00,
305334,1,124.61,118.90,
305334,5,48.74,216.98,
305334,5,156.71,741.18,
305334,5,451.50,1998.25,
305335,4,346.19,1120.47,
305335,6,30.10,166.60,
305335,4,23.06,80.53,
305335,2,60.21,99.60,
305335,2,340.20,628.57,
305337,5,17.39,68.49,
305337,8,338.00,2159.15,
305337,3,41.90,98.54,
305337,5,56.12,208.49,
305337,3,187.62,446.80,
305337,4,121.42,398.70,
305337,4,77.79,239.20,
305337,2,209.92,319.78,
305337,6,11.76,55.46,
305340,6,233.28,1314.63,
305340,4,16.34,63.79,
305340,3,192.09,521.86,
305340,3,110.92,307.89,
305340,3,44.01,125.51,
305340,3,459.51,1211.21,
305340,5,110.57,497.65,
305342,4,57.52,206.56,
305342,4,174.77,645.12,
305342,3,33.79,95.90,
305342,5,191.84,861.91,
305342,3,300.83,841.28,
305343,5,30.89,126.57,
305343,5,58.50,211.85,
305343,5,162.62,646.31,
305344,3,119.72,266.47,
305344,3,307.76,694.45,
305344,5,7.66,28.81,
305344,7,238.80,1257.96,
305344,5,242.64,960.40,
305344,2,23.26,35.34,
305344,5,41.85,169.19,
305345,3,25.20,56.04,
305345,7,127.20,689.41,
305345,5,548.76,1974.01,
305345,7,11.71,60.80,
305346,5,87.94,380.11,
305346,5,94.08,393.06,
305346,5,16.56,72.83,
305346,3,48.51,132.19,
305346,4,209.92,737.80,
305346,5,7.62,33.95,
305346,4,125.66,434.61,
305346,2,387.24,724.40,
305346,7,64.90,392.82,
305346,4,92.54,323.06,
305346,5,8.42,37.64,
305346,7,163.33,977.92,
305346,5,87.07,386.40,
305346,5,396.06,1861.88,
305346,5,323.19,1400.83,
305347,7,152.00,903.98,
305347,2,102.24,179.66,
305347,5,16.29,71.18,
305347,2,32.31,55.16,
305347,1,166.14,148.74,
305347,3,220.58,580.57,
305347,8,224.07,1617.27,
305347,7,402.36,2525.44,
305347,4,194.55,672.06,
305350,3,47.39,114.47,
305350,5,557.43,2236.24,
305350,2,8.24,13.66,
305350,4,8.53,30.13,
305351,3,145.77,318.42,
305351,7,433.86,2281.88,
305351,3,158.58,329.82,
305351,5,22.13,85.67,
305351,4,139.26,380.74,
305357,5,172.48,762.57,
305357,2,199.47,351.67,
305357,5,24.86,113.27,
305357,2,244.56,457.50,
305357,3,101.57,282.30,
305357,3,293.58,772.26,
305358,2,11.74,18.28,
305358,3,80.15,190.97,
305358,4,19.19,70.44,
305358,5,123.02,513.04,
305358,5,12.21,51.53,
305358,7,78.97,435.48,
305358,4,332.33,1037.96,
305358,1,18.95,15.27,
305358,3,19.26,45.32,
305359,1,518.16,457.14,
305359,3,25.44,71.34,
305359,4,103.68,377.33,
305359,3,81.09,219.42,
305359,3,291.06,751.59,
305359,4,98.21,362.17,
305359,6,140.90,777.42,
305363,2,11.60,19.74,
305363,7,321.62,1883.19,
305363,5,409.50,1652.58,
305363,2,35.64,58.89,
305363,7,178.29,1009.05,
305363,2,186.55,312.74,
305363,3,17.69,43.83,
305363,2,236.88,402.78,
305363,4,314.37,1046.30,
305363,3,389.34,939.62,
305363,2,421.68,658.22,
305365,3,139.08,390.57,
305365,5,62.40,277.04,
305365,7,245.28,1610.50,
305365,2,252.96,427.63,
305365,5,152.30,702.99,
305365,4,8.70,29.72,
305365,8,168.61,1199.18,
305365,5,11.51,52.72,
305365,3,482.46,1318.24,
305365,3,99.94,261.25,
305365,3,80.31,214.15,
305365,2,120.60,235.58,
305365,2,66.73,116.32,
305365,3,35.31,95.44,
305365,3,123.43,314.37,
305366,5,144.01,593.39,
305366,4,73.40,258.03,
305366,4,72.06,256.93,
305366,5,341.78,1396.61,
305367,5,210.33,851.60,
305367,1,82.90,65.73,
305367,5,422.94,1652.84,
305367,7,103.68,616.21,
305367,4,141.66,464.04,
305367,4,183.92,565.29,
305371,3,8.59,22.04,
305371,7,304.61,1803.49,
305371,5,34.55,159.96,
305371,5,34.06,145.59,
305371,4,393.12,1483.78,
305371,3,442.26,1206.97,
305371,5,82.66,345.70,
305371,5,16.78,70.87,
305371,3,465.12,1326.48,
305372,3,259.44,725.38,
305372,6,118.12,622.52,
305372,3,183.74,494.29,
305373,4,223.68,774.04,
305373,5,123.78,553.23,
305373,3,227.28,579.03,
305373,5,136.95,599.12,
305373,2,412.02,741.42,
305373,5,24.58,104.15,
305373,5,145.20,631.70,
305373,3,434.70,1133.23,
305373,4,42.66,150.47,
305373,4,87.94,325.05,
305373,7,89.18,527.55,
305373,4,120.60,399.52,
305373,3,434.28,1156.71,
305374,4,286.65,967.42,
305374,3,8.05,21.46,
305374,1,305.24,273.34,
305374,8,414.96,3078.78,
305374,5,115.40,499.99,
305374,3,26.18,69.33,
305374,3,237.12,650.14,
305374,2,142.96,264.86,
305374,3,169.84,439.04,
305375,5,34.78,136.31,
305375,10,171.07,1287.40,
305375,4,55.82,156.97,
305375,2,127.44,180.53,
305375,5,23.83,92.63,
305375,2,466.65,643.30,
305375,2,324.45,460.44,
305379,8,72.85,498.79,
305379,4,13.64,48.09,
305379,3,425.04,1028.31,
305379,2,168.61,256.34,
305379,3,259.92,641.45,
305380,5,508.98,2197.10,
305380,3,130.28,339.06,
305380,2,42.12,76.62,
305380,2,127.78,228.27,
305380,5,55.82,249.06,
305380,7,31.55,196.67,
305380,7,163.86,1019.14,
305383,4,172.48,628.46,
305383,4,113.87,400.81,
305383,4,508.47,1943.09,
305385,3,292.95,793.86,
305385,2,127.91,246.43,
305385,7,11.49,69.80,
305385,3,502.35,1303.36,
305385,3,82.90,222.69,
305385,11,142.12,1362.39,
305387,5,22.22,94.21,
305387,3,475.32,1108.38,
305387,4,71.36,219.89,
305387,2,11.53,18.09,
305387,3,160.97,368.19,
305387,3,156.10,384.65,
305387,5,109.62,430.03,
305387,5,65.76,270.47,
305387,4,19.80,64.49,
305388,7,94.66,565.64,
305388,2,471.24,810.57,
305388,5,89.95,393.72,
305388,3,49.10,133.14,
305388,4,36.30,134.80,
305388,3,12.23,34.55,
305388,4,8.64,31.70,
305388,3,322.88,894.29,
305388,3,124.73,306.36,
305388,3,89.57,225.78,
305388,6,515.10,2696.92,
305388,3,442.26,1041.79,
305388,1,192.50,172.54,
305388,5,33.10,139.39,
305388,6,187.58,945.40,
305390,3,77.32,206.66,
305390,3,13.04,34.04,
305390,4,16.43,55.41,
305390,3,318.78,833.38,
305390,6,309.33,1552.10,
305390,4,305.87,1027.89,
305391,4,81.72,289.59,
305391,7,159.81,999.85,
305391,6,22.20,116.64,
305391,4,177.41,638.22,
305391,6,169.14,891.51,
305391,4,94.37,337.95,
305391,2,283.50,502.63,
305391,5,87.74,416.65,
305393,3,491.64,1195.53,
305393,5,11.86,51.27,
305394,5,187.78,779.78,
305394,5,24.14,99.47,
305394,3,235.20,602.47,
305394,4,123.55,418.83,
305394,4,45.41,141.87,
305394,7,44.73,249.02,
305394,8,417.90,2670.94,
305394,3,112.45,270.41,
305395,2,107.97,181.11,
305395,2,93.22,166.06,
305395,4,64.66,227.59,
305395,2,42.08,78.19,
305395,4,8.21,29.77,
305395,2,217.51,372.05,
305395,4,22.94,83.89,
305395,3,26.06,68.56,
305395,3,127.09,319.03,
305400,7,23.69,129.38,
305400,7,545.70,3209.73,
305400,2,78.19,128.30,
305400,3,21.74,57.97,
305400,4,78.26,236.53,
305400,6,79.29,380.88,
305400,6,21.84,111.31,
305403,1,33.53,26.18,
305403,3,131.74,291.77,
305403,8,120.95,756.07,
305403,6,101.18,458.07,
305403,2,159.30,256.80,
305404,5,218.40,909.50,
305404,2,45.86,81.56,
305404,4,25.37,92.87,
305404,9,253.44,1890.35,
305404,3,242.64,655.33,
305404,8,22.70,159.89,
305404,4,19.31,67.56,
305404,7,532.95,3325.42,
305404,5,81.09,369.22,
305404,3,111.16,285.33,
305404,2,161.39,296.72,
305404,4,149.87,534.63,
305404,3,145.46,374.83,
305404,6,24.07,131.62,
305407,5,129.10,593.89,
305407,5,120.25,529.92,
305407,3,30.89,85.38,
305410,4,19.19,68.04,
305410,7,470.22,3196.90,
305410,4,385.56,1391.81,
305413,7,7.69,43.55,
305413,4,12.01,40.36,
305413,2,178.29,296.48,
305413,7,62.34,376.58,
305413,5,559.98,2348.99,
305413,3,17.62,46.90,
305413,7,119.77,690.65,
305413,3,44.06,104.86,
305413,2,33.40,57.13,
305414,5,153.98,700.26,
305414,5,140.84,578.00,
305414,9,449.40,3430.61,
305414,3,23.23,60.42,
305414,3,110.33,262.43,
305414,6,138.73,671.34,
305415,5,8.37,34.18,
305415,2,45.68,72.95,
305415,4,8.23,29.97,
305415,5,44.87,193.23,
305415,1,12.45,9.83,
305415,3,164.01,388.86,
305415,8,35.18,207.08,
305417,5,160.66,672.14,
305417,5,63.87,288.18,
305417,2,18.86,32.32,
305417,2,17.71,32.20,
305417,4,8.44,28.72,
305417,5,315.00,1431.67,
305418,3,25.73,64.64,
305418,2,26.06,47.32,
305418,6,434.28,2062.64,
305418,3,162.64,455.53,
305418,9,42.57,344.36,
305418,5,528.87,2187.16,
305418,5,95.81,434.51,
305418,2,163.15,297.39,
305418,5,306.18,1375.81,
305418,6,216.48,1123.76,
305418,5,31.68,136.67,
305418,2,96.38,169.49,
305419,6,458.22,2367.65,
305419,3,17.30,41.73,
305419,3,57.58,133.08,
305419,4,262.80,892.19,
305419,4,74.50,238.85,
305419,6,12.58,54.45,
305419,7,8.63,47.14,
305423,5,498.78,1987.47,
305423,5,78.74,318.78,
305423,4,411.60,1456.53,
305423,6,64.54,308.05,
305423,2,11.41,19.45,
305425,3,443.10,1073.66,
305425,8,80.23,499.51,
305425,2,108.32,182.74,
305425,5,218.40,836.74,
305425,3,202.75,524.54,
305425,5,125.08,524.90,
305425,4,236.64,805.07,
305425,4,79.21,262.66,
305425,3,256.80,613.34,
305425,3,90.72,209.55,
305425,1,197.21,149.60,
305425,5,23.98,96.94,
305425,4,7.32,23.37,
305426,8,18.40,119.57,
305426,5,192.37,792.47,
305426,1,384.30,317.07,
305426,1,43.29,33.90,
305426,4,339.89,1065.06,
305426,5,414.12,1732.47,
305426,8,57.34,391.44,
305426,4,8.26,25.46,
305426,9,30.26,214.20,
305426,3,30.66,71.17,
305427,5,13.15,44.45,
305427,4,56.06,177.65,
305427,1,203.77,151.94,
305427,8,142.12,901.45,
305427,4,449.40,1309.39,
305427,6,119.86,484.84,
305427,3,217.10,515.93,
305427,4,154.28,451.13,
305427,7,444.78,2220.95,
305427,3,13.53,29.89,
305427,3,214.43,437.95,
305427,4,112.22,332.19,
305427,2,239.76,335.46,
305427,6,552.84,2633.04,
305428,4,58.74,203.76,
305428,1,151.24,128.34,
305428,5,22.78,101.97,
305428,3,44.24,116.42,
305428,1,339.57,298.94,
305428,2,137.68,248.75,
305428,4,106.79,377.34,
305432,6,158.84,862.05,
305432,5,17.35,74.27,
305433,5,25.08,102.18,
305433,7,486.54,2720.34,
305434,5,19.39,83.77,
305434,4,165.38,574.15,
305434,2,8.62,14.75,
305434,5,303.66,1349.26,
305434,4,7.34,25.34,
305434,7,317.52,1934.45,
305434,6,42.98,224.63,
305434,3,45.95,126.86,
305436,3,35.87,86.16,
305436,4,297.36,918.98,
305436,2,115.88,175.29,
305436,4,141.97,430.38,
305436,4,55.94,178.71,
305436,5,48.56,172.33,
305436,4,95.81,266.80,
305437,4,7.86,25.93,
305437,5,158.23,617.90,
305437,5,63.20,267.65,
305437,7,452.76,2604.46,
305437,5,104.16,430.03,
305437,5,118.47,436.27,
305437,9,58.87,420.25,
305437,4,145.20,488.00,
305437,2,12.75,21.63,
305437,7,138.02,767.43,
305437,5,139.08,578.22,
305439,3,182.69,470.94,
305439,2,144.10,242.13,
305439,5,66.19,270.49,
305439,4,496.74,1596.97,
305439,7,80.70,484.64,
305439,2,84.54,130.56,
305439,3,132.92,321.83,
305439,5,153.52,607.32,
305439,4,11.54,36.34,
305443,5,393.12,1774.51,
305443,4,82.19,287.79,
305445,6,25.70,106.36,
305445,5,17.03,67.43,
305445,2,57.52,90.72,
305445,3,207.05,478.53,
305445,6,12.95,58.88,
305445,6,217.71,1098.23,
305445,4,164.91,525.88,
305445,2,209.92,331.48,
305445,8,133.45,810.69,
305446,6,46.40,245.06,
305446,3,232.80,563.10,
305446,4,531.93,1736.53,
305446,5,13.49,58.82,
305450,3,74.42,208.67,
305450,4,43.47,165.36,
305450,5,16.22,72.41,
305450,4,384.72,1458.91,
305450,5,26.06,113.45,
305452,8,341.15,2298.94,
305452,6,222.00,1025.33,
305452,5,19.55,88.38,
305452,5,119.46,483.74,
305452,3,11.33,28.13,
305455,5,86.88,371.05,
305455,4,7.41,24.68,
305455,3,8.55,22.31,
305455,6,170.02,858.75,
305455,4,24.53,78.97,
305455,7,33.13,191.90,
305455,3,23.11,53.49,
305455,3,124.02,319.42,
305456,1,161.74,119.51,
305456,5,149.57,619.86,
305456,9,42.08,305.98,
305456,6,30.23,149.29,
305456,1,81.01,67.17,
305456,2,225.36,385.98,
305456,6,136.88,699.62,
305456,3,23.38,58.00,
305459,3,114.22,325.10,
305459,3,341.78,900.79,
305459,3,321.62,835.15,
305459,3,12.33,30.00,
305460,5,17.89,69.00,
305460,7,43.61,233.39,
305460,4,189.01,612.85,
305460,4,185.32,644.66,
305460,3,64.66,161.02,
305462,3,165.62,387.58,
305462,3,7.56,19.33,
305462,3,26.33,60.39,
305462,5,13.61,51.85,
305462,6,13.49,57.78,
305462,4,22.82,66.92,
305462,5,23.71,89.50,
305462,6,8.45,36.23,
305463,4,187.97,546.39,
305463,4,341.46,932.13,
305463,5,169.31,596.29,
305467,2,11.34,22.32,
305467,8,43.70,315.67,
305467,5,128.38,615.33,
305467,4,450.66,1553.72,
305467,3,93.79,244.11,
305467,5,207.67,886.84,
305467,3,198.85,530.99,
305467,3,159.60,407.71,
305467,2,171.95,307.92,
305467,2,89.66,164.60,
305467,3,101.09,265.56,
305467,4,161.42,538.32,
305467,6,138.32,731.82,
305469,5,23.18,112.00,
305469,3,46.08,123.51,
305469,2,427.98,703.40,
305469,3,18.29,51.46,
305469,7,47.66,294.47,
305470,4,8.11,22.52,
305470,4,33.86,108.70,
305470,3,96.48,214.86,
305470,4,505.92,1495.44,
305470,3,188.67,430.85,
305470,4,504.90,1510.73,
305470,3,249.12,550.06,
305470,3,12.88,28.88,
305471,3,81.17,189.69,
305471,7,442.26,2600.58,
305471,4,45.59,148.92,
305471,4,57.04,180.05,
305471,2,536.01,940.33,
305471,4,244.56,812.16,
305473,3,222.02,567.68,
305473,5,8.34,39.49,
305473,6,216.48,1074.16,
305473,4,77.95,286.83,
305473,5,86.88,387.30,
305473,4,64.66,228.51,
305473,8,159.28,1119.27,
305473,5,235.92,1066.90,
305473,2,25.18,43.75,
305477,3,11.98,31.09,
305477,4,8.68,33.10,
305477,3,175.47,490.88,
305477,4,7.55,27.56,
305477,4,8.75,33.15,
305477,6,63.32,329.36,
305477,7,125.80,785.95,
305477,5,137.41,602.81,
305477,3,469.20,1225.97,
305477,3,222.72,589.25,
305478,2,532.44,858.34,
305478,3,8.54,20.68,
305478,2,230.16,344.49,
305478,1,12.48,10.30,
305478,4,80.86,252.76,
305478,6,78.50,389.51,
305478,3,460.32,1084.74,
305478,6,17.03,80.15,
305481,6,316.26,1449.97,
305481,5,151.85,520.17,
305481,4,507.45,1565.29,
305481,4,120.78,363.33,
305481,3,307.13,680.99,
305481,5,81.25,298.15,
305481,5,386.40,1437.71,
305481,3,7.75,16.39,
305481,2,409.50,635.66,
305481,6,11.66,50.02,
305481,4,160.16,443.77,
305481,5,523.26,1820.66,
305482,3,74.34,173.15,
305482,2,105.02,160.19,
305482,4,193.25,618.28,
305482,5,17.80,72.48,
305482,3,8.50,21.83,
305482,3,43.88,104.84,
305482,4,49.50,168.49,
305482,4,524.28,1635.60,
305482,2,33.66,51.44,
305484,4,7.84,27.55,
305484,7,79.36,489.05,
305484,2,205.82,358.31,
305484,2,115.17,183.60,
305484,8,61.12,450.36,
305485,8,130.68,804.18,
305485,2,8.10,12.87,
305485,5,243.12,901.92,
305485,3,95.14,210.22,
305485,2,7.36,11.49,
305485,5,31.68,119.69,
305485,6,452.34,1927.23,
305485,4,113.40,331.16,
305485,4,106.79,317.71,
305493,3,185.86,474.00,
305493,5,401.94,1742.60,
305493,3,23.06,60.66,
305495,8,534.48,3431.32,
305495,4,219.84,695.21,
305495,5,174.42,615.82,
305495,3,8.70,19.26,
305495,6,19.73,88.98,
305495,5,219.35,838.90,
305497,4,453.18,1370.87,
305497,5,306.50,1203.66,
305497,4,319.41,1011.33,
305497,4,121.78,373.58,
305497,2,75.28,113.84,
305497,3,168.43,391.78,
305499,4,398.58,1362.83,
305499,4,420.00,1507.30,
305499,5,106.44,474.16,
305499,6,7.54,41.00,
305499,7,117.41,724.30,
305499,5,32.41,135.27,
305500,8,96.67,674.19,
305500,4,118.83,417.39,
305500,5,426.30,1997.74,
305500,3,123.19,345.72,
305500,1,24.84,23.10,
305500,3,445.20,1254.26,
305500,4,44.64,163.80,
305501,2,324.77,526.99,
305501,6,309.02,1453.17,
305501,4,17.69,59.35,
305501,7,183.39,1115.02,
305501,3,17.68,43.41,
305501,3,58.50,155.14,
305502,2,136.62,202.33,
305502,4,120.24,376.08,
305502,4,446.88,1413.64,
305502,4,143.35,451.87,
305502,5,19.12,72.03,
305505,5,132.13,572.49,
305505,3,314.37,824.02,
305505,1,18.20,15.45,
305505,3,127.25,337.30,
305505,3,149.11,397.41,
305505,7,88.99,522.18,
305505,3,112.57,299.86,
305507,3,12.30,30.98,
305507,5,231.60,944.91,
305507,6,119.53,626.64,
305507,3,113.40,273.44,
305507,2,19.66,33.19,
305507,4,495.21,1650.63,
305507,5,166.32,710.14,
305508,5,47.25,229.46,
305508,4,532.44,1891.25,
305508,3,23.98,66.58,
305508,3,70.65,198.21,
305508,5,184.91,787.37,
305508,1,223.45,188.60,
305508,4,12.21,43.42,
305508,8,17.44,130.12,
305510,4,8.64,26.46,
305510,3,24.38,55.33,
305510,4,502.35,1641.50,
305510,5,488.07,1868.44,
305510,3,415.80,961.78,
305510,5,179.87,668.36,
305510,6,13.53,58.70,
305511,4,114.81,397.44,
305511,7,99.26,599.74,
305511,5,145.07,617.31,
305511,5,77.32,330.87,
305511,6,76.93,433.43,
305511,6,184.45,979.47,
305511,4,61.67,195.47,
305513,2,101.86,165.18,
305513,5,24.38,102.04,
305513,2,516.63,838.47,
305513,3,109.98,273.13,
305513,3,115.99,287.98,
305513,3,123.95,328.26,
305513,4,13.04,44.60,
305515,3,153.67,406.10,
305515,9,60.76,474.08,
305515,4,142.69,473.07,
305515,3,17.98,44.25,
305515,6,7.23,36.18,
305515,3,192.70,500.86,
305515,3,99.65,270.17,
305515,1,544.17,411.40,
305515,5,121.89,534.47,
305516,7,413.70,2508.15,
305516,5,187.44,717.91,
305516,5,23.06,100.61,
305516,6,116.58,571.20,
305516,6,8.66,41.64,
305517,5,17.80,63.74,
305517,2,49.05,72.82,
305517,2,123.55,188.25,
305517,4,66.37,184.18,
305517,5,336.42,1186.85,
305517,2,473.79,711.21,
305517,4,16.33,46.58,
305517,5,126.14,413.30,
305517,5,342.09,1316.63,
305517,3,61.98,135.17,
305517,2,57.10,88.45,
305517,3,18.49,41.80,
305518,4,43.92,140.82,
305518,3,84.39,215.58,
305518,6,7.62,38.13,
305518,3,35.51,85.80,
305518,3,61.67,150.12,
305518,6,307.44,1404.05,
305518,2,41.36,66.12,
305518,6,63.01,290.29,
305519,4,12.99,47.28,
305519,3,195.57,473.25,
305519,3,192.19,464.27,
305519,6,119.72,626.49,
305519,4,161.58,551.21,
305519,4,229.20,728.22,
305519,6,87.65,423.63,
305520,3,123.43,323.00,
305520,4,125.66,448.00,
305520,4,217.20,754.93,
305520,9,13.38,102.97,
305520,4,136.88,489.79,
305520,6,93.02,470.06,
305520,2,159.81,288.85,
305520,4,119.06,403.07,
305520,2,76.69,151.06,
305521,7,223.25,1205.01,
305521,4,243.60,806.53,
305521,2,237.60,382.30,
305521,3,17.68,43.64,
305521,2,489.09,803.57,
305521,5,193.60,810.32,
305521,2,32.44,54.15,
305521,6,138.17,695.77,
305521,4,164.56,529.42,
305521,2,34.58,59.48,
305521,3,8.37,20.33,
305521,4,340.83,1147.79,
305522,4,32.47,106.60,
305522,4,109.03,363.22,
305522,6,160.86,817.18,
305522,3,163.40,376.28,
305522,5,7.26,29.75,
305522,5,12.98,53.38,
305522,5,222.48,889.21,
305522,2,466.14,776.17,
305524,6,45.77,255.45,
305524,2,332.64,601.30,
305524,8,43.97,297.71,
305524,2,443.94,747.54,
305524,2,23.04,42.61,
305524,2,499.29,872.84,
305525,7,193.32,1208.15,
305525,6,223.68,1143.26,
305525,6,17.91,95.11,
305525,3,540.09,1387.43,
305525,3,165.44,442.53,
305525,4,151.54,544.43,
305525,2,191.84,323.79,
305526,4,101.18,354.65,
305526,4,295.47,1010.89,
305526,4,528.36,1915.30,
305526,5,11.91,50.75,
305526,6,221.61,1144.39,
305526,5,17.28,82.00,
305526,3,217.92,601.77,
305526,6,8.40,42.63,
305530,4,161.58,553.43,
305530,2,77.24,133.96,
305530,2,192.09,301.13,
305530,7,12.50,72.64,
305530,4,122.37,393.21,
305530,5,162.98,612.27,
305530,3,25.58,63.40,
305534,6,24.58,109.02,
305534,6,138.20,584.64,
305534,4,147.29,433.77,
305535,3,57.34,130.66,
305535,2,19.51,29.59,
305535,3,16.43,39.40,
305535,2,439.74,645.36,
305535,4,17.78,50.37,
305535,3,80.78,175.54,
305535,5,94.37,354.88,
305535,2,143.03,207.52,
305535,3,57.77,139.23,
305536,3,213.41,549.54,
305536,3,311.54,800.95,
305536,5,13.05,54.13,
305536,4,18.43,65.47,
305536,3,30.92,83.18,
305536,5,7.31,29.76,
305536,5,165.68,707.29,
305536,7,18.04,104.95,
305536,6,149.11,766.27,
305537,8,141.82,1013.12,
305537,3,12.69,33.25,
305537,5,47.70,208.59,
305537,3,120.83,350.42,
305537,4,22.22,79.81,
305537,10,211.56,1868.76,
305538,6,255.36,1410.86,
305538,3,8.72,22.57,
305538,6,110.57,559.08,
305538,5,81.64,346.26,
305538,1,138.47,115.31,
305538,8,13.15,101.63,
305538,4,79.52,273.96,
305538,4,141.21,509.47,
305539,5,103.10,386.65,
305539,4,8.76,24.63,
305539,5,505.92,1839.78,
305539,3,40.68,98.77,
305539,3,532.95,1236.21,
305539,3,507.45,1174.20,
305539,4,13.08,37.62,
305539,4,84.47,241.74,
305539,4,292.95,945.80,
305539,3,146.98,325.21,
305539,5,66.06,268.77,
305542,1,322.88,306.68,
305542,10,233.76,2188.31,
305542,4,33.07,123.69,
305543,3,201.52,448.84,
305543,4,30.13,95.58,
305543,2,48.24,70.18,
305543,6,75.91,342.12,
305543,4,547.23,1530.09,
305543,7,87.07,397.46,
305543,4,132.66,401.19,
305547,5,205.41,867.75,
305547,5,246.24,1066.58,
305547,7,8.47,51.01,
305547,6,142.56,737.07,
305547,5,12.96,54.84,
305547,2,166.50,279.45,
305547,3,104.93,262.38,
305548,4,59.60,208.87,
305548,2,58.38,90.61,
305548,3,417.90,969.64,
305548,4,416.22,1323.62,
305548,4,74.89,238.14,
305548,2,44.51,63.76,
305548,3,250.56,615.92,
305548,5,49.05,196.15,
305549,3,64.84,168.81,
305549,2,22.90,39.33,
305549,3,517.14,1383.32,
305549,3,166.90,437.09,
305549,4,249.84,893.81,
305549,2,17.87,30.37,
305552,3,334.53,931.21,
305552,3,389.76,1106.95,
305552,6,59.29,315.46,
305552,4,8.65,31.80,
305552,6,164.21,923.59,
305552,5,399.00,1797.90,
305552,6,8.10,44.99,
305552,5,90.24,424.53,
305552,3,107.14,307.64,
305552,4,22.78,86.21,
305555,4,165.26,496.75,
305555,7,72.93,393.95,
305557,2,177.41,268.50,
305557,4,19.39,63.05,
305557,3,34.45,86.38,
305557,9,174.24,1287.70,
305557,5,161.73,685.21,
305557,4,93.50,317.51,
305557,4,13.66,46.09,
305557,5,159.30,650.61,
305557,8,44.96,277.56,
305558,2,487.56,791.75,
305558,2,17.46,29.00,
305558,7,78.97,471.50,
305558,4,442.68,1533.77,
305558,6,22.27,106.90,
305558,6,31.88,158.88,
305558,10,12.74,105.17,
305559,4,241.68,694.58,
305559,2,226.80,351.98,
305559,5,151.70,554.07,
305559,4,129.68,388.99,
305559,3,23.35,47.25,
305559,7,210.95,1121.02,
305560,6,58.19,330.56,
305560,4,444.78,1585.27,
305560,2,7.62,13.27,
305560,4,503.88,1854.19,
305560,1,109.39,95.80,
305560,5,186.56,835.89,
305560,3,8.21,24.17,
305560,3,133.72,359.49,
305562,3,525.30,1384.94,
305562,6,84.23,439.10,
305562,3,103.78,242.72,
305562,1,59.96,53.15,
305563,3,438.90,1070.52,
305563,8,7.37,49.58,
305563,5,45.63,192.78,
305563,2,77.72,126.61,
305563,3,22.20,56.65,
305563,4,13.73,47.65,
305565,6,13.14,61.33,
305565,3,122.84,298.32,
305565,6,546.21,2629.55,
305565,5,12.40,51.88,
305568,5,12.13,51.03,
305568,2,66.06,108.26,
305568,5,42.71,187.68,
305568,3,58.38,157.99,
305568,4,179.70,632.54,
305568,3,7.31,19.22,
305568,5,16.29,69.56,
305570,4,84.47,261.50,
305570,4,94.56,272.30,
305570,3,7.40,15.34,
305570,6,113.99,535.25,
305570,3,102.05,226.23,
305570,2,480.42,695.89,
305570,4,220.08,659.83,
305570,4,56.97,170.04,
305570,3,81.95,183.32,
305570,4,72.14,217.31,
305570,6,491.64,2363.87,
305571,2,84.70,129.62,
305571,5,412.02,1716.10,
305571,5,393.96,1472.67,
305571,1,78.19,57.20,
305576,7,24.36,138.56,
305576,6,433.02,2111.56,
305576,3,461.55,1161.38,
305576,5,186.55,673.71,
305576,5,128.17,562.40,
305576,2,396.90,667.88,
305576,1,98.21,82.79,
305577,6,327.60,1834.45,
305577,3,145.07,391.56,
305581,6,7.38,39.79,
305581,6,19.46,101.92,
305581,5,409.50,1859.81,
305582,7,11.76,60.52,
305582,4,72.53,234.21,
305582,4,483.99,1320.15,
305584,3,168.43,476.60,
305584,3,303.66,869.71,
305584,5,140.71,661.87,
305584,3,175.65,504.41,
305584,7,100.32,639.60,
305584,5,450.66,2088.44,
305584,8,13.21,88.62,
305584,3,47.61,142.83,
305584,6,11.94,66.06,
305584,4,8.52,31.35,
305584,2,8.29,14.77,
305584,1,112.45,98.93,
305584,3,519.18,1389.56,
305586,1,98.98,76.51,
305586,4,76.30,241.03,
305586,7,24.46,123.24,
305586,3,550.80,1273.46,
305586,5,12.61,45.41,
305586,2,143.35,213.51,
305586,3,152.76,374.12,
305586,4,130.81,385.91,
305586,5,147.90,553.92,
305587,3,63.99,174.07,
305587,1,150.18,136.16,
305587,3,412.86,1148.72,
305588,6,491.64,2106.57,
305588,4,101.66,318.41,
305588,2,459.48,697.96,
305588,5,7.66,30.39,
305588,5,62.34,258.46,
305588,6,24.34,112.88,
305588,2,184.27,305.73,
305588,3,205.00,516.43,
305588,5,185.73,751.36,
305588,4,489.09,1486.09,
305588,5,8.30,30.65,
305588,2,188.32,283.65,
305588,6,80.07,379.39,
305588,5,63.38,242.62,
305588,2,147.14,261.78,
305591,3,191.47,514.16,
305591,5,44.82,193.38,
305591,4,186.91,656.33,
305591,3,396.06,1015.02,
305591,1,35.97,30.97,
305591,4,142.03,487.02,
305591,5,124.48,577.75,
305593,2,128.30,243.35,
305593,5,18.20,79.27,
305593,3,33.43,80.27,
305593,5,183.04,862.88,
305593,5,495.72,2198.15,
305595,2,145.16,238.82,
305595,6,11.63,51.87,
305595,6,290.43,1187.13,
305595,3,142.27,301.10,
305595,3,164.91,377.02,
305595,4,168.96,497.74,
305596,2,162.79,299.50,
305596,3,36.20,92.49,
305596,6,48.96,282.90,
305596,5,73.16,328.43,
305596,2,8.50,15.96,
305596,3,262.32,710.38,
305596,4,430.50,1592.48,
305596,1,326.34,297.39,
305596,4,33.10,126.68,
305596,4,219.97,798.45,
305596,4,167.20,630.75,
305596,7,57.58,355.83,
305596,3,92.45,262.11,
305596,5,143.49,666.92,
305596,4,41.09,157.34,
305598,4,31.81,118.11,
305598,4,153.98,543.94,
305598,3,13.16,38.52,
305598,3,17.55,46.53,
305598,4,207.46,789.52,
305598,4,490.11,1757.24,
305598,6,106.32,609.38,
305598,3,88.22,237.01,
305598,4,22.42,78.71,
305599,3,184.98,463.54,
305599,3,23.18,63.79,
305599,5,47.88,197.09,
305599,6,61.73,333.72,
305599,4,25.44,88.84,
305599,4,7.86,27.45,
305599,2,95.52,168.19,
305600,7,18.09,92.69,
305600,2,415.38,694.59,
305600,4,36.00,117.46,
305600,3,408.24,1019.56,
305600,3,17.42,41.88,
305600,3,284.13,679.99,
305601,2,125.55,173.03,
305601,4,223.92,644.07,
305601,7,233.76,1170.16,
305601,1,211.77,143.27,
305601,4,76.93,223.58,
305601,3,30.86,74.45,
305601,4,342.72,1076.11,
305601,3,46.80,97.29,
305601,3,316.26,733.71,
305601,8,82.50,469.69,
305601,2,46.26,67.36,
305601,5,25.66,92.77,
305601,2,210.13,319.03,
305604,5,225.60,899.58,
305604,3,26.38,64.13,
305604,6,163.33,810.76,
305604,4,217.92,727.57,
305604,3,46.89,119.44,
305604,6,12.44,66.53,
305604,2,177.06,311.21,
305604,3,489.60,1260.02,
305604,7,66.00,382.54,
305604,3,7.51,19.62,
305606,2,25.01,42.47,
305606,3,43.29,111.09,
305606,8,16.25,102.50,
305606,1,18.38,14.63,
305609,4,73.24,240.24,
305609,4,7.58,24.00,
305609,4,332.01,1106.71,
305609,4,19.22,70.37,
305609,5,438.06,1908.46,
305614,5,176.53,672.22,
305614,7,42.03,255.71,
305614,2,223.86,343.09,
305614,6,545.70,2695.85,
305615,4,76.15,277.64,
305615,1,385.98,341.20,
305615,6,8.10,42.35,
305615,1,213.41,188.41,
305615,5,31.58,139.92,
305615,3,339.89,856.57,
305615,1,221.52,173.82,
305616,4,7.82,26.45,
305616,3,155.65,413.89,
305616,8,291.69,2135.46,
305617,3,110.33,285.59,
305617,2,119.46,212.28,
305617,2,7.94,14.37,
305617,9,104.06,854.08,
305617,3,23.40,60.26,
305617,7,21.67,128.56,
305617,5,343.04,1442.70,
305617,6,107.62,520.69,
305617,2,31.71,55.24,
305617,5,56.67,240.10,
305618,3,7.48,20.21,
305618,4,17.01,66.13,
305618,2,124.48,231.16,
305618,7,65.09,397.64,
305618,4,12.03,45.65,
305618,4,131.74,475.60,
305618,3,132.92,376.60,
305618,2,34.58,64.01,
305618,3,45.54,120.00,
305618,5,107.38,482.65,
305618,2,12.83,23.60,
305618,4,84.54,289.32,
305619,2,25.18,42.16,
305619,2,333.59,629.31,
305619,4,35.77,126.40,
305619,2,7.94,14.21,
305622,6,31.19,160.28,
305622,8,242.64,1488.82,
305622,4,339.57,1136.47,
305622,5,472.77,1976.71,
305622,6,21.86,105.66,
305622,5,122.96,458.18,
305624,5,110.09,450.08,
305624,6,83.13,437.20,
305629,4,60.09,227.04,
305629,3,76.22,205.31,
305629,3,45.14,129.82,
305629,3,106.67,297.37,
305629,4,81.01,289.28,
305629,5,162.03,736.14,
305629,6,492.15,2674.42,
305634,4,391.02,1240.69,
305634,4,186.21,594.82,
305634,3,43.92,106.25,
305634,3,536.52,1403.20,
305634,2,44.78,68.11,
305635,1,227.52,165.02,
305635,6,198.44,891.18,
305635,4,461.16,1377.65,
305635,4,165.79,481.41,
9305635,-6,198.44,-891.18,
305638,6,78.19,340.49,
305638,7,7.58,37.01,
305638,4,159.90,462.41,
305638,5,35.74,130.79,
305641,2,203.98,373.32,
305641,5,18.74,84.29,
305641,5,22.44,95.11,
305641,3,60.88,163.64,
305641,5,24.74,106.50,
305642,5,22.46,103.50,
305642,2,12.80,21.81,
305642,4,26.11,91.61,
305642,6,148.35,817.56,
305642,8,321.93,2336.15,
305644,8,121.89,906.50,
305644,6,119.42,640.58,
305644,6,258.72,1369.97,
305644,3,19.67,51.37,
305644,2,63.81,113.29,
305644,4,62.10,227.53,
305644,6,30.33,163.40,
305644,2,546.21,979.83,
305645,4,62.59,210.20,
305645,3,19.60,51.58,
305645,6,7.34,39.08,
305645,2,202.95,333.79,
305645,8,531.93,3768.28,
305645,5,159.60,671.88,
305645,4,523.26,1895.33,
305645,6,169.31,940.63,
305645,6,110.57,605.73,
305645,3,248.40,657.21,
305645,2,128.03,225.51,
305645,6,167.73,910.75,
305645,2,165.07,288.85,
305645,5,150.63,650.96,
305646,2,310.91,479.79,
305646,2,42.21,66.68,
305646,2,120.24,187.89,
305646,4,19.48,55.46,
305646,4,429.24,1381.14,
305646,3,321.93,732.36,
305646,6,331.70,1555.65,
305646,3,235.92,518.59,
305646,4,248.40,770.32,
305646,4,7.28,23.51,
305647,3,140.45,383.95,
305647,5,121.42,520.93,
305647,2,97.73,169.44,
305647,8,102.43,714.02,
305647,3,49.23,133.38,
305647,5,108.21,486.89,
305655,2,7.34,12.33,
305655,6,95.04,455.98,
305655,3,245.52,606.10,
305655,6,77.32,360.63,
305655,2,25.85,42.98,
305655,5,169.49,652.40,
305655,3,56.55,131.45,
305655,3,44.24,108.30,
305655,3,31.19,72.68,
305655,6,23.50,110.37,
305656,3,94.37,234.99,
305656,6,112.57,569.78,
305656,5,120.12,519.13,
305656,5,24.10,107.93,
305656,6,12.90,66.48,
305657,4,60.51,197.25,
305657,4,57.71,187.71,
305657,4,19.04,58.36,
305657,5,12.80,52.32,
305657,6,191.49,949.49,
305657,2,29.77,53.39,
305657,3,59.48,142.40,
305657,3,100.22,221.03,
305657,5,322.56,1251.67,
305657,1,300.20,256.89,
305657,8,81.95,515.50,
305661,1,7.37,5.45,
305661,1,208.08,157.71,
305661,7,13.55,68.36,
305661,4,31.25,97.26,
305661,3,139.13,304.18,
305661,2,130.81,192.02,
305661,2,176.00,259.64,
305661,6,40.91,178.08,
305661,7,16.90,87.92,
305661,5,511.02,1909.47,
305661,4,217.20,657.32,
305663,4,87.07,253.16,
305663,4,117.76,362.77,
305663,3,22.73,48.77,
305663,2,23.88,34.74,
305663,4,32.90,101.62,
305664,4,470.22,1544.81,
305664,6,553.35,2544.73,
305664,2,314.37,483.36,
305665,1,123.66,92.16,
305665,3,88.42,196.42,
305665,4,112.93,355.35,
305665,3,86.78,196.53,
305665,5,254.40,941.07,
305665,1,89.95,64.00,
305665,5,21.86,79.97,
305665,9,42.89,298.70,
305669,2,112.22,203.11,
305669,4,7.67,27.17,
305669,2,557.94,940.51,
305669,5,140.84,612.86,
305669,2,41.22,71.47,
305669,3,291.06,812.77,
305669,4,45.63,166.03,
305669,3,203.16,522.22,
305669,3,326.66,913.69,
305669,2,22.61,41.70,
305670,4,176.00,636.37,
305670,4,261.12,868.61,
305670,5,186.55,833.24,
305670,4,498.78,1749.46,
305670,4,197.83,675.75,
305670,5,98.78,430.62,
305670,1,13.14,10.46,
305670,3,30.72,71.44,
305670,4,333.59,1164.75,
305670,3,18.72,47.35,
305671,4,435.54,1441.93,
305671,5,8.65,34.51,
305671,6,166.90,858.08,
305671,3,415.38,1108.64,
305671,3,23.26,56.50,
305671,7,145.46,834.77,
305671,6,315.63,1508.02,
305671,8,179.17,1106.91,
305671,2,121.97,192.51,
305676,5,547.74,2068.05,
305676,8,59.72,346.58,
305676,4,17.93,54.20,
305676,4,92.35,259.44,
305676,4,23.83,66.32,
305676,6,136.62,609.50,
305677,4,8.17,28.67,
305677,3,211.36,529.81,
305677,3,12.78,32.46,
305677,2,8.76,14.41,
305677,2,61.98,112.29,
305677,4,23.42,82.81,
305677,4,239.28,894.79,
305681,4,29.77,108.15,
305681,3,141.36,409.62,
305683,1,409.08,371.32,
305683,4,193.73,730.75,
305683,5,484.50,2301.54,
305683,1,58.56,52.18,
305683,3,172.13,476.32,
305683,3,23.64,63.22,
305683,6,145.01,801.90,
305683,6,7.94,40.16,
305684,4,142.96,511.79,
305684,2,504.90,955.10,
305684,6,493.17,2674.10,
305684,4,136.80,498.07,
305684,6,76.38,411.31,
305686,5,16.65,60.26,
305686,3,41.13,104.55,
305686,6,185.86,791.10,
305686,5,13.68,47.50,
305686,4,153.82,457.58,
305686,4,440.58,1270.26,
305686,2,139.79,206.55,
305686,4,96.29,289.65,
305687,4,504.39,1771.33,
305687,5,8.10,34.05,
305687,8,23.59,171.95,
305687,6,25.20,126.50,
305687,2,290.43,493.70,
305687,4,209.72,713.98,
305690,5,79.83,298.41,
305690,6,167.73,719.92,
305690,3,65.21,144.07,
305690,5,149.26,549.41,
305690,4,12.34,38.04,
305690,5,74.97,270.30,
305690,6,13.35,57.09,
305690,3,63.32,137.66,
305690,2,12.80,19.84,
305690,4,22.51,64.72,
305690,6,118.12,560.24,
305690,5,209.92,782.18,
305690,3,85.33,200.55,
305690,6,34.09,157.84,
305690,7,33.00,182.63,
305696,3,11.70,28.81,
305696,5,155.34,613.31,
305696,5,221.40,918.71,
305696,6,35.61,173.80,
305696,3,94.94,209.10,
305696,2,180.75,276.19,
305696,2,8.11,13.81,
305697,2,71.04,123.43,
305697,2,79.99,153.36,
305697,4,59.23,207.62,
305697,3,41.40,113.27,
305697,1,35.44,30.29,
305697,6,80.86,424.23,
305697,4,79.05,273.45,
305697,4,131.60,492.42,
305697,3,70.89,187.11,
305698,4,55.88,177.84,
305698,7,47.34,238.55,
305698,6,13.30,66.91,
305698,2,104.83,164.63,
305698,3,175.65,437.08,
305698,3,260.16,592.06,
305700,2,232.08,398.79,
305700,4,73.71,273.73,
305700,7,31.09,195.62,
305700,7,66.25,441.77,
305700,4,49.10,171.95,
305700,5,25.66,117.19,
305700,3,521.22,1483.74,
305701,4,413.28,1185.18,
305701,4,18.90,53.15,
305701,3,121.70,283.27,
305701,4,148.66,459.31,
305701,4,12.40,33.35,
305701,5,113.52,420.73,
305701,5,19.60,66.93,
305701,4,414.96,1319.21,
305701,2,19.42,30.74,
305702,4,12.89,40.17,
305702,2,385.56,624.37,
305702,7,120.52,630.05,
305702,5,287.28,1072.24,
305703,6,185.86,968.88,
305703,4,12.53,44.11,
305703,4,95.90,358.68,
305706,4,546.72,1951.51,
305706,3,25.46,65.03,
305706,2,45.54,81.47,
305706,3,21.94,58.96,
305706,5,386.40,1602.79,
305706,2,427.14,728.01,
305706,6,23.66,125.36,
305706,5,149.26,649.50,
305706,9,104.54,847.12,
305706,5,121.07,525.51,
305706,3,402.36,1076.84,
305706,4,75.83,278.87,
305706,4,190.45,707.04,
305706,6,127.38,707.28,
305706,6,261.36,1406.88,
305712,5,90.53,350.42,
305712,3,450.66,1122.65,
305712,7,170.37,862.55,
305712,3,78.97,185.58,
305712,2,17.80,30.65,
305712,8,96.86,615.78,
305712,5,57.71,232.90,
305712,2,181.81,268.53,
305712,6,11.73,55.31,
305712,4,46.13,141.60,
305712,3,441.42,1039.30,
305712,5,121.19,479.37,
305712,2,77.40,113.96,
305712,4,16.20,56.65,
305713,2,461.55,822.40,
305713,3,228.00,591.57,
305713,8,26.38,190.08,
305713,4,442.68,1676.24,
305713,5,44.33,205.77,
305713,4,44.64,160.78,
305713,3,151.09,399.40,
305713,5,17.82,77.56,
305714,7,42.35,238.39,
305714,7,169.49,893.46,
305714,2,224.88,359.44,
305714,4,11.34,38.20,
305714,2,71.44,120.75,
305714,3,300.20,705.10,
305716,4,186.76,662.92,
305716,6,49.14,285.60,
305716,6,339.57,1943.35,
305716,2,137.41,250.43,
305716,1,168.08,151.73,
305716,6,7.38,39.45,
305716,3,8.52,23.97,
305716,4,26.23,98.46,
305716,5,7.38,35.57,
305716,3,548.25,1531.84,
305716,3,22.78,59.98,
305717,9,22.22,133.59,
305717,9,19.10,133.91,
305717,4,74.34,229.12,
305717,8,82.35,533.52,
305717,3,186.38,429.03,
305717,3,258.72,594.51,
305717,4,16.72,52.34,
305717,4,126.85,378.85,
305717,3,81.80,186.03,
305717,3,229.20,499.43,
305717,1,43.52,30.95,
305717,5,444.78,1692.36,
305719,3,473.28,1205.73,
305719,6,453.60,2264.31,
305719,4,113.99,391.88,
305719,4,42.62,136.59,
305719,4,32.54,105.59,
305719,4,135.96,457.61,
305719,5,217.10,918.57,
305719,7,330.44,1931.48,
305719,4,522.75,1787.16,
305719,3,310.59,792.35,
305719,5,123.78,513.90,
305719,4,134.77,414.98,
305719,5,200.70,799.34,
305719,2,13.69,22.73,
305722,8,24.89,186.26,
305722,7,24.48,149.52,
305722,2,539.58,953.18,
305722,5,93.70,399.38,
305722,4,18.29,63.76,
305726,2,120.83,194.61,
305726,2,188.14,297.94,
305726,3,139.39,353.97,
305726,2,42.84,70.17,
305726,7,162.10,939.68,
305726,4,119.06,374.28,
305726,2,7.66,13.16,
305726,9,19.69,129.80,
305726,4,417.48,1421.32,
305726,3,464.10,1104.58,
305726,3,16.72,38.51,
305726,5,23.09,97.09,
305727,7,341.46,1936.29,
305727,4,202.34,662.56,
305727,5,56.55,231.64,
305727,4,43.43,152.47,
305727,2,182.51,326.76,
305727,4,154.58,485.43,
305727,5,140.60,532.56,
305727,6,483.48,2264.04,
305731,2,222.84,365.39,
305731,7,105.22,619.79,
305731,8,426.72,3091.23,
305731,2,12.61,22.61,
305734,4,17.15,64.03,
305734,3,330.44,877.86,
305734,3,8.15,20.88,
305734,5,164.38,716.31,
305734,6,73.01,379.51,
305734,3,19.67,51.83,
305734,2,34.29,62.10,
305734,4,257.04,857.57,
305734,4,96.10,353.04,
305734,1,21.60,17.83,
305737,1,440.16,391.42,
305737,5,192.09,822.22,
305737,6,55.51,303.39,
305737,4,211.56,700.09,
305738,6,22.51,105.33,
305738,6,217.10,1026.84,
305738,5,143.09,595.94,
305738,1,205.41,158.58,
305738,7,44.10,261.76,
305738,4,25.01,80.53,
305738,5,12.11,49.94,
305738,4,414.96,1374.12,
305738,7,151.70,842.98,
305739,6,130.02,630.83,
305739,6,81.17,392.77,
305739,2,196.80,321.56,
305739,2,61.06,93.47,
305740,8,17.46,107.83,
305740,3,13.35,30.99,
305740,5,222.02,909.19,
305740,6,200.70,981.54,
305740,4,46.22,154.14,
305740,4,8.48,29.46,
305742,3,12.89,35.48,
305742,4,427.56,1630.62,
305742,3,7.53,21.68,
305742,2,110.09,188.42,
305742,5,206.44,940.38,
305742,3,128.86,349.38,
305742,6,24.19,139.73,
305742,4,214.23,748.78,
305745,3,512.55,1257.51,
305745,5,217.92,874.70,
305745,2,257.28,410.62,
305746,2,138.73,239.79,
305746,2,184.98,346.29,
305746,4,325.71,1205.80,
305746,3,25.66,73.36,
305746,2,19.39,33.43,
305746,5,30.62,129.64,
305746,2,541.11,1019.63,
305749,6,8.37,44.12,
305749,2,183.39,332.39,
305749,6,538.56,2832.25,
305749,2,12.99,22.53,
305749,2,23.38,42.04,
305749,1,36.00,33.14,
305749,6,203.36,1059.12,
305749,7,61.92,341.80,
305755,5,128.38,472.57,
305755,4,226.80,635.82,
305755,4,152.30,447.10,
305755,4,16.63,52.20,
305755,7,186.38,960.76,
305756,4,80.54,242.58,
305756,2,46.62,66.18,
305756,4,143.22,419.67,
305756,2,156.26,231.37,
305759,4,61.24,196.44,
305759,5,13.44,57.91,
305759,4,30.16,96.96,
305759,8,253.68,1616.40,
305762,5,24.74,91.12,
305762,5,56.79,203.70,
305762,3,305.87,640.49,
305762,3,168.96,356.81,
305762,4,21.96,60.95,
305762,2,335.79,528.40,
305762,4,253.20,703.92,
305763,4,57.65,215.76,
305763,3,45.90,122.37,
305763,4,445.20,1588.49,
305763,3,35.71,97.10,
305763,5,290.12,1331.69,
305763,3,456.54,1279.60,
305763,4,235.68,838.95,
305763,4,218.53,758.50,
305765,7,331.70,1758.08,
305765,6,248.88,1208.94,
305765,4,66.80,187.29,
305765,4,73.79,201.86,
305765,2,96.77,140.34,
305765,4,21.91,66.12,
305765,2,185.32,281.68,
305765,4,21.94,62.16,
305765,5,332.64,1262.13,
305765,5,43.92,158.68,
305765,3,95.23,220.39,
305765,3,81.56,178.38,
305765,6,124.61,555.46,
305765,2,296.73,446.80,
305767,7,297.99,1548.48,
305767,7,8.78,46.40,
305767,6,55.14,235.10,
305767,7,416.22,2235.80,
305767,2,253.68,369.75,
305767,3,77.72,168.41,
305767,4,123.55,358.26,
305768,4,301.77,973.03,
305768,3,7.58,20.15,
305768,5,485.52,2103.59,
305768,6,533.46,2603.68,
305768,2,7.82,12.96,
305769,5,236.64,1094.23,
305769,6,212.79,1159.24,
305769,4,165.44,610.47,
305769,5,187.79,801.85,
305769,4,55.51,222.04,
305769,3,60.21,168.57,
305770,5,47.57,211.31,
305770,4,16.92,57.78,
305770,2,42.39,74.80,
305770,4,17.26,60.06,
305770,5,33.13,139.39,
305770,4,205.00,717.52,
305770,3,150.78,368.61,
305770,3,60.76,148.03,
305770,1,41.22,33.64,
305770,2,18.81,34.31,
305770,2,143.88,241.87,
305770,5,153.67,659.23,
305770,5,119.06,510.40,
305770,5,165.26,709.97,
305770,4,41.18,137.40,
305772,2,7.86,12.31,
305772,4,473.79,1669.82,
305772,8,487.56,3258.78,
305772,3,152.46,360.81,
305772,3,189.22,425.64,
305772,2,59.54,96.01,
305772,2,22.42,34.69,
305773,3,143.79,354.53,
305773,10,536.01,4981.41,
305773,4,454.86,1572.40,
305773,7,76.85,500.26,
305773,4,533.46,1814.49,
305773,5,58.19,249.14,
305773,5,17.05,75.81,
305773,4,179.52,645.63,
305773,5,158.38,746.54,
305773,5,426.72,2014.50,
305773,3,89.18,227.14,
305773,5,108.91,487.99,
305773,6,143.94,792.19,
305773,6,32.11,169.34,
305773,4,32.97,115.40,
305774,4,91.30,300.28,
305774,7,301.77,1746.96,
305774,3,18.54,48.68,
305774,4,12.15,41.52,
305774,5,12.89,52.00,
305774,10,63.62,515.51,
305774,4,22.61,80.26,
305774,3,173.36,437.48,
305776,2,558.96,825.72,
305776,5,252.72,967.46,
305776,6,42.71,198.03,
305777,5,244.80,1107.55,
305777,3,176.53,451.49,
305777,5,189.02,745.85,
305777,3,12.21,32.39,
305777,4,64.29,207.63,
305778,3,178.99,413.69,
305778,6,433.44,2074.19,
305778,7,18.56,102.51,
305778,6,121.66,552.43,
305778,9,116.11,803.98,
305778,4,11.29,36.59,
305778,6,131.60,600.92,
305779,5,328.55,1377.77,
305779,4,13.66,48.24,
305779,2,17.24,32.14,
305779,9,19.60,152.07,
305779,6,286.97,1528.83,
305779,6,259.68,1386.52,
305780,2,516.63,932.42,
305780,5,8.19,34.76,
305780,3,178.99,479.14,
305780,3,471.75,1221.68,
305780,2,142.12,252.67,
305780,6,230.64,1251.44,
305780,2,65.27,109.82,
305780,3,44.78,114.69,
305780,3,48.42,125.59,
305780,5,155.65,660.81,
305780,4,72.46,264.24,
305780,4,48.65,173.11,
305781,3,95.71,231.62,
305781,4,88.13,281.95,
305781,5,144.80,632.69,
305781,2,8.43,14.92,
305781,4,17.15,57.02,
305781,4,137.71,440.67,
305781,8,127.68,818.45,
305781,7,140.14,771.44,
305781,5,379.26,1454.37,
305781,7,398.16,2239.32,
305781,2,25.78,44.43,
305782,3,12.91,31.45,
305782,4,107.62,349.93,
305782,3,200.90,463.67,
305782,4,500.31,1518.40,
305786,3,506.94,1344.68,
305786,3,8.49,22.25,
305786,3,12.29,30.98,
305786,4,41.04,142.86,
305786,6,142.96,707.94,
305786,6,8.70,43.63,
305786,2,41.85,68.86,
305787,5,476.85,1787.80,
305787,1,231.36,181.32,
305787,7,8.19,40.33,
305787,6,33.03,150.83,
305787,3,43.47,95.46,
305787,4,26.14,79.13,
305787,7,393.54,1795.21,
305787,9,124.73,802.39,
305787,2,19.21,29.91,
305787,4,13.04,34.01,
305787,3,8.40,18.77,
305787,6,229.44,986.78,
305787,9,43.34,275.29,
305787,8,384.30,2363.77,
305787,4,124.34,349.48,
305791,6,512.55,2528.49,
305791,6,11.53,60.36,
305792,7,322.25,2058.53,
305792,1,22.42,19.56,
305792,4,172.48,648.67,
305792,4,64.78,237.68,
305792,1,289.17,256.05,
305792,3,498.78,1286.70,
305792,2,210.54,373.39,
305792,2,291.38,556.76,
305793,6,156.56,801.61,
305793,5,12.36,57.99,
305793,5,127.56,622.18,
305793,3,327.29,867.04,
305793,4,19.39,70.13,
305793,3,184.80,494.54,
305793,3,99.55,257.74,
305793,3,290.12,739.71,
305795,3,475.32,1160.75,
305795,3,44.37,115.52,
305795,8,25.66,163.96,
305795,4,208.90,686.93,
305795,5,12.00,49.13,
305795,4,129.45,434.82,
305795,3,35.24,93.66,
305798,4,504.39,1772.03,
305798,2,34.88,61.26,
305798,4,21.98,76.78,
305801,4,258.00,823.62,
305801,3,91.49,213.86,
305801,4,246.00,821.20,
305801,5,25.34,101.49,
305801,6,76.07,359.64,
305802,4,7.33,23.64,
305802,8,125.66,788.60,
305802,2,224.16,351.88,
305804,4,118.35,439.09,
305804,3,213.20,605.78,
305804,3,166.14,466.40,
305804,1,549.27,498.78,
305804,5,301.46,1446.57,
305806,4,11.51,34.39,
305806,4,31.09,91.83,
305806,6,397.32,1827.70,
305806,3,216.96,477.08,
305806,5,431.76,1508.40,
305806,7,179.87,997.07,
305806,8,93.60,524.70,
305806,7,206.44,1160.44,
305806,3,60.27,147.28,
305806,3,527.34,1172.91,
305806,3,11.93,26.68,
305806,1,110.57,84.56,
305806,5,76.22,269.45,
305806,8,126.59,791.38,
305807,4,152.30,487.91,
305807,2,291.06,499.08,
305807,3,388.50,945.42,
305807,7,41.22,231.42,
305808,6,395.22,1621.69,
305808,5,92.06,354.07,
305808,5,500.82,2007.38,
305808,3,80.70,188.88,
305808,4,32.44,89.13,
305811,3,249.60,538.03,
305811,5,43.97,167.63,
305811,3,31.02,66.87,
305811,3,59.35,146.83,
305811,4,11.90,35.75,
305811,6,13.70,61.39,
305811,5,128.83,444.61,
305811,2,111.75,183.76,
305812,5,92.54,419.90,
305812,3,156.41,432.89,
305812,5,207.87,886.41,
305814,6,159.60,693.23,
305814,7,104.93,505.31,
305814,3,427.56,974.65,
305814,6,294.53,1317.95,
305814,2,48.78,75.31,
305814,4,128.83,347.48,
305814,3,25.63,57.46,
305814,4,162.94,479.04,
305815,4,86.59,292.75,
305815,3,223.68,549.68,
305815,5,7.23,29.63,
305815,3,141.97,362.95,
305815,6,233.52,1068.35,
305815,4,8.75,28.99,
305815,3,123.02,294.99,
305815,5,480.93,2005.06,
305815,2,532.95,961.81,
305815,3,73.71,170.50,
305815,3,198.24,500.19,
305816,1,166.59,142.75,
305816,2,94.56,175.13,
305816,2,489.09,881.93,
305816,4,82.82,299.87,
305819,3,12.04,30.47,
305819,5,126.98,510.56,
305819,2,74.10,119.04,
305819,2,104.26,180.77,
305819,4,17.01,57.26,
305819,1,476.85,374.29,
305819,4,22.56,73.31,
305819,1,312.17,246.89,
305819,5,238.56,1014.71,
305819,2,17.95,26.83,
305819,4,157.78,528.87,
305822,3,7.48,19.60,
305822,2,119.89,213.58,
305822,6,318.78,1712.62,
305822,2,130.68,232.17,
305822,3,8.05,21.08,
305822,2,495.72,908.59,
305822,6,259.20,1325.47,
305822,4,305.24,1162.76,
305824,2,85.96,141.09,
305824,2,188.32,305.25,
305824,6,313.43,1550.52,
305826,4,506.43,1602.63,
305826,5,42.21,173.54,
305826,6,81.56,407.43,
305826,6,125.40,617.04,
305826,2,77.01,128.37,
305835,9,90.43,705.46,
305835,2,7.38,13.84,
305835,1,56.97,49.24,
305835,2,539.58,943.49,
305835,3,461.16,1192.82,
305836,1,241.20,227.63,
305836,5,528.36,2327.58,
305836,6,8.67,47.93,
305836,4,29.80,113.40,
305836,2,519.69,937.29,
305837,5,173.71,750.05,
305837,8,22.78,155.91,
305837,4,220.80,756.77,
305837,3,18.99,51.20,
305837,5,8.62,39.11,
305837,1,153.98,134.71,
305837,7,425.04,2617.16,
305838,3,92.16,257.69,
305838,4,32.60,113.83,
305838,1,45.59,40.86,
305838,4,58.56,218.76,
305838,3,142.96,376.39,
305838,3,48.20,134.00,
305838,4,291.69,1077.60,
305838,6,12.73,72.73,
305838,2,60.51,110.90,
305839,3,75.05,178.61,
305839,3,409.50,1014.72,
305839,6,174.06,826.49,
305839,1,216.28,170.01,
305841,4,101.66,302.84,
305841,8,479.40,3013.77,
305841,3,172.13,408.76,
305841,3,12.78,29.49,
305841,5,7.62,30.15,
305841,4,63.56,187.99,
305841,4,100.42,314.60,
305841,4,400.26,1208.59,
305843,7,7.88,47.77,
305843,6,177.58,821.12,
305843,3,222.63,497.40,
305843,6,16.56,77.36,
305845,2,24.98,40.74,
305845,2,98.78,147.23,
305845,5,123.43,448.10,
305845,3,344.61,788.14,
305845,5,12.55,47.79,
305845,6,300.83,1338.92,
305845,5,60.63,220.28,
305845,3,25.92,55.44,
305846,4,8.34,28.97,
305846,4,415.80,1324.30,
305846,2,18.97,31.23,
305846,3,18.36,51.43,
305846,5,144.25,643.96,
305846,3,225.84,578.80,
305848,10,119.46,1031.66,
305848,3,61.49,143.71,
305848,6,489.09,2302.26,
305848,6,47.52,237.20,
305848,4,99.55,327.44,
305848,6,17.42,88.11,
305848,3,157.62,381.70,
305848,2,17.14,28.87,
305849,5,30.59,132.68,
305849,6,291.38,1397.10,
305849,5,93.60,383.92,
305849,5,8.38,31.69,
305849,4,17.55,55.66,
305849,6,78.50,326.75,
305850,2,44.37,70.22,
305850,6,23.47,108.98,
305850,4,7.73,22.47,
305850,2,84.07,108.13,
305850,5,66.49,235.69,
305850,4,247.44,726.25,
305850,2,188.85,268.70,
305850,4,415.38,1244.85,
305853,5,71.04,268.77,
305853,7,64.17,352.28,
305853,3,165.98,401.71,
305853,3,245.28,606.75,
305853,3,35.87,83.16,
305853,4,77.56,262.72,
305853,2,403.20,724.14,
305853,5,13.05,52.04,
305853,2,228.48,354.71,
305853,3,291.06,726.47,
305853,2,166.67,269.25,
305853,7,205.21,1184.83,
305853,5,213.82,889.89,
305853,4,95.52,327.94,
305853,5,127.25,500.79,
305857,4,32.77,110.14,
305857,8,317.84,2308.77,
305857,7,345.24,2075.53,
305857,5,41.40,189.98,
305857,5,309.65,1355.84,
305857,2,427.14,773.67,
305857,2,32.18,60.33,
305858,4,17.57,51.25,
305858,6,82.43,344.45,
305858,2,557.43,846.63,
305858,3,251.76,543.92,
305858,1,315.95,232.11,
305858,2,469.20,737.72,
305859,1,13.53,12.42,
305859,3,171.42,486.79,
305861,4,84.54,278.49,
305861,6,165.09,821.93,
305861,4,40.55,122.45,
305861,5,339.57,1279.33,
305864,5,41.40,175.55,
305864,5,284.13,1190.52,
305864,4,98.11,351.42,
305864,4,127.38,437.85,
305864,4,56.91,187.83,
305864,5,217.92,968.23,
305865,6,8.04,39.62,
305865,2,177.41,283.87,
305865,4,61.06,198.17,
305865,7,412.02,2476.34,
305865,2,334.85,566.50,
305865,3,104.64,262.43,
305865,7,328.23,1901.15,
305865,5,437.22,1699.23,
305865,2,11.68,19.45,
305865,6,415.80,2157.14,
305865,6,328.23,1602.28,
305865,1,41.27,30.93,
305865,5,254.88,1019.54,
305865,5,83.52,351.48,
305866,4,308.70,1018.98,
305866,5,139.08,553.15,
305874,3,32.77,81.85,
305874,6,141.06,700.85,
305874,3,393.12,872.72,
305874,2,142.16,228.94,
305874,5,66.86,268.01,
305874,5,128.17,507.52,
305874,5,142.43,562.72,
305874,2,32.74,56.41,
305875,3,58.32,132.52,
305875,4,322.25,843.75,
305875,6,84.70,394.40,
305875,3,16.74,35.98,
305875,5,85.33,326.73,
305876,3,64.60,171.89,
305876,3,60.45,166.47,
305876,6,192.29,1078.93,
305876,5,11.81,52.25,
305876,2,26.11,43.48,
305876,4,320.04,1054.41,
305878,9,516.12,3398.11,
305878,2,119.77,179.42,
305878,2,8.02,12.89,
305878,2,110.57,155.21,
305880,2,544.17,814.35,
305880,6,245.52,1141.41,
305880,2,12.88,18.36,
305880,4,119.30,376.29,
305880,2,35.01,48.34,
305882,6,303.66,1476.33,
305882,10,164.01,1359.84,
305882,2,159.98,291.85,
305882,3,184.62,443.21,
305882,4,16.20,55.18,
305882,3,30.23,75.32,
305882,3,80.78,178.48,
305882,6,17.64,88.35,
305882,5,183.39,767.43,
305885,5,257.28,1055.20,
305885,10,17.87,159.88,
305885,7,234.00,1373.18,
305885,6,142.27,730.50,
305885,1,125.14,115.86,
305885,6,36.17,202.72,
305888,6,90.72,473.83,
305888,3,418.74,1104.09,
305888,3,449.82,1126.61,
305888,8,189.02,1452.93,
305888,10,17.32,152.77,
305888,4,17.03,62.71,
305889,3,539.58,1461.66,
305889,7,93.70,597.40,
305889,6,186.21,930.60,
305889,2,147.59,266.11,
305889,5,44.60,210.61,
305889,6,119.72,663.81,
305889,2,32.44,54.36,
305891,3,88.90,240.84,
305891,5,399.00,1817.93,
305891,7,34.35,218.45,
305891,5,399.00,1927.27,
305893,2,433.02,684.00,
305893,7,47.34,273.38,
305893,2,244.32,391.05,
305893,4,23.16,67.31,
305893,4,125.32,382.76,
305893,5,7.49,28.48,
305893,3,123.16,283.92,
305893,2,213.00,344.40,
305894,2,45.45,79.49,
305894,1,124.73,109.45,
305894,3,160.36,411.21,
305894,3,127.12,306.02,
305894,4,18.25,61.72,
305894,6,33.66,160.60,
305894,4,158.84,577.11,
305894,4,33.79,119.30,
305894,7,102.62,649.87,
305895,3,151.70,387.91,
305895,2,227.04,397.98,
305895,6,109.74,623.33,
305895,2,18.47,30.49,
305895,9,127.25,1052.83,
305895,3,185.32,468.89,
9305895,-2,227.04,-397.98,
9305895,-6,109.74,-623.33,
305897,6,175.82,840.72,
305897,1,49.10,42.36,
305897,6,127.44,609.20,
305897,2,57.77,94.25,
305897,4,63.99,215.51,
305897,4,438.90,1460.05,
305897,5,33.59,137.38,
305897,6,7.55,37.11,
305897,6,45.63,219.29,
305898,5,121.30,491.57,
305898,5,60.94,226.21,
305898,2,339.26,540.03,
305898,2,140.98,237.16,
305898,3,18.07,42.82,
305900,4,7.86,25.03,
305900,2,325.40,521.71,
305900,4,83.52,257.72,
305900,5,406.98,1547.40,
305900,2,145.01,241.73,
305900,4,36.04,127.90,
305907,3,46.58,120.70,
305907,3,81.40,212.50,
305907,4,25.10,78.26,
305909,3,132.40,334.41,
305909,3,7.75,22.01,
305909,4,186.03,648.58,
305909,5,115.64,494.15,
305909,6,120.60,675.10,
305909,7,22.42,142.93,
305909,5,216.28,942.96,
305909,2,166.85,290.80,
305909,5,11.54,51.12,
305909,7,237.60,1516.53,
305909,4,127.64,455.77,
305909,7,125.43,765.35,
305909,2,73.24,129.78,
305910,6,13.26,58.00,
305910,3,70.96,159.23,
305910,2,74.34,111.17,
305910,3,192.91,469.72,
305910,4,11.65,35.67,
305910,3,455.28,1005.10,
305910,3,535.50,1218.97,
305910,6,137.41,683.90,
305910,3,132.13,310.40,
305910,5,89.38,336.59,
305910,5,12.79,46.19,
305913,5,167.20,619.20,
305913,7,103.68,540.72,
305913,3,92.64,210.23,
305913,7,234.96,1192.98,
305913,4,420.84,1395.73,
305913,6,171.78,802.55,
305913,4,31.05,86.76,
305913,1,127.91,94.77,
305913,6,127.79,573.72,
305913,5,56.18,230.99,
305914,3,555.90,1254.16,
305914,1,101.18,81.36,
305914,3,542.64,1365.25,
305914,4,25.85,80.14,
305915,6,546.21,2537.24,
305915,4,64.36,205.49,
305915,4,460.32,1417.17,
305915,5,8.57,34.67,
305915,6,94.56,463.14,
305915,3,63.93,152.19,
305915,5,298.94,1230.33,
305915,3,18.43,45.92,
305915,5,59.96,253.72,
305916,4,48.29,157.14,
305916,4,149.42,483.10,
305916,5,63.93,254.58,
305916,5,7.26,29.95,
305916,5,7.89,28.87,
305916,5,472.77,1771.93,
305916,4,65.88,214.18,
305916,4,143.35,459.23,
305916,4,141.37,448.26,
305916,2,71.28,109.36,
305917,2,64.90,106.57,
305917,4,16.34,49.42,
305917,3,501.33,1139.03,
305917,3,16.40,37.19,
305917,6,186.91,845.01,
305917,4,18.59,60.91,
305917,2,326.34,494.53,
305918,2,147.74,259.37,
305918,6,220.17,1133.46,
305918,4,76.62,281.52,
305918,2,420.00,707.55,
305918,5,109.86,489.68,
305918,3,130.68,331.24,
305918,5,186.55,743.47,
305920,1,85.17,74.35,
305920,5,17.41,78.84,
305920,9,119.06,944.25,
305920,4,510.00,1758.58,
305920,2,121.18,215.80,
305920,3,100.99,277.70,
305920,2,8.30,15.78,
305920,4,141.24,517.09,
305920,6,35.97,193.65,
305920,9,232.08,1820.35,
305920,5,100.70,447.17,
305920,5,203.16,913.39,
305922,3,398.16,992.45,
305922,6,22.66,109.02,
305922,3,72.69,179.73,
305922,3,222.84,543.15,
305922,5,209.51,813.53,
305922,3,23.42,56.79,
305922,4,76.22,239.24,
305922,4,46.26,159.74,
305924,1,8.03,6.60,
305924,6,449.82,2214.34,
305924,2,263.52,454.51,
305924,2,117.41,193.87,
305924,3,321.62,781.47,
305924,2,8.67,13.63,
305924,4,17.44,59.96,
305924,1,160.82,141.91,
305924,4,119.89,387.72,
305925,3,472.26,1272.75,
305925,1,456.12,432.42,
305925,8,12.99,98.33,
305925,5,126.32,568.06,
305926,2,31.12,57.18,
305926,6,138.32,777.99,
305926,6,8.54,50.87,
305926,5,8.59,41.33,
305926,3,192.54,552.62,
305926,2,33.43,62.61,
305926,3,144.70,385.41,
305926,3,89.09,244.89,
305926,1,167.90,147.62,
305927,2,401.10,731.59,
305927,3,163.86,443.11,
305927,5,25.42,110.99,
305927,2,18.63,33.60,
305927,1,126.19,115.97,
305927,4,77.48,292.45,
305927,7,17.69,112.79,
305927,2,236.88,454.86,
305929,7,196.80,1166.31,
305929,4,109.74,365.14,
305929,3,294.53,776.24,
305929,2,66.61,119.34,
305929,6,84.00,435.92,
305931,2,459.06,759.33,
305931,6,233.04,1135.18,
305931,3,44.55,110.19,
305931,5,26.16,111.45,
305931,3,71.44,177.13,
305931,1,13.06,10.86,
305931,3,548.76,1250.74,
305932,5,119.86,511.57,
305932,1,18.94,15.00,
305932,5,33.50,145.65,
305932,3,455.28,1133.83,
305932,5,406.14,1723.38,
305933,7,18.56,116.50,
305933,3,488.07,1300.71,
305933,3,35.81,98.11,
305933,3,7.46,20.10,
305933,7,12.78,79.24,
305933,5,466.65,2092.31,
305933,4,65.39,234.46,
305933,9,165.26,1306.92,
305933,6,78.50,424.01,
305933,2,12.18,20.68,
305935,4,46.94,163.54,
305935,5,16.34,76.07,
305935,3,30.89,78.72,
305935,4,99.07,317.37,
305935,3,103.87,277.85,
305935,4,302.72,1166.12,
305935,2,19.08,35.33,
305935,5,81.72,364.04,
305935,5,55.75,264.78,
305935,5,480.93,2235.09,
305935,2,343.67,649.69,
305935,4,244.08,823.24,
305935,4,186.56,695.90,
305935,5,7.35,35.52,
305935,5,18.40,84.26,
305936,7,210.33,1362.79,
305936,6,70.73,388.76,
305936,2,524.79,892.42,
305936,3,122.10,346.36,
305936,3,504.39,1398.94,
305936,3,23.95,65.98,
305937,6,64.54,284.04,
305937,7,459.06,2277.25,
305937,4,8.05,24.09,
305937,5,447.30,1731.64,
305937,3,193.93,419.84,
305937,5,47.30,183.75,
305941,7,487.56,2899.41,
305941,6,260.16,1392.15,
305943,2,64.97,113.08,
305943,3,130.15,338.76,
305943,4,11.40,37.68,
305943,3,342.72,834.98,
305943,4,41.18,144.01,
305943,3,7.91,22.87,
305943,4,162.98,565.44,
305943,3,222.00,578.13,
305943,5,140.84,665.19,
305945,1,11.55,10.11,
305945,4,171.25,585.19,
305945,5,62.34,261.50,
305945,2,99.46,181.15,
305945,5,101.76,436.17,
305946,4,202.95,677.63,
305946,6,7.77,34.46,
305946,6,12.05,57.89,
305946,9,294.53,2038.97,
305946,5,25.27,110.60,
305949,6,46.13,245.84,
305949,4,23.71,81.76,
305949,4,148.20,513.18,
305949,3,152.15,380.22,
305949,3,43.88,115.11,
305949,3,55.02,148.53,
305949,8,72.77,503.80,
305949,3,35.71,86.85,
305949,4,160.86,530.36,
305949,5,7.22,31.15,
305952,3,32.01,88.11,
305952,3,132.40,341.89,
305952,6,145.77,844.32,
305952,5,23.04,104.78,
305952,4,326.34,1183.53,
305952,3,518.67,1427.21,
305952,3,7.73,21.02,
305953,4,115.52,362.47,
305953,5,140.14,584.82,
305953,1,24.00,19.24,
305953,3,17.08,42.54,
305953,3,24.43,65.54,
305953,4,204.59,676.38,
305955,4,179.70,591.05,
305955,8,215.25,1602.00,
305955,6,32.41,193.49,
305955,2,8.11,14.08,
305955,4,397.32,1407.94,
305958,5,116.70,498.39,
305958,2,167.55,286.93,
305958,4,60.88,221.20,
305958,4,138.32,497.16,
305958,3,32.27,80.45,
305958,4,82.90,289.03,
305958,3,107.26,289.83,
305958,3,192.91,463.47,
305958,4,117.65,418.83,
305958,9,12.26,98.14,
305959,2,297.05,458.38,
305959,5,502.35,1840.32,
305959,4,189.20,599.66,
305959,2,479.91,790.38,
305959,5,32.51,128.59,
305959,5,18.61,68.77,
305959,5,479.91,1873.08,
305959,6,66.73,323.26,
305961,3,23.64,56.67,
305961,9,304.61,2063.39,
305961,6,21.77,98.71,
305962,6,30.03,162.68,
305962,1,465.12,407.83,
305962,1,95.62,86.17,
305962,5,184.62,814.67,
305962,5,22.63,95.97,
305962,4,293.27,985.82,
305962,5,8.59,37.33,
305962,3,31.28,80.10,
305962,5,454.44,2064.27,
305962,7,263.28,1594.51,
305963,5,439.32,1740.50,
305963,6,161.22,715.46,
305963,2,248.16,372.52,
305963,6,122.50,562.92,
305963,3,18.38,42.73,
305963,4,209.31,652.38,
305963,7,128.83,632.57,
305964,3,61.73,169.20,
305964,3,58.80,158.25,
305964,2,65.33,105.51,
305964,4,100.03,336.84,
305964,6,122.63,616.42,
305964,3,8.34,21.57,
305965,5,485.01,1755.21,
305965,3,140.58,345.29,
305965,3,231.36,512.25,
305965,3,61.55,146.44,
305965,7,25.44,134.51,
305968,6,57.10,276.63,
305968,1,130.15,122.37,
305968,5,208.08,898.43,
305968,5,55.75,238.28,
305968,4,23.81,81.17,
305968,3,8.03,21.01,
305968,2,209.10,398.02,
305968,5,225.12,1020.97,
305968,3,87.84,244.91,
305969,3,79.44,221.70,
305969,5,334.22,1435.88,
305969,8,114.81,846.95,
305969,3,222.24,578.92,
305969,4,413.70,1493.07,
305969,2,83.37,148.33,
305969,5,17.64,77.57,
305970,7,8.47,51.85,
305970,6,161.12,879.45,
305970,1,459.48,428.20,
305970,2,231.12,402.70,
305970,4,18.49,66.06,
305970,4,220.56,794.12,
305970,4,139.54,463.54,
305971,4,285.08,982.10,
305971,5,470.73,1913.19,
305975,4,11.41,39.86,
305975,4,41.31,150.38,
305975,5,248.64,1104.86,
305975,4,104.64,335.84,
305975,6,82.19,481.64,
305976,1,161.57,148.40,
305976,5,483.99,2014.83,
305976,8,388.08,2570.75,
305976,5,126.97,580.50,
305978,2,35.61,69.47,
305978,3,24.62,70.18,
305978,7,100.42,649.63,
305978,5,289.17,1359.91,
305978,3,19.42,52.30,
305978,3,92.54,254.06,
305978,5,8.01,38.86,
305978,3,18.14,51.68,
305979,3,31.55,78.03,
305979,4,30.72,98.65,
305979,3,17.96,43.46,
305979,3,17.10,42.16,
305979,6,48.78,230.97,
305980,4,462.57,1725.14,
305980,2,253.44,473.20,
305980,4,156.26,591.22,
305980,5,418.74,1795.68,
305980,7,127.25,842.19,
305980,6,196.39,1075.75,
305981,3,73.55,189.35,
305981,5,45.23,203.00,
305981,3,8.53,21.45,
305981,4,241.68,894.89,
305981,1,126.85,111.63,
305981,8,42.08,307.52,
305981,4,184.98,645.77,
305981,3,66.49,175.39,
305981,1,202.75,179.52,
305983,3,8.40,23.40,
305983,3,463.08,1243.22,
305983,6,12.94,77.46,
305983,3,121.54,328.22,
305983,4,84.78,312.46,
305983,5,23.06,106.15,
305984,6,66.55,318.10,
305984,6,36.07,186.85,
305984,5,58.56,225.36,
305984,6,134.11,653.92,
305984,8,129.36,797.22,
305984,3,187.58,467.99,
305984,4,129.56,432.63,
305984,2,64.97,112.85,
305984,4,192.70,620.30,
305984,4,80.86,250.87,
305984,2,7.70,12.71,
305984,4,55.14,184.03,
305984,3,8.11,18.90,
305984,5,122.36,475.17,
305984,6,23.86,114.85,
305987,3,125.43,300.42,
305987,5,156.86,687.73,
305987,5,12.21,49.91,
305987,6,47.93,218.59,
305987,5,82.50,309.78,
305987,5,61.12,234.42,
305988,6,339.89,1736.49,
305988,5,224.07,985.51,
305988,5,87.46,377.26,
305988,3,24.29,64.55,
305988,3,553.86,1379.39,
305989,5,389.76,1758.53,
305989,5,36.20,158.57,
305989,5,12.91,61.58,
305990,7,18.11,99.45,
305990,7,129.62,679.61,
305990,6,63.44,304.57,
305990,2,18.88,30.59,
305990,4,341.15,1098.19,
305990,2,19.46,31.50,
305990,4,111.75,346.09,
305990,4,97.15,307.80,
305992,2,95.62,149.72,
305992,6,209.72,1032.70,
305992,4,437.22,1362.95,
305992,3,24.77,60.02,
305993,5,88.03,387.82,
305993,5,411.60,1861.53,
305993,4,7.26,25.26,
305994,4,144.94,447.33,
305994,6,225.12,1017.68,
305994,6,98.78,435.05,
305996,1,125.08,109.96,
305996,3,8.43,21.50,
305997,5,71.67,318.36,
305997,4,294.53,1030.81,
305997,4,221.61,819.94,
305997,2,465.12,839.82,
305997,2,129.36,241.31,
305997,6,412.02,2205.81,
305997,7,24.29,153.69,
305997,5,152.15,715.84,
305997,3,79.91,227.27,
305997,2,128.62,227.89,
305997,8,97.82,710.53,
305997,5,42.48,192.21,
305999,3,48.60,113.03,
305999,1,17.64,14.03,
305999,4,511.53,1491.35,
305999,3,86.04,185.30,
305999,8,66.61,382.37,
305999,7,12.16,60.48,
305999,5,16.96,64.67,
305999,5,121.78,462.67,
305999,3,24.24,51.61,
306000,3,11.63,29.70,
306000,4,225.60,865.96,
306000,7,171.95,1077.13,
306000,4,66.92,235.28,
306000,8,228.00,1663.89,
306000,5,8.66,42.62,
306000,2,18.32,33.95,
306001,2,153.82,232.17,
306001,4,243.12,770.07,
306001,5,140.75,570.23,
306001,3,23.57,55.00,
306001,2,13.04,20.88,
306001,6,518.67,2490.22,
306003,4,123.19,454.36,
306003,3,75.75,199.87,
306003,2,26.11,43.45,
306003,2,491.64,857.99,
306003,6,112.81,601.60,
306003,4,16.76,60.07,
306003,1,198.03,178.54,
306003,5,140.75,642.93,
306003,5,23.28,102.65,
306003,4,113.75,403.63,
306003,5,8.45,37.13,
306005,3,119.42,306.25,
306005,2,454.86,721.41,
306005,7,222.02,1326.01,
306005,5,71.51,299.72,
306005,6,30.10,145.36,
306005,8,12.84,78.38,
306005,4,138.62,466.20,
306005,6,12.16,61.46,
306005,5,12.75,48.27,
306005,5,188.19,756.34,
306007,2,47.30,82.14,
306007,4,214.23,747.21,
306007,3,19.67,51.39,
306007,3,55.88,142.57,
306007,5,167.90,724.14,
306007,3,150.33,384.77,
306007,4,414.96,1465.14,
306007,2,260.16,460.92,
306007,5,433.86,1935.12,
306007,5,245.52,1084.52,
306007,6,93.50,505.93,
306009,4,19.80,62.17,
306009,1,11.96,9.15,
306009,5,429.66,1678.40,
306009,2,17.28,27.49,
306009,4,47.61,162.37,
306009,5,205.82,766.98,
306011,3,184.62,450.66,
306011,2,24.26,33.82,
306011,3,12.93,29.73,
306011,7,12.21,61.13,
306011,3,65.94,157.99,
306011,5,107.97,371.59,
306011,3,11.63,25.76,
306011,2,477.36,718.48,
306013,4,166.85,563.85,
306013,2,307.44,548.56,
306013,4,192.50,649.34,
306013,5,144.25,612.79,
306013,3,387.24,1023.90,
306013,5,65.27,298.73,
306013,1,57.34,51.61,
306013,2,43.56,79.70,
306013,4,75.67,275.87,
306013,4,31.65,108.21,
306018,3,154.89,372.28,
306018,4,153.82,529.40,
306018,2,180.05,284.75,
306018,5,7.93,32.51,
306018,8,140.45,1011.86,
306022,3,7.22,17.37,
306022,6,430.92,2260.90,
306022,6,87.07,423.06,
306022,3,461.55,1108.68,
306022,5,327.29,1255.61,
306022,3,151.54,373.08,
306022,7,7.31,40.86,
306022,4,485.01,1656.85,
306022,6,195.78,941.51,
306022,3,225.30,535.47,
306026,6,24.38,121.87,
306026,4,13.31,42.99,
306031,2,12.18,19.04,
306031,5,182.69,725.32,
306031,5,8.63,33.22,
306031,5,191.31,755.11,
306031,7,12.78,71.76,
306031,5,44.42,177.87,
306031,4,23.04,73.92,
306034,7,403.20,2006.31,
306034,5,166.32,624.17,
306036,2,460.02,682.45,
306036,1,43.88,36.80,
306036,5,381.36,1390.58,
306036,2,47.57,69.35,
306036,2,55.69,86.38,
306036,4,7.23,22.99,
306036,3,109.50,257.62,
306036,5,12.16,48.80,
306041,5,257.52,955.78,
306041,6,17.26,78.84,
306041,5,155.34,627.45,
306041,5,17.87,70.75,
306041,2,47.88,83.81,
306041,4,19.04,61.83,
306041,3,88.32,233.27,
306041,4,18.58,63.68,
306041,5,190.08,785.46,
306041,4,58.93,179.74,
306041,10,97.54,801.82,
306043,2,13.71,24.60,
306043,4,287.60,1072.07,
306043,3,16.85,43.16,
306043,2,56.36,103.14,
306043,1,164.21,140.14,
306043,3,408.24,1124.73,
306043,4,81.56,301.20,
306043,4,60.09,205.78,
306043,2,424.62,687.83,
306043,6,332.33,1740.55,
306044,8,246.00,1356.22,
306044,5,16.42,62.91,
306044,4,237.84,681.68,
306044,7,30.56,178.80,
306044,3,42.08,92.12,
306044,5,345.24,1312.19,
306045,3,409.08,884.99,
306045,3,12.60,29.84,
306045,3,16.34,38.87,
306045,7,91.30,462.68,
306045,4,208.28,617.59,
306045,2,223.66,324.58,
306045,7,18.23,96.67,
306045,3,77.95,168.04,
306046,4,463.59,1574.69,
306046,3,17.77,39.09,
306046,6,497.76,2633.20,
306046,4,110.09,339.23,
306046,4,58.80,200.27,
306046,2,40.55,67.77,
306046,6,17.39,80.18,
306046,8,158.54,1033.28,
306054,3,230.64,582.67,
306054,2,399.00,647.51,
306054,4,182.69,607.75,
306054,8,31.75,225.67,
306054,3,79.44,209.47,
306054,6,307.13,1667.43,
306054,5,248.64,1120.37,
306054,6,8.41,45.47,
306054,6,85.72,456.67,
306054,8,223.44,1548.95,
306057,9,24.22,205.21,
306057,1,34.78,31.42,
306057,6,176.35,972.25,
306057,3,187.79,500.26,
306057,7,224.16,1415.40,
306057,6,19.01,103.94,
306057,5,227.52,1009.39,
306057,2,163.68,293.94,
306057,4,80.07,279.22,
306057,5,191.47,867.51,
306057,3,123.29,319.02,
306057,3,155.65,441.54,
306057,3,8.10,22.30,
306058,4,186.14,602.75,
306058,7,48.83,288.85,
306058,6,19.71,96.80,
306058,3,248.16,596.58,
306063,4,12.78,39.83,
306063,3,43.07,111.91,
306063,6,57.22,271.07,
306063,6,153.22,742.41,
306063,3,540.60,1453.41,
306063,4,32.64,104.37,
306063,6,55.88,268.03,
306063,5,547.23,2399.95,
306063,6,79.68,401.40,
306064,2,26.16,44.52,
306064,9,57.83,396.74,
306064,6,12.38,63.51,
306064,4,223.66,753.70,
306064,3,7.36,19.06,
306064,4,47.43,159.88,
306064,7,380.52,2188.38,
306065,6,17.60,90.49,
306065,3,474.30,1362.90,
306065,4,8.14,29.87,
306065,4,98.59,328.73,
306065,3,32.70,82.59,
306065,2,166.14,288.83,
306065,2,423.36,733.60,
306065,3,82.58,213.23,
306065,4,118.47,407.23,
306065,4,100.90,350.74,
306069,3,101.18,272.59,
306069,6,7.62,40.07,
306069,3,8.35,23.18,
306069,3,160.51,451.31,
306069,4,23.45,75.92,
306070,2,142.30,259.46,
306070,3,16.70,42.97,
306070,5,46.76,207.38,
306070,2,131.08,233.88,
306070,3,19.58,50.67,
306070,7,40.59,246.23,
306070,3,118.59,313.70,
306070,2,60.09,103.42,
306070,7,7.68,43.05,
306070,3,399.42,1087.78,
306070,4,117.53,406.12,
306070,4,61.79,215.77,
306070,4,256.80,914.51,
306070,4,21.67,77.66,
306071,4,24.77,86.79,
306071,4,167.20,552.02,
306071,3,32.04,82.32,
306071,6,493.68,2595.34,
306071,1,34.72,30.19,
306071,3,104.16,270.53,
306071,7,169.14,934.69,
306071,5,59.35,251.51,
306071,8,23.42,163.10,
306071,4,203.36,663.28,
306071,3,26.26,71.38,
306075,6,168.08,819.29,
306075,2,23.86,39.16,
306075,4,320.67,1096.75,
306075,5,11.59,49.33,
306075,3,17.69,42.14,
306075,5,241.68,989.20,
306075,3,125.20,287.12,
306075,5,30.49,107.87,
306075,6,446.88,2175.52,
306075,4,246.48,827.48,
306075,5,58.19,232.81,
306076,5,109.50,474.40,
306076,3,16.24,43.58,
306076,3,63.38,156.21,
306076,7,18.56,117.09,
306076,3,173.01,476.81,
306076,4,152.00,530.09,
306076,8,55.21,378.08,
306076,2,284.76,491.46,
306076,2,189.02,328.11,
306076,4,106.79,363.97,
306076,6,75.83,375.59,
306076,2,215.05,386.75,
306076,5,11.91,51.56,
306076,4,85.09,314.81,
306077,6,18.95,82.34,
306077,5,63.32,222.53,
306077,2,493.68,737.91,
306077,6,17.84,72.94,
306077,4,41.04,115.74,
306077,2,131.87,189.37,
306078,5,7.53,30.74,
306078,4,396.06,1250.69,
306078,5,12.94,51.72,
306078,4,221.20,682.48,
306078,7,31.25,166.35,
306078,6,7.26,35.79,
306078,2,12.83,22.03,
306079,6,165.79,817.87,
306079,2,26.30,40.22,
306079,4,481.44,1690.60,
306083,4,8.74,30.20,
306083,4,220.08,783.86,
306083,4,144.54,490.02,
306083,4,442.68,1455.41,
306083,8,398.16,2672.13,
306083,8,8.05,53.68,
306083,7,111.51,651.18,
306084,9,189.02,1532.79,
306084,7,31.88,193.88,
306084,2,84.00,152.63,
306084,4,380.52,1434.40,
306084,7,410.34,2461.49,
306084,5,101.18,434.52,
306085,5,290.12,1327.32,
306085,7,159.75,989.87,
306085,3,19.62,51.24,
306085,4,165.79,579.71,
306087,3,24.50,58.42,
306087,4,82.35,278.51,
306087,6,151.54,729.26,
306088,5,140.45,592.07,
306088,4,216.96,800.44,
306088,6,48.51,263.17,
306088,5,139.92,626.26,
306089,5,58.80,227.87,
306089,1,470.73,364.61,
306089,3,22.70,55.22,
306090,3,147.44,333.21,
306090,4,22.34,68.68,
306090,6,263.28,1199.44,
306090,6,150.63,703.54,
306090,6,108.44,524.86,
306090,3,527.85,1155.76,
306090,3,12.14,27.69,
306091,4,142.56,497.80,
306091,7,58.93,342.89,
306091,3,309.96,783.14,
306092,7,95.33,591.81,
306092,4,83.84,282.08,
306092,3,95.04,255.26,
306092,8,21.98,156.52,
306093,3,64.97,167.54,
306093,7,503.37,3130.76,
306093,5,119.42,473.30,
306093,3,242.40,604.69,
306093,4,59.90,209.00,
306093,3,412.86,1082.79,
306093,2,180.58,315.41,
306093,7,22.99,131.48,
306093,6,443.52,2136.78,
306094,5,451.50,2033.00,
306094,7,76.15,483.98,
306094,3,56.91,152.45,
306094,4,22.20,79.83,
306094,6,242.88,1360.57,
306094,3,63.32,172.79,
306096,6,55.33,280.51,
306096,2,59.66,92.10,
306096,5,66.19,274.45,
306096,3,259.44,645.90,
306096,4,136.75,450.33,
306096,6,16.51,76.63,
306096,3,425.88,1041.03,
306097,4,8.30,26.36,
306097,2,448.56,717.35,
306097,2,296.73,488.37,
306097,2,8.48,14.15,
306097,3,93.31,231.97,
306097,5,195.98,777.30,
306097,5,16.87,66.05,
306100,4,12.46,40.40,
306100,6,481.44,2358.19,
306100,2,427.56,663.14,
306100,2,66.80,108.41,
306100,3,84.31,209.92,
306100,2,200.70,354.50,
306100,5,13.64,55.13,
306101,2,470.22,718.24,
306101,3,158.23,387.17,
306101,3,156.10,348.00,
306101,3,8.61,19.16,
306101,4,128.96,376.44,
306101,7,224.64,1252.05,
306101,3,155.95,358.52,
306101,4,445.62,1350.49,
306101,1,46.80,33.98,
306101,4,184.27,570.00,
306101,6,63.62,290.24,
306101,5,8.45,33.97,
306101,3,122.23,285.55,
306101,6,7.94,34.24,
306103,4,43.20,160.43,
306103,5,147.44,683.11,
306103,4,34.62,131.78,
306103,4,58.44,211.31,
306103,2,77.32,142.92,
306103,4,48.87,184.07,
306103,4,293.58,1103.16,
306104,4,168.61,570.76,
306104,6,89.66,461.66,
306104,6,19.71,92.42,
306104,8,21.94,138.42,
306104,2,58.62,102.41,
306104,3,16.25,39.19,
306105,5,11.29,45.11,
306105,7,87.26,469.84,
306105,3,245.28,589.37,
306105,6,242.40,1057.46,
306105,5,121.19,502.93,
306107,5,62.77,264.89,
306107,4,555.90,1869.02,
306107,2,102.24,182.00,
306107,4,240.00,834.64,
306107,3,35.34,93.57,
306107,8,102.43,744.58,
306107,5,126.19,521.89,
306107,5,94.85,436.91,
306107,4,8.51,30.57,
306109,3,165.68,326.67,
306109,2,191.84,274.94,
306109,6,225.36,939.22,
306109,3,30.79,63.90,
306110,2,17.28,30.32,
306110,3,308.39,746.40,
306110,3,58.26,148.28,
306110,2,17.55,27.04,
306110,4,483.99,1485.51,
306110,7,259.92,1642.10,
306110,1,158.38,139.21,
306110,1,472.77,373.18,
306110,4,12.03,43.49,
306110,5,93.70,364.77,
306110,1,26.14,20.78,
306110,2,19.42,29.59,
306110,3,116.23,290.90,
306110,1,141.77,119.37,
306110,5,18.50,73.33,
306115,6,439.74,2361.47,
306115,2,295.79,500.59,
306115,1,290.75,244.90,
306115,8,117.53,815.09,
306115,2,44.60,72.97,
306115,3,99.94,224.54,
306115,1,12.90,10.32,
306115,5,257.76,987.53,
306115,4,126.73,414.93,
306115,6,31.81,152.25,
306116,7,42.26,238.91,
306116,3,22.34,50.99,
306116,4,31.75,100.03,
306116,3,262.32,558.99,
306116,1,104.64,88.98,
306116,4,8.25,25.59,
306116,6,149.57,762.13,
306118,3,190.24,431.97,
306118,4,80.86,263.78,
306118,4,127.32,370.02,
306118,4,108.09,336.35,
306118,2,24.22,32.93,
306118,7,209.10,1069.76,
306118,4,87.65,257.70,
306118,5,107.62,414.90,
306120,5,220.79,802.80,
306120,2,390.60,614.82,
306120,7,204.39,992.58,
306121,6,142.96,732.89,
306121,2,207.46,390.50,
306121,5,484.50,2102.60,
306121,2,226.08,382.43,
306124,5,8.62,34.31,
306124,5,205.82,846.08,
306126,6,332.01,1721.74,
306126,3,185.68,484.53,
306126,3,457.80,1194.42,
306126,3,517.14,1348.64,
306127,2,130.94,229.30,
306127,2,135.83,231.01,
306127,5,147.59,681.89,
306127,1,122.13,106.89,
306128,7,24.38,123.73,
306128,4,149.11,459.93,
306128,2,24.36,34.69,
306128,2,18.79,28.00,
306130,3,145.31,405.33,
306130,2,100.99,174.18,
306130,6,557.43,2964.86,
306130,4,11.60,40.51,
306134,2,338.94,604.57,
306134,4,494.70,1716.35,
306134,4,19.55,66.44,
306134,3,16.54,44.29,
306134,2,109.62,181.75,
306134,6,33.30,166.29,
306134,2,8.47,14.49,
306134,7,19.71,118.18,
306136,4,23.47,79.15,
306136,2,397.74,658.73,
306136,4,550.29,2010.84,
306136,1,183.22,158.80,
306137,6,34.02,184.19,
306137,4,58.56,226.98,
306137,4,23.83,89.97,
306137,2,185.94,319.87,
306137,2,75.28,134.99,
306137,4,11.74,36.64,
306137,2,531.42,931.94,
306137,2,499.80,924.48,
306137,4,30.26,111.87,
306138,3,59.23,122.05,
306138,4,44.33,122.41,
306138,4,17.42,57.14,
306138,6,149.42,691.03,
306138,3,315.63,722.40,
306138,3,11.74,28.26,
306138,6,89.28,401.31,
306138,5,131.34,497.79,
306138,2,8.51,11.98,
306138,5,207.26,802.66,
306138,5,126.72,493.47,
306141,4,11.63,41.50,
306141,3,99.74,253.22,
306141,5,343.98,1573.35,
306141,4,322.88,1113.25,
306141,3,25.37,66.05,
306141,6,192.09,1055.45,
306141,5,77.79,338.91,
306141,8,96.58,680.59,
306141,2,24.60,42.54,
306141,5,160.21,670.20,
306141,6,345.24,2034.91,
306143,6,221.40,1193.96,
306143,4,46.13,145.86,
306143,4,46.22,170.91,
306143,6,111.98,631.31,
306143,1,205.00,192.82,
306143,5,195.37,837.87,
306144,4,34.98,124.28,
306144,2,285.39,421.51,
306144,6,198.85,928.95,
306144,6,447.72,2285.17,
306144,5,440.16,1790.85,
306144,3,299.25,767.92,
306144,3,180.58,463.68,
306144,4,179.52,613.80,
306145,6,107.03,463.11,
306145,2,223.44,349.00,
306145,8,115.88,727.58,
306145,5,184.98,771.59,
306145,6,32.93,155.82,
306145,4,204.39,631.84,
306149,7,101.86,614.77,
306149,4,11.33,36.96,
306149,4,323.82,1057.64,
306149,6,45.18,229.46,
306149,7,42.21,232.24,
306149,4,11.58,39.88,
306149,3,8.50,20.85,
306149,2,8.70,13.96,
306149,4,230.16,784.79,
306149,5,66.12,258.18,
306153,5,63.50,261.11,
306153,5,171.07,663.77,
306153,3,557.43,1220.27,
306155,2,11.73,20.85,
306155,4,128.86,453.89,
306155,7,410.76,2525.68,
306156,3,327.60,875.98,
306156,3,211.36,531.61,
306158,6,433.02,1874.40,
306158,10,129.36,1006.37,
306158,5,241.92,1015.91,
306159,4,295.47,1048.52,
306159,2,152.00,275.45,
306159,3,515.10,1360.91,
306159,7,400.26,2586.64,
306160,3,82.35,198.45,
306160,2,141.24,213.65,
306160,2,23.81,34.64,
306160,3,182.86,426.87,
306160,6,25.70,116.52,
306160,2,45.72,72.88,
306162,6,406.14,1853.53,
306162,2,404.04,664.13,
306162,4,70.89,229.02,
306162,4,528.36,1581.49,
306162,4,18.14,57.40,
306162,9,157.17,992.81,
306162,4,404.46,1274.52,
306163,5,17.91,79.88,
306163,5,117.41,460.48,
306163,4,205.21,635.78,
306163,6,12.83,58.53,
306163,6,149.11,728.02,
306163,2,47.07,74.31,
306163,3,236.64,550.26,
306165,5,124.74,456.76,
306165,4,102.62,313.72,
306168,2,114.34,175.00,
306168,6,171.25,765.71,
306168,6,62.28,266.70,
306168,8,7.44,47.02,
306168,4,13.16,38.71,
306172,7,189.22,1165.00,
306172,6,223.25,1249.84,
306172,3,323.19,904.51,
306172,5,398.16,1708.97,
306172,1,189.01,160.36,
306172,3,187.99,505.71,
306172,2,548.25,1018.70,
306172,2,129.68,246.55,
306172,4,96.00,333.53,
306173,8,121.66,720.99,
306173,4,554.37,1644.70,
306173,2,527.34,743.74,
306173,7,57.46,297.77,
306173,3,76.07,168.58,
306173,4,124.61,368.79,
306173,3,17.57,40.68,
306173,5,84.47,316.15,
306173,3,126.19,298.94,
306175,6,154.43,786.91,
306175,3,81.95,235.96,
306175,4,539.07,1904.65,
306175,1,19.24,16.39,
306175,5,87.36,377.82,
306175,7,56.91,326.04,
306175,4,22.66,76.53,
306175,3,130.28,325.00,
306175,3,542.13,1551.43,
306177,4,109.03,424.50,
306177,5,30.53,144.92,
306177,6,193.52,956.43,
306177,5,163.86,791.18,
306177,3,13.38,34.92,
306177,3,16.20,46.26,
306177,4,18.43,66.59,
306178,5,116.94,502.70,
306178,3,82.90,225.61,
306178,6,19.39,106.95,
306178,6,195.37,1035.14,
306181,2,262.32,414.30,
306181,4,487.56,1483.40,
306181,2,135.96,229.18,
306181,5,133.98,496.95,
306181,6,59.41,257.37,
306181,6,31.19,143.36,
306181,4,92.26,290.31,
306181,4,534.48,1636.72,
306181,7,103.97,502.79,
306181,2,314.37,426.24,
306181,2,43.61,65.18,
306181,6,17.86,82.14,
306182,4,254.16,776.02,
306182,6,100.99,470.25,
306182,3,103.97,221.26,
306182,4,109.86,339.72,
306182,5,557.94,2274.72,
306182,4,258.00,813.40,
306183,2,26.35,39.84,
306183,4,8.63,25.41,
306183,4,187.99,550.75,
306183,6,8.50,39.69,
306183,5,16.63,62.25,
306183,3,479.40,1162.90,
306183,6,59.72,265.45,
306183,4,93.31,285.66,
306183,4,11.95,33.91,
306183,3,16.29,35.17,
306184,2,416.22,678.86,
306184,8,13.14,86.25,
306184,5,95.62,393.16,
306185,5,35.15,147.31,
306185,6,129.09,651.84,
306185,2,11.79,20.60,
306185,4,391.02,1326.47,
306185,3,34.52,89.47,
306185,3,144.86,371.12,
306185,2,125.40,212.24,
306185,5,12.33,49.49,
306185,5,524.28,2071.85,
306186,9,340.83,2711.21,
306186,9,219.97,1728.29,
306186,4,120.52,426.78,
306186,2,145.92,266.65,
306187,5,63.93,278.61,
306187,7,72.85,461.23,
306187,7,455.70,2829.40,
306187,6,8.66,42.81,
306187,8,136.75,952.32,
306187,3,318.47,850.17,
306187,4,513.57,1764.91,
306187,2,185.53,328.24,
306187,4,181.81,667.01,
306187,3,319.41,895.64,
306187,6,433.86,2405.04,
306187,2,89.57,167.25,
306191,7,189.20,1086.20,
306191,1,41.09,30.08,
306191,4,227.52,623.41,
306191,4,334.53,1055.41,
306191,2,147.29,209.46,
306191,3,75.44,165.69,
306191,2,35.01,56.19,
306192,1,29.73,26.74,
306192,4,16.61,60.91,
306192,2,126.19,226.68,
306192,2,109.39,211.94,
306192,1,193.11,182.35,
306194,5,336.11,1426.92,
306194,2,187.97,321.02,
306194,4,378.84,1315.69,
306194,5,61.37,255.70,
306194,2,151.39,219.27,
306194,6,92.45,490.95,
306194,2,41.45,69.21,
306194,4,96.19,335.59,
306194,4,78.34,276.94,
306194,1,25.85,22.96,
306194,6,495.21,2519.70,
306194,4,521.73,1669.59,
306194,5,252.72,1005.13,
306196,5,12.03,45.57,
306196,3,239.52,572.06,
306196,1,33.86,27.51,
306196,5,122.96,507.19,
306196,7,237.36,1367.13,
306197,3,26.18,63.42,
306197,5,197.01,787.81,
306197,4,91.97,286.28,
306197,4,425.88,1357.09,
306197,1,128.74,97.49,
306197,5,500.31,2102.74,
306199,4,254.40,869.34,
306199,2,8.43,13.77,
306199,1,61.79,54.13,
306199,2,30.72,52.87,
306199,2,398.16,688.67,
306199,8,546.21,3830.14,
306199,2,12.00,21.00,
306199,10,85.88,750.63,
306200,5,123.31,574.16,
306200,5,224.48,947.17,
306200,3,219.56,571.49,
306200,5,60.94,280.43,
306200,6,77.01,406.73,
306200,4,216.24,783.81,
306200,4,201.72,717.24,
306200,7,18.95,119.09,
306200,4,98.78,360.60,
306201,3,77.40,178.65,
306201,5,83.92,331.56,
306201,3,439.32,1009.70,
306201,3,214.23,492.21,
306201,3,89.95,198.62,
306201,4,96.00,303.49,
306201,2,422.52,601.58,
306202,3,258.00,654.86,
306202,6,18.32,89.09,
306202,9,255.84,1628.50,
306203,5,476.85,2025.46,
306203,4,8.49,30.31,
306203,5,522.75,2414.41,
306203,2,84.86,145.90,
306203,3,95.14,254.79,
306203,5,8.79,35.86,
306203,3,11.64,31.20,
306203,6,29.93,150.73,
306203,4,254.88,867.34,
306203,6,177.58,882.54,
306203,3,22.42,56.48,
306203,5,11.80,53.62,
306204,4,33.40,114.64,
306204,4,23.33,85.82,
306204,4,43.79,156.48,
306204,5,254.40,1166.33,
306204,6,8.15,45.43,
306204,3,7.58,19.98,
306204,4,413.28,1498.10,
306204,3,165.79,464.75,
306204,2,188.81,319.11,
306205,2,160.21,280.36,
306205,7,11.70,71.90,
306205,3,437.22,1138.00,
306205,3,504.39,1405.41,
306205,4,495.72,1775.70,
306205,6,19.06,102.19,
306205,7,13.41,85.74,
306205,7,12.06,72.98,
306205,9,8.05,61.82,
306210,4,188.40,645.05,
306210,6,166.50,833.77,
306210,3,345.87,942.50,
306210,2,48.06,84.89,
306210,3,8.60,22.12,
306210,4,8.75,27.98,
306210,2,8.61,15.73,
306212,5,147.59,616.63,
306212,3,17.26,44.29,
306212,1,90.72,87.66,
306212,3,238.32,708.34,
306212,6,126.85,691.94,
306212,4,158.93,542.03,
306212,4,322.56,1145.14,
306212,4,13.25,45.72,
306212,3,244.32,641.05,
306212,6,94.75,491.66,
306212,5,66.49,283.33,
306216,4,130.55,390.33,
306216,6,76.69,337.45,
306216,5,328.23,1163.95,
306216,4,17.78,48.69,
306216,2,13.20,20.34,
306216,4,138.07,434.31,
306216,2,164.56,238.08,
306221,6,12.99,70.79,
306221,4,128.38,451.19,
306221,6,41.13,242.89,
306221,6,85.96,465.60,
306221,3,163.40,415.89,
306221,3,21.72,57.07,
306221,4,501.33,1789.22,
306221,2,43.25,76.38,
306222,4,161.92,579.46,
306222,5,162.80,747.06,
306222,3,56.06,156.25,
306222,4,78.89,306.48,
306222,3,88.13,245.28,
306222,2,413.70,767.99,
306222,5,506.43,2281.57,
306224,1,178.64,163.35,
306224,3,16.40,46.66,
306224,4,17.53,65.96,
306224,7,66.73,405.41,
306224,5,65.33,287.65,
306226,10,19.17,170.49,
306226,3,483.99,1300.47,
306226,3,173.18,457.41,
306227,6,168.78,877.29,
306227,5,335.16,1485.20,
306227,4,555.39,2038.19,
306227,7,159.75,1039.16,
306227,3,42.66,119.00,
306227,4,46.26,150.08,
306232,2,252.48,427.75,
306232,3,305.55,836.48,
306233,7,61.67,339.50,
306233,3,144.67,333.73,
306233,5,149.57,533.32,
306233,4,95.62,324.18,
306233,4,13.58,44.85,
306234,5,225.09,903.10,
306234,2,393.96,709.48,
306234,7,11.56,70.01,
306234,5,125.00,544.39,
306234,1,153.82,131.03,
306234,9,7.55,59.18,
306234,3,36.23,94.91,
306234,3,7.78,21.67,
306234,1,395.22,345.13,
306237,2,182.16,269.74,
306237,6,336.11,1421.15,
306237,4,17.28,50.85,
306237,2,220.08,341.75,
306237,6,19.10,83.00,
306237,5,7.73,32.00,
306239,6,22.68,125.06,
306239,1,323.51,296.44,
306239,3,142.43,399.06,
306239,2,22.87,42.95,
306239,3,228.72,609.63,
306240,5,17.62,76.28,
306240,1,293.58,284.00,
306240,5,22.85,104.30,
306240,4,191.68,709.52,
306240,5,447.72,1857.42,
306241,2,184.27,322.41,
306241,4,33.23,113.65,
306241,5,118.80,497.18,
306244,4,45.09,155.74,
306244,4,174.24,591.04,
306244,4,24.96,82.44,
306244,8,122.63,880.88,
306244,6,12.70,62.34,
306244,5,222.22,866.94,
306244,5,34.52,140.10,
306245,4,153.06,497.87,
306245,5,29.83,114.54,
306245,5,187.44,787.08,
306245,2,42.17,65.49,
306245,2,24.58,36.93,
306245,3,190.26,463.21,
306245,7,144.54,808.77,
306245,2,145.77,231.02,
306245,2,55.69,89.97,
306245,4,64.97,222.17,
306246,3,83.21,196.27,
306246,4,42.98,147.17,
306246,2,16.45,28.21,
306246,7,558.96,3275.81,
306246,5,13.61,59.15,
306246,3,130.02,306.65,
306247,3,183.57,491.20,
306247,8,95.23,650.09,
306247,3,17.05,44.19,
306247,6,18.95,96.06,
306248,3,35.90,98.51,
306248,5,76.85,350.66,
306248,3,326.03,939.22,
306248,4,7.53,30.12,
306248,3,132.53,368.00,
306248,1,91.78,84.82,
306248,5,111.75,511.00,
306248,2,211.36,390.27,
306248,2,452.76,833.59,
306248,8,139.26,1044.99,
306248,7,206.23,1361.18,
306248,5,8.02,34.91,
306248,5,390.60,1892.68,
306248,2,222.63,389.03,
306248,5,34.98,152.37,
306249,5,161.39,671.66,
306249,6,169.66,829.71,
306249,3,64.60,158.97,
306249,3,85.49,197.96,
306249,2,384.72,646.87,
306249,5,64.42,245.58,
306249,8,12.14,76.95,
306249,3,217.51,509.64,
306249,3,199.67,474.16,
306249,5,138.17,603.70,
306249,5,44.96,175.33,
306249,1,120.36,97.74,
306250,3,162.03,419.05,
306250,3,178.64,491.81,
306250,4,141.06,514.44,
306250,1,11.59,10.49,
306250,3,246.48,696.99,
306250,5,93.79,415.76,
306256,3,188.14,439.79,
306256,4,501.84,1434.74,
306256,5,24.94,90.91,
306256,4,81.01,215.27,
306256,2,42.48,61.83,
306257,5,26.02,109.15,
306257,3,135.43,310.03,
306258,2,101.47,178.23,
306258,3,7.52,17.89,
306258,1,135.56,115.19,
306258,3,40.55,97.00,
306258,5,447.72,1958.97,
306258,1,254.88,208.67,
306258,5,55.02,228.47,
306262,5,95.90,350.12,
306262,4,387.66,1125.15,
306262,3,145.62,346.46,
306262,6,8.67,40.44,
306262,5,24.74,105.76,
306262,7,17.68,94.78,
306262,3,227.76,531.50,
306262,2,17.86,27.28,
306262,3,226.08,532.89,
306262,4,262.08,819.49,
306262,3,465.63,1160.02,
306262,7,293.58,1494.21,
306262,6,451.08,2074.76,
306262,3,13.00,32.57,
306262,7,22.13,124.51,
306264,2,140.45,196.97,
306264,3,64.78,143.61,
306264,5,22.85,93.17,
306267,6,437.64,1989.76,
306267,4,36.00,110.75,
306267,2,46.94,68.48,
306267,3,46.76,109.34,
306267,4,110.80,322.76,
306267,3,180.22,405.68,
306268,9,180.40,1185.90,
306268,2,150.33,207.72,
306268,7,398.16,1966.56,
306270,3,25.03,64.78,
306270,1,48.60,38.43,
306270,3,48.74,119.03,
306270,6,252.24,1226.11,
306270,5,157.17,642.83,
306270,5,58.13,231.97,
306271,5,49.19,180.24,
306271,4,407.40,1242.25,
306271,5,411.60,1681.89,
306271,5,147.44,530.54,
306271,2,115.76,170.66,
306271,8,13.06,75.23,
306271,9,11.30,85.58,
306271,4,306.81,884.08,
306271,5,140.71,532.73,
306271,4,82.50,244.62,
306279,7,223.86,1303.30,
306279,5,176.53,705.00,
306279,5,316.89,1419.67,
306280,6,188.67,1057.26,
306280,6,259.44,1431.82,
306280,4,176.18,669.82,
306280,2,34.39,66.41,
306280,8,559.47,4430.48,
306281,7,239.28,1577.16,
306281,6,207.26,1219.31,
306282,11,336.11,3266.92,
306282,2,104.06,189.20,
306282,2,229.44,435.40,
306284,9,8.79,62.45,
306284,5,174.06,678.57,
306284,2,77.09,130.21,
306284,7,75.28,427.16,
306286,4,133.45,481.67,
306286,3,327.29,904.40,
306286,3,182.69,532.48,
306286,3,76.46,203.54,
306286,2,126.85,225.02,
306287,4,24.82,81.65,
306287,4,78.19,258.04,
306287,7,23.66,143.82,
306287,2,202.54,325.02,
306287,4,11.48,38.78,
306287,2,25.75,44.90,
306287,3,35.90,95.97,
306287,2,417.48,710.76,
306292,4,123.07,417.56,
306292,3,18.68,45.88,
306292,3,401.10,959.76,
306292,8,12.49,79.33,
306292,8,159.81,1055.11,
306295,7,102.14,640.70,
306295,7,63.87,416.02,
306295,7,7.22,45.92,
306295,3,58.93,161.75,
306295,4,163.86,581.84,
306295,7,7.52,48.34,
306295,5,187.62,906.09,
306296,5,195.57,881.91,
306296,3,385.14,1091.35,
306297,5,329.49,1463.01,
306297,6,337.37,1691.19,
306297,7,225.36,1413.45,
306297,5,89.57,404.19,
306297,5,84.62,374.83,
306300,4,410.76,1352.96,
306300,2,144.41,236.68,
306300,9,7.79,59.63,
306300,4,160.36,490.24,
306300,5,18.38,79.29,
306300,5,7.54,28.26,
306303,6,216.28,1222.42,
306303,2,25.80,43.33,
306303,4,441.00,1605.62,
306303,3,160.16,403.02,
306304,4,58.19,191.88,
306304,3,309.96,799.24,
306304,4,17.50,58.22,
306304,2,30.69,48.76,
306304,5,382.62,1559.67,
306304,1,16.29,13.68,
306306,3,143.49,383.48,
306306,3,330.12,862.56,
306306,4,18.67,64.16,
306306,9,19.10,154.24,
306307,3,106.32,280.64,
306307,2,55.33,95.64,
306307,6,18.63,92.44,
306307,4,477.36,1642.49,
306307,6,24.72,118.97,
306309,2,132.66,247.71,
306309,4,251.52,938.12,
306309,4,8.71,32.25,
306309,4,149.42,512.54,
306309,6,441.00,2401.96,
306309,4,127.56,462.25,
306309,3,58.26,161.36,
306309,4,12.91,46.65,
306309,8,25.80,168.44,
306310,2,128.96,232.14,
306310,9,83.84,643.26,
306310,1,43.43,37.99,
306310,4,496.23,1788.96,
306310,6,74.34,393.26,
306310,6,228.00,1233.92,
306310,2,36.14,59.97,
306310,2,160.16,290.84,
306310,3,18.43,50.73,
306310,2,326.03,615.21,
306310,4,8.06,29.76,
306311,3,7.80,18.52,
306311,3,16.38,41.26,
306311,3,171.42,415.20,
306311,4,8.61,28.50,
306311,4,462.06,1388.64,
306311,5,508.98,1932.27,
306312,3,18.00,52.23,
306312,3,18.56,49.25,
306312,4,22.22,73.88,
306312,3,31.32,81.95,
306312,5,222.96,977.37,
306316,3,428.40,915.31,
306316,2,30.56,41.90,
306316,4,180.22,574.69,
306316,4,92.64,278.65,
306316,4,136.36,392.65,
306316,3,443.94,938.32,
306320,3,136.95,349.82,
306320,3,408.24,1160.38,
306320,7,94.46,619.50,
306320,7,42.39,262.81,
306320,3,123.43,327.70,
306322,3,34.82,88.03,
306322,4,421.68,1449.78,
306322,3,139.84,352.35,
306322,7,167.73,952.59,
306322,5,26.14,114.84,
306322,2,7.50,13.11,
306322,5,165.97,736.70,
306322,5,120.71,570.18,
306322,5,11.36,51.27,
306322,5,130.68,563.04,
306323,6,314.06,1508.86,
306323,6,397.32,1985.28,
306323,4,18.20,60.19,
306323,2,124.48,192.81,
306323,2,23.09,36.80,
306328,3,8.27,20.77,
306328,9,222.02,1612.83,
306328,5,142.30,587.21,
306328,4,42.39,136.45,
306328,5,7.22,31.02,
306328,3,176.53,424.84,
306328,3,116.70,283.09,
306328,6,317.21,1608.05,
306329,6,25.22,105.26,
306329,3,8.06,18.40,
306329,7,110.57,603.45,
306329,1,251.76,191.36,
306329,4,314.37,896.22,
306329,2,287.28,436.04,
306329,4,63.87,187.99,
306329,4,70.73,209.44,
306331,4,12.89,43.57,
306331,8,244.56,1655.44,
306331,5,332.33,1335.68,
306331,3,118.83,306.25,
306331,2,123.31,205.22,
306331,6,82.66,426.04,
306332,3,12.40,30.13,
306332,4,202.13,672.77,
306332,6,76.54,389.84,
306334,5,45.63,189.29,
306334,5,321.30,1402.66,
306334,2,237.36,426.45,
306334,5,105.31,440.08,
306334,4,309.96,1100.89,
306334,3,63.07,164.24,
306334,4,83.45,273.76,
306334,2,192.09,357.38,
306334,5,105.41,464.95,
306334,5,209.10,934.34,
306334,7,153.22,929.05,
306335,2,238.56,349.11,
306335,3,13.68,29.26,
306335,2,513.57,833.63,
306335,6,73.01,334.16,
306336,3,168.61,406.56,
306336,6,452.76,2092.48,
306336,5,550.80,2312.94,
306336,7,41.58,235.43,
306336,5,213.61,926.62,
306336,3,17.64,40.58,
306338,6,231.60,1197.70,
306338,4,95.04,341.40,
306338,1,136.49,122.30,
306338,4,120.52,417.07,
306338,3,81.88,222.67,
306338,2,32.47,61.57,
306338,3,7.55,20.08,
306338,3,8.18,22.86,
306338,6,23.09,122.50,
306338,3,19.22,48.49,
306342,4,123.66,361.60,
306342,7,43.43,218.77,
306342,4,285.71,836.40,
306342,2,80.23,116.31,
306343,5,94.37,392.39,
306343,4,125.53,422.40,
306343,5,83.45,357.59,
306343,4,12.98,44.60,
306343,4,11.74,41.10,
306343,2,92.35,163.68,
306343,3,8.31,21.71,
306344,3,41.18,92.30,
306344,3,83.92,169.06,
306344,2,35.74,55.47,
306344,3,252.72,614.26,
306344,7,7.44,37.77,
306344,5,198.03,788.91,
306344,3,164.56,358.45,
306344,4,528.36,1611.46,
306345,5,401.52,1521.99,
306345,4,161.04,527.67,
306345,6,8.27,40.92,
306345,3,7.47,17.95,
306345,6,97.15,455.27,
306345,3,88.70,216.25,
306345,4,31.61,101.70,
306345,5,337.68,1430.09,
306345,3,95.42,228.98,
306345,5,244.56,886.79,
306345,5,531.42,2043.28,
306345,3,323.82,740.03,
306348,5,7.58,32.72,
306348,4,219.15,739.09,
306348,5,42.89,186.35,
306348,4,13.35,46.95,
306348,1,59.11,51.94,
306348,3,8.44,23.41,
306348,3,116.94,326.49,
306348,4,386.82,1424.90,
306348,5,81.72,367.21,
306348,3,191.06,505.05,
306349,3,34.68,91.59,
306349,3,148.20,360.60,
306349,5,464.10,2045.90,
306349,3,17.28,46.87,
306349,8,462.57,3048.24,
306349,4,449.40,1594.19,
306349,3,143.75,403.47,
306349,7,61.00,381.23,
306350,5,301.77,1221.30,
306350,3,125.32,274.93,
306350,7,85.88,498.54,
306350,6,326.03,1485.81,
306350,3,13.28,28.14,
306351,1,134.90,113.13,
306351,2,44.33,73.73,
306351,3,73.16,186.40,
306351,2,8.72,13.72,
306351,3,185.94,448.70,
306351,3,344.30,873.65,
306351,5,11.64,50.28,
306352,3,178.11,486.28,
306352,6,152.91,857.86,
306352,2,42.17,75.21,
306352,5,257.52,1200.39,
306352,4,62.46,248.69,
306354,4,92.54,282.37,
306354,4,63.99,190.93,
306354,4,137.10,407.26,
306354,5,16.94,58.30,
306354,4,71.91,192.14,
306356,2,391.44,621.24,
306356,2,13.74,24.56,
306356,2,217.68,353.22,
306356,5,44.78,185.15,
306356,10,17.93,149.75,
306356,3,32.31,77.60,
306356,4,296.10,963.75,
306356,4,430.50,1438.80,
306356,3,453.60,1074.09,
306358,3,145.16,334.13,
306358,3,241.68,566.35,
306358,2,142.96,228.12,
306359,3,416.64,1096.24,
306359,4,118.47,405.05,
306359,5,426.30,1821.25,
306359,4,188.32,593.87,
306359,2,312.80,536.64,
306359,7,221.28,1397.65,
306362,3,55.75,152.26,
306362,4,12.90,47.70,
306362,2,148.35,260.96,
306362,8,427.56,3041.10,
306362,1,468.69,441.32,
306363,5,31.52,135.08,
306363,6,73.71,378.20,
306363,3,76.69,193.28,
306363,6,16.49,82.92,
306363,5,178.82,753.20,
306363,4,209.31,705.49,
306363,2,385.56,726.32,
306366,3,150.78,396.07,
306366,5,34.52,132.19,
306366,10,55.57,479.64,
306366,5,187.58,767.17,
306366,5,16.70,71.61,
306366,6,34.39,153.15,
306366,6,7.51,38.80,
306366,7,30.62,167.90,
306366,2,264.00,445.43,
306366,8,190.04,1302.87,
306366,3,46.98,123.93,
306366,3,238.08,553.55,
306368,2,192.29,303.56,
306368,3,19.22,45.11,
306371,3,76.46,201.12,
306371,6,17.71,100.96,
306371,2,246.96,440.59,
306371,6,19.21,107.62,
306371,4,7.47,27.91,
306371,3,448.98,1158.84,
306371,3,519.18,1373.92,
306371,5,98.11,448.93,
306373,2,70.73,131.96,
306373,5,64.97,277.18,
306373,4,44.55,163.73,
306373,2,82.74,140.09,
306374,6,35.21,172.34,
306374,2,127.51,206.97,
306374,3,232.32,595.47,
306374,1,172.66,141.65,
306374,3,185.32,410.19,
306374,3,23.06,59.71,
306375,7,59.29,383.68,
306375,6,22.30,124.72,
306375,4,146.22,512.18,
306375,1,66.67,60.85,
306375,4,521.22,1898.41,
306375,2,22.85,40.46,
306375,7,84.47,563.91,
306376,3,261.36,625.70,
306376,4,85.57,257.04,
306376,3,135.83,314.73,
306376,3,30.82,67.85,
306376,5,102.53,373.48,
306376,3,387.24,926.23,
306376,5,305.24,1088.93,
306377,5,210.95,978.33,
306377,3,338.94,882.72,
306377,1,144.40,123.78,
306377,5,12.08,56.18,
306377,2,127.32,225.37,
306378,6,25.18,135.26,
306378,3,169.66,486.13,
306378,5,127.91,559.02,
306380,3,108.68,270.86,
306380,5,415.38,1781.99,
306380,3,477.36,1309.42,
306385,2,18.95,27.80,
306385,3,344.30,785.60,
306385,4,12.01,34.98,
306385,3,217.44,502.03,
306385,3,127.91,275.22,
306385,2,223.68,328.57,
306385,3,23.78,58.58,
306385,5,316.89,1173.81,
306386,3,310.59,734.87,
306386,6,67.04,321.81,
306386,5,120.91,508.77,
306386,2,223.44,370.71,
306386,6,79.76,417.39,
306387,1,469.20,398.20,
306387,5,173.18,741.64,
306387,5,17.68,77.07,
306387,4,141.11,461.91,
306387,1,114.81,102.65,
306387,3,142.03,361.36,
306387,2,147.74,249.18,
306387,2,81.80,136.98,
306389,3,254.40,641.52,
306389,5,120.52,536.72,
306389,7,288.86,1746.72,
306389,2,315.00,587.90,
306389,1,534.48,487.22,
306389,3,12.86,33.44,
306389,5,34.16,154.30,
306389,5,228.24,985.41,
306389,6,65.70,337.29,
306391,8,394.80,2603.28,
306391,5,65.76,278.44,
306391,2,48.69,77.65,
306391,3,92.26,233.89,
306391,5,211.36,870.90,
306391,5,18.76,82.50,
306391,2,187.17,315.41,
306391,7,236.64,1384.46,
306391,5,536.52,2370.43,
306391,2,30.79,56.97,
306391,2,195.98,317.17,
306391,5,33.43,140.73,
306391,5,80.86,375.77,
306392,5,19.13,88.90,
306392,2,31.52,48.73,
306392,4,11.38,39.89,
306392,3,7.78,20.26,
306392,2,101.66,175.23,
306392,9,394.80,3105.15,
306392,1,81.48,69.20,
306392,4,227.28,798.26,
306392,3,115.52,284.76,
306392,4,12.03,43.57,
306392,6,392.70,2065.31,
306392,4,258.24,875.85,
306392,9,178.46,1499.01,
306393,2,35.94,55.90,
306393,4,217.51,711.63,
306393,4,12.50,40.16,
306393,8,497.25,3397.72,
306393,7,83.45,431.32,
306393,3,114.34,272.88,
306393,4,441.84,1279.10,
306393,4,31.58,101.91,
306393,4,400.68,1175.00,
306393,2,230.88,394.73,
306393,3,98.40,240.73,
306393,2,66.86,104.92,
306394,5,129.89,570.71,
306394,5,55.39,236.95,
306394,3,457.80,1218.08,
306394,2,340.52,623.22,
306394,3,559.98,1443.88,
306394,3,13.06,33.95,
306394,4,25.42,86.25,
306394,3,141.51,371.98,
306394,9,47.61,376.42,
306394,4,158.58,530.51,
306395,7,73.16,495.74,
306395,3,181.81,489.61,
306395,3,217.30,586.89,
306395,1,49.28,41.29,
306395,2,159.10,286.42,
306395,6,333.59,1810.55,
306395,7,7.26,46.19,
306397,6,154.74,858.19,
306397,6,100.13,562.95,
306397,4,201.52,783.65,
306400,7,399.84,2482.40,
306400,2,44.42,86.36,
306400,3,122.10,335.07,
306400,1,19.35,16.51,
306400,2,23.93,45.19,
306400,5,19.33,85.80,
306400,5,33.69,157.58,
306401,3,30.89,81.58,
306401,2,23.11,40.20,
306401,5,61.12,271.27,
306401,3,84.15,222.95,
306401,4,308.07,1162.93,
306401,4,525.30,2024.27,
306403,3,111.75,300.47,
306403,1,159.63,144.56,
306403,7,218.40,1353.94,
306403,2,411.18,759.33,
306403,2,40.73,72.62,
306403,3,8.71,22.64,
306403,5,111.51,491.75,
306403,2,8.15,15.42,
306404,3,24.86,62.36,
306404,6,82.11,419.72,
306404,6,45.63,248.64,
306404,4,48.38,171.27,
306404,3,301.77,811.45,
306405,4,103.30,372.25,
306405,5,338.63,1518.80,
306407,3,17.55,44.54,
306407,2,93.02,156.82,
306407,2,43.52,69.09,
306407,2,180.75,272.02,
306407,7,42.17,231.76,
306407,4,298.62,1014.49,
306407,4,98.11,324.16,
306407,4,289.80,995.19,
306407,4,17.95,64.26,
306407,7,257.04,1434.82,
306407,3,537.54,1253.69,
306408,1,123.16,104.24,
306408,9,93.41,636.39,
306408,4,289.17,917.34,
306408,2,409.92,680.90,
306408,5,26.26,104.18,
306408,4,522.24,1681.77,
306408,7,229.20,1321.09,
306408,4,212.38,720.59,
306411,4,33.69,119.25,
306411,3,44.96,116.32,
306411,4,94.85,318.18,
306411,2,65.76,115.41,
306411,5,12.85,57.67,
306411,3,227.52,664.27,
306411,1,514.59,487.10,
306411,4,143.03,541.78,
306412,2,195.98,349.45,
306412,5,81.40,350.25,
306412,5,17.71,81.11,
306412,3,193.11,484.77,
306412,2,441.42,793.09,
306412,6,313.11,1878.66,
306415,2,104.06,158.27,
306415,5,402.36,1442.81,
306415,4,73.48,228.41,
306415,1,511.53,387.98,
306415,5,65.27,254.85,
306418,6,75.83,420.49,
306418,2,292.32,458.44,
306418,4,79.83,293.80,
306418,3,95.71,240.06,
306418,3,106.44,278.01,
306418,4,11.46,37.69,
306418,8,186.35,1265.80,
306418,2,91.87,158.30,
306418,6,235.68,1175.28,
306418,3,7.64,20.13,
306418,4,466.14,1686.51,
306418,5,85.17,355.60,
306418,6,152.15,815.14,
306418,2,29.93,50.96,
306418,2,115.99,184.07,
306419,3,12.51,32.51,
306419,2,250.56,398.67,
306419,3,452.76,1215.13,
306419,2,108.56,175.97,
306419,5,498.78,2115.22,
306422,5,326.34,1150.85,
306422,6,79.99,349.44,
306422,5,150.94,577.49,
306422,3,219.15,493.27,
306422,3,422.10,943.03,
306422,2,95.81,131.79,
306422,3,192.91,460.55,
306422,5,103.97,351.28,
306423,5,110.92,387.33,
306423,5,131.87,440.47,
306428,2,107.14,202.31,
306428,6,23.93,126.45,
306428,5,8.56,39.54,
306428,4,209.10,725.30,
306428,8,238.32,1804.78,
306428,7,7.91,49.47,
306428,1,243.60,219.44,
306429,3,143.88,348.52,
306429,2,155.65,228.91,
306429,4,36.17,108.78,
306429,9,57.46,373.69,
306430,6,171.07,769.83,
306430,2,192.02,260.05,
306430,5,26.35,93.02,
306430,6,166.59,770.54,
306430,5,141.82,542.86,
306430,2,13.31,19.17,
306433,1,74.58,67.73,
306433,5,32.08,143.59,
306433,7,250.32,1506.98,
306433,6,154.43,841.38,
306434,5,253.20,1126.36,
306434,3,54.96,144.02,
306434,4,44.33,156.68,
306434,2,148.05,263.48,
306439,4,313.43,1086.13,
306439,7,190.45,1215.84,
306439,5,383.46,1913.76,
306439,3,425.04,1170.88,
306439,4,57.77,208.48,
306439,6,82.90,431.59,
306439,6,13.68,73.32,
306439,3,187.26,553.06,
306440,5,102.05,440.62,
306440,2,138.47,235.41,
306440,6,318.15,1581.73,
306440,4,251.04,917.98,
306440,3,137.02,339.55,
306440,4,107.97,391.54,
306440,6,286.34,1468.86,
306440,5,58.32,265.99,
306440,5,62.16,265.54,
306441,2,26.06,44.79,
306441,3,324.14,844.56,
306441,2,396.06,725.25,
306441,5,24.79,110.74,
306441,6,141.82,747.40,
306445,2,35.81,64.57,
306445,6,401.94,2174.10,
306445,4,58.01,202.78,
306450,5,109.39,503.84,
306450,4,248.88,846.14,
306450,3,12.08,30.88,
306450,5,31.52,132.40,
306450,3,109.39,300.62,
306450,4,111.75,400.32,
306451,4,148.05,554.24,
306451,5,42.66,192.08,
306451,4,502.86,1826.65,
306451,2,61.67,109.86,
306451,5,178.46,772.85,
306451,4,159.81,583.44,
306451,7,19.10,120.31,
306451,6,44.73,241.38,
306451,8,97.15,674.93,
306452,5,23.02,96.41,
306452,3,410.76,1015.24,
306452,5,463.08,1777.14,
306452,4,13.11,42.23,
306452,6,35.54,191.38,
306452,5,85.96,341.99,
306452,3,66.92,157.91,
306452,4,46.44,147.65,
306452,4,120.12,381.64,
306452,2,36.30,61.97,
306452,5,212.18,893.42,
306452,5,139.79,577.31,
306452,3,23.90,59.62,
306453,4,551.31,1645.96,
306453,6,101.47,497.26,
306453,2,47.66,74.04,
306453,2,302.72,486.40,
306453,5,199.67,813.85,
306453,2,396.06,613.64,
306453,4,19.46,63.29,
306453,6,65.39,317.37,
306453,6,239.04,1140.28,
306453,4,44.96,149.59,
306457,5,98.21,383.78,
306457,6,512.55,2554.44,
306457,5,95.33,409.72,
306457,2,335.79,571.98,
306457,2,63.75,105.00,
306457,3,8.30,21.79,
306459,3,286.34,695.71,
306459,4,34.98,105.44,
306459,3,237.84,594.66,
306459,4,55.75,179.67,
306459,7,145.62,804.36,
306462,3,56.79,146.72,
306462,6,533.97,2760.17,
306462,2,205.00,362.79,
306462,5,30.79,135.87,
306462,3,126.02,326.56,
306462,3,346.19,915.87,
306462,3,163.68,446.34,
306462,2,65.15,122.58,
306462,2,173.54,300.01,
306464,2,18.95,31.55,
306464,3,249.36,555.24,
306464,3,162.27,357.52,
306464,5,128.27,529.07,
306464,3,134.11,323.73,
306464,1,169.14,137.42,
306466,2,292.95,420.95,
306466,3,12.53,28.50,
306466,6,526.32,2278.21,
306466,9,7.86,50.30,
306468,1,16.34,14.01,
306468,4,166.14,558.26,
306468,5,139.08,600.90,
306468,3,261.12,693.39,
306468,7,88.13,546.58,
306472,6,142.69,693.62,
306472,1,22.08,19.45,
306472,5,18.68,74.56,
306472,2,124.34,208.15,
306472,4,7.55,26.75,
306472,6,132.26,611.44,
306472,3,456.12,1146.07,
306473,4,26.16,93.74,
306473,3,502.86,1279.28,
306473,2,196.39,377.10,
306473,5,199.47,870.61,
306473,4,33.99,124.40,
306474,4,59.60,223.68,
306474,5,7.98,36.50,
306474,2,157.17,296.96,
306474,8,13.04,92.96,
306474,7,187.26,1104.10,
306475,7,126.85,805.68,
306475,6,19.67,98.49,
306475,5,219.12,920.48,
306475,5,212.18,921.04,
306475,4,70.96,245.40,
306475,7,7.24,44.87,
306477,3,222.96,581.34,
306477,5,25.39,106.37,
306477,6,108.32,605.78,
306477,3,124.73,328.95,
306477,7,306.81,1916.19,
306477,3,131.21,344.49,
306477,6,26.21,139.91,
306477,2,31.88,52.90,
306477,3,451.08,1195.87,
306479,2,413.70,593.93,
306479,5,45.86,157.98,
306479,1,42.03,30.54,
306479,5,183.04,650.87,
306479,8,178.99,970.51,
306479,3,35.51,77.59,
306482,6,233.28,1182.64,
306482,1,230.88,209.85,
306482,5,117.17,496.51,
306485,5,23.69,99.10,
306485,7,162.79,909.88,
306485,5,18.14,69.97,
306485,5,261.84,1046.30,
306485,4,46.08,144.24,
306485,6,405.72,1872.62,
306485,6,25.66,114.83,
306485,3,179.17,432.26,
306485,5,105.50,403.76,
306485,3,13.61,30.01,
306485,5,43.56,163.24,
306488,4,476.34,1571.24,
306488,4,95.52,303.58,
306488,2,171.25,288.63,
306488,4,31.75,107.62,
306488,4,30.00,101.73,
306488,4,172.66,574.83,
306488,3,431.34,1078.50,
306494,2,286.02,485.73,
306494,6,289.17,1418.29,
306494,3,224.89,557.35,
306495,2,7.36,10.63,
306495,4,18.50,58.78,
306496,5,434.28,1629.20,
306496,5,299.57,1142.54,
306496,6,197.01,904.92,
306496,4,129.33,402.53,
306496,5,156.56,673.12,
306496,4,41.76,144.56,
306499,3,7.94,19.23,
306499,3,19.37,48.67,
306499,2,184.10,298.09,
306499,2,301.14,521.35,
306499,3,33.92,77.27,
306499,5,208.90,796.83,
306499,3,190.61,458.70,
306499,5,108.91,423.27,
306499,5,57.04,229.09,
306504,5,13.44,62.72,
306504,5,23.23,106.35,
306504,4,507.96,1762.67,
306504,2,32.84,64.41,
306504,4,36.00,131.23,
306504,2,241.68,456.62,
306504,10,156.26,1464.45,
306504,8,332.01,2394.26,
306506,7,500.31,3095.36,
306506,8,386.40,2686.49,
306507,2,162.62,268.04,
306507,5,451.08,1809.14,
306507,4,18.86,61.56,
306507,4,559.47,1606.24,
306508,5,12.81,51.20,
306508,3,217.30,520.06,
306508,4,293.90,963.22,
306508,4,143.79,485.90,
306508,3,123.16,308.48,
306508,1,19.35,15.76,
306510,4,547.23,1669.83,
306510,3,543.66,1353.49,
306510,6,58.32,292.66,
306510,4,110.21,356.27,
306510,2,536.01,907.19,
306512,5,197.62,895.44,
306512,4,25.39,87.86,
306512,3,539.58,1494.38,
306512,4,16.22,57.41,
306512,9,190.96,1634.17,
306512,3,108.91,294.16,
306512,6,142.12,792.69,
306512,5,31.98,141.19,
306512,2,105.12,192.28,
306512,7,122.50,792.03,
306512,2,221.61,403.53,
306512,3,7.30,19.48,
306513,4,217.44,629.97,
306513,5,17.78,67.51,
306513,7,58.26,299.89,
306513,4,444.78,1381.74,
306513,7,65.09,340.25,
306514,3,92.16,252.45,
306514,2,93.31,159.46,
306514,1,141.37,126.78,
306514,3,47.57,128.71,
306514,8,392.28,2670.36,
306515,5,12.81,45.74,
306515,4,237.60,740.92,
306515,4,189.73,621.74,
306515,3,145.07,330.03,
306515,5,557.43,2064.41,
306515,2,72.06,109.96,
306515,4,23.57,72.77,
306515,6,118.12,533.37,
306515,10,7.78,58.76,
306515,4,420.42,1267.06,
306516,3,16.29,41.41,
306516,5,104.54,500.77,
306516,7,44.28,266.83,
306517,3,262.32,701.70,
306517,2,43.52,74.29,
306517,6,8.00,43.33,
306517,4,60.82,212.50,
306517,2,30.13,53.20,
306519,5,191.06,688.20,
306519,7,128.97,631.29,
306519,5,109.74,397.87,
306519,3,99.84,223.09,
306520,1,512.55,389.68,
306520,3,21.60,49.33,
306520,3,76.62,153.38,
306520,4,102.05,288.82,
306520,5,40.64,148.96,
306520,2,185.15,261.67,
306520,4,239.28,757.96,
306520,7,62.89,327.53,
306521,5,79.44,314.38,
306521,8,126.19,778.56,
306521,3,71.36,170.18,
306521,3,202.54,448.19,
306521,3,226.56,542.99,
306521,5,45.00,182.57,
306521,4,75.83,235.98,
306526,6,412.02,1994.28,
306526,3,126.14,269.25,
306526,3,185.53,434.46,
306529,3,24.58,57.21,
306529,4,125.66,398.02,
306529,8,61.67,420.70,
306529,1,212.18,182.51,
306529,3,19.33,47.08,
306529,4,21.60,67.89,
306529,8,60.21,390.89,
306529,2,13.48,21.54,
306529,5,108.91,426.72,
306529,3,77.56,193.64,
306529,4,257.28,872.88,
306529,4,23.71,73.74,
306529,8,25.99,162.74,
306529,5,72.06,292.04,
306529,5,254.40,1053.98,
306532,4,22.78,67.25,
306532,7,47.16,249.15,
306532,3,533.97,1241.02,
306532,4,8.32,24.08,
306532,3,260.16,560.65,
306532,5,161.58,581.83,
306535,4,45.86,138.47,
306535,4,42.80,130.24,
306535,6,325.08,1495.38,
306535,2,127.44,192.34,
306535,5,31.02,124.11,
306537,5,25.10,105.47,
306537,3,59.17,136.53,
306537,1,12.63,9.58,
306537,5,49.23,185.86,
306537,5,89.28,359.74,
306537,2,233.52,383.17,
306537,3,394.38,900.07,
306537,3,58.80,124.70,
306539,4,223.44,707.68,
306539,3,164.21,460.30,
306539,4,7.70,26.77,
306539,3,97.44,242.13,
306539,6,196.60,963.36,
306539,3,31.61,81.43,
306539,2,62.40,100.01,
306539,3,45.32,118.04,
306540,5,440.16,1838.67,
306540,3,209.92,495.94,
306540,4,19.53,61.45,
306540,6,119.65,594.53,
306541,7,184.10,1123.82,
306541,4,188.40,711.17,
306541,1,161.88,155.97,
306541,3,209.10,594.86,
306541,5,432.60,1997.21,
306543,3,130.94,352.33,
306543,3,168.08,436.72,
306543,2,60.33,103.29,
306543,3,442.68,1264.27,
306543,4,451.50,1532.75,
306543,1,303.98,262.42,
306543,7,202.34,1141.55,
306543,4,458.64,1616.19,
306545,5,40.64,154.40,
306545,2,22.61,35.90,
306545,3,17.75,36.25,
306545,5,183.22,698.71,
306545,4,199.47,601.20,
306549,1,18.83,15.77,
306549,3,11.28,25.21,
306549,6,396.48,1798.29,
306549,5,192.09,801.15,
306550,5,25.80,107.83,
306550,4,488.07,1362.12,
306550,3,125.43,267.55,
306550,3,305.87,705.47,
306550,4,95.23,283.50,
306550,3,106.44,238.61,
306551,7,8.26,44.97,
306551,4,476.34,1551.08,
306551,2,12.44,20.98,
306551,5,22.32,91.49,
306551,5,78.26,312.14,
306551,4,133.58,399.10,
306551,4,7.23,23.12,
306551,2,220.79,343.26,
306551,2,128.62,196.51,
306551,2,520.71,835.59,
306552,4,104.64,331.72,
306552,3,558.96,1378.80,
306552,6,71.51,354.55,
306552,3,238.80,578.13,
306554,6,342.72,1545.09,
306554,3,227.76,521.74,
306554,4,178.64,512.35,
306554,4,66.12,205.53,
306554,1,147.44,105.99,
306556,3,82.74,213.55,
306556,4,230.16,717.73,
306556,2,217.68,349.37,
306556,4,8.55,27.82,
306556,4,48.74,160.35,
306556,3,84.15,203.39,
306556,2,300.83,490.66,
306556,4,225.09,684.23,
306556,4,534.48,1734.70,
306556,5,56.24,241.49,
306559,8,186.38,1089.60,
306559,2,310.91,426.61,
306559,2,458.64,627.59,
306559,5,122.37,466.61,
306559,4,263.76,819.88,
306559,5,383.46,1541.45,
306559,4,499.80,1393.84,
306559,3,30.62,59.12,
306559,3,217.10,464.44,
306560,1,49.28,43.64,
306560,3,82.97,227.14,
306560,2,13.41,22.85,
306560,5,487.05,2086.35,
306560,5,25.94,110.69,
306560,2,139.84,251.86,
306560,3,226.08,578.01,
306563,3,32.67,88.84,
306563,5,481.44,2223.64,
306565,2,205.41,330.23,
306565,8,11.70,74.92,
306565,4,420.42,1282.13,
306565,5,499.80,1979.24,
306565,6,84.78,405.66,
306565,5,11.76,51.46,
306565,6,160.66,808.24,
306565,5,166.44,695.74,
306565,2,464.10,795.06,
306565,3,84.00,203.94,
306565,3,176.70,443.57,
306565,4,558.45,1816.99,
306565,3,143.88,379.23,
306565,3,23.76,54.89,
306566,2,393.96,621.32,
306566,6,30.99,145.29,
306566,2,447.72,684.65,
306566,4,93.31,282.61,
306566,2,110.21,171.14,
306566,6,8.21,37.10,
306566,3,78.50,174.26,
306570,4,13.06,45.51,
306570,2,126.26,208.34,
306570,2,495.21,919.66,
306570,8,136.09,945.57,
306570,3,48.69,130.68,
306572,7,178.82,953.75,
306572,3,23.69,56.93,
306572,6,391.02,1888.24,
306572,5,203.98,778.95,
306572,2,33.00,49.59,
306572,6,7.46,34.06,
306573,4,64.05,228.32,
306573,3,41.49,106.37,
306573,2,398.16,694.62,
306573,2,13.18,23.33,
306573,3,56.61,139.18,
306574,5,120.24,499.11,
306574,4,126.06,408.04,
306574,8,154.89,1081.61,
306574,5,31.91,135.44,
306574,5,185.53,688.53,
306574,8,13.06,90.77,
306574,2,59.78,99.44,
306574,5,125.93,526.59,
306574,6,8.46,45.57,
306577,5,12.51,52.94,
306577,5,140.45,580.92,
306577,7,315.63,1764.18,
306577,6,200.70,981.18,
306577,3,191.84,537.52,
306577,5,26.35,110.32,
306577,2,7.58,12.54,
306577,5,84.70,343.85,
306577,11,16.56,147.50,
306578,8,296.10,2052.57,
306578,5,75.75,332.60,
306578,5,317.52,1372.71,
306578,4,71.51,253.00,
306578,4,290.75,1073.38,
306580,6,505.92,2589.27,
306580,2,262.56,428.73,
306580,1,412.02,355.75,
306580,6,138.17,689.24,
306580,5,11.35,52.77,
306580,3,161.04,443.17,
306580,4,145.01,512.75,
306581,5,7.30,31.11,
306581,6,8.16,39.40,
306581,2,25.56,38.71,
306581,4,79.44,275.74,
306581,1,59.41,52.45,
306581,3,25.78,63.84,
306581,6,191.49,955.26,
306581,2,7.88,12.51,
306581,7,71.51,410.08,
306584,4,8.34,30.79,
306584,2,31.38,51.61,
306584,6,225.84,1242.35,
306584,2,47.75,87.06,
306584,5,123.29,549.86,
306584,5,31.68,142.04,
306584,5,99.17,481.83,
306584,4,158.75,544.70,
306586,1,460.02,390.01,
306586,2,17.19,31.76,
306586,7,138.34,855.20,
306586,4,11.71,40.81,
9306586,-7,138.34,-855.2,
306587,6,108.91,485.54,
306587,4,8.00,23.81,
306587,3,203.98,395.51,
306587,2,314.69,458.80,
306587,5,187.78,644.20,
306587,2,219.36,312.10,
306587,2,60.94,84.76,
306588,4,100.80,339.87,
306588,3,224.68,609.73,
306588,3,34.45,90.13,
306588,9,295.79,2329.32,
306588,5,16.70,77.05,
306588,6,495.21,2647.71,
306589,7,7.38,43.92,
306589,5,341.78,1460.09,
306589,7,508.98,2780.95,
306589,6,32.41,171.89,
306589,4,12.24,39.90,
306589,4,311.85,1094.10,
306589,4,65.27,223.63,
306589,6,145.07,738.06,
306589,3,7.83,20.54,
306589,6,447.30,2374.95,
306589,3,30.49,75.94,
306589,5,138.78,605.47,
306589,3,72.30,184.12,
306592,5,12.43,53.40,
306592,5,19.35,95.08,
306592,6,59.17,310.72,
306592,3,111.63,287.49,
306592,8,111.98,748.08,
306592,6,75.36,401.97,
306592,6,24.96,137.60,
306592,5,186.91,809.11,
306592,6,7.47,43.66,
306592,6,32.64,185.07,
306593,2,161.92,294.32,
306593,3,56.24,151.76,
306593,6,24.22,130.50,
306593,2,19.62,34.85,
306593,2,19.15,33.95,
306593,5,309.02,1398.14,
306593,4,187.37,659.07,
306597,4,35.87,123.99,
306597,6,112.93,591.36,
306597,8,222.48,1480.11,
306597,4,315.32,1133.72,
306597,1,345.56,320.07,
306597,2,55.33,102.61,
306598,6,400.68,2064.97,
306598,3,16.43,43.77,
306598,1,414.12,339.93,
306598,5,16.60,72.01,
306598,4,186.91,660.80,
306598,5,112.81,505.39,
306598,2,18.68,32.65,
306600,2,481.95,841.31,
306600,5,328.23,1373.71,
306600,2,19.42,33.85,
306600,4,146.53,509.47,
306600,4,17.87,62.16,
306600,5,388.92,1673.40,
306600,3,186.96,500.23,
306600,4,7.66,26.37,
306601,3,323.51,710.71,
306601,6,35.34,178.23,
306601,4,337.68,1093.02,
306601,3,499.29,1233.31,
306605,6,186.91,843.24,
306605,5,31.28,122.06,
306605,4,216.69,657.52,
306605,7,439.32,2471.42,
306607,2,120.60,191.73,
306607,4,218.74,659.96,
306607,6,18.76,80.61,
306607,4,8.44,26.00,
306607,6,87.17,414.09,
306607,3,26.40,60.70,
306607,3,7.78,17.41,
306607,3,521.73,1246.24,
306607,5,507.45,2120.84,
306607,4,94.18,295.13,
306607,6,197.21,920.66,
306607,5,13.43,56.47,
306607,4,7.70,23.91,
306607,2,299.57,480.67,
306607,4,211.36,694.91,
306608,4,315.00,956.58,
306608,4,250.08,776.38,
306608,4,22.10,59.99,
306608,3,191.88,446.06,
306608,5,62.71,239.33,
306608,5,139.99,487.61,
306608,2,23.93,36.79,
306608,3,11.74,28.35,
306608,3,507.45,1130.71,
306616,7,140.18,864.53,
306616,5,105.22,426.60,
306616,5,143.62,609.53,
306616,5,454.02,1910.87,
306616,2,74.42,134.39,
306616,7,190.43,1107.81,
306616,4,175.82,612.81,
306619,2,142.12,220.07,
306619,5,180.22,648.05,
306619,4,183.74,546.52,
306619,6,17.77,77.72,
306619,2,338.94,488.35,
306619,4,24.58,76.88,
306619,4,22.90,71.01,
306620,4,79.44,226.39,
306620,4,120.78,371.67,
306620,4,34.35,100.32,
306620,3,288.86,645.23,
306620,7,137.94,707.75,
306620,5,218.88,853.99,
306620,3,17.77,38.52,
306622,4,383.46,1178.18,
306622,4,261.84,791.36,
306625,4,41.99,132.56,
306625,2,81.40,137.85,
306625,2,57.28,93.14,
306625,2,320.36,511.40,
306625,6,407.82,2168.96,
306625,2,537.54,894.06,
306625,4,309.65,1027.41,
306625,7,83.05,486.98,
306625,5,121.57,523.38,
306625,4,109.39,362.25,
306625,3,149.72,344.41,
306626,4,342.72,877.36,
306626,1,219.84,172.63,
306626,3,34.09,69.65,
306626,2,33.50,51.69,
306626,2,8.27,11.94,
306626,3,438.90,978.24,
306626,3,46.17,104.15,
306626,1,7.34,5.83,
306626,2,429.24,625.55,
306626,3,246.96,508.98,
306626,7,144.28,751.82,
306626,5,64.72,238.48,
306626,5,23.16,86.23,
306626,1,87.74,67.08,
306627,5,118.71,440.37,
306627,4,309.96,1034.58,
306627,6,455.28,2245.05,
306627,6,26.11,121.25,
306629,3,151.24,384.14,
306629,3,181.28,476.17,
306629,8,120.01,774.15,
306629,6,81.01,405.46,
306629,3,242.16,628.98,
306630,1,141.50,108.54,
306630,3,184.98,399.42,
306630,4,248.40,739.03,
306630,8,161.04,894.61,
306631,1,213.82,200.18,
306631,4,78.11,295.63,
306631,1,137.41,120.74,
306631,3,317.84,903.91,
306631,3,183.39,520.76,
306631,3,16.60,44.20,
306631,6,122.50,631.19,
306631,5,64.23,291.96,
306636,6,315.95,1659.24,
306636,5,225.30,1098.24,
306636,1,110.33,98.83,
306636,7,183.39,1190.55,
306636,2,312.48,593.65,
306637,4,79.60,281.61,
306637,4,46.71,167.30,
306637,4,306.18,1081.50,
306637,2,92.93,167.52,
306637,4,428.82,1566.37,
306637,8,48.33,348.04,
306637,5,46.94,215.57,
306637,4,100.70,341.31,
306637,3,116.70,307.33,
306640,3,188.32,459.63,
306640,7,109.74,665.11,
306640,4,22.13,71.85,
306645,7,56.91,357.50,
306645,2,18.95,31.87,
306645,4,99.94,353.81,
306645,4,13.41,45.32,
306645,4,18.61,70.39,
306645,5,92.06,380.18,
306645,5,190.78,820.32,
306645,5,147.59,658.13,
306647,5,91.39,347.15,
306647,1,12.49,10.14,
306647,3,74.97,170.87,
306647,7,119.59,612.36,
306649,7,118.59,660.44,
306649,2,119.65,170.34,
306649,2,190.65,273.58,
306653,2,73.63,136.04,
306653,6,83.37,434.76,
306653,5,466.14,2065.38,
306653,7,16.85,102.67,
9306653,-6,83.37,-434.76,
9306653,-5,466.14,-2065.38,
306657,2,97.06,155.04,
306657,1,49.01,36.22,
306657,3,503.37,1075.89,
306657,4,132.92,376.38,
306657,8,426.30,2553.64,
306657,1,471.24,352.95,
306657,5,61.31,221.86,
306657,8,331.70,2029.15,
306657,2,93.79,144.79,
306658,5,33.07,133.20,
306658,4,154.74,481.27,
306658,3,525.30,1239.50,
306658,4,542.64,1793.30,
306658,1,126.32,103.80,
306659,2,103.01,185.14,
306659,5,57.52,274.21,
306659,2,13.21,26.09,
306659,4,507.45,1888.76,
306659,6,222.43,1294.48,
306659,4,36.07,128.68,
306660,3,403.20,1065.81,
306660,7,31.88,188.06,
306660,5,7.41,32.67,
306660,2,124.34,214.35,
306660,6,44.87,239.32,
306660,2,142.12,265.91,
306660,5,98.30,463.01,
306660,6,41.40,241.51,
306662,4,13.43,45.23,
306662,3,164.74,384.33,
306662,5,7.87,33.32,
306664,8,338.94,2330.95,
306664,6,7.30,35.34,
306664,5,88.90,338.22,
306664,3,209.10,490.32,
306665,5,294.53,1254.46,
306665,7,46.94,281.40,
306665,3,202.13,530.48,
306665,2,143.94,244.74,
306666,3,17.86,45.63,
306666,1,126.85,100.02,
306666,2,468.18,809.09,
306666,2,12.24,19.12,
306666,5,124.34,544.81,
306666,2,140.98,254.31,
306667,7,246.00,1333.93,
306667,5,13.48,50.02,
306667,4,161.88,436.84,
306667,4,338.00,1027.38,
306667,4,378.42,1152.58,
306667,4,188.32,544.58,
306667,5,541.62,1965.58,
306667,6,80.31,331.30,
306667,2,179.70,269.34,
306668,4,16.70,61.82,
306668,3,216.00,578.17,
306668,4,387.24,1351.66,
306668,9,161.42,1293.83,
306668,4,186.74,677.43,
306668,3,7.54,20.36,
306670,2,11.56,18.04,
306670,2,60.39,86.18,
306670,6,551.82,2702.82,
306670,4,455.70,1603.47,
306670,7,205.41,1161.32,
306670,3,202.13,485.70,
306670,4,174.94,600.45,
306670,3,7.24,19.05,
306676,4,71.12,196.16,
306676,4,8.02,23.88,
306677,9,63.50,469.50,
306677,2,12.14,20.87,
306677,1,13.50,12.30,
306677,1,84.78,71.27,
306679,6,33.83,164.55,
306679,3,233.76,625.26,
306679,4,79.13,266.00,
306679,4,11.70,39.06,
306679,1,378.42,324.70,
306679,4,24.70,85.43,
306679,5,132.13,576.57,
306679,4,117.53,428.15,
306683,2,16.25,24.84,
306683,2,63.20,97.46,
306683,3,179.34,391.66,
306684,1,116.82,103.53,
306684,9,321.93,2677.01,
306684,5,435.54,2034.26,
306684,5,154.58,721.37,
306684,4,32.70,120.32,
306684,2,122.76,211.02,
306684,5,96.58,421.58,
306684,5,126.46,572.89,
306684,3,192.37,507.36,
306684,4,130.94,476.94,
306686,5,85.57,323.00,
306686,5,99.07,392.37,
306686,2,119.18,174.30,
306686,4,32.51,103.50,
306686,2,8.08,11.53,
306686,4,426.30,1306.43,
306686,5,16.88,59.00,
306686,3,121.54,288.67,
306688,4,475.83,1593.82,
306688,4,16.65,49.78,
306688,4,111.27,348.10,
306688,3,196.80,450.36,
306688,8,17.66,103.54,
306689,4,143.64,524.26,
306689,3,11.50,33.86,
306689,6,12.38,67.16,
306689,6,118.59,656.05,
306689,4,126.32,460.18,
306689,5,91.58,428.34,
306689,3,306.81,807.67,
306689,3,12.59,35.89,
306691,6,206.64,1012.93,
306691,4,256.08,844.50,
306691,5,84.47,321.59,
306691,5,23.33,97.43,
306691,6,480.93,2443.49,
306691,2,174.59,283.09,
306691,5,63.01,262.61,
306704,3,65.39,179.61,
306704,4,11.55,42.55,
306704,4,170.54,619.41,
306704,6,118.35,681.52,
306704,3,138.62,387.45,
306710,8,240.96,1602.37,
306710,1,443.10,342.71,
306710,2,159.75,255.35,
306710,4,184.27,624.73,
306710,3,225.60,528.51,
306710,3,326.03,818.38,
306710,6,8.10,41.12,
306710,4,300.20,934.59,
306710,3,383.88,951.96,
306710,3,194.14,486.61,
306710,6,88.13,423.98,
306710,3,184.91,438.06,
306711,2,346.19,539.78,
306711,5,396.90,1567.52,
306711,2,180.40,258.38,
306711,3,7.38,16.19,
306712,3,101.09,267.54,
306712,5,289.49,1216.00,
306712,2,192.72,351.60,
306712,4,292.01,1005.37,
306712,7,80.23,518.02,
306712,2,480.42,882.70,
306712,5,104.93,506.98,
306716,2,145.07,270.74,
306716,5,288.54,1265.10,
306716,5,394.80,1734.91,
306716,2,36.00,62.92,
306716,2,96.96,168.84,
306716,5,261.84,1192.21,
306716,2,213.61,360.30,
306716,5,30.16,137.91,
306718,4,294.53,1070.02,
306718,8,322.25,2172.30,
306718,2,24.58,43.66,
306718,3,150.94,377.55,
306722,3,132.79,336.12,
306722,9,462.57,3179.84,
306722,3,337.68,846.44,
306723,3,36.10,88.61,
306723,6,21.60,100.73,
306723,5,342.72,1374.27,
306723,4,48.56,152.39,
306723,4,391.86,1308.76,
306723,5,259.92,1049.13,
306723,3,528.87,1383.53,
306724,6,292.95,1286.54,
306724,4,188.60,589.03,
306724,7,106.55,584.14,
306724,6,122.25,556.31,
306728,3,90.82,200.62,
306728,7,121.89,680.69,
306728,4,294.53,912.50,
306728,2,8.42,12.21,
306730,6,479.91,2531.61,
306730,5,134.38,596.71,
306730,2,8.26,14.65,
306730,3,45.23,124.07,
306730,3,188.85,473.09,
306731,1,471.75,363.02,
306731,3,261.60,596.96,
306731,2,188.85,296.99,
306731,4,65.51,221.15,
306733,5,25.32,110.42,
306733,5,218.74,959.27,
306733,2,119.06,195.99,
306733,6,287.60,1544.77,
306733,3,40.91,106.19,
306734,3,33.00,90.20,
306734,3,58.44,156.15,
306734,1,32.04,27.61,
306734,4,35.18,129.91,
306734,7,65.76,430.49,
306737,3,533.46,1410.17,
306737,4,445.62,1525.23,
306737,3,56.79,160.04,
306738,3,25.99,62.42,
306738,9,8.18,67.76,
306738,3,418.32,1054.64,
306738,4,478.89,1594.50,
306738,2,36.10,61.17,
306741,5,487.05,2302.00,
306741,4,13.14,48.15,
306741,5,13.39,58.54,
306741,5,64.66,278.99,
306741,5,186.96,801.54,
306741,1,338.31,298.76,
306741,5,206.44,964.32,
306741,5,25.73,117.16,
306741,8,140.71,1074.32,
306741,3,56.67,143.86,
306741,8,114.58,879.81,
306742,4,80.15,255.33,
306742,9,400.68,2846.05,
306742,4,180.05,583.50,
306742,3,8.20,20.74,
306742,7,76.85,430.40,
306742,7,462.57,2661.77,
306743,2,86.11,126.41,
306743,3,48.51,112.09,
306743,1,16.25,12.07,
306743,3,19.49,48.06,
306743,2,25.20,38.59,
306743,10,124.74,962.02,
306743,2,536.01,780.29,
306743,6,18.31,82.72,
306743,4,25.99,79.28,
306743,4,178.29,545.37,
306745,5,217.10,885.44,
306745,4,466.14,1372.81,
306745,5,47.07,188.81,
306745,5,85.17,304.59,
306745,3,452.76,1086.85,
306745,3,85.57,165.42,
306745,4,13.23,38.24,
306747,4,283.82,866.46,
306747,3,123.90,297.07,
306747,4,464.10,1547.66,
306747,5,184.10,751.60,
306747,3,548.76,1290.62,
306747,6,129.09,612.84,
306747,1,485.01,357.16,
306747,1,44.24,34.54,
306747,5,134.38,553.64,
306747,4,7.83,25.20,
306747,9,431.76,3045.87,
306747,4,47.07,145.19,
306747,7,88.99,496.63,
306747,6,401.52,1868.43,
306748,6,130.68,659.47,
306748,2,31.09,56.53,
306748,4,453.60,1637.83,
306748,6,156.10,846.30,
306748,3,182.16,479.52,
306750,4,18.40,60.83,
306750,4,112.81,371.43,
306750,2,131.21,211.34,
306750,5,13.39,58.21,
306750,3,489.09,1273.52,
306750,4,12.19,43.33,
306750,7,383.04,2449.55,
306750,1,11.75,11.08,
306750,2,25.87,47.55,
306752,6,16.72,72.40,
306752,3,464.10,1084.52,
306752,2,12.64,18.46,
306759,7,18.18,116.98,
306759,4,17.42,59.13,
306759,5,33.99,153.70,
306759,2,430.50,773.78,
306759,7,219.35,1439.16,
306759,3,186.74,493.07,
306759,2,24.60,42.77,
306759,9,128.30,1102.19,
306759,3,186.38,510.21,
306759,3,63.44,184.46,
306759,6,313.11,1790.93,
306759,7,124.96,822.23,
306759,4,321.30,1165.44,
306759,4,193.25,692.49,
306760,4,88.22,317.57,
306760,4,13.58,47.86,
306760,4,162.34,564.67,
306760,5,47.43,210.44,
306760,7,12.03,75.80,
306760,4,293.27,1007.94,
306760,2,135.70,234.96,
306760,8,166.14,1220.72,
306760,5,8.74,39.58,
306760,2,31.85,52.36,
306761,3,160.82,397.88,
306761,3,25.92,69.85,
306761,6,345.24,1772.36,
306761,5,210.54,941.10,
306763,4,174.06,618.07,
306763,7,389.34,2259.25,
306763,3,106.67,286.58,
306763,3,161.39,453.94,
306763,7,193.73,1177.86,
306763,4,200.90,785.41,
306763,3,553.35,1453.06,
306763,4,75.67,276.46,
306764,4,144.25,434.93,
306764,3,7.22,16.55,
306764,4,163.25,547.06,
306764,3,18.22,41.03,
306764,2,143.48,222.15,
306764,7,26.35,132.09,
306764,1,508.47,410.04,
306764,4,412.86,1273.18,
306764,3,12.48,28.89,
306764,1,18.27,14.40,
306764,6,258.48,1116.39,
306764,6,109.74,472.64,
306764,3,13.25,27.84,
306764,3,66.06,155.95,
306764,3,432.18,968.95,
306765,3,33.99,93.21,
306765,3,18.65,49.09,
306765,6,8.59,49.22,
306765,2,126.46,226.29,
306765,6,13.73,73.61,
306765,5,119.72,570.76,
306765,8,62.28,431.06,
306765,5,11.70,54.36,
306766,3,138.47,337.33,
306766,3,505.92,1274.82,
306766,1,22.06,17.64,
306766,5,250.08,1106.91,
306766,5,41.27,166.32,
306766,2,387.66,615.46,
306766,3,17.10,42.89,
306768,7,60.82,379.45,
306768,1,502.35,459.94,
306768,4,263.52,936.49,
306768,3,7.30,19.55,
306768,2,49.41,89.61,
306768,5,180.40,797.09,
306769,4,121.07,406.66,
306769,3,24.34,64.73,
306769,4,247.92,825.92,
306769,5,293.27,1249.28,
306769,5,11.64,50.80,
306769,3,78.66,195.60,
306772,9,24.43,192.20,
306772,8,102.14,715.60,
306772,3,127.20,321.02,
306772,4,142.43,487.33,
306772,2,132.92,234.11,
306772,4,32.31,101.87,
306774,2,45.95,81.37,
306774,3,120.52,310.86,
306774,8,42.03,303.82,
306774,6,84.00,448.14,
306774,4,7.90,27.71,
306774,4,163.68,572.99,
306774,2,112.69,204.56,
306776,5,58.26,251.32,
306776,6,164.21,843.27,
306776,8,419.16,3050.36,
306776,5,162.34,655.69,
306776,5,64.90,270.29,
306778,5,194.75,754.02,
306778,2,157.17,247.50,
306778,4,199.06,666.18,
306778,4,12.34,40.72,
306778,1,128.83,96.48,
306778,7,49.05,281.23,
306778,5,60.45,247.86,
306778,6,114.58,559.38,
306778,2,72.38,121.18,
306778,4,164.31,469.33,
306778,6,55.57,261.96,
306780,7,121.78,759.85,
306780,6,83.84,462.39,
306780,3,486.54,1322.08,
306780,6,73.95,405.62,
306780,4,164.16,621.76,
306780,2,176.70,324.39,
306780,2,25.25,43.83,
306780,4,34.85,127.14,
306780,4,13.16,49.15,
306782,8,7.95,57.28,
306782,2,12.66,21.46,
306782,1,487.56,369.84,
306782,3,323.82,734.99,
306782,3,138.34,343.36,
306782,3,333.27,781.98,
306782,3,16.38,36.85,
306785,6,7.43,33.98,
306785,2,461.58,708.22,
306785,3,159.28,359.65,
306785,4,241.68,703.19,
306786,4,61.92,198.52,
306786,2,34.22,50.77,
306786,1,61.79,49.60,
306786,4,341.46,911.83,
306786,4,34.91,107.10,
306790,1,495.21,401.68,
306790,3,19.39,44.75,
306790,3,48.87,115.46,
306790,1,47.79,35.60,
306790,3,168.43,374.21,
306790,3,323.82,716.59,
306790,6,407.40,1900.10,
306792,6,23.16,120.10,
306792,2,223.92,391.89,
306792,5,558.45,2590.14,
306792,3,166.50,451.10,
306792,7,94.37,549.27,
306793,6,220.58,1052.68,
306793,5,13.11,52.64,
306793,2,213.61,321.89,
306793,4,34.82,110.22,
306793,6,332.96,1494.39,
306793,6,33.36,163.10,
306793,4,35.67,116.86,
306793,3,164.16,437.71,
306793,4,559.47,1746.62,
306793,7,460.02,2608.74,
306793,4,260.16,773.09,
306793,6,43.16,199.16,
306794,3,79.44,213.94,
306794,5,8.65,35.50,
306794,3,169.66,450.39,
306794,5,556.92,2525.86,
306794,4,8.48,28.93,
306794,1,515.10,441.91,
306794,5,75.05,320.96,
306794,5,101.66,417.96,
306794,2,125.55,219.61,
306796,4,551.31,1880.67,
306796,2,19.67,31.55,
306796,4,7.36,25.06,
306796,4,43.47,131.55,
306796,6,30.89,162.73,
306796,4,469.20,1520.15,
306796,2,33.46,54.84,
306796,6,404.46,1918.94,
306796,4,64.36,204.04,
306797,3,214.23,550.70,
306797,2,78.42,128.95,
306797,6,302.40,1442.30,
306797,1,56.36,48.17,
306797,6,90.62,469.90,
306797,4,59.48,190.51,
306797,6,7.85,37.75,
306797,5,191.06,792.52,
306797,5,85.49,340.07,
306797,7,237.60,1396.30,
306799,2,85.33,140.79,
306799,1,11.84,10.71,
306799,3,12.56,31.14,
306799,5,143.09,601.79,
306799,5,7.43,30.58,
306801,5,24.46,104.32,
306801,3,479.40,1270.48,
306801,6,206.44,1092.69,
306801,5,380.52,1685.61,
306801,4,36.27,123.17,
306801,3,33.30,86.48,
306801,3,62.16,165.02,
306801,6,58.26,305.42,
306801,7,234.24,1416.65,
306801,1,25.63,22.07,
306801,3,17.32,47.06,
306801,5,123.07,536.66,
306801,4,396.90,1379.98,
306802,6,13.28,74.20,
306802,3,13.28,35.72,
306802,5,63.01,283.04,
306802,9,41.99,352.69,
306802,3,174.42,491.55,
306802,2,326.03,569.70,
306805,2,40.86,69.80,
306805,3,13.09,35.51,
306805,3,122.13,315.70,
306805,3,71.91,194.12,
306805,4,319.10,1164.34,
306805,5,440.58,2171.23,
306805,3,309.65,862.89,
306805,6,35.97,187.17,
306805,1,12.29,11.19,
306805,7,62.46,382.74,
306805,8,65.51,484.21,
306805,4,24.62,98.40,
306805,2,227.04,444.64,
306808,10,171.25,1472.60,
306808,5,114.70,451.07,
306808,3,224.40,588.57,
306809,4,58.74,229.89,
306809,2,114.81,213.87,
306809,4,298.62,1066.56,
306809,5,168.26,792.29,
306809,6,7.40,40.63,
306810,2,147.59,263.70,
306810,8,526.83,3673.53,
306810,2,33.69,62.65,
306810,3,36.10,90.79,
306810,4,56.79,209.34,
306810,4,466.14,1658.29,
306810,5,136.75,651.59,
306810,6,325.71,1763.71,
306811,3,199.26,463.02,
306811,8,17.15,96.94,
306811,3,121.30,274.23,
306811,5,47.30,178.68,
306811,4,459.51,1460.39,
306811,7,158.75,838.19,
306811,4,254.16,786.51,
306811,9,31.28,198.00,
306811,3,92.93,208.96,
306811,3,12.84,29.21,
306812,6,327.29,1584.69,
306812,3,219.97,568.79,
306812,3,399.00,1050.92,
306812,5,71.51,307.20,
306812,4,115.52,424.59,
306814,3,211.97,539.95,
306814,5,24.79,114.28,
306814,6,8.24,43.62,
306814,2,172.13,308.61,
306814,9,417.90,3276.81,
306814,4,246.24,862.54,
306815,4,82.90,269.09,
306815,3,535.50,1399.20,
306815,6,34.16,175.85,
306815,5,125.32,536.02,
306817,3,90.82,216.20,
306817,8,42.66,272.08,
306817,6,12.84,63.00,
306817,4,192.72,632.45,
306817,3,151.39,362.53,
306817,2,196.60,316.79,
306817,3,143.62,349.92,
306818,4,211.15,804.91,
306818,4,401.94,1401.92,
306818,5,89.86,386.39,
306818,5,87.36,362.50,
306821,3,134.51,324.80,
306821,2,162.27,270.72,
306821,4,439.32,1446.77,
306821,4,45.14,142.64,
306822,8,124.08,732.02,
306822,8,481.44,3083.01,
306822,3,46.94,104.22,
306822,3,43.07,101.31,
306824,3,45.36,123.03,
306824,6,17.06,83.93,
306824,7,63.32,384.26,
306824,4,64.23,212.28,
306826,3,152.00,427.83,
306826,2,24.31,43.94,
306826,7,160.34,1020.35,
306829,4,57.10,177.93,
306829,3,13.06,32.55,
306829,3,314.06,776.95,
306829,6,32.14,153.83,
306829,5,7.90,31.44,
306829,6,325.71,1554.90,
306829,2,34.42,57.45,
306829,4,124.49,418.54,
306829,5,130.02,515.67,
306829,6,551.31,2536.52,
306832,2,213.00,372.37,
306832,2,19.04,35.21,
306832,2,16.20,28.38,
306832,3,226.80,601.22,
306832,4,17.44,67.64,
306832,3,8.05,21.81,
306832,3,186.55,484.66,
306832,5,19.08,85.57,
306832,5,513.06,2166.01,
306832,5,30.99,129.39,
306832,4,45.63,153.86,
306832,2,78.34,134.70,
306832,4,19.26,75.36,
306833,6,138.47,733.99,
306833,3,485.01,1268.49,
306833,6,17.55,91.81,
306833,6,35.81,189.02,
306833,6,56.85,282.16,
306833,1,164.74,137.24,
306834,7,398.58,2149.31,
306834,3,41.76,90.77,
306834,4,216.28,649.45,
306834,4,45.36,137.64,
306834,3,30.59,70.50,
306834,4,237.60,748.39,
306836,6,16.96,81.63,
306836,3,336.11,753.60,
306836,4,19.37,62.90,
306836,2,417.06,642.19,
306836,3,98.50,271.24,
306836,3,218.16,531.74,
306837,4,388.50,1266.98,
306837,2,214.02,342.64,
306837,3,73.48,169.45,
306842,6,291.69,1615.10,
306842,5,165.07,699.85,
306842,3,345.87,800.22,
306842,1,11.96,9.95,
306842,6,126.98,590.68,
306842,3,116.70,267.75,
306842,7,128.03,769.46,
306842,4,76.54,245.27,
306842,3,75.12,186.16,
306843,1,61.18,46.67,
306843,6,48.20,218.79,
306843,8,168.08,1046.26,
306843,5,170.19,618.78,
306843,3,59.96,136.05,
306843,4,8.31,24.24,
306843,3,59.54,139.69,
306843,3,414.54,930.80,
306843,5,11.76,43.73,
306843,3,219.60,545.69,
306843,4,165.38,461.09,
306843,6,36.10,159.61,
306843,3,136.80,304.98,
306843,2,56.43,73.60,
306843,7,49.28,267.91,
306844,4,24.29,85.66,
306844,4,18.16,63.18,
306844,4,57.83,205.84,
306844,3,8.78,22.50,
306844,4,514.59,1874.71,
306844,2,16.34,30.98,
306845,2,34.82,58.67,
306845,3,7.68,19.54,
306845,2,142.88,219.60,
306845,4,470.73,1491.85,
306845,2,13.70,21.99,
306845,7,78.26,440.42,
306845,5,121.57,502.34,
306845,4,458.64,1588.98,
306845,3,31.45,78.07,
306845,4,195.57,691.15,
306845,4,99.07,305.60,
306845,6,140.60,667.90,
306846,4,175.65,600.98,
306846,4,33.13,105.43,
306846,4,326.66,1004.71,
306846,2,439.74,744.08,
306847,2,264.00,413.71,
306847,3,128.04,333.07,
306847,8,7.42,48.00,
306847,5,55.14,227.77,
306847,4,22.49,74.54,
306847,5,178.46,740.81,
306847,8,95.33,606.33,
306847,2,126.98,230.85,
306847,6,200.70,1112.19,
306847,3,384.72,939.48,
306847,5,514.08,2141.38,
306848,5,391.44,1405.89,
306848,1,24.70,20.32,
306848,4,137.02,408.71,
306848,4,84.94,262.77,
306848,4,58.68,172.02,
306848,5,58.62,206.14,
306848,3,86.98,199.34,
306848,3,289.80,681.29,
306852,2,16.88,28.19,
306852,6,181.63,913.97,
306852,2,447.30,764.73,
306852,1,86.69,68.39,
306852,3,30.26,70.48,
306852,3,18.50,45.99,
306852,5,80.38,323.91,
306852,4,11.49,37.75,
306852,4,101.47,333.17,
306854,4,32.67,121.39,
306854,8,73.32,500.96,
306854,1,19.10,17.34,
306856,5,113.28,464.20,
306856,4,177.23,597.30,
306856,5,315.00,1417.33,
306857,2,23.71,41.13,
306857,5,331.38,1443.37,
306857,5,404.46,1692.65,
306857,3,57.52,153.10,
306857,5,11.73,51.74,
306857,9,108.21,878.22,
306858,7,80.93,472.71,
306858,2,22.85,39.67,
306858,4,479.40,1590.55,
306858,3,548.76,1432.29,
306860,8,390.60,2540.56,
306860,3,420.84,932.32,
306860,3,22.97,51.55,
306860,3,196.60,399.23,
306860,3,540.09,1161.17,
306860,4,18.43,58.14,
306861,2,474.30,839.34,
306861,7,7.87,50.70,
306861,3,296.42,851.72,
306861,7,36.07,207.86,
306861,2,12.90,21.58,
306861,7,83.21,501.57,
306861,4,23.81,80.72,
306861,4,308.07,1110.13,
306861,3,7.63,19.14,
306861,3,47.12,118.43,
306861,6,7.77,39.41,
306861,3,502.35,1319.67,
306862,3,189.42,472.35,
306862,6,486.03,2617.69,
306868,5,237.60,1065.16,
306868,4,64.29,215.23,
306868,5,331.70,1466.15,
306868,6,221.61,1095.42,
306868,4,505.41,1714.20,
306868,3,24.91,64.88,
306868,4,330.12,1172.51,
306868,3,8.15,22.11,
306868,3,121.89,334.59,
306868,3,76.69,197.72,
306868,1,221.28,187.76,
306869,2,34.75,49.63,
306869,6,456.96,2232.13,
306869,2,208.08,327.60,
306869,3,160.51,373.24,
306869,4,42.30,114.89,
306869,6,74.50,327.47,
306869,4,137.41,377.56,
306869,4,7.40,22.06,
306869,2,427.98,623.44,
306869,8,7.78,47.33,
306869,4,78.58,234.43,
306869,4,8.72,25.51,
306870,3,84.78,216.31,
306870,6,78.11,415.18,
306870,2,35.71,64.30,
306870,4,306.18,1088.29,
306870,3,309.65,812.16,
306870,2,18.36,33.77,
306870,5,12.85,54.67,
306870,5,166.44,751.47,
306870,6,143.62,680.53,
306870,2,161.27,275.40,
306870,2,59.90,102.61,
306870,5,165.53,749.04,
306870,4,77.87,272.98,
306871,2,55.69,96.01,
306871,5,560.49,2297.52,
306871,6,193.25,874.62,
306871,2,314.69,483.71,
306871,4,155.19,493.82,
306871,4,34.22,112.36,
306872,5,46.17,184.43,
306872,4,95.90,311.53,
306872,4,11.80,37.70,
306872,3,198.65,501.19,
306872,2,8.60,13.35,
306873,1,33.63,26.97,
306873,5,17.44,72.56,
306874,2,409.50,748.50,
306874,6,338.31,1912.24,
306874,4,42.21,159.80,
306874,6,321.62,1786.67,
306874,6,504.39,2694.40,
306875,3,17.93,47.41,
306875,5,229.92,1054.10,
306875,3,7.22,20.40,
306875,2,181.46,324.71,
306875,4,13.68,52.84,
306875,7,468.18,2947.97,
306875,2,75.52,138.67,
306876,4,444.36,1532.46,
306876,2,86.11,140.79,
306876,2,508.98,769.60,
306876,3,22.94,57.06,
306876,3,113.52,256.81,
306876,3,8.05,17.58,
306876,4,188.50,608.17,
306876,6,16.87,80.39,
306876,4,156.41,496.51,
306877,1,63.75,58.86,
306877,2,17.48,32.14,
306877,4,344.93,1189.74,
306877,4,17.42,60.54,
306878,2,475.83,914.09,
306878,6,333.90,1719.66,
306878,5,64.54,311.46,
306878,3,30.82,87.36,
306878,8,111.39,758.03,
306878,2,112.81,209.34,
306878,3,41.85,111.92,
306878,3,17.91,47.49,
306878,2,301.77,557.70,
306878,4,31.42,117.08,
306878,1,255.36,240.99,
306878,2,88.22,170.85,
306879,5,84.54,342.74,
306879,4,504.39,1624.79,
306879,5,307.76,1127.41,
306879,3,140.98,327.43,
306879,4,100.03,304.71,
306881,4,59.05,196.70,
306881,2,18.47,31.57,
306881,7,13.68,72.02,
306881,4,176.70,580.03,
306882,2,8.74,15.59,
306882,1,13.30,12.65,
306882,3,108.09,315.68,
306882,3,491.64,1342.86,
306882,3,127.25,342.15,
306882,2,118.59,221.21,
306882,5,137.26,613.50,
306882,3,380.10,996.75,
306882,2,56.00,97.78,
306882,3,59.05,159.46,
306884,4,485.01,1614.16,
306884,3,41.31,106.16,
306884,5,427.14,1919.58,
306884,4,12.44,41.04,
306884,3,65.33,170.19,
306884,5,470.22,2321.17,
306885,5,154.89,706.25,
306885,4,44.51,158.47,
306885,7,23.28,139.64,
306885,1,22.22,22.18,
306885,3,258.00,703.44,
306885,4,153.52,529.33,
306885,3,61.49,167.69,
306885,6,180.75,941.86,
306885,4,62.71,223.11,
306889,6,16.88,85.37,
306889,3,18.34,46.82,
306889,4,8.24,27.86,
306889,3,95.81,246.82,
306889,4,122.76,423.06,
306892,6,140.18,701.75,
306892,4,181.63,628.47,
306892,3,95.42,243.45,
306892,2,99.36,171.48,
306892,6,155.80,781.81,
306892,2,146.98,259.11,
306898,2,120.12,190.96,
306898,2,24.29,36.25,
306898,3,45.32,115.68,
306898,4,18.04,54.35,
306898,5,103.68,395.01,
306898,1,7.57,5.75,
306898,3,178.82,403.91,
306898,3,18.50,41.71,
306898,5,145.46,565.82,
306900,4,193.32,673.92,
306900,3,262.80,665.97,
306900,3,388.50,877.42,
306900,4,17.51,55.96,
306900,4,134.38,405.37,
306900,3,442.68,1073.91,
306900,3,19.19,44.06,
306901,6,343.04,1826.31,
306901,5,232.80,1080.27,
306901,4,12.35,44.89,
306901,2,132.00,228.88,
306901,3,263.52,709.95,
306901,4,181.46,696.06,
306901,6,19.08,95.22,
306901,8,90.14,658.82,
306904,4,157.32,548.81,
306904,2,35.57,61.40,
306904,4,46.35,162.59,
306906,3,468.69,1307.58,
306906,2,516.12,918.78,
306906,6,253.68,1352.44,
306906,4,12.08,43.59,
306906,4,43.74,155.35,
306906,4,24.48,86.81,
306907,4,226.32,703.82,
306907,5,319.41,1229.21,
306907,6,557.94,2368.15,
306907,2,203.98,316.20,
306907,2,323.19,473.10,
306907,4,92.26,297.26,
306907,7,18.65,95.65,
306912,1,341.46,295.69,
306912,4,553.35,1930.05,
306913,5,128.62,550.56,
306913,2,227.04,412.28,
306913,5,12.00,54.97,
306914,5,8.58,33.07,
306914,3,18.90,45.82,
306914,7,7.80,46.38,
306914,1,326.03,251.49,
306914,3,190.43,451.93,
306914,3,8.16,20.05,
306914,3,154.58,360.81,
306914,4,254.88,829.15,
306914,4,88.13,285.00,
306914,4,70.96,237.10,
306914,3,45.27,117.69,
306914,4,509.49,1554.52,
306916,5,381.36,1499.34,
306916,4,289.80,1002.17,
306916,5,83.21,360.08,
306916,1,486.03,421.92,
306916,4,8.76,26.25,
9306916,-4,289.80,-1002.17,
9306916,-5,83.21,-360.08,
306917,8,107.26,749.42,
306917,3,89.47,220.32,
306917,4,35.48,122.65,
306917,4,129.80,464.54,
306917,5,34.09,153.77,
306917,5,143.48,656.58,
306917,3,303.03,770.14,
306917,1,421.68,362.91,
306918,9,13.56,91.18,
306918,5,254.88,1107.51,
306918,3,320.99,795.40,
306918,1,62.28,46.97,
306922,3,94.75,199.46,
306922,4,314.06,977.85,
306922,3,483.99,1232.03,
306922,4,8.46,26.64,
306922,2,186.91,280.71,
306927,5,24.86,108.63,
306927,5,13.24,59.41,
306927,3,167.20,420.76,
306927,3,93.22,244.07,
306929,10,66.49,617.13,
306929,4,250.08,913.52,
306929,5,451.50,2057.30,
306929,6,82.50,441.59,
306929,3,502.35,1322.12,
306929,5,235.20,1058.97,
306929,1,13.38,12.20,
306929,7,12.21,74.60,
306929,5,13.03,58.70,
306929,4,140.45,512.28,
306929,3,80.15,209.72,
306929,7,414.54,2711.03,
306931,7,139.66,899.09,
306931,6,25.58,118.09,
306931,3,82.11,188.77,
306931,4,23.04,82.14,
306931,7,19.69,122.83,
306931,5,329.49,1408.85,
306932,6,237.60,1123.54,
306932,5,8.06,31.70,
306932,4,304.29,926.20,
306933,8,46.58,353.55,
306933,5,192.91,819.96,
306933,2,89.66,155.27,
306933,6,253.92,1356.55,
306933,6,144.70,785.48,
306933,3,132.13,362.76,
306933,6,35.81,170.84,
306933,3,433.44,1124.58,
306933,3,298.94,789.24,
306933,1,143.34,122.19,
306933,3,34.65,91.12,
306933,4,204.18,678.03,
306933,4,135.30,455.78,
306933,3,118.35,316.74,
306933,3,451.92,1214.52,
306934,5,216.07,732.71,
306934,4,7.87,24.49,
306934,6,137.15,645.79,
306934,4,166.67,584.47,
306934,5,57.52,216.66,
306934,5,547.23,2137.71,
306934,4,119.30,381.94,
306934,3,161.04,353.78,
306934,2,34.75,49.99,
306934,4,413.28,1272.76,
306934,3,147.14,331.84,
306934,6,127.44,599.05,
306934,4,47.52,140.43,
306934,5,491.64,1912.09,
306935,1,258.72,211.57,
306935,3,322.56,809.46,
306935,4,410.34,1454.60,
306935,5,338.94,1485.40,
306935,4,81.01,281.01,
306935,1,332.96,266.47,
306935,4,12.46,42.11,
306935,7,322.88,1905.09,
306935,4,86.59,299.87,
306935,6,133.98,688.58,
306935,5,7.26,34.15,
306935,2,99.26,172.72,
306935,5,35.64,154.76,
306936,7,147.59,711.27,
306936,2,395.64,626.58,
306936,6,188.14,830.67,
306936,5,139.39,568.37,
306936,4,422.52,1249.64,
306936,4,225.36,691.58,
306936,6,345.24,1565.37,
306936,3,8.02,19.43,
306941,4,303.03,953.32,
306941,3,491.64,1222.72,
306941,2,192.29,304.97,
306941,4,8.25,26.55,
306941,8,296.42,1824.25,
306943,3,34.06,91.31,
306943,3,323.82,874.70,
306943,6,527.85,2827.03,
306943,2,178.99,328.01,
306943,3,143.48,376.60,
306945,2,162.94,278.39,
306945,4,59.48,216.22,
306945,3,30.92,83.47,
306945,7,18.05,113.55,
306945,6,424.20,2220.49,
306945,4,81.80,297.90,
306946,6,250.08,1425.09,
306946,3,46.94,120.47,
306946,4,448.14,1556.27,
306946,6,17.01,89.36,
306946,5,16.60,78.87,
306946,4,263.52,922.17,
306946,4,100.32,348.87,
306946,2,184.91,330.27,
306946,2,35.57,56.78,
306946,5,230.88,1062.02,
306946,2,149.57,271.25,
306946,6,24.14,132.69,
306949,4,155.04,473.13,
306949,5,247.92,981.73,
306949,4,251.76,782.59,
306949,6,141.77,642.95,
306949,3,417.48,990.21,
306949,4,138.17,389.15,
306949,3,120.38,277.75,
306949,3,86.50,193.71,
306949,3,292.64,727.13,
306949,2,294.21,441.27,
306950,8,184.91,1261.76,
306950,2,85.17,150.29,
306950,4,515.61,1894.87,
306950,2,30.53,54.30,
306951,2,7.41,10.87,
306951,2,18.58,29.72,
306951,4,22.68,73.87,
306951,4,64.54,202.26,
306951,6,97.54,445.50,
306952,6,219.84,1150.85,
306952,5,13.48,59.14,
306956,3,22.99,60.58,
306956,5,163.86,752.81,
306956,3,214.84,581.26,
306960,8,200.70,1309.00,
306960,4,434.28,1505.28,
306960,2,78.11,137.70,
306960,6,152.15,765.20,
306960,5,18.14,73.91,
306960,5,99.07,407.59,
306960,3,62.53,154.85,
306967,2,210.54,350.03,
306967,8,169.31,1094.74,
306967,6,76.62,375.33,
306967,5,166.67,726.58,
306967,6,178.46,894.43,
306968,2,26.18,38.76,
306968,3,189.38,411.83,
306968,7,31.65,177.54,
306968,1,144.94,120.52,
306968,4,35.71,115.77,
306968,3,136.80,313.73,
306968,6,19.46,89.34,
306968,5,300.20,1180.75,
306968,8,454.44,2854.16,
306968,2,224.48,351.63,
306974,4,193.25,708.67,
306974,6,344.61,1864.53,
306974,2,11.95,21.32,
306974,3,162.45,398.55,
306977,5,104.16,483.19,
306977,5,207.67,911.37,
306979,8,192.09,1185.49,
306979,4,147.14,452.01,
306979,4,33.63,102.09,
306979,5,12.11,45.11,
306979,5,83.76,318.81,
306979,4,174.94,576.53,
306979,1,90.72,69.62,
306979,4,145.31,454.19,
306979,3,142.58,334.67,
306979,2,437.64,656.66,
306979,6,19.48,93.73,
306979,2,155.80,223.61,
306979,4,25.20,73.83,
306979,7,88.03,423.93,
306980,4,419.58,1457.65,
306980,1,128.70,112.73,
306980,4,92.26,341.12,
306980,2,505.92,891.40,
306980,5,97.25,409.91,
306980,3,72.30,202.12,
306981,3,13.58,31.24,
306981,2,24.02,38.08,
306982,3,546.21,1310.26,
306982,4,405.30,1341.07,
306982,6,440.58,2257.06,
306985,3,30.89,80.53,
306985,5,47.79,205.20,
306985,8,13.45,88.21,
306985,5,121.30,494.17,
306985,5,174.42,680.71,
306985,7,488.58,2586.32,
306985,4,34.85,111.56,
306990,3,225.60,487.26,
306990,2,230.40,366.69,
306990,2,33.86,56.80,
306990,2,45.09,73.28,
306990,4,58.26,175.44,
306990,4,307.44,985.03,
306992,6,467.16,2489.05,
306992,2,121.84,210.90,
306992,5,210.33,985.40,
306992,7,46.04,279.88,
306992,6,131.21,764.47,
306992,5,142.43,663.40,
306992,3,469.20,1198.65,
306992,5,486.03,2202.86,
306992,4,22.18,77.48,
306992,4,163.86,645.21,
306992,3,240.96,661.12,
306995,3,142.43,331.60,
306995,5,240.00,960.56,
306995,5,241.20,949.41,
306995,4,401.52,1394.69,
306996,5,34.72,154.19,
306996,3,193.60,540.71,
306996,3,19.28,50.28,
306996,7,46.53,274.73,
306996,5,202.13,918.04,
306996,3,47.12,125.37,
306996,3,61.92,157.98,
306996,2,32.51,57.26,
306996,5,141.64,612.77,
306996,2,129.21,228.16,
306996,2,116.94,208.36,
306996,1,286.02,245.85,
306996,5,96.00,424.08,
306996,10,417.48,3661.13,
306996,4,19.75,68.62,
306998,4,127.78,375.08,
306998,7,84.15,468.83,
306998,5,125.66,482.10,
306998,1,555.90,401.52,
306998,3,307.44,684.63,
306998,2,285.08,441.90,
306998,4,426.30,1174.52,
306998,4,181.81,565.50,
306998,4,527.85,1556.85,
307000,5,89.86,342.71,
307000,3,218.40,524.52,
307000,6,318.15,1385.44,
307000,4,103.01,312.05,
307000,4,117.17,351.29,
307001,4,7.31,24.97,
307001,6,462.06,2342.97,
307001,4,163.86,522.65,
307001,2,132.92,240.08,
307001,3,16.43,42.15,
307001,4,85.09,299.64,
307002,4,334.22,989.01,
307002,2,73.01,111.74,
307002,3,317.21,712.01,
307002,2,60.39,95.74,
307002,7,7.54,40.18,
307002,7,24.29,144.34,
307003,4,8.26,25.42,
307003,5,73.95,258.41,
307003,3,17.59,39.25,
307003,6,120.24,521.72,
307006,7,418.74,2544.55,
307006,5,40.91,187.78,
307006,3,63.62,164.64,
307006,7,105.12,690.70,
307007,4,219.56,686.82,
307007,6,18.49,88.98,
307007,3,8.47,19.72,
307007,1,140.18,101.77,
307007,5,76.62,294.71,
307008,6,49.28,247.65,
307008,4,21.84,76.63,
307008,7,159.10,971.51,
307008,4,84.62,283.22,
307008,7,460.32,2935.53,
307008,5,248.40,1092.46,
307008,3,309.65,833.13,
307008,8,25.37,199.75,
307010,6,73.24,383.44,
307010,4,123.16,451.30,
307010,8,236.88,1748.09,
307012,8,59.84,430.19,
307012,3,33.26,85.38,
307012,4,44.33,155.53,
307012,5,7.54,31.41,
307012,3,156.26,411.37,
307012,3,508.98,1400.57,
307012,5,93.22,426.91,
307012,6,150.94,756.20,
307013,3,31.68,78.46,
307013,4,193.93,634.92,
307013,6,120.83,563.83,
307013,8,438.06,2801.56,
307016,3,190.43,413.65,
307016,4,125.32,363.15,
307016,2,158.69,240.33,
307016,3,152.61,334.04,
307016,8,17.55,109.32,
307016,5,199.06,788.64,
307017,8,533.46,3605.65,
307017,4,167.05,567.54,
307017,4,33.76,99.64,
307017,4,126.97,411.49,
307017,3,12.20,27.77,
307020,6,429.24,2259.10,
307020,4,11.95,41.30,
307020,5,133.72,624.58,
307020,6,311.54,1723.21,
307020,4,333.90,1180.02,
307020,2,224.68,377.37,
307020,5,55.51,250.50,
307020,3,323.19,857.24,
307020,3,119.18,327.64,
307020,4,165.79,586.91,
307021,4,12.21,42.06,
307021,2,332.33,534.79,
307021,4,519.69,1703.90,
307021,6,242.88,1182.25,
307021,2,73.79,113.79,
307025,4,393.96,1267.50,
307025,2,302.72,489.47,
307025,3,95.33,258.84,
307025,9,85.57,650.37,
307025,4,88.80,297.25,
307025,4,494.70,1580.42,
307026,4,254.64,925.57,
307026,1,85.80,76.67,
307026,2,550.80,963.57,
307026,4,225.30,810.33,
307026,3,240.00,659.12,
307031,3,12.84,36.31,
307031,2,120.83,216.10,
307031,5,125.20,519.75,
307031,4,73.87,262.08,
307031,7,327.60,1910.76,
307031,6,13.60,73.65,
307031,2,166.50,299.82,
307031,4,214.02,770.42,
307031,6,77.79,407.63,
307034,5,32.64,150.52,
307034,8,415.80,2939.89,
307034,1,12.65,11.54,
307034,4,62.89,197.76,
307034,7,12.80,79.91,
307036,4,129.89,443.14,
307036,5,162.34,653.76,
307036,4,66.73,209.45,
307036,4,96.58,326.14,
307036,4,44.51,140.60,
307036,5,477.87,2016.54,
307036,4,244.08,740.86,
307036,4,98.88,321.62,
307036,3,158.38,391.45,
307037,7,8.30,45.73,
307037,3,216.69,553.78,
307037,3,24.14,62.79,
307037,3,66.92,172.66,
307037,3,415.38,1014.42,
307037,3,164.92,405.14,
307039,5,340.83,1556.12,
307039,7,191.14,1203.20,
307039,2,209.92,409.93,
307039,2,159.10,300.99,
307039,3,66.12,180.06,
307040,4,459.06,1397.05,
307040,5,132.13,469.48,
307040,4,55.57,187.18,
307040,5,7.62,29.58,
307040,7,129.21,690.68,
307040,8,383.88,2256.51,
307040,2,82.97,126.73,
307040,3,8.21,17.55,
307041,3,13.73,34.16,
307041,6,437.64,2290.78,
307041,3,145.31,392.74,
307041,4,40.77,140.64,
307041,5,252.00,1181.15,
307041,6,17.68,96.71,
307042,4,43.70,162.40,
307042,5,473.79,2055.83,
307042,1,11.83,11.18,
307042,2,393.96,671.80,
307042,3,17.35,48.51,
307042,6,86.19,453.72,
307042,4,35.05,120.88,
307042,3,13.00,34.06,
307048,1,212.38,171.95,
307048,3,18.72,46.96,
307048,3,528.87,1326.19,
307048,3,143.94,362.96,
307048,3,214.84,538.10,
307048,2,48.92,85.57,
307048,5,393.54,1693.08,
307050,3,77.87,163.50,
307050,1,313.74,233.91,
307050,3,19.28,42.69,
307050,5,116.23,471.74,
307050,2,110.92,176.76,
307050,4,188.67,525.83,
307050,5,328.55,1135.38,
307050,2,547.23,884.65,
307053,7,171.60,1110.44,
307053,2,239.76,409.77,
307053,2,88.80,148.62,
307053,7,7.39,45.20,
307053,4,12.64,48.31,
307053,6,400.68,2104.53,
307053,4,55.51,199.02,
307053,4,35.44,121.34,
307053,9,19.40,165.53,
307054,4,74.89,262.24,
307054,4,201.93,787.99,
307054,4,12.66,44.83,
307054,2,7.26,13.14,
307054,3,59.78,166.32,
307054,4,198.44,691.03,
307054,3,24.94,68.18,
307054,2,11.61,21.02,
307054,7,117.17,750.09,
307054,4,23.76,90.80,
307057,3,140.98,314.67,
307057,3,178.99,377.18,
307057,3,220.08,530.97,
307057,2,311.54,486.30,
307057,2,428.82,657.72,
307058,5,159.98,645.44,
307058,9,71.59,555.00,
307058,3,73.01,191.72,
307058,5,17.19,69.66,
307058,7,88.99,502.94,
307058,2,461.16,779.28,
307058,4,287.91,897.82,
307058,6,220.99,1039.14,
307058,1,45.05,35.82,
307058,5,166.59,643.45,
307059,3,208.28,563.33,
307059,4,152.30,474.93,
307059,7,417.48,2468.12,
307059,3,198.65,523.36,
307059,3,11.61,32.89,
307059,2,33.26,61.43,
307059,5,158.54,729.57,
307059,3,11.86,31.11,
307059,4,13.31,45.83,
307060,5,499.80,1983.24,
307060,5,474.81,1663.58,
307060,6,477.36,1995.31,
307060,4,167.02,512.66,
307060,4,94.56,297.52,
307061,1,341.46,306.41,
307061,5,46.62,188.90,
307061,5,11.34,43.49,
307061,9,80.78,636.35,
307061,6,24.12,117.89,
307061,6,24.62,124.85,
307061,3,60.33,159.15,
307061,2,308.70,463.43,
307066,3,58.56,133.20,
307066,4,211.36,648.00,
307066,2,11.44,17.74,
307066,3,169.84,411.40,
307066,3,296.42,706.79,
307066,3,91.20,213.07,
307066,3,78.26,179.79,
307066,4,177.58,525.42,
307066,5,30.39,119.35,
307066,5,98.88,387.73,
307068,7,473.28,2813.88,
307068,4,19.40,66.18,
307068,7,162.03,883.12,
307068,4,24.62,78.48,
307068,5,303.35,1208.58,
307068,2,19.37,30.99,
307068,6,84.54,419.09,
307068,3,190.65,429.90,
9307068,-4,19.40,-66.18,
307071,4,153.67,480.45,
307071,2,62.89,101.51,
307071,4,211.36,664.58,
307071,5,524.28,2095.21,
307071,3,63.07,151.12,
307071,6,149.57,665.59,
307071,5,382.20,1693.24,
307071,7,137.68,768.34,
307071,5,137.10,546.01,
307071,7,55.08,315.16,
307071,7,222.84,1320.25,
307071,4,94.18,313.93,
307072,5,111.04,451.08,
307072,4,311.85,1075.05,
307072,6,95.33,479.89,
307072,3,45.59,122.54,
307072,3,8.32,22.03,
307072,5,7.88,37.71,
307073,5,106.91,452.63,
307073,5,304.92,1322.79,
307073,3,7.88,20.42,
307073,6,164.91,820.46,
307074,4,145.92,437.59,
307074,2,462.00,751.46,
307074,4,44.69,133.41,
307074,3,35.64,78.57,
307074,5,118.35,455.42,
307074,6,219.36,955.10,
307074,4,216.72,653.88,
307074,5,120.48,412.48,
307075,5,74.26,277.12,
307075,3,8.21,17.97,
307075,7,83.60,422.58,
307075,6,7.86,30.18,
307075,3,147.14,323.05,
307075,3,70.81,172.24,
307075,4,385.56,1050.07,
307076,6,128.27,644.09,
307076,5,332.96,1389.71,
307076,3,309.96,762.77,
307076,10,71.67,598.70,
307076,4,174.42,619.34,
307077,5,541.62,2213.88,
307077,5,474.30,1876.70,
307077,7,23.38,109.60,
307077,4,17.64,52.33,
307077,9,463.59,3380.80,
307077,5,134.38,474.85,
307077,8,186.35,1060.36,
307077,6,340.83,1553.50,
307078,5,557.43,2203.34,
307078,3,11.89,29.77,
307078,3,73.24,175.30,
307078,3,19.55,47.18,
307078,1,183.57,146.97,
307078,5,23.21,92.78,
307078,5,13.53,56.34,
307078,3,408.66,1143.53,
307078,3,23.64,56.07,
307078,5,7.43,28.23,
307078,3,12.30,28.32,
307078,4,11.41,34.37,
307080,5,125.66,491.52,
307080,2,297.99,435.47,
307080,5,100.03,384.88,
307080,4,96.48,310.06,
307080,7,455.28,2339.91,
307080,6,328.23,1456.26,
307080,4,186.56,549.90,
307080,6,139.23,645.87,
307080,3,221.81,504.84,
307081,4,25.13,90.36,
307081,1,230.64,208.44,
307081,5,59.35,268.08,
307081,4,62.04,211.63,
307081,8,239.28,1708.98,
307081,3,191.68,522.36,
307081,5,220.17,950.71,
307081,2,136.75,255.29,
307082,4,56.36,202.86,
307082,3,320.04,883.83,
307082,4,16.40,56.02,
307082,4,127.56,471.39,
307082,4,216.69,798.69,
307082,4,22.61,84.87,
307083,3,249.36,613.04,
307083,2,19.58,31.01,
307083,2,7.20,12.43,
307083,3,62.46,146.48,
307083,5,88.99,370.06,
307083,5,7.27,30.72,
307083,4,18.31,61.53,
307083,4,103.01,346.65,
307085,3,163.40,373.78,
307085,3,18.05,44.10,
307085,3,152.46,367.70,
307085,5,44.64,169.33,
307085,3,23.64,54.04,
307085,7,155.65,883.68,
307085,4,227.04,699.12,
307085,3,187.09,441.24,
307086,7,171.25,1077.85,
307086,7,45.14,263.08,
307086,3,118.83,279.48,
307087,5,11.84,53.32,
307087,2,19.08,34.89,
307087,2,74.42,127.44,
307087,1,7.72,6.65,
307087,3,115.88,287.57,
307087,6,128.27,681.91,
307088,7,176.18,979.27,
307088,4,208.90,644.73,
307088,3,60.82,148.44,
307088,3,168.26,402.22,
307088,4,327.29,1071.08,
307088,3,33.69,72.42,
307090,2,192.91,369.14,
307090,4,214.43,792.66,
307090,5,47.39,216.93,
307090,5,217.68,963.08,
307090,8,242.64,1864.79,
307090,4,191.88,709.95,
307092,9,44.69,308.31,
307092,4,24.96,74.51,
307092,5,19.12,73.31,
307092,3,11.83,25.89,
307092,5,89.38,315.73,
307092,6,44.55,206.90,
307094,1,56.55,41.91,
307094,3,156.86,306.37,
307094,6,70.73,323.14,
307094,6,134.24,548.14,
307094,5,18.68,72.93,
307094,2,88.03,136.44,
307094,5,19.76,73.75,
307094,4,64.72,200.94,
307094,5,7.23,27.18,
307094,1,139.69,106.56,
307094,6,140.84,618.25,
307095,5,158.69,727.67,
307095,3,7.50,20.06,
307095,2,461.55,743.14,
307095,2,19.62,35.59,
307095,3,74.10,192.21,
307095,4,472.26,1621.56,
307095,2,170.19,283.55,
307095,3,16.31,47.30,
307095,4,382.62,1307.85,
307095,4,323.51,1100.94,
307095,4,17.93,63.72,
307095,3,60.57,151.27,
307096,2,12.05,22.63,
307096,3,33.53,86.86,
307096,4,167.02,566.69,
307096,4,117.53,399.67,
307096,4,145.07,531.37,
307099,5,161.42,568.74,
307099,3,60.45,143.95,
307099,3,127.64,282.13,
307099,4,201.31,624.02,
307099,3,396.90,841.87,
307100,5,124.61,486.01,
307100,2,25.82,41.55,
307100,3,13.29,32.68,
307100,5,57.58,227.27,
307100,8,41.58,275.25,
307100,2,129.62,211.22,
307100,5,309.65,1239.02,
307102,2,82.74,128.80,
307102,4,516.12,1641.95,
307102,2,35.57,53.66,
307102,4,29.70,91.19,
307102,5,76.62,303.43,
307102,2,7.48,11.13,
307105,7,107.50,624.55,
307105,2,112.57,177.33,
307105,4,415.38,1336.54,
307105,1,430.50,357.28,
307105,4,392.70,1336.62,
307108,3,132.13,323.50,
307108,5,186.03,754.92,
307108,5,78.89,331.54,
307108,1,379.68,278.80,
307108,3,513.57,1231.99,
307108,3,12.68,32.42,
307108,4,121.66,353.25,
307108,1,82.90,64.16,
307109,2,154.28,252.61,
307109,8,262.08,1952.54,
307109,4,8.51,29.47,
307109,1,8.23,7.03,
307109,3,492.66,1222.26,
307109,3,32.27,86.89,
307109,5,34.68,156.49,
307110,4,217.68,772.14,
307110,3,435.12,1175.54,
307110,4,32.97,116.88,
307112,5,48.69,223.12,
307112,7,82.11,546.95,
307112,2,46.44,76.43,
307112,7,32.31,205.15,
307112,3,211.56,597.98,
307112,3,66.98,173.37,
307112,4,433.86,1502.37,
307113,2,44.96,74.59,
307113,9,191.66,1565.32,
307113,7,190.43,1176.51,
307113,3,23.59,60.78,
307113,5,109.39,475.39,
307113,3,224.64,570.43,
307113,6,79.83,416.53,
307114,2,41.58,70.57,
307114,5,129.68,561.75,
307114,5,131.47,590.91,
307114,4,219.76,717.34,
307114,4,122.01,407.54,
307114,8,18.32,123.24,
307114,5,501.84,2161.53,
307114,6,25.87,127.65,
307117,2,31.35,55.52,
307117,3,62.46,179.86,
307117,8,139.92,982.33,
307117,3,181.63,451.69,
307117,4,18.72,66.75,
307117,3,122.37,351.29,
307117,7,78.19,456.43,
307117,3,7.35,19.96,
307117,4,75.36,265.01,
307117,5,7.32,34.27,
307117,5,25.70,118.54,
307117,5,21.60,88.80,
307117,2,165.62,288.55,
307117,9,7.86,62.84,
307118,2,287.91,499.52,
307118,7,81.88,538.22,
307118,6,222.02,1238.13,
307118,5,31.28,141.00,
307118,3,454.86,1268.31,
307118,5,218.74,998.34,
307118,6,19.57,107.29,
307118,7,84.54,542.29,
307118,7,8.52,51.40,
307118,6,126.72,695.79,
307118,9,547.23,4469.25,
307119,1,45.72,35.84,
307119,3,240.00,533.23,
307119,3,34.78,80.55,
307119,3,339.57,741.66,
307119,8,321.62,2006.88,
307119,6,493.68,2502.70,
307119,7,143.48,768.65,
307120,3,496.23,1366.27,
307120,4,94.85,356.72,
307120,3,8.57,24.56,
307120,2,473.79,822.39,
307120,3,418.74,1137.10,
307122,5,148.81,656.63,
307122,3,258.48,667.91,
307122,5,84.62,392.30,
307124,9,62.46,524.58,
307124,3,161.92,413.85,
307124,5,97.44,454.94,
307124,8,12.49,94.57,
307127,4,23.88,73.71,
307127,5,499.80,1933.31,
307127,3,12.23,28.74,
307127,5,94.08,366.32,
307127,2,231.12,340.51,
307128,2,448.98,849.96,
307128,3,12.04,34.40,
307128,4,167.38,575.39,
307128,3,8.02,22.54,
307128,4,7.45,25.36,
307128,4,151.85,583.03,
307129,3,17.84,46.12,
307129,6,16.42,85.43,
307129,3,183.39,459.50,
307129,3,12.20,27.07,
307129,2,16.24,25.69,
307129,2,141.90,235.26,
307129,4,257.52,889.45,
307129,6,188.85,938.28,
307129,3,136.95,325.58,
307129,4,119.89,391.78,
307130,5,184.98,794.07,
307130,3,259.20,642.31,
307130,3,162.03,421.44,
307130,4,557.94,1985.66,
307132,2,155.34,267.36,
307132,3,115.17,266.53,
307132,2,61.73,102.72,
307133,3,527.34,1365.79,
307133,4,295.16,1094.30,
307133,7,23.04,130.90,
307133,4,85.72,310.17,
307133,5,12.26,51.35,
307133,2,153.98,272.83,
307133,6,165.83,860.45,
307135,6,192.29,1055.43,
307135,4,197.01,725.27,
307135,4,18.50,67.29,
307135,2,127.20,228.65,
307135,4,168.43,643.09,
307137,4,303.66,1012.10,
307137,4,341.46,1153.76,
307140,3,8.18,17.90,
307140,9,192.91,1268.85,
307140,1,23.54,17.35,
307140,4,8.24,25.26,
307140,3,7.65,15.96,
307140,6,128.62,589.74,
307140,3,12.09,28.37,
307140,5,25.94,98.22,
307142,3,388.08,845.17,
307142,6,102.34,448.31,
307142,1,137.54,103.88,
307142,4,201.11,654.33,
307142,7,136.88,760.55,
307143,1,324.77,265.99,
307143,6,59.78,313.67,
307143,1,30.23,24.99,
307143,1,137.02,118.40,
307143,4,11.86,38.97,
307143,2,65.64,113.05,
307143,3,32.93,88.86,
307144,3,66.25,148.79,
307144,8,16.78,108.04,
307144,5,120.12,446.63,
307144,3,13.55,29.60,
307144,5,149.42,561.64,
307144,8,214.64,1256.66,
307144,3,228.48,511.91,
307144,2,58.50,90.65,
307146,4,190.61,627.19,
307146,3,472.77,1211.30,
307146,3,285.39,745.75,
307146,3,80.38,208.21,
307146,2,487.05,807.90,
307146,2,7.80,13.81,
307146,2,329.49,502.56,
307146,3,105.50,284.39,
307146,5,184.71,765.10,
307147,2,246.72,440.94,
307147,1,31.52,28.57,
307147,5,309.02,1268.50,
307147,1,113.16,90.60,
307147,4,407.40,1358.13,
307149,6,124.87,591.53,
307149,6,45.00,232.42,
307149,6,136.09,676.53,
307149,9,101.09,718.72,
307149,1,46.04,39.57,
307149,2,214.23,378.05,
307149,3,71.04,182.84,
307149,7,305.24,1939.45,
307149,3,30.03,84.42,
307151,2,58.32,104.63,
307151,3,165.09,411.10,
307151,2,82.97,144.28,
307151,3,215.25,540.61,
307151,4,429.24,1334.99,
307156,8,418.32,2930.64,
307156,2,132.26,207.98,
307156,4,77.24,240.32,
307156,5,163.10,678.87,
307156,4,166.74,542.32,
307156,4,181.81,577.28,
307156,3,7.54,18.40,
307156,5,18.65,73.80,
307156,4,82.11,279.09,
307156,6,24.31,119.96,
307156,6,112.10,542.04,
307156,6,479.40,2434.88,
307156,4,30.95,101.54,
307157,4,83.60,258.99,
307157,5,74.42,277.43,
307157,2,103.58,148.12,
307157,2,22.18,32.99,
307157,3,16.54,39.90,
307157,4,29.73,92.77,
307157,3,19.69,41.61,
307158,2,7.94,12.06,
307158,2,179.17,261.49,
307158,5,103.78,372.39,
307158,5,8.65,31.70,
307158,3,7.53,18.28,
307158,8,30.79,178.68,
307158,4,327.92,920.09,
307159,3,7.67,18.64,
307159,3,17.53,43.93,
307159,5,55.94,217.90,
307159,5,193.73,771.78,
307159,4,110.09,375.55,
307159,1,166.85,130.59,
307159,5,211.56,903.82,
307159,5,23.71,95.81,
307159,2,34.29,56.24,
307159,2,145.07,208.52,
307159,5,26.11,107.85,
307159,4,64.48,212.32,
307159,4,12.18,41.23,
307159,8,192.50,1207.62,
307159,7,56.49,335.87,
307160,2,153.98,234.57,
307160,3,24.00,58.55,
307160,2,285.71,424.56,
307160,6,123.55,531.08,
307160,5,73.16,259.58,
307164,2,8.03,14.80,
307164,4,84.70,286.08,
307164,2,394.80,663.17,
307164,1,170.54,159.46,
307164,4,18.22,67.94,
307164,4,184.80,688.43,
307165,4,192.09,623.60,
307165,6,26.21,131.94,
307166,7,187.17,1161.81,
307166,4,75.05,252.83,
307166,4,332.64,1037.64,
307166,3,82.50,218.30,
307166,3,108.56,273.94,
307166,3,30.33,75.98,
307166,4,30.49,101.82,
307166,5,192.19,797.60,
307167,2,91.97,144.89,
307167,6,195.57,847.11,
307167,2,24.05,38.54,
307167,3,12.70,32.88,
307167,5,33.20,138.72,
307167,3,384.72,932.90,
307167,3,7.54,17.60,
307174,7,61.92,426.72,
307174,4,141.82,518.34,
307174,4,43.29,158.84,
307174,4,117.06,414.31,
307174,2,16.40,29.40,
307174,3,506.94,1266.45,
307174,2,19.44,33.74,
307174,2,45.99,86.90,
307177,7,19.04,119.91,
307177,6,19.12,96.38,
307177,6,23.50,126.79,
307177,3,164.77,434.74,
307177,3,116.82,323.46,
307179,8,520.71,3856.71,
307179,5,44.19,203.77,
307179,3,162.03,452.14,
307179,2,490.11,854.36,
307179,1,152.91,138.48,
307179,6,322.88,1690.21,
307179,5,86.88,419.41,
307180,4,169.31,491.66,
307180,6,90.43,435.19,
307180,5,386.40,1453.39,
307180,7,110.80,684.65,
307180,2,95.52,159.88,
307180,5,119.77,496.96,
307181,3,258.72,658.55,
307181,4,48.38,166.31,
307181,4,488.58,1593.19,
307181,6,129.33,671.45,
307181,5,307.44,1271.14,
307181,2,100.80,174.94,
307181,5,76.07,335.03,
307181,4,474.81,1516.88,
307182,7,230.88,1508.11,
307182,7,436.80,2727.37,
307182,3,17.26,47.79,
307182,2,32.80,60.92,
307182,3,120.48,327.84,
307182,5,8.75,38.29,
307182,2,164.92,301.57,
307183,4,344.93,1019.22,
307183,3,12.14,29.23,
307183,2,489.09,768.22,
307184,3,553.35,1457.00,
307184,7,12.29,75.36,
307184,5,215.25,899.40,
307184,4,289.80,974.90,
307184,6,26.11,138.01,
307184,4,188.14,680.19,
307184,4,516.12,1754.59,
307184,4,171.95,596.77,
307184,5,145.31,637.94,
307184,5,150.78,660.99,
307184,6,122.72,654.52,
307184,3,25.80,69.67,
307185,5,17.12,65.95,
307185,3,125.40,290.48,
307185,4,125.93,420.06,
307185,1,187.79,150.17,
307185,6,54.90,260.71,
307185,4,334.85,1106.16,
307185,5,18.36,70.76,
307185,5,76.77,299.90,
307186,3,59.90,131.59,
307186,2,48.24,68.97,
307186,3,8.32,18.34,
307186,1,32.44,24.02,
307186,4,431.34,1335.16,
307186,7,12.74,63.79,
307187,5,190.08,829.72,
307187,1,34.95,28.91,
307187,7,13.55,88.78,
307187,5,7.21,30.72,
307187,3,136.09,336.73,
307187,5,189.01,828.33,
307187,5,93.41,404.17,
307188,7,100.13,653.80,
307188,3,13.29,34.85,
307188,3,49.23,128.97,
307188,5,542.13,2442.23,
307188,3,168.43,412.34,
307188,7,225.60,1307.82,
307191,4,25.39,86.70,
307191,3,70.89,183.23,
307191,3,126.14,340.88,
307191,2,409.92,755.85,
307191,4,442.68,1584.50,
307191,4,246.24,890.62,
307194,3,91.68,201.56,
307194,6,162.18,735.12,
307194,4,24.55,69.09,
307194,3,239.76,514.33,
307194,5,8.77,30.80,
307199,2,285.08,513.81,
307199,3,161.12,435.30,
307199,6,18.79,101.75,
307199,5,122.96,544.27,
307200,4,48.69,153.04,
307200,5,16.60,81.45,
307200,3,18.25,51.34,
307200,1,138.20,127.53,
307200,5,515.10,2518.65,
307200,1,66.55,65.44,
307200,4,249.36,878.64,
307200,2,215.25,396.19,
307200,5,522.75,2472.39,
307200,7,198.44,1234.15,
307200,4,122.50,446.07,
307200,1,525.81,484.60,
307201,7,40.55,245.74,
307201,2,236.64,404.44,
307201,2,16.74,29.66,
307201,3,112.81,255.89,
307203,7,85.72,555.54,
307203,2,432.18,811.72,
307203,5,40.59,177.83,
307203,3,195.16,501.22,
307206,2,32.67,45.63,
307206,3,260.88,591.60,
307206,2,96.86,132.93,
307206,4,79.21,248.48,
307208,2,25.30,38.04,
307208,3,13.66,29.46,
307208,2,248.64,353.55,
307208,8,130.15,781.75,
307208,5,19.13,69.66,
307208,3,60.57,139.98,
307208,5,125.91,530.87,
307208,3,55.51,116.57,
307208,5,17.08,61.97,
307208,7,211.97,1115.76,
307208,5,224.16,825.62,
307208,6,7.70,32.45,
307209,5,102.72,458.47,
307209,3,8.13,21.84,
307209,3,7.62,19.76,
307209,3,8.17,21.76,
307209,3,64.17,172.66,
307209,4,24.60,89.12,
307209,3,284.76,774.12,
307209,3,194.96,516.42,
307209,5,30.56,138.55,
307216,4,127.38,449.03,
307216,2,170.54,316.66,
307216,4,55.82,208.28,
307216,5,18.85,81.03,
307216,2,30.76,54.73,
307216,5,140.75,666.28,
307216,4,93.60,325.38,
307216,2,30.56,58.57,
307217,4,224.16,737.55,
307217,4,119.86,403.56,
307217,5,148.96,683.23,
307217,5,254.88,1139.17,
307217,2,178.29,317.58,
307217,4,180.22,666.09,
307217,7,198.65,1258.27,
307217,5,126.32,540.10,
307217,1,190.65,175.86,
307219,3,81.64,227.32,
307219,3,21.86,61.59,
307219,5,16.31,76.02,
307219,5,126.50,550.49,
307219,3,451.92,1156.60,
307219,5,7.40,32.34,
307219,3,12.54,32.77,
307223,5,175.82,674.02,
307223,5,147.14,602.85,
307223,5,8.22,33.95,
307223,8,234.96,1567.70,
307223,3,219.60,540.80,
307223,4,489.09,1553.50,
307223,3,65.45,160.47,
307224,5,25.78,112.42,
307224,5,18.13,68.96,
307224,6,120.83,605.66,
307224,4,239.52,753.12,
307224,5,8.08,32.86,
307224,4,8.03,22.73,
307224,7,62.16,334.47,
307225,1,284.76,252.64,
307225,4,224.16,769.72,
307225,7,306.81,1937.98,
307225,5,221.04,900.73,
307225,4,192.09,648.32,
307225,5,47.34,196.07,
307227,5,25.13,107.08,
307227,2,19.46,36.27,
307227,6,45.00,233.87,
307227,3,181.98,482.99,
307227,7,125.00,792.52,
307227,2,13.56,24.76,
307227,3,90.72,249.99,
307227,4,13.01,48.42,
307227,5,238.56,1074.07,
307227,3,520.20,1443.29,
307228,3,132.00,356.73,
307228,6,83.52,448.98,
307228,5,229.20,941.35,
307228,4,93.12,352.52,
307230,4,186.14,654.42,
307230,7,48.83,280.20,
307230,6,19.71,105.23,
307230,3,248.16,573.38,
307233,1,112.57,90.41,
307233,2,456.96,733.73,
307233,2,122.50,192.66,
307233,5,143.34,529.03,
307233,6,179.17,841.51,
307233,7,7.79,39.50,
307237,2,288.86,524.18,
307237,3,66.92,179.25,
307237,4,145.46,573.16,
307237,4,8.16,29.91,
307237,6,66.25,363.44,
307237,2,87.94,156.01,
307237,6,71.51,396.84,
307237,2,319.10,635.96,
307237,7,40.86,265.48,
307237,6,151.24,734.25,
307241,5,13.69,58.20,
307241,5,42.93,178.02,
307241,6,421.26,1949.25,
307241,6,128.27,618.98,
307243,6,499.29,2249.30,
307243,3,510.00,1146.68,
307243,3,456.12,990.98,
307243,5,162.34,554.51,
307246,3,132.92,337.13,
307246,2,44.64,69.69,
307246,6,124.74,546.52,
307246,5,82.66,330.88,
307246,3,290.75,703.84,
307246,4,95.14,303.43,
307246,4,13.43,39.67,
307246,3,525.81,1294.72,
307246,3,99.55,226.05,
307246,7,61.24,346.39,
307250,5,143.49,593.29,
307250,4,553.35,1795.49,
307250,3,135.83,356.49,
307250,6,23.47,109.21,
307250,2,89.76,141.45,
307250,2,164.31,281.17,
307250,3,469.71,1141.87,
307251,6,85.80,412.36,
307251,4,172.30,589.52,
307251,5,142.69,514.39,
307251,6,187.17,962.39,
307251,6,157.47,756.97,
307252,6,41.13,195.28,
307252,2,112.69,193.39,
307252,6,34.65,183.86,
307253,2,42.75,71.69,
307253,7,330.12,2011.85,
307255,5,407.82,1644.59,
307255,4,192.90,594.13,
307255,3,24.48,62.79,
307255,4,7.80,26.77,
307255,7,34.06,185.04,
307255,4,23.38,79.16,
307255,7,186.74,994.43,
307255,3,128.70,304.07,
307255,2,30.23,52.31,
307255,5,35.87,135.21,
307255,5,184.62,719.16,
307255,5,7.58,30.07,
307255,3,91.49,218.29,
307255,3,499.29,1189.32,
307256,8,199.47,1247.83,
307256,3,11.50,28.27,
307257,5,205.62,983.23,
307257,4,139.69,480.45,
307257,4,187.99,671.08,
307257,5,226.32,1006.51,
307260,2,331.70,577.66,
307260,4,99.94,349.63,
307260,4,7.82,24.13,
307260,4,136.49,456.42,
307260,7,140.45,831.82,
307260,4,157.47,552.19,
307260,4,155.50,556.21,
307262,5,11.54,43.81,
307262,4,465.63,1371.27,
307262,2,408.24,652.38,
307262,4,13.71,43.04,
307262,3,245.04,540.41,
307262,6,539.07,2354.71,
307262,10,73.01,582.76,
307265,2,12.54,18.30,
307265,4,47.07,142.08,
307265,3,216.69,437.13,
307265,8,32.47,188.78,
307265,6,99.36,432.59,
307265,3,40.82,88.80,
307265,6,90.24,422.55,
307265,5,104.54,383.74,
307265,1,219.60,163.48,
307265,5,203.98,735.69,
307266,5,80.70,306.43,
307266,2,224.40,312.25,
307266,1,465.12,317.24,
307266,3,23.59,53.09,
307266,5,300.51,1099.18,
307266,4,32.27,95.98,
307266,3,62.83,152.27,
307268,5,86.59,396.12,
307268,5,99.46,436.83,
307268,7,391.44,2525.40,
307268,5,165.79,779.89,
307268,3,24.05,63.60,
307268,3,176.18,471.76,
307272,3,8.18,20.25,
307272,6,259.20,1388.16,
307272,6,32.37,165.05,
307272,5,79.52,379.38,
307272,3,7.57,20.08,
307272,3,544.68,1396.87,
307273,5,213.41,850.72,
307273,4,47.16,131.07,
307273,4,41.81,118.97,
307273,5,25.20,101.68,
307273,4,16.60,47.77,
307273,3,16.38,38.62,
307273,4,209.31,644.40,
307273,6,466.65,2213.80,
307273,3,415.38,1032.85,
307273,4,45.23,130.32,
307273,5,11.80,45.57,
307273,3,129.36,304.13,
307273,3,196.39,442.29,
307273,3,92.93,206.75,
307273,2,47.25,64.76,
307274,4,161.88,618.55,
307274,2,103.20,197.22,
307274,3,214.84,581.84,
307274,3,148.96,390.04,
307274,5,35.64,157.45,
307276,3,137.41,347.78,
307276,4,11.30,35.40,
307276,5,17.57,65.28,
307276,3,17.60,42.76,
307276,4,537.54,1870.71,
307276,4,422.94,1371.02,
307276,5,140.05,582.10,
307276,2,164.77,277.80,
307276,4,13.03,42.66,
307277,3,102.43,270.07,
307277,7,99.84,608.70,
307277,5,64.78,283.20,
307277,7,64.11,350.64,
307277,6,26.18,133.34,
307277,5,89.47,388.33,
307278,4,24.62,77.15,
307278,4,11.80,33.09,
307278,4,150.78,420.82,
307278,2,122.63,188.46,
307278,4,119.89,355.51,
307278,7,11.95,58.08,
307278,2,306.81,464.30,
307278,3,22.20,50.54,
307278,7,417.48,1984.82,
307278,2,417.90,610.13,
307278,4,262.80,844.86,
307279,3,17.98,51.29,
307279,5,508.98,2101.35,
307279,5,211.15,884.47,
307279,2,31.94,55.05,
307279,4,24.67,86.63,
307279,8,128.86,916.14,
307279,3,62.04,154.10,
307279,5,41.54,176.86,
307279,3,82.03,213.49,
307282,8,41.67,270.07,
307282,6,120.65,634.53,
307282,3,78.42,209.33,
307282,4,23.09,78.93,
307284,5,155.34,722.78,
307284,3,47.43,121.03,
307284,5,138.47,601.40,
307284,6,142.43,751.61,
307284,1,79.05,73.74,
307284,4,194.96,693.45,
307284,9,48.65,388.48,
307287,4,46.04,171.74,
307287,4,215.46,775.06,
307287,5,190.04,903.46,
307287,2,44.69,80.10,
307287,5,81.09,339.30,
307288,2,250.08,405.54,
307288,3,142.43,337.74,
307288,3,196.60,503.63,
307288,4,31.55,97.37,
307288,1,26.40,22.93,
307288,2,25.49,42.10,
307288,5,55.21,228.01,
307288,3,46.80,120.31,
307288,3,302.40,755.89,
307288,2,13.29,20.69,
307288,3,16.31,39.84,
307288,4,160.97,484.63,
307289,5,13.29,53.26,
307289,6,36.20,185.22,
307289,3,119.06,311.30,
307289,3,31.68,82.39,
307289,2,508.98,907.50,
307289,2,387.66,641.78,
307289,7,208.28,1311.47,
307289,4,140.18,493.62,
307289,5,30.13,124.46,
307289,5,35.41,166.54,
307289,6,504.39,2486.81,
307289,5,124.37,551.80,
307289,5,93.79,423.50,
307289,6,148.50,759.31,
307289,8,58.07,422.37,
307292,4,16.36,55.08,
307292,2,95.23,154.49,
307292,2,217.92,360.87,
307292,4,136.09,453.14,
307292,2,25.32,41.09,
307292,9,92.45,668.74,
307292,2,257.04,430.06,
307292,7,35.71,212.79,
307292,2,18.88,30.52,
307292,5,141.64,574.83,
307294,5,454.02,2018.03,
307294,6,122.96,684.88,
307294,5,408.24,1948.28,
307294,8,417.90,2955.49,
307294,5,153.82,690.52,
307294,2,12.73,21.23,
307294,4,19.24,66.43,
307294,5,47.75,208.07,
307294,5,165.53,736.84,
307294,4,19.24,70.05,
307294,5,7.21,30.54,
307295,4,533.46,1598.94,
307295,1,110.45,80.19,
307296,3,404.04,1054.85,
307296,4,166.14,565.34,
307296,2,203.77,375.98,
307296,5,96.58,421.00,
307296,5,126.97,504.24,
307296,5,127.25,530.74,
307296,1,13.70,12.18,
307296,4,22.44,77.43,
307296,2,222.00,391.19,
307298,4,19.40,62.65,
307298,5,381.78,1570.96,
307298,6,144.41,693.77,
307298,4,177.94,582.96,
307298,4,33.79,100.94,
307298,6,12.28,59.39,
307298,3,252.24,556.02,
307300,4,85.80,263.18,
307300,3,58.13,133.13,
307300,5,72.69,261.92,
307300,1,35.28,26.01,
307301,4,171.78,621.55,
307301,3,73.40,203.17,
307301,5,217.92,1006.29,
307301,4,84.31,297.13,
307301,6,423.78,2308.02,
307301,2,396.90,704.04,
307301,5,21.62,92.14,
307302,2,494.70,897.15,
307302,4,49.32,182.95,
307302,4,7.48,28.29,
307302,3,105.22,276.12,
307302,5,130.02,595.24,
307306,5,66.67,271.02,
307306,4,99.65,309.82,
307306,5,262.80,986.46,
307306,3,41.45,94.41,
307306,3,8.57,20.65,
307306,2,81.48,131.23,
307306,4,541.11,1818.76,
307306,5,125.79,514.57,
307308,3,97.25,234.00,
307308,6,137.28,695.45,
307308,4,22.37,73.98,
307313,2,102.82,163.38,
307313,6,113.99,562.07,
307313,5,125.55,542.27,
307313,6,223.45,1102.79,
307313,3,224.48,568.81,
307313,2,143.35,249.42,
307313,3,467.16,1243.00,
307314,2,30.99,46.64,
307314,4,82.43,251.71,
307314,4,540.60,1628.37,
307314,4,12.93,39.60,
307314,5,458.22,1684.50,
307314,4,31.61,98.00,
307314,3,34.95,77.12,
307314,4,63.99,206.82,
307314,9,127.20,875.09,
307314,3,406.98,854.59,
307314,7,7.42,38.61,
307314,3,304.29,666.88,
307314,2,101.47,159.56,
307316,4,41.81,153.86,
307316,3,244.08,644.70,
307316,2,178.82,318.37,
307316,4,18.41,62.60,
307316,7,121.07,741.43,
307316,4,137.94,501.69,
307316,4,147.90,551.84,
307316,2,504.90,913.35,
307316,5,88.51,387.87,
307316,5,334.85,1572.34,
307316,4,218.64,822.61,
307316,5,16.45,72.35,
307317,2,490.11,773.13,
307317,1,191.49,161.90,
307317,1,255.60,203.80,
307317,3,109.39,295.02,
307317,7,391.44,2373.48,
307317,2,26.28,43.45,
307317,3,86.88,210.11,
307317,1,260.88,212.41,
307318,4,11.51,38.11,
307318,4,73.55,239.51,
307318,5,241.20,954.27,
307318,6,133.72,749.68,
307318,8,192.02,1158.16,
307320,3,381.36,992.86,
307320,6,218.16,1022.01,
307320,2,171.95,264.83,
307320,1,170.90,134.36,
307320,2,167.02,287.28,
307320,4,55.57,180.97,
307320,7,135.17,728.17,
307320,1,414.12,302.65,
307320,5,148.05,592.77,
307321,5,91.97,397.78,
307321,5,233.04,1027.61,
307321,2,47.84,90.96,
307321,8,114.81,798.82,
307321,8,8.22,55.41,
307321,3,25.99,66.72,
307321,4,84.15,297.38,
307321,3,75.36,210.54,
307321,1,24.02,20.91,
307321,4,160.21,566.03,
307322,3,463.59,1160.17,
307322,4,101.38,304.76,
307322,4,33.50,107.96,
307322,8,500.82,3150.10,
307322,6,12.28,62.91,
307322,5,127.56,558.78,
307327,6,255.84,1180.86,
307327,1,72.22,48.31,
307327,4,319.41,905.14,
307327,2,161.92,239.83,
307327,3,444.36,1017.82,
307327,3,11.76,25.49,
307327,5,188.19,681.08,
307327,2,92.26,145.62,
307327,6,420.84,2100.48,
307328,4,180.05,600.22,
307328,1,7.48,6.27,
307328,9,175.82,1287.28,
307328,3,32.93,80.91,
307328,8,155.80,979.10,
307328,1,7.94,6.85,
307328,4,227.76,728.33,
307328,11,386.40,3030.82,
307328,4,13.15,41.69,
307328,6,252.96,1246.47,
307328,3,46.89,111.74,
307329,7,34.29,208.10,
307329,4,190.78,637.03,
307329,5,243.84,1108.70,
307329,5,233.04,1047.40,
307329,4,161.27,559.39,
307329,9,35.90,295.37,
307330,3,65.39,159.73,
307330,5,125.14,481.88,
307330,2,25.56,42.66,
307330,1,35.71,32.62,
307330,2,31.12,51.10,
307331,4,295.16,947.09,
307331,6,182.86,918.19,
307331,3,65.82,159.21,
307331,2,186.76,303.24,
307331,2,62.46,108.29,
307333,5,63.14,246.25,
307333,2,71.59,112.90,
307333,5,124.02,477.34,
307333,6,16.47,72.74,
307333,4,119.65,374.02,
307333,4,316.26,937.57,
307333,4,34.88,103.56,
307333,4,318.47,979.99,
307333,4,78.19,233.70,
307333,6,218.40,1138.48,
307334,2,83.29,131.99,
307334,5,24.70,110.24,
307334,2,33.23,58.84,
307334,4,264.00,883.71,
307334,2,470.73,849.13,
307334,2,490.11,859.13,
307334,5,107.03,444.48,
307334,3,44.15,122.69,
307334,5,182.34,793.75,
307335,2,78.74,137.89,
307335,4,259.68,808.37,
307335,3,461.04,1062.09,
307335,2,499.80,825.30,
307335,3,42.39,94.29,
307335,7,79.44,433.80,
307335,5,179.52,746.16,
307336,5,41.54,165.75,
307336,4,339.26,1090.32,
307336,7,159.75,870.29,
307336,2,85.25,145.43,
307336,3,203.16,500.73,
307336,5,100.99,395.47,
307336,3,17.91,39.12,
307336,5,531.93,2094.79,
307338,7,238.80,1451.24,
307338,4,217.10,757.30,
307338,3,56.91,139.38,
307338,7,205.00,1278.55,
307338,4,130.68,422.46,
307338,4,226.56,765.12,
307338,4,102.14,356.40,
307338,1,119.89,98.20,
307338,2,314.69,547.00,
307338,8,401.94,2764.31,
307338,4,74.03,231.69,
307339,5,502.86,2166.04,
307339,3,63.87,181.32,
307339,5,18.97,83.76,
307339,2,102.72,187.24,
307339,7,100.03,615.22,
307339,4,142.12,546.14,
307339,7,325.71,2198.88,
307339,4,110.33,362.58,
307339,4,60.63,215.96,
307339,4,7.98,29.32,
307343,4,42.89,138.44,
307343,9,237.60,1996.33,
307343,4,108.32,411.93,
307343,3,57.58,149.15,
307343,4,34.49,125.66,
307343,5,71.75,311.84,
307343,9,71.04,545.41,
307343,3,509.49,1406.64,
307344,4,180.58,584.46,
307344,3,142.27,366.53,
307344,2,433.02,800.08,
307344,3,297.68,754.39,
307344,4,11.40,36.43,
307344,2,48.60,79.72,
307344,5,8.54,35.09,
307345,3,223.86,574.86,
307345,2,159.81,257.88,
307345,6,36.07,176.78,
307345,3,114.70,279.92,
307346,5,301.46,1310.84,
307346,6,323.82,1775.79,
307346,5,177.76,795.91,
307346,6,36.27,201.31,
307346,6,25.30,138.68,
307346,8,32.77,209.17,
307346,3,195.98,506.04,
307347,3,237.60,590.27,
307347,2,8.80,14.40,
307347,3,178.11,425.85,
307347,3,409.92,990.94,
307347,3,156.26,348.37,
307347,4,19.10,65.29,
307347,5,62.71,256.68,
307347,6,119.99,554.99,
307347,6,460.02,2263.25,
307347,3,184.98,470.66,
307347,4,252.48,818.26,
307347,7,21.77,122.49,
307347,5,167.73,668.05,
307349,3,502.86,1137.49,
307349,3,233.04,542.81,
307349,3,111.27,260.34,
307349,6,467.16,2048.23,
307349,5,311.85,1087.75,
307350,3,12.86,34.13,
307350,2,219.84,418.18,
307350,3,121.57,322.76,
307350,3,156.86,417.66,
307350,6,165.09,920.78,
307350,7,196.19,1266.57,
307352,3,164.62,401.16,
307352,6,74.65,361.12,
307352,2,148.50,236.71,
307352,1,18.22,14.54,
307352,3,142.27,298.92,
307354,1,513.06,455.34,
307354,6,152.46,761.36,
307354,2,221.40,382.61,
307354,3,127.56,332.03,
307354,7,524.79,3227.64,
307354,2,7.38,12.61,
307354,4,72.46,262.20,
307355,5,46.22,177.62,
307355,4,55.94,169.03,
307355,2,139.13,203.91,
307355,4,23.38,71.21,
307355,3,129.45,280.24,
307355,2,8.11,11.06,
307355,5,186.76,691.86,
307355,4,16.29,48.06,
307355,6,291.69,1306.59,
307355,4,18.61,52.85,
9307355,-4,55.94,-169.03,
9307355,-2,139.13,-203.91,
307356,5,336.42,1213.80,
307356,3,157.32,347.74,
307356,2,46.04,74.89,
307356,4,410.76,1114.69,
307356,3,116.23,270.97,
307356,4,19.55,59.88,
307356,3,126.72,271.52,
307356,4,41.76,127.41,
307356,3,30.00,74.20,
307356,4,430.50,1475.88,
307357,3,152.61,386.75,
307357,4,16.34,53.20,
307357,4,131.87,449.74,
307357,7,218.94,1368.89,
307357,5,168.96,707.62,
307359,3,148.20,429.25,
307359,5,293.58,1330.33,
307359,5,44.60,203.41,
307360,6,130.02,569.22,
307360,1,224.64,162.49,
307360,7,89.95,452.74,
307360,3,472.26,1022.52,
307360,9,219.56,1522.96,
307360,3,95.62,218.24,
307365,2,7.26,12.17,
307365,3,7.38,17.18,
307365,8,340.83,2351.33,
307365,6,222.24,1065.92,
307365,5,62.83,259.13,
307365,2,62.65,95.69,
307368,7,41.27,257.15,
307368,5,199.47,804.91,
307368,3,7.97,19.63,
307368,6,13.75,68.89,
307368,4,93.22,307.99,
307368,3,73.24,172.09,
307368,5,166.74,656.51,
307368,2,115.40,184.57,
307368,5,122.36,504.62,
307369,3,49.01,121.19,
307369,3,30.16,74.76,
307369,3,83.84,207.15,
307369,4,18.29,61.99,
307369,4,174.24,550.98,
307369,1,90.72,71.21,
307369,5,31.48,124.77,
307369,2,7.90,13.00,
307371,5,185.50,838.94,
307371,5,119.53,535.74,
307371,1,42.21,37.16,
307371,4,430.08,1535.41,
307371,2,19.49,35.70,
307371,3,201.52,568.23,
307371,3,304.29,801.25,
307373,5,80.46,310.05,
307373,4,236.88,704.31,
307373,6,214.02,1016.81,
307373,7,7.46,40.82,
307373,3,217.51,477.74,
307373,2,165.97,233.95,
307373,4,29.83,88.17,
307373,5,63.93,246.56,
307373,4,207.26,619.96,
307375,1,178.11,133.20,
307375,4,62.22,188.27,
307375,7,187.37,960.34,
307375,4,33.43,100.38,
307375,1,24.70,18.86,
307375,2,431.34,675.11,
307375,6,42.35,180.51,
307375,6,179.87,762.88,
307375,4,188.60,576.40,
307375,3,29.73,63.57,
307375,2,217.92,353.95,
307376,4,454.02,1390.61,
307376,4,530.91,1518.31,
307376,1,189.55,148.97,
307376,2,172.30,261.41,
307376,3,85.96,205.19,
307379,5,381.36,1412.66,
307379,2,22.06,33.25,
307379,7,258.24,1451.26,
307379,4,60.27,178.00,
307379,7,223.20,1149.73,
307379,2,8.77,12.85,
307379,2,237.60,371.41,
307379,4,96.29,281.86,
307379,4,84.54,267.67,
307379,4,113.40,374.82,
307380,6,163.68,886.65,
307380,4,16.33,59.72,
307380,3,11.98,35.47,
307380,2,301.77,560.50,
307380,3,47.52,123.75,
307380,2,7.69,14.61,
307380,6,189.73,1025.51,
307380,5,101.38,479.38,
307381,3,549.78,1307.25,
307381,5,18.18,79.80,
307381,6,150.48,711.60,
307381,4,64.29,225.86,
307381,2,43.52,71.75,
307381,2,255.36,430.30,
307383,5,548.76,2370.52,
307383,7,13.23,70.96,
307383,2,8.49,14.08,
307383,4,341.15,1194.35,
307383,1,176.00,141.79,
307383,3,120.60,296.30,
307383,5,23.35,96.50,
307384,7,257.04,1585.98,
307384,3,78.34,200.94,
307384,6,19.39,102.88,
307386,5,228.00,882.29,
307386,6,507.45,2546.69,
307386,4,8.52,26.87,
307386,3,236.40,542.72,
307386,4,191.47,639.85,
307386,7,235.92,1348.77,
307386,2,33.86,54.86,
307386,3,34.29,86.07,
307386,4,124.37,410.93,
307386,7,396.06,2294.91,
307386,3,105.41,259.92,
307386,2,431.76,733.69,
307386,5,560.49,2222.54,
307386,4,65.58,223.60,
307386,2,13.04,20.63,
307387,2,11.78,19.63,
307387,3,220.32,537.71,
307387,5,62.04,255.67,
307387,3,111.86,257.17,
307387,6,11.25,55.57,
307387,3,145.62,362.41,
307387,1,156.86,136.77,
307387,4,427.98,1336.29,
307388,1,72.53,57.09,
307388,2,253.92,403.30,
307388,6,29.90,143.96,
307388,5,12.75,51.13,
307388,3,461.55,1143.34,
307388,4,100.80,304.09,
307388,2,252.48,400.41,
307388,3,7.57,19.06,
307388,3,95.33,221.78,
307388,2,154.28,247.88,
307389,5,262.80,1054.71,
307389,3,553.35,1257.67,
307389,2,19.30,26.79,
307389,6,225.09,1139.10,
307390,6,133.32,668.12,
307390,2,12.83,20.48,
307390,4,12.19,39.54,
307390,3,397.74,934.14,
307390,4,16.67,56.41,
307390,3,106.67,242.36,
307390,2,455.28,695.92,
307390,5,420.00,1537.84,
307390,6,16.61,87.07,
307390,8,554.37,3712.76,
307390,3,127.25,324.73,
307396,10,32.34,277.23,
307396,7,127.56,772.29,
307396,8,291.69,2044.00,
307396,8,115.88,827.29,
307396,3,494.19,1324.79,
307396,4,170.90,584.33,
307397,5,85.17,402.92,
307397,4,102.53,357.89,
307397,5,482.97,2319.86,
307397,4,13.75,50.13,
307398,4,23.86,84.85,
307398,5,184.71,797.33,
307398,3,74.89,196.95,
307398,5,23.35,106.57,
307398,5,65.39,278.61,
307399,5,33.23,130.38,
307399,6,220.56,1000.26,
307399,6,87.26,385.59,
307399,3,17.48,39.75,
307399,1,30.00,23.57,
307399,3,62.77,136.07,
307399,4,12.91,39.04,
307399,4,13.45,36.07,
307399,5,81.95,313.73,
307400,7,41.94,230.53,
307400,4,16.61,50.06,
307400,4,24.50,76.98,
307400,3,25.58,60.63,
307400,5,153.98,561.15,
307400,6,535.50,2466.61,
307400,7,258.48,1490.24,
307403,2,137.94,204.51,
307403,2,223.66,332.79,
307403,5,71.20,255.88,
307403,3,208.08,472.70,
307403,3,7.81,17.01,
307403,2,220.56,337.16,
307403,4,113.99,319.07,
307403,5,396.48,1466.83,
307403,7,43.88,219.20,
307403,4,526.83,1596.67,
307405,5,128.97,532.89,
307405,4,475.32,1743.03,
307405,4,18.52,67.07,
307405,3,42.17,115.48,
307405,4,258.48,1000.28,
307405,5,459.06,2113.68,
307406,4,45.41,142.76,
307406,3,530.40,1171.49,
307411,3,285.39,765.13,
307411,3,8.23,19.47,
307411,4,107.26,335.74,
307411,4,87.74,294.64,
307411,5,41.85,189.35,
307414,6,152.91,800.33,
307414,3,108.68,279.35,
307414,5,23.45,103.83,
307414,4,147.74,526.33,
307414,5,216.24,912.60,
307414,2,217.20,387.04,
307414,3,43.97,121.01,
307414,2,22.68,40.40,
307414,8,61.24,431.48,
307414,6,430.50,2432.67,
307415,5,443.10,1891.49,
307415,6,221.40,1130.22,
307416,4,183.04,643.56,
307416,3,36.10,97.29,
307416,6,17.15,90.19,
307416,3,457.80,1209.51,
307416,5,245.52,1128.69,
307417,4,43.61,160.37,
307417,4,321.93,1090.22,
307417,3,161.42,414.72,
307417,4,241.44,852.06,
307417,3,25.08,63.62,
307418,2,163.55,287.66,
307418,4,84.62,284.97,
307418,4,46.08,154.13,
307418,2,31.22,50.89,
307419,6,25.82,118.36,
307419,8,248.88,1630.19,
307419,6,120.65,531.81,
307419,6,47.21,231.82,
307419,4,7.83,26.98,
307419,9,8.15,57.69,
307421,2,12.15,21.03,
307421,5,342.41,1546.11,
307421,7,168.96,1124.19,
307421,2,22.85,42.08,
307421,5,122.01,543.45,
307421,4,430.92,1570.26,
307421,6,73.95,397.30,
307421,4,44.19,160.19,
307422,8,171.07,1182.08,
307422,5,94.27,431.98,
307422,3,137.28,372.27,
307422,6,84.31,464.48,
307422,6,26.04,137.89,
307422,2,415.80,753.29,
307422,1,439.32,385.69,
307422,3,54.96,155.10,
307422,4,260.40,932.15,
307422,4,149.87,541.63,
307422,7,505.92,3450.99,
307423,3,216.07,610.45,
307423,5,425.04,1973.00,
307423,3,17.73,47.94,
307423,4,239.04,893.68,
307424,4,105.41,370.95,
307424,3,33.59,97.66,
307424,5,8.66,39.40,
307426,3,129.10,351.70,
307426,6,189.63,983.99,
307426,2,74.10,132.34,
307426,4,31.61,100.69,
307426,4,13.45,46.66,
307428,5,13.26,52.88,
307428,7,89.76,522.70,
307428,4,12.31,40.94,
307430,3,218.64,599.86,
307430,4,227.04,734.26,
307430,7,145.46,875.85,
307432,6,549.78,3051.31,
307432,2,493.68,905.51,
307433,4,34.16,114.17,
307433,5,24.48,112.85,
307433,7,44.15,293.15,
307433,6,149.57,810.30,
307433,2,176.35,311.66,
307433,4,16.31,55.96,
307433,1,8.58,8.13,
307435,1,95.90,76.48,
307435,4,12.51,39.94,
307435,2,22.37,36.33,
307435,4,22.34,73.36,
307435,1,7.52,6.05,
307435,6,89.86,445.73,
307435,7,495.72,2855.61,
307435,3,18.47,44.26,
307435,4,7.77,25.13,
307435,6,13.21,67.18,
307435,5,43.74,180.78,
307437,4,12.59,48.12,
307437,6,13.65,70.52,
307437,3,190.43,455.20,
307437,4,392.28,1340.55,
307437,3,60.39,151.67,
307437,6,24.43,127.99,
307437,5,435.12,1881.05,
307438,5,85.09,400.44,
307438,5,119.33,531.71,
307438,4,223.04,812.38,
307438,4,187.99,682.43,
307440,2,232.80,385.00,
307440,3,527.34,1428.67,
307440,4,193.25,730.19,
307440,6,22.80,120.41,
307440,3,91.97,254.38,
307441,4,12.29,41.39,
307441,3,198.44,506.77,
307441,2,7.75,12.13,
307441,4,154.13,495.75,
307442,5,144.80,588.62,
307442,4,312.80,1057.75,
307443,2,86.19,162.31,
307443,7,230.64,1436.35,
307443,4,448.98,1590.49,
307443,2,208.08,379.28,
307443,5,17.24,81.53,
307443,7,107.97,700.83,
307443,3,43.83,111.62,
307443,3,46.35,127.66,
307443,3,49.10,123.33,
307443,3,13.61,36.86,
307443,4,63.75,221.79,
307443,4,192.50,695.39,
307443,5,180.22,738.43,
307443,6,395.22,2148.46,
307448,8,105.41,657.65,
307448,2,125.40,213.28,
307448,2,185.94,307.00,
307448,3,256.80,662.57,
307449,5,188.32,769.48,
307449,4,25.90,82.78,
307449,3,220.58,508.37,
307449,2,60.02,98.94,
307449,8,135.70,939.71,
307449,4,216.28,665.28,
307449,1,81.25,65.94,
307449,4,13.00,42.32,
307449,5,109.86,443.17,
307449,8,64.36,401.85,
307449,2,22.39,38.86,
307449,3,138.32,332.61,
307451,2,66.12,118.49,
307451,7,30.89,198.63,
307451,4,460.53,1644.83,
307451,3,31.71,84.60,
307451,6,18.65,91.29,
307451,3,31.22,80.89,
307451,7,56.97,320.03,
307451,6,336.11,1824.21,
307451,5,40.68,172.89,
307451,6,214.43,1051.69,
307451,4,12.64,48.01,
307451,2,25.68,45.29,
307451,3,145.31,372.19,
307452,4,193.42,628.91,
307452,7,261.84,1391.82,
307452,2,120.38,191.15,
307454,2,173.89,309.90,
307454,5,95.23,421.20,
307454,3,502.35,1323.91,
307455,4,207.67,595.41,
307455,5,48.24,175.43,
307455,3,13.15,27.74,
307455,4,383.46,1152.34,
307456,3,8.27,19.46,
307456,4,66.55,203.26,
307456,2,8.10,13.14,
307456,3,56.18,128.64,
307456,4,442.68,1429.95,
307456,3,224.68,492.82,
307456,6,66.98,285.42,
307456,4,243.36,745.13,
307456,2,155.65,224.30,
307456,2,192.29,282.72,
307458,3,244.56,669.44,
307458,3,134.38,370.71,
307458,4,7.71,29.36,
307458,4,185.12,703.39,
307458,5,32.80,139.08,
307458,5,8.41,37.66,
307458,6,259.44,1354.56,
307458,8,35.74,265.84,
307459,4,24.26,82.24,
307459,6,125.00,687.74,
307459,4,129.89,456.92,
307459,3,165.83,413.90,
307459,6,253.68,1356.27,
307459,2,71.36,126.45,
307459,2,262.32,437.76,
307459,3,518.16,1268.48,
307459,7,152.76,904.18,
307459,5,33.10,140.58,
307459,6,98.69,461.81,
307459,6,193.52,1008.00,
307461,2,218.33,334.30,
307461,2,256.32,396.97,
307461,6,139.39,674.15,
307461,4,396.48,1094.59,
307461,4,8.59,26.86,
307461,3,16.78,35.17,
307461,2,217.92,355.17,
307462,3,7.33,16.91,
307462,4,7.51,22.52,
307462,4,217.92,680.94,
307462,5,315.63,1235.15,
307462,6,18.27,86.52,
307462,3,124.48,273.49,
307462,8,147.59,854.95,
307465,8,25.56,157.72,
307465,5,42.08,150.38,
307465,3,124.21,260.08,
307465,3,11.71,26.07,
307465,4,33.46,106.06,
307465,7,239.04,1164.42,
307465,3,12.49,27.04,
307465,3,7.35,15.42,
307465,3,112.45,231.08,
307465,4,13.53,41.59,
307468,5,102.05,436.63,
307468,3,17.41,48.65,
307468,3,444.36,1215.78,
307468,5,218.40,927.51,
307468,2,199.26,345.27,
307470,2,83.45,133.53,
307470,4,7.54,24.77,
307470,2,181.81,289.68,
307470,7,87.07,508.25,
307470,3,116.47,269.18,
307470,4,8.26,26.54,
307471,4,218.40,737.35,
307471,2,12.85,20.55,
307471,3,160.66,417.38,
307471,7,296.73,1605.45,
307471,5,12.61,52.69,
307471,2,334.53,591.70,
307474,2,206.64,362.08,
307474,7,399.00,2473.90,
307474,3,31.58,85.72,
307474,6,11.36,57.71,
307474,2,128.50,231.58,
307474,4,77.79,268.51,
307474,3,23.16,61.66,
307475,2,7.62,13.24,
307475,5,77.95,339.20,
307475,7,18.86,117.01,
307475,7,219.35,1327.43,
307475,4,66.19,221.62,
307477,4,11.49,41.05,
307477,3,436.80,1188.45,
307477,5,158.54,722.62,
307477,4,110.57,413.26,
307477,6,174.24,971.67,
307477,3,162.03,449.89,
307477,6,11.55,60.94,
307477,3,46.31,116.34,
307478,3,121.30,324.23,
307478,3,8.12,21.36,
307478,7,464.61,2969.60,
307480,4,22.27,70.05,
307480,3,523.77,1209.70,
307480,5,123.42,502.97,
307480,4,204.39,609.75,
307480,5,222.63,871.27,
307480,6,7.71,37.09,
307480,3,18.47,40.20,
307480,1,194.75,145.38,
307481,4,60.09,200.09,
307481,2,187.17,301.83,
307481,4,195.57,661.83,
307481,3,18.83,45.45,
307483,4,45.95,149.84,
307483,6,8.29,41.32,
307483,5,216.48,845.80,
307483,5,159.14,624.45,
307483,2,383.88,638.93,
307483,7,292.95,1553.95,
307483,3,122.37,287.57,
307483,3,124.61,308.01,
307483,2,25.15,40.83,
307483,6,91.87,450.43,
307483,3,103.87,263.79,
307483,3,237.36,609.61,
307483,5,16.54,63.64,
307483,5,25.54,101.10,
307485,6,191.06,1024.90,
307485,7,88.03,563.53,
307485,3,326.66,931.86,
307485,4,19.73,65.69,
307485,5,223.66,1021.46,
307485,8,142.82,1078.50,
307485,3,177.41,470.27,
307485,4,7.53,26.26,
307485,5,25.82,105.91,
307485,6,417.90,2175.44,
307485,6,114.22,561.93,
307486,7,144.70,927.33,
307486,6,59.11,338.23,
307486,5,23.26,103.37,
307486,4,12.76,44.32,
307487,5,138.47,598.06,
307487,3,18.07,52.59,
307487,2,96.77,169.68,
307487,6,284.76,1506.53,
307487,1,548.76,513.97,
307491,6,7.43,34.48,
307491,3,18.09,43.53,
307491,3,169.66,374.10,
307491,7,167.90,951.45,
307491,6,487.05,2358.87,
307491,3,18.34,41.90,
307491,4,439.74,1248.16,
307491,4,290.12,874.92,
307491,1,245.76,176.99,
307491,5,139.52,509.05,
307491,3,24.67,59.41,
307491,1,143.09,111.18,
307491,4,63.20,191.32,
307492,5,157.17,660.68,
307492,5,159.63,686.87,
307492,3,235.20,621.94,
307492,3,317.21,815.13,
307492,4,120.95,431.93,
307492,6,11.75,60.89,
307492,5,30.03,128.85,
307492,3,459.51,1277.75,
9307492,-5,159.63,-686.87,
307493,2,12.33,23.07,
307493,1,264.00,236.81,
307493,6,48.56,281.44,
307493,2,166.85,305.67,
307493,6,121.84,632.83,
307493,3,75.20,204.09,
307493,5,63.93,299.79,
307493,4,286.97,1033.05,
300071,1,235.92,203.36,
300079,8,74.73,456.69,
300102,5,33.73,130.78,
300142,3,115.88,320.49,
300217,5,222.02,1007.02,
300242,4,12.54,41.73,
300280,4,209.10,712.41,
300316,4,173.54,626.22,
300317,4,77.64,220.54,
300317,4,21.84,74.41,
300356,2,8.67,15.89,
300378,5,7.86,35.40,
300432,9,317.84,2709.79,
300459,6,543.66,2606.72,
300460,3,187.37,440.42,
300477,3,95.62,236.34,
300477,4,107.97,363.22,
300494,2,7.27,13.57,
300517,2,146.83,236.65,
300517,6,201.11,972.60,
300526,2,491.64,854.61,
300526,3,74.58,192.58,
300526,3,95.14,241.46,
300544,2,107.03,171.59,
300556,4,36.23,126.35,
300573,6,189.73,991.56,
300573,5,111.63,510.11,
300591,4,227.76,710.94,
300750,4,8.16,26.94,
300764,3,48.69,111.11,
300774,2,83.29,127.84,
300797,2,163.86,247.41,
300812,8,132.00,743.18,
300932,2,33.99,51.97,
300972,2,119.65,209.05,
301023,6,297.36,1215.66,
301031,4,8.10,28.26,
301031,3,187.62,457.49,
301116,3,7.47,16.51,
301224,3,173.89,439.59,
301224,3,217.44,537.11,
301228,3,197.21,473.28,
301236,5,11.53,42.93,
301259,5,34.22,142.86,
301280,6,84.07,434.43,
301294,5,55.33,250.83,
301294,3,189.20,506.89,
301332,8,481.95,3445.42,
301366,3,32.57,78.42,
301386,7,309.33,1729.27,
301418,5,64.54,266.85,
301472,3,60.94,162.64,
301501,3,175.65,438.52,
301507,7,13.49,82.85,
301577,2,107.26,184.23,
301584,2,58.99,106.87,
301608,3,32.57,91.58,
301658,5,66.25,304.95,
301696,3,163.86,340.33,
301736,4,162.45,579.34,
301764,2,184.62,265.40,
301780,5,34.32,135.17,
301792,8,91.30,544.68,
301835,2,126.97,183.98,
301871,8,316.26,2123.29,
301904,3,125.00,328.32,
301911,3,329.49,839.43,
301943,4,18.38,64.94,
301999,5,257.76,1131.34,
302001,3,468.69,1042.91,
302024,6,80.62,414.09,
302032,4,145.20,454.91,
302058,6,290.43,1547.03,
302071,5,17.95,80.46,
302169,3,328.86,864.80,
302186,6,168.61,733.26,
302193,4,32.21,106.42,
302210,6,98.50,521.90,
302232,9,19.78,160.44,
302253,3,100.03,252.45,
302273,5,547.74,2459.18,
302295,2,113.16,196.12,
302309,1,138.86,123.85,
302333,4,109.15,329.60,
302359,2,82.58,137.00,
302361,4,61.43,183.34,
302363,2,7.32,13.88,
302369,4,12.24,41.98,
302382,5,189.55,810.75,
302389,3,32.57,89.50,
302405,6,106.79,557.25,
302428,3,514.59,1311.95,
302435,3,127.91,353.80,
302486,1,143.64,115.74,
302555,2,16.45,29.01,
302557,8,44.24,323.54,
302593,4,104.64,362.71,
302658,6,124.49,666.19,
302704,9,12.25,79.87,
302707,5,18.56,83.02,
302764,4,17.19,58.59,
302767,5,13.24,47.63,
302779,2,43.16,73.03,
302794,5,128.03,498.34,
302880,4,12.81,46.92,
302915,5,76.07,302.32,
302928,7,489.09,2697.90,
302937,6,190.24,977.54,
302960,4,89.28,270.99,
302975,1,158.99,116.16,
302986,5,31.68,110.82,
303063,3,138.47,372.70,
303070,6,56.43,296.57,
303073,5,46.89,185.46,
303132,5,199.47,862.72,
303133,6,124.37,685.36,
303178,7,302.40,1753.99,
303223,2,23.23,43.76,
303249,5,461.58,2056.56,
303251,5,84.07,325.81,
303297,2,120.24,230.19,
303342,6,163.25,846.46,
303366,5,286.97,1234.02,
303399,3,124.61,312.09,
303411,3,16.25,41.88,
303442,2,55.08,95.86,
303457,2,60.70,112.73,
303460,7,25.15,149.96,
303509,4,76.93,261.52,
303577,5,512.04,1986.90,
303688,4,557.43,1679.88,
303696,2,252.24,481.43,
303722,2,95.71,162.10,
303745,4,31.09,96.79,
303776,4,12.68,40.40,
303797,7,220.79,1412.02,
303819,7,128.27,628.59,
303847,4,44.24,145.52,
303860,3,30.76,77.48,
303886,7,79.99,490.25,
303911,3,150.33,304.35,
303925,2,56.85,108.24,
303929,9,16.85,127.84,
303944,7,161.27,852.41,
303963,5,175.65,753.70,
303979,6,46.35,228.34,
303992,1,60.88,53.45,
304006,3,157.62,450.01,
304047,3,19.78,54.06,
304064,6,219.35,1111.86,
304076,7,18.43,99.96,
304104,8,12.23,67.82,
304105,2,36.27,63.57,
304179,4,11.85,37.39,
304179,2,29.73,43.39,
304189,6,389.34,1954.52,
304222,6,24.02,98.96,
304222,7,92.26,465.91,
304263,3,7.37,17.43,
304272,4,338.00,1133.70,
304310,7,324.45,1581.41,
304312,5,156.10,684.96,
304313,5,193.42,897.65,
304352,2,19.08,34.51,
304372,3,16.81,45.68,
304404,4,18.43,66.66,
304410,5,49.37,187.27,
304423,4,61.06,194.00,
304446,1,223.44,164.99,
304501,2,297.05,447.14,
304524,2,177.58,280.79,
304537,5,73.32,308.40,
304537,5,124.74,560.04,
304547,5,22.85,96.99,
304592,1,7.46,6.46,
304592,7,263.28,1645.13,
304607,3,12.68,31.68,
304635,7,560.49,2594.26,
304645,2,24.31,41.03,
304657,6,290.75,1421.48,
304671,2,70.89,110.04,
304710,5,437.22,1801.34,
304753,10,92.93,786.99,
304773,4,254.64,910.45,
304800,5,182.69,650.68,
304870,3,151.70,364.33,
304874,6,81.09,380.63,
304882,3,72.69,154.63,
304922,4,12.84,44.62,
304948,4,72.93,220.97,
304960,3,211.97,457.31,
304961,4,168.26,607.78,
304964,4,163.68,501.93,
304989,1,170.72,135.08,
305022,4,7.52,25.93,
305032,5,143.48,644.84,
305065,4,84.47,296.92,
305075,4,25.70,96.37,
305106,4,40.91,127.70,
305106,4,43.16,134.56,
305124,6,150.94,758.47,
305167,4,43.92,149.09,
305207,4,154.89,491.57,
305219,5,126.02,475.17,
305236,2,552.33,977.30,
305269,7,169.84,925.00,
305272,3,73.16,156.82,
305363,2,236.88,402.78,
305371,3,8.59,22.04,
305379,8,72.85,498.79,
305388,3,12.23,34.55,
305391,5,87.74,416.65,
305427,5,13.15,44.45,
305446,6,46.40,245.06,
305471,4,57.04,180.05,
305571,5,412.02,1716.10,
305601,1,211.77,143.27,
305601,3,316.26,733.71,
305646,3,235.92,518.59,
305726,5,23.09,97.09,
305734,3,8.15,20.88,
305738,7,44.10,261.76,
305792,2,291.38,556.76,
305819,2,104.26,180.77,
305839,6,174.06,826.49,
305848,6,47.52,237.20,
305849,5,30.59,132.68,
305888,10,17.32,152.77,
305927,4,77.48,292.45,
305943,2,64.97,113.08,
305959,4,189.20,599.66,
305975,6,82.19,481.64,
305993,5,411.60,1861.53,
305999,4,511.53,1491.35,
306013,5,65.27,298.73,
306018,3,154.89,372.28,
306069,3,160.51,451.31,
306078,4,221.20,682.48,
306127,2,130.94,229.30,
306137,2,499.80,924.48,
306144,4,34.98,124.28,
306192,4,16.61,60.91,
306244,4,24.96,82.44,
306336,7,41.58,235.43,
306385,3,127.91,275.22,
306391,2,195.98,317.17,
306559,4,263.76,819.88,
306625,5,121.57,523.38,
306665,5,294.53,1254.46,
306688,4,16.65,49.78,
306814,6,8.24,43.62,
306818,4,211.15,804.91,
306845,4,470.73,1491.85,
306845,3,31.45,78.07,
306914,3,190.43,451.93,
307003,5,73.95,258.41,
307020,3,119.18,327.64,
307068,7,473.28,2813.88,
307112,7,82.11,546.95,
307119,3,339.57,741.66,
307140,5,25.94,98.22,
307181,4,474.81,1516.88,
307184,6,122.72,654.52,
307233,1,112.57,90.41,
307273,3,196.39,442.29,
307294,5,454.02,2018.03,
307328,3,32.93,80.91,
307328,4,227.76,728.33,
307329,5,233.04,1047.40,
307360,3,95.62,218.24,
307369,1,90.72,71.21,
307400,3,25.58,60.63,
307443,5,17.24,81.53,
307451,6,18.65,91.29,
307465,4,33.46,106.06,
307485,3,326.66,931.86,
