alias_id,account_name,branch_id,supplier_code,match_confidence
A50001,PY/misr agami 6th Zone331,710,1,0.99
A50002,MISR AGAMI,726,1,0.828
A50003,PH Misr Agami 011,726,1,0.976
A50004,MisrA gami,727,1,0.861
A50005,Misr Agami 04,731,1,0.622
A50006,MISR AGAMI-A,731,1,0.702
A50007,EL Misr Agami,744,1,0.942
A50008,el MISR AGAMI (2),752,1,0.849
A50009,MISR AGAMI br.267,755,1,0.724
A50010,misr agami (2),768,1,0.946
A50011,PY//El Nasr-A,701,1,0.917
A50012,El Nasr Branch 2,716,1,0.68
A50013,Ph/el nasr,721,1,0.636
A50014,EL NASR,721,1,0.734
A50015,EL ELL NASR,734,1,0.933
A50016,El-El Nsr-A,734,1,0.913
A50017,El Nasr 011,745,1,0.728
A50018,El Nasr (2),750,1,0.983
A50019,el nas br.2,764,1,0.809
A50020,El Nasr Station St.,764,1,0.678
A50021,el silver care marg,722,1,0.89
A50022,Silver Care arg 04,722,1,0.884
A50023,Silver Care Marg br.2,723,1,0.839
A50024,PH silver care marg,737,1,0.914
A50025,Silver Care Marg 6th Zone,745,2,0.641
A50026,PH SILVER CARE MARG Mai Road,745,2,0.622
A50027,EL SILVER CARE MARG 6th Zone,767,1,0.664
A50028,Ph/El Nasr Obour Main Road,707,1,0.693
A50029,PY/El Nasr Obour-A829,721,2,0.911
A50030,el El Nasr Obour Branch 2,721,2,0.941
A50031,el ansr obour br.2,729,1,0.825
A50032,EL NASR OBOUR320,752,2,0.846
A50033,El Nasr Obour-A,752,2,0.637
A50034,El-El Nasr Obour 6th Zone,753,1,0.952
A50035,El Nasr Obour Mall,753,1,0.722
A50036,El aNsr Obour,768,2,0.83
A50037,EL el nasr obour,768,2,0.792
A50038,nile care zayed Station St.,700,1,0.823
A50039,nile care zayed Branch 2,700,1,0.627
A50040,EL Nile Care Zayed 04883,745,3,0.676
A50041,NILE CARE ZAYED Station St.,745,3,0.965
A50042,El-nile care zayed 011437,757,1,0.69
A50043,el nile care zayed,757,1,0.758
A50044,Nile Care Zayed Mall,765,1,0.621
A50045,El-Salamtek (2),710,2,0.953
A50046,Salamtek967,718,1,0.926
A50047,El-Saalmtek 04,733,1,0.941
A50048,el Salamtek Branch 1,733,1,0.738
A50049,PY/Salamtek Branch 2,755,2,0.959
A50050,EL Salamtek Branch 2,755,2,0.837
A50051,EL SALAMTEK Branch 2,759,1,0.675
A50052,EL Blue Wave Branch 2,710,3,0.951
A50053,el Blue Wave 011,710,3,0.788
A50054,PH Blue Wave Branch 2,715,1,0.951
A50055,Ph/BLUE WAVE Branch 2,715,1,0.862
A50056,Blue Wave Mall,717,1,0.853
A50057,PH BLUE WAVE 04,717,1,0.798
A50058,blue wave-A109,722,2,0.761
A50059,Blue Wave644,749,1,0.938
A50060,Blue Wave 6th Zone,749,1,0.807
A50061,PH alpha pharma zayed,714,1,0.682
A50062,alpha pharma zayed 6th Zone,714,1,0.994
A50063,PH alpha pharma zayed 6th Zone,721,3,0.756
A50064,PY/Alpha Pharma Zayed Main Road,721,3,0.925
A50065,El-Alpha Pharma Zayed (2),722,3,0.911
A50066,P HAlpha Pharma Zayed,722,3,0.715
A50067,Alpha Pharma Zayed,726,2,0.656
A50068,el Alpha Pharma Zayed Branch 1,726,2,0.894
A50069,PY/Alpha Pharma Zayed-A,741,1,0.831
A50070,EL Alpha Pharma Zayed 011,741,1,0.797
A50071,PY/Alpha Pharma Zayed Station St.622,745,4,0.957
A50072,El-alpha pharma zayed 011,745,4,0.731
A50073,El-ALPHA PHARMA ZAYED,754,1,0.801
A50074,EL alpha pharma zaye-dA186,754,1,0.674
A50075,Ph/ALPHA PHARMA ZAYED Branch 1,768,3,0.63
A50076,ALPHA PHARMA ZAYED 6th Zone,768,3,0.721
A50077,PY/Metro-A,721,4,0.911
A50078,metro Mall,721,4,0.953
A50079,El-Metro 04,752,3,0.894
A50080,el METRO-A500,756,1,0.746
A50081,MTRO,756,1,0.807
A50082,Ph/METRO Main Road,770,1,0.892
A50083,El-Metro,770,1,0.755
A50084,Sunrise Agami 6th Zone,701,2,0.674
A50085,EL Sunrise Agami Mall,704,1,0.689
A50086,Sunrise Agami br.2,704,1,0.939
A50087,PY/Sunrise Agami Mall,707,2,0.834
A50088,SUNRISE AGAMI 6th Zone,717,2,0.842
A50089,PY/SUNRISE AGAMI Branch 1,717,2,0.958
A50090,EL sunrise agami Mall,735,1,0.773
A50091,SUNRISE AGAMI Branch 1,738,1,0.972
A50092,PH Sunrise Agami,738,1,0.685
A50093,PY/SUNRISE AGAMI,763,1,0.954
A50094,BETTER LIFE OBOUR 011,711,1,0.799
A50095,PH Better Life Obbour 6th Zone,711,1,0.736
A50096,Better Life Obour (2),719,1,0.781
A50097,BETTER LIFE OBBOUR Branch 2,719,1,0.717
A50098,Better Life Obour-A,720,1,0.83
A50099,Ph/BETTER LIFE OBOUR,736,1,0.829
A50100,Ph/Better Life Obour,736,1,0.93
A50101,Better iLfe Obour,746,1,0.664
A50102,el Better Life Obour Mall,746,1,0.922
A50103,Better Life Obour Main Road,751,1,0.88
A50104,Better Life Obour Branch 2,751,1,0.705
A50105,PY/Better Life Obour Branch 1,757,2,0.639
A50106,Better Life Obour 6th Zone,764,2,0.991
A50107,Ph/Better Life Obour-A,764,2,0.898
A50108,PY/EL ZAHRAA AGAMI Station St.,714,2,0.965
A50109,PY/EL ZAHRAA AGAMI-A912,733,2,0.79
A50110,el zahraa agami,746,2,0.646
A50111,Ph/golden care agami 011,714,3,0.679
A50112,golden care agami Branch 2394,716,2,0.88
A50113,el GOLDEN CARE AGAMI662,716,2,0.942
A50114,El-GOLDEN CARE AGAMI-A,719,2,0.622
A50115,golden care agami (2),728,1,0.968
A50116,Golden Care Agami-A,735,2,0.781
A50117,EL Golden Care Agami 011,740,1,0.926
A50118,PY/goldenc are agami 6th Zone,740,1,0.971
A50119,El-golden care agami Branch 2,744,2,0.762
A50120,Golden Care Agami 04,767,2,0.685
A50121,Metro Agami,705,1,0.824
A50122,el Metro Agami Branch 2813,705,1,0.96
A50123,MEETRO AGAMI Branch 1,707,3,0.74
A50124,el METRO AGAMI (2),707,3,0.924
A50125,Mero Agami 04,714,4,0.724
A50126,METRO AGMAI Mall,714,4,0.879
A50127,El-Metro Agami (2),720,2,0.816
A50128,METRO AGAMI Branch 2,720,2,0.968
A50129,metro aggami-A,725,1,0.951
A50130,Metro Agami,740,2,0.979
A50131,Metro Agami Branch 2,740,2,0.779
A50132,Ph/METRO AGAMI Branch 2,748,1,0.783
A50133,EL union pharm rehab view,701,3,0.862
A50134,El-UNION PHARM REHAB VIEW-A,701,3,0.913
A50135,El-Union Pharm Rehab View Branch 1761,717,3,0.898
A50136,Ph/union pharm rehab view Branch 118,717,3,0.759
A50137,Union Pharm Rehab View,722,4,0.726
A50138,Union Pharm Rehab View,725,2,0.935
A50139,PY/UNION PHARM REHAB VIEW br.2,738,2,0.911
A50140,union pharm rehab view Station St.882,764,3,0.985
A50141,Ph/UNION PHARM REHAB VIEW Station St.607,764,3,0.835
A50142,PY/Union Pharm Rehab View br.2853,770,2,0.815
A50143,El-UNION PHARM REHAB VIEW650,770,2,0.733
A50144,Ph/Omega Agami Branch 1,701,4,0.997
A50145,el OMEGA AGAMI Mall,701,4,0.711
A50146,Omega Agami Statino St.,705,2,0.695
A50147,PY/omega aagami Main Road,739,1,0.888
A50148,El-Omega Agami Branch 1,747,1,0.655
A50149,PY/Omega Agami,747,1,0.633
A50150,Ph/omega agami-A,748,2,0.945
A50151,Ph/OMEGA AGAMI Mall,760,1,0.784
A50152,El-Al Nozha Agami Branch 1880,718,2,0.874
A50153,AL NOZHA AGAMI Station St.,764,4,0.625
A50154,El-AL NOZHA AGAMI Station St.,768,4,0.704
A50155,el El Zahraa Maadi476,708,1,0.756
A50156,el el zahraa maadi br.2,752,4,0.954
A50157,El Zahraa Maad iBranch 2,752,4,0.801
A50158,PY/EL ZAHRA MAADI-A,763,2,0.879
A50159,Metro Agami 04333,710,4,0.702
A50160,El-Metro Agami Station St.,710,4,0.996
A50161,Ph/Metro Agami Station St.,730,1,0.649
A50162,Metro Aagmi Mall,748,3,0.846
A50163,EL Metr Agami-A,754,2,0.656
A50164,metro agami360,755,3,0.906
A50165,Ph/METRO AGAMI Main Road,755,3,0.736
A50166,METRO AGAMI0 11660,761,1,0.732
A50167,METRO AGAMI Station St.,762,1,0.759
A50168,METRO AGAMI,766,1,0.819
A50169,PH Care 24 Seven,707,4,0.767
A50170,PH Care 24 Seven Mall,707,4,0.713
A50171,Care 24 Seven-A,709,1,0.755
A50172,PH Crae 24 Seven Branch 2,709,1,0.909
A50173,EL Care 24 Seven Mlal,736,2,0.881
A50174,PH Care 24 Seven 011,736,2,0.648
A50175,P HCare 24 Seven Main Road,748,4,0.971
A50176,Ph/CARE 24 SEVEN,748,4,0.994
A50177,PY/Care 24 Seven 011,749,2,0.714
A50178,PY/Care 24 Seven Station St.,749,2,0.887
A50179,EL CARE24 SEVEN 011,763,3,0.823
A50180,PH Omega 6th Zone,702,1,0.623
A50181,OMEGA br.2,702,1,0.844
A50182,ommega br.2,710,5,0.639
A50183,Omega br.2,714,5,0.758
A50184,PY/OMEGA,728,2,0.939
A50185,Omega,743,1,0.908
A50186,El-OMEGA,749,3,0.707
A50187,Ph/OMEGA Mall676,750,2,0.739
A50188,Ph/OMEGA Mall869,750,2,0.629
A50189,Omega729,758,1,0.93
A50190,El-EL NASR MARG br.2,736,3,0.953
A50191,El-El Nasr Marg,736,3,0.892
A50192,EL EL NASR MARG-A,737,2,0.663
A50193,EL EL NASR MARG 011,739,2,0.737
A50194,el EL NASR MARG Branch 1513,739,2,0.65
A50195,PY/el nassr marg Branch 2,769,1,0.831
A50196,EL ZAHRAA AGAMI,704,2,0.756
A50197,el EEL ZAHRAA AGAMI,712,1,0.771
A50198,el zahraa agami,715,2,0.649
A50199,el El Zahraa Agami Branch 1,715,2,0.89
A50200,El Zahraa Agami 6th Zone609,719,3,0.778
A50201,el El Zahraa Agami-A,719,3,0.803
A50202,PY/El Zahraa Agami 6th Zone,723,2,0.751
A50203,El Zahraa Agami Main Road834,727,2,0.638
A50204,PY/EL ZAHRAA AGAMI Main Road953,727,2,0.621
A50205,EL ZAHRAA AGAMI,757,3,0.687
A50206,Al Amal Branch 1,725,3,0.975
A50207,Al Amal br.2,731,2,0.817
A50208,El-Al Amal br.2,731,2,0.715
A50209,AL AMAL,754,3,0.693
A50210,EL Al Amal 04,768,5,0.888
A50211,El-CARE 24 SEVEN Branch 2,720,3,0.862
A50212,Ph/Care 24 Seven-A,752,5,0.895
A50213,PH care 24 seven 6th Znoe952,752,5,0.735
A50214,Care 24 Seven Mall,759,2,0.728
A50215,Ph/care 24 seven Branch 2317,770,3,0.926
A50216,Ph/EILTE Main Road,714,6,0.957
A50217,elite,719,4,0.946
A50218,Elite br.2,719,4,0.989
A50219,Elite Branch 1,721,5,0.65
A50220,PH Elite br.2,737,3,0.824
A50221,Elite,737,3,0.893
A50222,Ph/Elite 011,744,3,0.712
A50223,ELITE 6th Zne582,744,3,0.891
A50224,PH ELTE 04,746,3,0.877
A50225,EL Hope Agami,719,5,0.853
A50226,hope agami,728,3,0.636
A50227,Hope Agami 04,731,3,0.624
A50228,El-HOPE AGAMI,744,4,0.872
A50229,PH hope agami br.2,767,3,0.68
A50230,El-Hope Agami br.2939,767,3,0.87
A50231,Ph/el tourath,700,2,0.662
A50232,PY/El Tourath Branch 2,700,2,0.736
A50233,Ph/el tourath263,736,4,0.75
A50234,Ph/el tourath BBranch 2,736,4,0.916
A50235,PH EL TOURATH,740,3,0.823
A50236,PH EL TOURATH 04,768,6,0.906
A50237,PYH/EALTH GATE Main Road,723,3,0.716
A50238,PH Health Gate,725,4,0.848
A50239,El-health gate,730,2,0.685
A50240,Ph/ealth Gate Branch 1960,752,6,0.782
A50241,PY/Health Gate 6th Zone,752,6,0.927
A50242,Al Nozha Agami 04,712,2,0.924
A50243,AL NOZHA AGAMI 6th Zone,712,2,0.707
A50244,al nozha agami,714,7,0.791
A50245,Ph/AAl Nozha Agami (2)521,715,3,0.652
A50246,AL NOZHA AGAMI (2),716,3,0.73
A50247,Al NozhaAgami 6th Zone,716,3,0.891
A50248,al nozha agami,748,5,0.886
A50249,AL NOZHA AGAMI,756,2,0.699
A50250,EL Al Nozha Agami 6th Zone,756,2,0.893
A50251,BLUE WAVE ASAFRA Mall,713,1,0.81
A50252,Blue Wave Asafra Branch 1929,713,1,0.773
A50253,El-Blue Wave Asafra Branch 2338,716,4,0.87
A50254,el blue wave asafra,726,3,0.968
A50255,blue wave asafra,746,4,0.887
A50256,El-Blue Wave Asafra Main Road,750,3,0.925
A50257,EL Blue Wave Asafra 04,761,2,0.807
A50258,el blue wave asafra Branch 2,761,2,0.72
A50259,bluewave asafra78,764,5,0.818
A50260,Omega,721,6,0.676
A50261,el Omega 6th Zone,721,6,0.89
A50262,el omega Branch 2,730,3,0.894
A50263,EL Omega,730,3,0.738
A50264,OMEGA,753,2,0.988
A50265,Omega-A79,764,6,0.651
A50266,Omega-A,769,2,0.743
A50267,Omega 6th Zoone733,769,2,0.641
A50268,PY/omega,770,4,0.7
A50269,Ph/OMEGA 04,770,4,0.831
A50270,El-siver care br.2660,739,3,0.774
A50271,el SILVER CARE 6h Zone,739,3,0.698
A50272,silver care,760,2,0.893
A50273,Ph/silver care 011,762,2,0.923
A50274,PH SILVER CARE-A,766,2,0.835
A50275,Silver Care,766,2,0.879
A50276,EL SILVER CARE( 2),770,5,0.833
A50277,Silvr Care,770,5,0.69
A50278,BLUE WAVE BANHA Branch 2,702,2,0.95
A50279,el Blue Wave Banha Mai nRoad,702,2,0.949
A50280,el blue waev banha,706,1,0.69
A50281,EL Blue Wave Banha-A,708,2,0.727
A50282,El-blue wave banha Branch 2993,725,5,0.679
A50283,el Blue Wave Banha,725,5,0.732
A50284,EL Blue Wave Banha Mall,743,2,0.722
A50285,el BLUE WAVE BANHA Main Road,744,5,0.691
A50286,el BLUE WAVE BANHA,744,5,0.944
A50287,El Shifa Main Road,708,3,0.81
A50288,El-El Shifa 011,708,3,0.998
A50289,EL el shifa Main Road256,714,8,0.893
A50290,PH E lShifa 04,717,4,0.705
A50291,PY/el shifa (2),722,5,0.976
A50292,el shifa-A,761,3,0.998
A50293,Ph/EL SHIFA Mall,765,2,0.691
A50294,el el sifa,765,2,0.686
A50295,A lNozha Mall,711,2,0.785
A50296,PH AL NOZHA,711,2,0.944
A50297,el Al Nozha,719,6,0.805
A50298,Ph/Al Nozha Main Road,719,6,0.905
A50299,Ph/ALL NOZHA,720,4,0.892
A50300,PH Al Nozha Main Road,720,4,0.626
A50301,Ph/Al Nozha 04,741,2,0.796
A50302,El-AL NOZHA,751,2,0.703
A50303,Al Nozha,751,2,0.939
A50304,el AL NOZHA,770,6,0.927
A50305,PY/al nohza,770,6,0.992
A50306,EL El Zahraa-A,711,3,0.965
A50307,PH EL ZAHRAA 04916,711,3,0.694
A50308,El Zahraa 011,730,4,0.626
A50309,EL ZAHRAA,742,1,0.857
A50310,Ph/El Zahraa 04,742,1,0.751
A50311,el El Zahraa (2),745,5,0.685
A50312,PY/El Zahraa,753,3,0.628
A50313,El-EL ZAHRAA 011,753,3,0.887
A50314,star care 04,725,6,0.868
A50315,Star Care br.2,725,6,0.632
A50316,PY/Star Care-A,739,4,0.963
A50317,STAR CARE 04,739,4,0.755
A50318,STAR CARE,751,3,0.879
A50319,El-star care (2),751,3,0.623
A50320,EL seha first asafra 04,722,6,0.792
A50321,el seha first asafra,732,1,0.772
A50322,PY/Seha First Asafra 6th Zone,733,3,0.86
A50323,PY/Seha First Asafa Main Road,733,3,0.994
A50324,El-SEHA FIRST ASAFRA 6th Zone,734,2,0.676
A50325,Ph/seha first asafra br.2,741,3,0.907
A50326,PY/Seha First Asafra Main Road,752,7,0.676
A50327,PH Seha First Asafra 011,752,7,0.681
A50328,EL Seha First Asafra,762,3,0.856
A50329,EL seha first asafra 04,762,3,0.88
A50330,SEHA FIRRST ASAFRA Main Road,770,7,0.74
A50331,EL Union Pharm Nozha br.2351,700,3,0.792
A50332,union pharm nozha 011,702,3,0.63
A50333,UNION PHARM NOZHA 04,702,3,0.997
A50334,UNION PARM NOZHA-A,705,3,0.703
A50335,Union Pharm Nozha,705,3,0.801
A50336,El-nion Pharm Nozha,737,4,0.833
A50337,el union pharm nozha,738,3,0.884
A50338,Union Pharm Nozha Mall,738,3,0.794
A50339,Union Pharm Noozha 011,752,8,0.942
A50340,UNION PHARM NOZHA (2),756,3,0.909
A50341,EL Union Pharm Nozha 04,756,3,0.94
A50342,union pharm nozha Branch 118,770,8,0.898
A50343,EL Union Pharm Noozha (2),770,8,0.995
A50344,PH Pharma Plus Imbaba,708,4,0.716
A50345,pharma plus imbaba,716,5,0.802
A50346,Ph/Pharma Plus Imbaba Branch 2,716,5,0.852
A50347,EL Pharma Plus Imbaba Mall749,739,5,0.838
A50348,El-pharma plus imbaba Station St.,739,5,0.717
A50349,EL Pharma Plus Imbaba 011,744,6,0.781
A50350,PH Pharma Plus Imbaba (2)958,748,6,0.824
A50351,el Pharma Plus Imbaba 04,748,6,0.627
A50352,PHARMA PLUS IMBABA (2),755,4,0.867
A50353,PH Pharma Plus Imbaba-A,755,4,0.751
A50354,PY/Elite 6th Zone,706,2,0.896
A50355,PH Elite,706,2,0.734
A50356,EL Elite (2)77,708,5,0.876
A50357,el ELITE,708,5,0.852
A50358,Ph/ELITE Branch 1,711,4,0.723
A50359,El-elitee Mall,729,2,0.87
A50360,ELITE Station St.,739,6,0.726
A50361,elite Main Road,744,7,0.691
A50362,El-Elite 011,744,7,0.758
A50363,PH seha first obour 04943,701,5,0.73
A50364,El-seha first obour-A,734,3,0.988
A50365,SehaF irst Obour 6th Zone,734,3,0.683
A50366,EL Seha FirstO bour,736,5,0.672
A50367,SEHA FIRST OBOUR 04,749,4,0.833
A50368,seha first obour,749,4,0.729
A50369,PY/SEHA FIRST OBOUR-A,756,4,0.643
A50370,Seha First Obour 011889,762,4,0.733
A50371,Seha First Obour,765,3,0.924
A50372,Seha First Obour Branch 1,765,3,0.94
A50373,el FAMILY 6th Zone,752,9,0.962
A50374,El-FAMILY-A,752,9,0.679
A50375,family Branch 1,753,4,0.859
A50376,PY/Family Branch 2,753,4,0.691
A50377,El-family,756,5,0.989
A50378,Family 04,764,7,0.758
A50379,Mira Maadi 011,703,1,0.624
A50380,Mira Maadi 6th Zone,738,4,0.785
A50381,EL Mira Maadi,738,4,0.781
A50382,El-mira maadi Mall939,739,7,0.89
A50383,PY/mira maaid Branch 1908,739,7,0.637
A50384,el MIRA MAADI Station St.,760,3,0.992
A50385,mira maadi,760,3,0.759
A50386,PY/mira maaadi 04,762,5,0.964
A50387,PY/mira maad iMain Road,763,4,0.786
A50388,mira maadi Main Road,764,8,0.636
A50389,Ph/mira maadi 6th Zone,764,8,0.793
A50390,Mira Maadi Main Road,768,7,0.897
A50391,Ph/mira maadi (2),768,7,0.752
A50392,hope Branch 2,704,3,0.893
A50393,El-Hope,704,3,0.627
A50394,El-hope Mall,730,5,0.626
A50395,hope Main Road,730,5,0.825
A50396,PHH ope,750,4,0.889
A50397,hope Main Road,750,4,0.743
A50398,silver care asafra 6th Zone,720,5,0.872
A50399,EL SILVER CARE ASAFRA Mall,740,4,0.914
A50400,PH Silver Care Asafra ((2),740,4,0.711
A50401,El-Silver Care Asafa Station St.,741,4,0.86
A50402,El-SILVER CARE ASAFRA 6th Zone,741,4,0.687
A50403,El-alpha pharma,712,3,0.925
A50404,Alppha Pharma 04175,716,6,0.717
A50405,PY/Alpha Pharma Branch 1,764,9,0.725
A50406,Star Care Square Main Road,726,4,0.818
A50407,el star care square 6th Zone,726,4,0.963
A50408,Star Care Square 011,742,2,0.669
A50409,EL STAR CARE SQUARE (2),770,9,0.983
A50410,Star Care Square Branch 2,770,9,0.728
A50411,El-Metro Oct City br.2,702,4,0.886
A50412,Metro Oct City 04678,702,4,0.876
A50413,EL Metro Oct City (2),714,9,0.889
A50414,el Metro Oct City Branch 1,714,9,0.817
A50415,el Metro Oct City,737,5,0.839
A50416,Metro Oct City Main Road,742,3,0.936
A50417,METRO OCT CITY,742,3,0.784
A50418,PY/METRO OCT CITY Branch 1,746,5,0.624
A50419,EL Metro Oct City781,761,4,0.744
A50420,metro oct city br.2,761,4,0.912
A50421,al amal,700,4,0.882
A50422,Ph/Al Amal93,700,4,0.875
A50423,AL AMAL,749,5,0.658
A50424,EL AL AMAL (2),749,5,0.662
A50425,Ph/L AMAL (2),768,8,0.808
A50426,al amal br.2,768,8,0.922
A50427,El-El Shifa Asafra Mall560,709,2,0.919
A50428,el El Shifa Asafra,714,10,0.726
A50429,el El Shifa Asafra Station St.,729,3,0.975
A50430,El Shifa Asafra Station St.,729,3,0.856
A50431,PH el shifa asafra br.2,743,3,0.715
A50432,el El Shifa Asafra Mall,747,2,0.629
A50433,El Shifa Asafra,762,6,0.808
A50434,el El Shifa Asafra Statioon St.,766,3,0.836
A50435,el el shifa asafra,766,3,0.858
A50436,GREEN LEAF 6th Zone,701,6,0.681
A50437,EL GREEN LEAF Station St.,701,6,0.901
A50438,PH Green Leaf-A,704,4,0.71
A50439,PH GREEN LEFA 011603,717,5,0.866
A50440,Gren Leaf Mall,717,5,0.931
A50441,GREEN LEAF Mall,732,2,0.912
A50442,Green Leaf,768,9,0.68
A50443,P/Green Leaf-A,768,9,0.686
A50444,EL Mira Asafra,748,7,0.708
A50445,MIRA ASAFRA Mall,756,6,0.822
A50446,PY/MIRA ASAFRA 011,763,5,0.837
A50447,Ph/Mira Asaffra834,763,5,0.951
A50448,Mira Asafra Station St.,769,3,0.689
A50449,EL SILVER CARE OBOUR,717,6,0.885
A50450,el Silver Care Obour Mall,717,6,0.828
A50451,el silver care obour 6th Zone,745,6,0.731
A50452,el silver care obour 6th Zone,753,5,0.964
A50453,PH Al Amal br.2993,700,5,0.927
A50454,PH Al Amal,700,5,0.626
A50455,EL al amal Station St.,707,5,0.649
A50456,PH Al Amal Branch 1,724,1,0.63
A50457,EL Al Amal 011,726,5,0.985
A50458,PH Al Amal Branch 2105,726,5,0.927
A50459,El-al amal Branch 2,731,4,0.705
A50460,Al AAmal Mall,731,4,0.738
A50461,el Al Amal 6th Zne,739,8,0.931
A50462,Al Amal Mall,744,8,0.751
A50463,El-Alpha Pharma,715,4,0.764
A50464,PH alpha pharma br.2481,745,7,0.99
A50465,PY/Alpha Pharma 6th one859,760,4,0.813
A50466,PH alpha pharma Branch 2,762,7,0.904
A50467,Alpha Pharma 04,765,4,0.63
A50468,el alpha pharma,765,4,0.824
A50469,silver care 04,703,2,0.795
A50470,PY/Silver Cae-A,705,4,0.744
A50471,el SILVER CARE,707,6,0.92
A50472,silver care 6th Zone,707,6,0.663
A50473,PH silver care,708,6,0.786
A50474,Ph/Silver Care-A,710,6,0.846
A50475,El-Silver Care Branch 1,727,3,0.93
A50476,Silver Care 04,732,3,0.89
A50477,city care borg 6th Zone,705,5,0.679
A50478,El-CITY CARE BORG Mall,705,5,0.874
A50479,City Care Borg Main Road,708,7,0.96
A50480,City Care Borg,714,11,0.939
A50481,el city care borg,720,6,0.764
A50482,PY/CITY CARE BORG Main Road,720,6,0.776
A50483,Ph/ciity care borg Mall,747,3,0.749
A50484,El-City Care Borg Mall,747,3,0.979
A50485,misr Station St.,705,6,0.752
A50486,Misr 011,705,6,0.75
A50487,Misr br.2,710,7,0.957
A50488,el Misr 66th Zone,710,7,0.772
A50489,misr 04,711,5,0.651
A50490,Misr Branch 1225,711,5,0.882
A50491,E-lMisr Main Road,722,7,0.793
A50492,PY/misr Brach 1,726,6,0.796
A50493,PY/MISR Station St.,726,6,0.936
A50494,Ph/MISR Mall,746,6,0.85
A50495,EL Misr Mall,757,4,0.787
A50496,PH Misr Branch 2,757,4,0.945
A50497,Misr,759,3,0.642
A50498,Ph/Dr Medhat Borg 04,707,7,0.763
A50499,EL Dr Medhat Borg Station St.,741,5,0.812
A50500,Dr Medhat Borg Main Road,741,5,0.905
A50501,Ph/dr medhat borg Branch 1,746,7,0.905
A50502,dr medhat borg (2),746,7,0.743
A50503,PY/Dr Medhat Borg br.2,753,6,0.77
A50504,PY/greeen leaf,715,5,0.997
A50505,Green Leaf 011,716,7,0.682
A50506,Ph/GREEN LEAF (2),717,7,0.838
A50507,El-Green Leaf,717,7,0.745
A50508,Green Leaf Station St.,725,7,0.646
A50509,el GREEN LEAF 04,725,7,0.686
A50510,Green Leaf 04,749,6,0.879
A50511,PY/Green Leaf 04450,749,6,0.763
A50512,Green Leaf 011,755,5,0.841
A50513,PY/green leaf776,756,7,0.978
A50514,PH Green Leaf,769,4,0.768
A50515,PY/EL ZAHRAA BORG (2),704,5,0.622
A50516,El Zahraa Borg Branch 2329,704,5,0.894
A50517,EL ZAHRAA BORG,712,4,0.732
A50518,EL El Zahraa Borg 011993,735,3,0.957
A50519,El Zahraa Borg Station t.,741,6,0.631
A50520,Ph/EL ZAHRAA BORG Mall,769,5,0.66
A50521,el GREEN LEAF 04,719,7,0.74
A50522,PH Green Leaf,719,7,0.664
A50523,PH green leaf Station St.,721,7,0.742
A50524,Ph/Green Leaf Mall,738,5,0.636
A50525,Green Leaf Branch 2,738,5,0.968
A50526,Ph/Green Leaf Mall,743,4,0.958
A50527,PY/Green Leaf (2),743,4,0.829
A50528,el Green Leaf Station St.,770,10,0.77
A50529,el Green eaf Main Road,770,10,0.945
A50530,Alpha Parma Borg (2),720,7,0.648
A50531,Alpha Pharma Borg Station St.,745,8,0.678
A50532,PH alpha pharma borg Main Road,745,8,0.925
A50533,PH Alpha Pharma Borg Branch 1235,766,4,0.758
A50534,Ph/alpha pharma brog,766,4,0.971
A50535,Alpha Pharma Borg585,767,4,0.688
A50536,PY/EL HOKAMA HARRAM Branch 2,700,6,0.818
A50537,el hokama haram Main Road,704,6,0.887
A50538,El Hokama Haram,715,6,0.69
A50539,El Hokama Haram (2),715,6,0.781
A50540,PH El Hokama Haram Branch 2196,728,4,0.756
A50541,EL HOKAMA HARAM Main Road,758,2,0.677
A50542,el hoakma haram Mall,765,5,0.87
A50543,Ph/usnrise nozha 011,733,4,0.847
A50544,PY/Sunrise Nozha,736,6,0.905
A50545,Sunrise Nozha-A,737,6,0.771
A50546,El-Sunrise Nozha (2)687,737,6,0.849
A50547,PH sunrise nozha,739,9,0.899
A50548,SUNRISE NOZHA Branch 1,742,4,0.633
A50549,el sunrise nohza (2),744,9,0.655
A50550,el Sunrise Nozha br.2,744,9,0.786
A50551,el Sunrise Nozha,750,5,0.648
A50552,sunrise nozha Mall,763,6,0.846
A50553,SUNRISE NOZHA br.2,763,6,0.751
A50554,Ph/SALAMTEK Main Road,720,8,0.78
A50555,PH SALAMTEK 011,728,5,0.656
A50556,Salamtek Branch 2845,739,10,0.667
A50557,SALAMTEK Main Road,739,10,0.798
A50558,Salamtek Mll,741,7,0.913
A50559,PY/Salamtek Branch 1,769,6,0.825
A50560,Ph/better life,707,8,0.744
A50561,better life Main Road,707,8,0.864
A50562,Ph/Better Life,710,8,0.864
A50563,PH better life (2),710,8,0.893
A50564,el Bette rLife 04,730,6,0.733
A50565,PH BETTER LIF E6th Zone,736,7,0.659
A50566,BETTER LIFE br.2,736,7,0.874
A50567,Ebn Sina Rehab View br.2,707,9,0.786
A50568,el EBN SINA REHAB VIEW (2),745,9,0.9
A50569,EBN SINA REHAB VIEW 04,746,8,0.672
A50570,El-EBN SINA REHAB VIEW,746,8,0.722
A50571,EBN SINA REHAB VIEW-A,758,3,0.951
A50572,El-STAR CARE SQUARE92,712,5,0.632
A50573,El-Star Care Squarre Mall293,719,8,0.659
A50574,el Star Care Squarre Mall,719,8,0.95
A50575,PY/star care square 6th Zone449,723,4,0.816
A50576,PH Star Care Square,723,4,0.932
A50577,Star Care Square,767,5,0.663
A50578,El-Better Life Borg Station St.,702,5,0.885
A50579,Better Life Borg,703,3,0.872
A50580,BETTER LIFE BORG,703,3,0.951
A50581,better life borg 6th Zone,709,3,0.697
A50582,PH better life borg-A,709,3,0.899
A50583,BETTER LIFE BORG 04,718,3,0.644
A50584,PY/better life borg-A,718,3,0.995
A50585,El-BETTER LIFE BORG 04,750,6,0.781
A50586,El-Better Life Borg 011225,751,4,0.915
A50587,Ph/Better Life Borg-A,751,4,0.814
A50588,PY/Better Life Borg Main Road,770,11,0.831
A50589,PY/NILE CAREHELWAN 011,705,7,0.837
A50590,PY/NILE CARE HELWAN 011,705,7,0.625
A50591,el NILE CARE HELWA 0431,724,2,0.69
A50592,PH nile care helwan Main Road498,725,8,0.757
A50593,PY/Nile Care Helwan Branch 1,734,4,0.66
A50594,Nile Care Helwan 011,744,10,0.634
A50595,Ph/nile care helwan Main Road,747,4,0.905
A50596,el NILE CARE HELWAN 6th Zone368,747,4,0.879
A50597,EL Nile Care Helwan Main Road,754,4,0.87
A50598,EL nile care helwan Branch 2,754,4,0.788
A50599,HOPE OOUR 04,705,8,0.971
A50600,Hope Obour,720,9,0.691
A50601,Hope Obour Branch 1,720,9,0.959
A50602,El-Hope Obour120,729,4,0.828
A50603,Hope Obour 6th Zone644,732,4,0.67
A50604,HOPE OBOUR 6th Zone,758,4,0.827
A50605,PY/Hope Obour Branch 1,758,4,0.65
A50606,Golden Car eMall,715,7,0.727
A50607,GOLDEN CARE,715,7,0.785
A50608,Ph/GLODEN CARE 04,762,8,0.827
A50609,El-gloden care 04,768,10,0.862
A50610,El-golden care,768,10,0.807
A50611,PY/angel dokki 6th Zone57,704,7,0.779
A50612,Angeel Dokki546,704,7,0.807
A50613,AGEL DOKKI519,720,10,0.826
A50614,PH angel dokki-A,720,10,0.666
A50615,PH Angel Dokki(2)25,729,5,0.722
A50616,Ph/Angeel Dokki 6th Zone,729,5,0.992
A50617,Ph/ANGEL DOKKI 011,732,5,0.687
A50618,El-ANGEL DOKKI-A,732,5,0.952
A50619,PY/Angel Dokki Staion St.,733,5,0.675
A50620,ANGEL ODKKI Branch 2,733,5,0.644
A50621,el ANGEL DOKKI br.2,751,5,0.762
A50622,PH angel dokki,760,5,0.886
A50623,ANGEL DOKKI,760,5,0.722
A50624,El-ANGEL DOKKI 04556,767,6,0.806
A50625,Angel Dokki Mall,767,6,0.959
A50626,EL Salamtek,710,9,0.854
A50627,Salamtek Mall,727,4,0.766
A50628,Salamtek Branch 2,732,6,0.908
A50629,PH Salamtek Mlal,732,6,0.708
A50630,SALAMTEK,738,6,0.781
A50631,PH Salamtek br.2,738,6,0.72
A50632,Ph/SALAMTEK Main Road,739,11,0.71
A50633,El-Salmtek (2),744,11,0.899
A50634,el Salamtek Branch 1,764,10,0.806
A50635,SALAMTEK 011534,764,10,0.869
A50636,Golden Care Haram Branch 2,709,4,0.965
A50637,el golden care haram (2),729,6,0.973
A50638,Ph/Golden Care Haram Main oRad,730,7,0.884
A50639,Golden Care Haram 011,735,4,0.982
A50640,EL GOLDEN CARE HARAM Brannch 1,735,4,0.728
A50641,EL Goolden Care Haram 011887,746,9,0.94
A50642,Golden Care Haram-A,763,7,0.852
A50643,El-Sallamtek Imbaba Mall,710,10,0.782
A50644,El-SALAMTEK IMBABA br.2,715,8,0.644
A50645,SALAMTEK IMBABA 04,718,4,0.721
A50646,SALAMTEK IMBABA333,718,4,0.824
A50647,Ph/salamtek imbaba487,737,7,0.621
A50648,El-SALAMTEK IMBABA 6th Zone,737,7,0.847
A50649,El-Salamtek Imbaba,754,5,0.891
A50650,el salamtek mibaba Mall,754,5,0.847
A50651,PH Salamtek Imbaba 011772,756,8,0.741
A50652,Salamtek Imbaba Branch 2973,756,8,0.628
A50653,salamtek imbaba Branch 2189,759,4,0.923
A50654,PY/SALAMTEK IMBABA Branch 2,759,4,0.785
A50655,PH Salamtek Imbaba Mall,763,8,0.83
A50656,EL BLUE WAVE REHABVIEW br.2,714,12,0.852
A50657,PY/BLUE WAVE REHAB VIEW br.2,714,12,0.673
A50658,BLUE WAVE REHAB VIEW Branch 1,735,5,0.76
A50659,El-Blue Wave Rehab View Main Road,765,6,0.799
A50660,Nile Care-A777,701,7,0.861
A50661,nile care Mall,732,7,0.979
A50662,NILE CARE 6th Zone,732,7,0.701
A50663,nile care (2),734,5,0.736
A50664,EL Nile Care (2),734,5,0.864
A50665,PY/Nile Care Main Road,745,10,0.748
A50666,Nile Care Station St.712,745,10,0.646
A50667,EL Nile Care br.2,757,5,0.736
A50668,El-Nile Care 0473,757,5,0.808
A50669,PY/Nile Care Branch 2,759,5,0.928
A50670,Nile Care 6th Zone24,759,5,0.672
A50671,Dr Medhat671,706,3,0.64
A50672,El-Dr Medhat 6th Zone,720,11,0.695
A50673,EL dr medhat 011,733,6,0.989
A50674,EL D Medhat Branch 2,760,6,0.984
A50675,PH Dr Medhat Main Road,760,6,0.767
A50676,Ph/El Shifa Zayed 011,721,8,0.948
A50677,EL lE Shifa Zayed983,746,10,0.937
A50678,El Shiffa Zayed Branch 2,759,6,0.715
A50679,El-El Shifa Zayed 6th Zone,759,6,0.64
A50680,EL UNION PHARM BORG,719,9,0.656
A50681,PH Union Pharm BBorg,734,6,0.727
A50682,el union pharm borg 6th Zone,745,11,0.927
A50683,EL Union Pharm Borg 011,745,11,0.704
A50684,Ph/Union Pharm Borg Mall,748,8,0.803
A50685,Union Pharm Borg Station St.,766,5,0.931
A50686,PH CARE 2 4SEVEN,701,8,0.706
A50687,Ph/Care 24 Seven Mall,738,7,0.981
A50688,el care 24 seven br.2,738,7,0.751
A50689,el care 24 seven Branch 223,749,7,0.709
A50690,el Care 24 Seven 011,755,6,0.884
A50691,Ph/CARE 24 SEVEN,755,6,0.945
A50692,el Care 24 Seven Station St.,758,5,0.912
A50693,el EL OURATH,709,5,0.723
A50694,EL El Tourath (2),718,5,0.67
A50695,Ell Tourath,718,5,0.9
A50696,EL EL TOURATH 6th Zone,736,8,0.792
A50697,el El Tourath 011,736,8,0.713
A50698,El Tourath all,757,6,0.999
A50699,El Shifa 6t Zone,708,8,0.857
A50700,el EL SHIFA Main Road,708,8,0.79
A50701,El Shifa Station St.,718,6,0.684
A50702,El-El Shifa-A,718,6,0.79
A50703,Ph/ELL SHIFA-A,724,3,0.649
A50704,EL EL SHIFA 011,728,6,0.912
A50705,EL EL SHIFA br.2,764,11,0.99
A50706,el E Shifa 011,764,11,0.999
A50707,PY/ELITE MANDARA Branch 2,710,11,0.674
A50708,EL Elite Mandara 04,710,11,0.723
A50709,Elite Mandara Branch 1,718,7,0.65
A50710,el elite mandara 011,718,7,0.998
A50711,Elite Mandara Stationn St.,720,12,0.652
A50712,el Elite andara Branch 1,742,5,0.68
A50713,PH Elite Mandara Station St.409,756,9,0.866
A50714,elE lite Mandara 04,756,9,0.809
A50715,PH ELITE MANDARA Mall839,763,9,0.784
A50716,EL Elite Mandara 04,770,12,0.941
A50717,PH alpha pharma Branch 2,706,4,0.877
A50718,EL Alpha Pharma 011,728,7,0.648
A50719,el alpha pharmma br.2,737,8,0.801
A50720,El-Alpha Pharma br.2,741,8,0.879
A50721,El-Alpha Pharma 04,741,8,0.919
A50722,PY/Alpha Pharma,743,5,0.746
A50723,Ph/alpha pharma 6th Zone970,743,5,0.635
A50724,EL Alpha Pharma Branch 1,753,7,0.742
A50725,PH Alpha Pharma Station St.,768,11,0.98
A50726,el alpha pharma Main Road372,768,11,0.7
A50727,El-City Care SquareM ain Road,703,4,0.81
A50728,City Care Square-A,703,4,0.959
A50729,CITY CARE SQUARE Mall,705,9,0.792
A50730,El-City Care Square br.2,728,8,0.816
A50731,Ph/city care square Main Road,744,12,0.917
A50732,City Care Squre 011,750,7,0.757
A50733,CITY CARES QUARE 6th Zone,752,10,0.789
A50734,City Care Square-A221,759,7,0.944
A50735,Ph/City Care Square Mall,759,7,0.788
A50736,el el faraby 6th Zone,703,5,0.924
A50737,Elel faraby Main Road,703,5,0.822
A50738,El-El Faraby 04,705,10,0.745
A50739,El-El Faraby 011,705,10,0.675
A50740,Ph/el faraby 011,723,5,0.925
A50741,el EL FARABY Mall,723,5,0.741
A50742,EL el faraby,726,7,0.942
A50743,PH el faraby 6th Zone,726,7,0.937
A50744,EL FARABY 04,730,8,0.9
A50745,EL FARABY,730,8,0.79
A50746,EL el faraby,762,9,0.799
A50747,El Faraby,762,9,0.846
A50748,EL Metro Madnara 6th Zone,724,4,0.866
A50749,METRO MANDARA 04,724,4,0.811
A50750,Ph/METRO MANDAR A(2),726,8,0.686
A50751,PH METRO MANDARA (2),741,9,0.96
A50752,PH metro mandara,742,6,0.974
A50753,PY/METRO MNADARA 011,742,6,0.902
A50754,PH Metro Mandara 6th Zone,758,6,0.765
A50755,PY/Metro Mandara Branch 1,763,10,0.65
A50756,AL MAL Branch 1,723,6,0.814
A50757,El-AL AMAL br.2,724,5,0.993
A50758,al amal Station St.301,724,5,0.99
A50759,Ph/Al Amal 04,735,6,0.688
A50760,El-Al Amal Mall431,735,6,0.913
A50761,EL Silver Care Mandara Station St.,706,5,0.789
A50762,Ph/Silver Care Mandara Mall,735,7,0.766
A50763,Ph/Silver Care Mandara 04778,735,7,0.732
A50764,Silver Care Mandara (2)326,739,12,0.94
A50765,PH Silver Care Mandara935,739,12,0.917
A50766,el silver care mandaraM all,742,7,0.744
A50767,el Silver Care Mandara Branch 1,742,7,0.742
A50768,silver care mandara,763,11,0.8
A50769,PY/silver care mandara br.298,769,7,0.952
A50770,El Shiffa 6th Zone,735,8,0.939
A50771,PH El Shifa 011,735,8,0.685
A50772,el shifa,755,7,0.871
A50773,El Shifa,755,7,0.71
A50774,El-el shifa 6thh Zone976,756,10,0.893
A50775,EL ElS hifa,756,10,0.745
A50776,PY/el shifa,759,8,0.675
A50777,Ell Shifa528,769,8,0.833
A50778,El-El Shifa Station St.,769,8,0.991
A50779,EL care 24 seven helwan Branch 2,737,9,0.694
A50780,El-care 24 seven helwan 04,737,9,0.641
A50781,CARE 24 SEVEN HELWAN,762,10,0.632
A50782,Care 24 Seven Helwan Station St.,762,10,0.804
A50783,Care 24 Seven Helwan,765,7,0.637
A50784,care 24 seven helwan (2),768,12,0.946
A50785,PY/NILE CARE 011,729,7,0.752
A50786,NILE CARE 011,729,7,0.709
A50787,el Nile Care251,732,8,0.757
A50788,Nile Care br.2242,732,8,0.975
A50789,Nile Care Mall,736,9,0.917
A50790,PH NILE CARE Main Road,736,9,0.656
A50791,NILE CARE-A,742,8,0.709
A50792,Nile Care Station St.,742,8,0.944
A50793,NILE CARE Mall,751,6,0.844
A50794,Nile Care Mall,751,6,0.832
A50795,health gate,712,6,0.987
A50796,EL health gate,712,6,0.915
A50797,el Health Gate Branch 1,739,13,0.811
A50798,el Health Gate (2),743,6,0.902
A50799,EL health gate (2),758,7,0.679
A50800,Health Gate311,758,7,0.847
A50801,el Health Gate-A,767,7,0.638
A50802,EL alpha pharma mandara,713,2,0.801
A50803,EL alpha pharma mandara Main Road,741,10,0.828
A50804,Ph/Alpha Pharma Mandara Mall,741,10,0.731
A50805,EL Alpha Pharma Mandara 04,755,8,0.886
A50806,Alpha Pharma Mandara Main Road,755,8,0.898
A50807,EL Alpha Pharma Mandara,760,7,0.849
A50808,EL Family Dokki Main Road,712,7,0.654
A50809,el fammily dokki 011,727,5,0.877
A50810,El-Family Dokki Main Road,727,5,0.92
A50811,El-FAMILY DOKKI Mall,729,8,0.642
A50812,family dokki 6thZone,743,7,0.745
A50813,FAMILY DOKKI,753,8,0.672
A50814,PH Family Dokki Main Road,753,8,0.81
A50815,el PHARMA PLUS MANDARA Main Road,700,7,0.673
A50816,Pharma Plus Mandara 6th Zone,700,7,0.905
A50817,Pharma Plus Mandara 6th Zone,711,6,0.677
A50818,Pharma Plus Mandara 011,732,9,0.729
A50819,Pharma Plus Mandara Station St.,732,9,0.922
A50820,PHARMA PLUS MANDARA,743,8,0.831
A50821,pharma plus mandara,753,9,0.677
A50822,PHARMA PLUS MANDARA Branch 2,753,9,0.955
A50823,Pharma Plus Mandara-A,759,9,0.737
A50824,EL Pharma Pllus Mandara,759,9,0.806
A50825,SUNRISE HELWAN Mall,718,8,0.912
A50826,Sunrise Helwan Main Road,721,9,0.755
A50827,Ph/SUNRISE HELWAN Staton St.,721,9,0.858
A50828,Sunrise Helwan Branch 2,738,8,0.936
A50829,el SUNRISE HELWAN,741,11,0.995
A50830,sunrise helwan 04,754,6,0.761
A50831,PH Sunrise Helwan Station St.,754,6,0.955
A50832,Ph/Silver aCre Mandara 011,708,9,0.814
A50833,silver care mandara Main Road,708,9,0.652
A50834,Ph/Silver Care Mandara br.2,733,7,0.965
A50835,silver cre mandara Mall,737,10,0.916
A50836,Silver Care Mandara Branch 1,737,10,0.686
A50837,PY/silver care mandara Branch 1,740,5,0.953
A50838,Ph/SILVER CARE MANDARA Branch 1,740,5,0.621
A50839,PH silver care mandara Branch 1,747,5,0.949
A50840,EL SILVER CARE MANDARA Branch 2,747,5,0.898
A50841,silver care mandara Branch 1727,753,10,0.717
A50842,silver care mandara 6th Zone,757,7,0.762
A50843,SILVER CARE MANDARA Branch 2,759,10,0.702
A50844,El-UNION PHARM MAADI,705,11,0.971
A50845,Ph/UNION PHARM MAADI Mall,705,11,0.993
A50846,Union Pharm Maadi-A,717,8,0.808
A50847,PY/union pharm maadi (2),717,8,0.806
A50848,el union pharm maadi Mall,736,10,0.649
A50849,PY/UNION HARM MAADI 04,744,13,0.996
A50850,Union Pharm Maadi 011,746,11,0.839
A50851,Ph/better life Main Road,737,11,0.73
A50852,Better Life Main Road,737,11,0.913
A50853,PH better life 04,758,8,0.719
A50854,Better Life 6th Zone,758,8,0.753
A50855,BETTER LIFE,761,5,0.837
A50856,EL Blue Wave,712,8,0.629
A50857,Blue Wave Main Road,712,8,0.806
A50858,PH Blue Wave Station St.,714,13,0.86
A50859,Ph/BLUE WAVE 6th Zne,731,5,0.89
A50860,Blue Wave br.2,731,5,0.978
A50861,CARE 24 SEVEN-A,707,10,0.968
A50862,PY/care 24 seven 011,717,9,0.63
A50863,el Care 24 Seven,717,9,0.796
A50864,PY/Care 24 Seven (2),720,13,0.747
A50865,CARE 24 SEVEN Main Road,720,13,0.937
A50866,el care 24 seven,742,9,0.73
A50867,El-Care 24 Seven 011,751,7,0.655
A50868,El-Care 24 Seven,751,7,0.992
A50869,El-CARE 24 SEEVEN Mall316,761,6,0.982
A50870,Care 42 Seven-A,761,6,0.974
A50871,caree 24 seven Main Road,762,11,0.681
A50872,Caare 24 Seven br.2,763,12,0.957
A50873,EL EL ZAHRAA 6th Zone48,728,9,0.751
A50874,El Zahraa 04,742,10,0.99
A50875,PY/El Zahraa Branch 1,742,10,0.637
A50876,PH EL ZAHRAA,770,13,0.868
A50877,Ph/el zahraa br.2,770,13,0.725
A50878,Dr Medhat Montaza,704,8,0.931
A50879,Ph/Dr Medhat Monatza 6th Zone,704,8,0.721
A50880,El-Dr Medhat Montaza Main Road,705,12,0.651
A50881,DR MEDHAT MONTAZA Mall306,705,12,0.859
A50882,PH Dr Medhat Montaza Main Road398,717,10,0.853
A50883,DR MEDHAT MONTAZA (2),717,10,0.632
A50884,EL dr medhat montaza 04126,719,10,0.757
A50885,PH dr medhat montaza,724,6,0.675
A50886,El-Dr Medhat Montaza (2),735,9,0.781
A50887,Dr Medhat Montaza 04,735,9,0.962
A50888,PH dr meedhat montaza-A,743,9,0.877
A50889,EL Dr Medhat Montaza 6th Zone,743,9,0.959
A50890,PH El Shifa 6th Zone,701,9,0.977
A50891,El Shifa (2),701,9,0.677
A50892,El Shifa,726,9,0.769
A50893,EL EL SHIFA 6th Zone,730,9,0.652
A50894,EL SHIFA br.2,738,9,0.836
A50895,EL El Shifa 04,738,9,0.85
A50896,ELL SHIFA Mall,739,14,0.916
A50897,EL El Shifa,739,14,0.68
A50898,el shifa br.2,748,9,0.636
A50899,el hsifa Main Road,748,9,0.943
A50900,PH El Shifa,755,9,0.864
A50901,El Shifa 101,755,9,0.678
A50902,el El Shifa (2),768,13,0.699
A50903,el shifa-A,768,13,0.787
A50904,EL Salamtek Mall,701,10,0.716
A50905,PH SALAMTEK 04,707,11,0.675
A50906,PH SALAMTEK br.2,716,8,0.807
A50907,E LSalamtek,744,14,0.762
A50908,PY/Salamtek 04,744,14,0.925
A50909,SALAMTEK Mall,745,12,0.759
A50910,PY/Salamtek Branch 1,757,8,0.935
A50911,PY/Salamtek,760,8,0.901
A50912,el SALAMTEK 011,760,8,0.997
A50913,PH NILE CARE MANDARA,714,14,0.7
A50914,nile care mandara,714,14,0.622
A50915,PY/Nile Care Mandara (2)162,725,9,0.896
A50916,EL NILE CARE MANDARA,725,9,0.867
A50917,El-Nile Care Mandara Branch 2,731,6,0.907
A50918,Ph/NILE CARE MANDARA Main Road,741,12,0.911
A50919,nile care mandara 04,741,12,0.876
A50920,PH Nile Care Mandara-A,770,14,0.66
A50921,EL Nile Care Mandara,770,14,0.862
A50922,PH ebn sina square (2),703,6,0.765
A50923,El-Ebn Sina Square Branch 2,703,6,0.765
A50924,el ebn sina square Main Road,704,9,0.641
A50925,el ebn sina square,739,15,0.777
A50926,el EBN SINA SQUARE Station St.,743,10,0.786
A50927,El-ebn sina square,743,10,0.686
A50928,Ebn Sina Square 6th Zone,765,8,0.948
A50929,Ebn Sina Square Branch 2152,765,8,0.949
A50930,PY/sunrise marg Station St.90,713,3,0.809
A50931,PH SUNRISE MARG Station St.,713,3,0.714
A50932,Ph/Sunrise Marg Mall,723,7,0.964
A50933,PY/Sunrise Marg 011,726,10,0.678
A50934,PH SUNRISE MARG-A,738,10,0.726
A50935,ELsunrise marg Main Road,747,6,0.905
A50936,EL Sunrise Marg Branch 1,755,10,0.663
A50937,el SUUNRISE MARG Branch 2,755,10,0.853
A50938,Ph/SUNRISE MARG Branch 1,756,11,0.905
A50939,El-sunrise marg Station St.,757,9,0.695
A50940,EL LIFE LINE,708,10,0.894
A50941,elLife Line Main Road,717,11,0.998
A50942,Ph/Life Line Branch 2533,760,9,0.641
A50943,Care 24 Seven Obour,721,10,0.774
A50944,EL care 244 seven obour (2),742,11,0.804
A50945,care 24 seven obour br.2,742,11,0.691
A50946,Care 24 Seven Obour br.2,758,9,0.744
A50947,El-Care 24 Seven Obour br.2,758,9,0.873
A50948,Care 24 Seven Obour381,764,12,0.701
A50949,care 24 seven obour (2),764,12,0.758
A50950,El-CITY CARE MAADI 011,718,9,0.95
A50951,PH CITY CARE MAADI Branch 2,718,9,0.681
A50952,CITY CARE MAADI Mall,719,11,0.777
A50953,CITY CARE MAADI502,719,11,0.669
A50954,El-CITY CARE MAADI,727,6,0.777
A50955,CITY CAREE MAADI Station St.,738,11,0.697
A50956,el City Care Maadi Station St.,744,15,0.852
A50957,City Care Madi Mall,744,15,0.683
A50958,Ph/Elite Main Road,703,7,0.797
A50959,El-ELITE 04,738,12,0.773
A50960,el Elite,738,12,0.926
A50961,elite( 2),741,13,0.746
A50962,El-NILE CARE MOTNAZA,705,13,0.83
A50963,Nile Care Montaza Station St.800,705,13,0.912
A50964,el Nile Care Montaza,722,8,0.745
A50965,Nile Care Montaza Station St.,722,8,0.775
A50966,EL Nile Care Montaza-A,730,10,0.827
A50967,el nile care montaza Branch 1,730,10,0.77
A50968,nile care montaza-A,738,13,0.861
A50969,Nie Care Montaza,755,11,0.629
A50970,nile care montaza Main Road,758,10,0.654
A50971,el nile care montaza 04,759,11,0.659
A50972,Ph/NILE CARE MONTAZA Station St.,767,8,0.921
A50973,EL El Zahraa Montaza,713,4,0.961
A50974,El Zahraa Montaza 04,713,4,0.819
A50975,El Zahraa Montaza Mall,715,9,0.811
A50976,PY/El Zahraa Montaza 011,732,10,0.952
A50977,E ZAHRAA MONTAZA (2),732,10,0.719
A50978,El Zahraa Montaza,739,16,0.982
A50979,Ph/EL ZAHRAA MONTAZA-A,756,12,0.649
A50980,PH el zahraa montaza,765,9,0.733
A50981,el zahraa montaza,765,9,0.877
A50982,El-EL NASR (2),704,10,0.852
A50983,PH El Nasr-A549,721,11,0.958
A50984,Ph/EL NASR 04,725,10,0.727
A50985,ELNASR 011,731,7,0.66
A50986,PH el nasr,744,16,0.742
A50987,PH Silver Care Montaza 011,703,8,0.878
A50988,Ph/silver care montaza 6th Zone,718,10,0.799
A50989,Silver Care Montaza,728,10,0.982
A50990,SILVER CARE MONTAZA br.2,755,12,0.803
A50991,Ph/El Zahraa Rehab View 04,723,8,0.94
A50992,El Zahraa Rehab iVew 04660,723,8,0.945
A50993,El-el zahraa rehab view 04,726,11,0.841
A50994,PY/el zahraa rehab view,728,11,0.902
A50995,Hope (2),728,12,0.889
A50996,Ph/hope,728,12,0.94
A50997,Hop-A,747,7,0.894
A50998,El-Hope-A,753,11,0.887
A50999,PH HOPE (2),757,10,0.839
A51000,Ph/Hoep Branch 2,757,10,0.967
A51001,el Union Pharm Montaza 04,706,6,0.62
A51002,Union Pharm Montaza (2),706,6,0.701
A51003,PH UNION PHARM MONATZA,707,12,0.996
A51004,union pharm montaza,728,13,0.987
A51005,union pharm montaza400,733,8,0.775
A51006,PY/Union Pharm Montaza (2),740,6,0.995
A51007,EL union pharm montaza 6th Zone,757,11,0.767
A51008,El-EL FARABY 6th Znoe318,702,6,0.924
A51009,Ph/el faraby Station St.,702,6,0.849
A51010,El Faraby 011,705,14,0.895
A51011,El Faraby Mall,705,14,0.728
A51012,El Faraby Mall,715,10,0.995
A51013,El Faraby,715,10,0.712
A51014,El-El Faraby 04,719,12,0.699
A51015,El Faraby749,728,14,0.869
A51016,E-lEl Faraby Branch 2295,728,14,0.706
A51017,el faraby Mall,746,12,0.753
A51018,EL FARABY Branch 1,749,8,0.997
A51019,PH El Faraby,752,11,0.669
A51020,ElE-L FARABY,752,11,0.991
A51021,Life Line Branch 1,703,9,0.626
A51022,Ph/Life Line-A,703,9,0.752
A51023,LIFE LINE-A,709,6,0.63
A51024,Life Line 04,709,6,0.635
A51025,PY/Life Line 6th Zone,710,12,0.896
A51026,PY/LIFE LINE Main Road212,710,12,0.761
A51027,El-Life Line Station St.,715,11,0.759
A51028,Life Line,719,13,0.959
A51029,El-Life Line Station St.,719,13,0.643
A51030,Liife Line Main Road146,731,8,0.819
A51031,LIFE LINE 6th Zone,731,8,0.896
A51032,LIFE LINE,746,13,0.906
A51033,Life Line (2),746,13,0.966
A51034,blue wave oct city Branch 2918,714,15,0.87
A51035,Blue Wave Oct City Station St.,714,15,0.871
A51036,Blue Wave Oct City 011449,719,14,0.795
A51037,PH BLUE WAVE OCT CITY,721,12,0.844
A51038,Ph/Blue Wave Oct City Mall791,721,12,0.827
A51039,Ph/blue wave oct city,735,10,0.824
A51040,EL blue wave oct ciyt Branch 2,735,10,0.666
A51041,blue wave oct city (2),752,12,0.921
A51042,PY/BLUE WAVE OCT CITY Branch 1,752,12,0.947
A51043,Blue Wave Oct City Mall,754,7,0.849
A51044,EL blue wave oct city (2),754,7,0.799
A51045,PY/BLUE WAVE OCT CITY Main Road,762,12,0.854
A51046,EL blue wave oct city 04957,763,13,0.821
A51047,PH Alpha Pharma Montaza Main Road,704,11,0.816
A51048,PY/Alpha Pharma Montaza Station St.,707,13,0.647
A51049,alpha pharma montaza Mall,707,13,0.848
A51050,ALPHA PHARMA MONTAZA-A314,717,12,0.785
A51051,alpha pharma montzaa Mall743,717,12,0.657
A51052,Alpha Pharma Montaza Mall,733,9,0.676
A51053,El-ALPHA PHARMA MONTAZA,733,9,0.698
A51054,PY/alpha pharma montzaa 011,746,14,0.714
A51055,Ph/Alpha Pharma Montaza 04,768,14,0.67
A51056,el alpha pharma montaza,768,14,0.849
A51057,alpha pharma montaza 6th Zone,769,9,0.773
A51058,el Al Amal 011,707,14,0.964
A51059,PY/Al mAal br.2,707,14,0.764
A51060,El-al amal 04125,713,5,0.67
A51061,PH Al Amalb r.2,717,13,0.684
A51062,al amal Branch 2,722,9,0.805
A51063,El-Al Amal (2),757,12,0.844
A51064,al amal 011,757,12,0.87
A51065,PH Al Amal Branch 1,764,13,0.941
A51066,PH l amal 011,764,13,0.906
A51067,PY/silver care montaza Mall,719,15,0.655
A51068,silver care monttaza,719,15,0.887
A51069,Ph/Silver are Montaza Station St.,722,10,0.932
A51070,silver care montaza 011,722,10,0.75
A51071,PY/silver care montaza (2),748,10,0.658
A51072,PH SILVER CARE MONTTAZA-A,748,10,0.825
A51073,EL silver care Branch 1,720,14,0.742
A51074,Ph/Silve rCare 011,723,9,0.81
A51075,Ph/Silver Care Branch 1,759,12,0.907
A51076,Silver Care br.2,759,12,0.973
A51077,EL SILVER CARE-A597,761,7,0.933
A51078,PH Silver Care br.2,761,7,0.629
A51079,El Shifa Marg,717,14,0.929
A51080,PY/El Shifaa Marg Main Road,718,11,0.769
A51081,El Shifa Marg Branch 2,718,11,0.725
A51082,PY/el shifa marg-A,728,15,0.968
A51083,PH EL SHHIFA MARG br.2,731,9,0.969
A51084,El Shifa Marg 011,731,9,0.636
A51085,EL Family Obor-A,701,11,0.748
A51086,family obour Branch 1,701,11,0.913
A51087,Family Obour Mlal,726,12,0.918
A51088,Family Obour 011,729,9,0.911
A51089,PH FAMILY OBOUR 66th Zone515,735,11,0.725
A51090,PYfamily obour Main Road,741,14,0.746
A51091,Ph/Family Obour 6th Zone,745,13,0.726
A51092,FAMILY OBOUR168,745,13,0.629
A51093,Family Obour (2)459,748,11,0.765
A51094,family obour,752,13,0.811
A51095,Ph/PHARMA PLUS MONTAZA 04,705,15,0.957
A51096,El-PHARMA PLUS MONTAZA,705,15,0.836
A51097,el Phrama Plus Montaza 011871,739,17,0.793
A51098,Pharma Plus Montaza Branch 1577,739,17,0.862
A51099,EL Pharma Plus Montaza Branch 2,743,11,0.915
A51100,EL PHARMA PLUS MONTAZA 04,743,11,0.89
A51101,PY/pharma plus montaza,746,15,0.824
A51102,PY/Pharma Plus Montaza 6th Zone,746,15,0.884
A51103,el PHARMA PLUS MONTAZA 04,755,13,0.69
A51104,Pharma Plus Montaza,755,13,0.743
A51105,el PHARMA PLUS MONTAZA br.2,764,14,0.917
A51106,PY/Pharam Plus Montaza (2)786,764,14,0.967
A51107,PY/EL SHIFA OCT CITY 6th Zone,727,7,0.871
A51108,El Shifa Oct City Branch 1,727,7,0.77
A51109,El Shifa Oct City,742,12,0.825
A51110,el shifa oct city Mall,746,16,0.841
A51111,EL SHIFA OCT CITY,746,16,0.664
A51112,EL SHIFA OCT CITY-A,748,12,0.819
A51113,El-El Shifa Oct City 6th Zone,766,6,0.922
A51114,EL el sihfa oct city Mall,769,10,0.809
A51115,PY/Dr Medhat Haram Branch 2,701,12,0.898
A51116,el dr medhat haram 04,707,15,0.721
A51117,PY/dr medhat haram,707,15,0.945
A51118,DR MEDHAT HARAM-A,709,7,0.893
A51119,Dr Mdhat Haram,709,7,0.821
A51120,Dr MedhatH aram Station St.,726,13,0.635
A51121,Ph/Dr Medhat Haram,745,14,0.697
A51122,EL DR MEDHAT HARAM 011605,758,11,0.975
A51123,PH Pharma Plus Banha Station St.,715,12,0.665
A51124,PH Pharma Plus Banha br.2,715,12,0.643
A51125,PY/Pharma lus Banha-A,723,10,0.812
A51126,Pharma Plus Banha Branch 1,723,10,0.894
A51127,Pharma Plus Banha 011,733,10,0.668
A51128,PHARMA PLUS BANHA,733,10,0.943
A51129,El-Pharma Plus Banha br.2,742,13,0.967
A51130,EL Pharma Plus Banha,748,13,0.668
A51131,Pharma Plus Banha-A,748,13,0.909
A51132,PH PHARMA PLUS BANHA (2),753,12,0.931
A51133,Pharma Plus Banha-A,753,12,0.687
A51134,Ph/Pharma Plus Banha 011,761,8,0.791
A51135,ElA-l Nozha,713,6,0.853
A51136,Ph/Al Nozha,725,11,0.849
A51137,Ph/AL NOZHA (2),725,11,0.764
A51138,PH al nozha-A,769,11,0.753
A51139,EL AL NOZHA 04820,769,11,0.849
A51140,EL hope montaza-A,723,11,0.988
A51141,el HopeMontaza,723,11,0.723
A51142,el hope montaza (2),729,10,0.907
A51143,PY/Hope Montaza,733,11,0.79
A51144,EL hope montaza (2),735,12,0.949
A51145,El-Hope Montaza 04,735,12,0.779
A51146,Hope Montaza-A,740,7,0.742
A51147,El-hope montaza Mall,748,14,0.819
A51148,Ph/Alpha Pharma Mall,700,8,0.928
A51149,Alpha Pharma 011,710,13,0.772
A51150,PH Alpha Pharma 6th Zone,712,9,0.852
A51151,el Alpha Pharma-A,713,7,0.947
A51152,Alpha Pharma Branch 2,713,7,0.654
A51153,Ph/Alpha Pharma (2),730,11,0.944
A51154,alpha pharma,734,7,0.996
A51155,el ALPHA PHARMA (2),762,13,0.718
A51156,el El Faraby br.2,707,16,0.919
A51157,El Faraby Branch 1,710,14,0.94
A51158,El Faraby Branch 2,719,16,0.92
A51159,PY/el faraby Station St.,719,16,0.933
A51160,PH el faraby 6th Zone96,730,12,0.988
A51161,EL FARABY,730,12,0.786
A51162,EL EL FARABY 011,737,12,0.749
A51163,EL El Farbay (2),756,13,0.754
A51164,PH el faraby 6h Zone,761,9,0.992
A51165,el El Faraby 6th Zone644,761,9,0.731
A51166,PY/El Faraby Station St.,768,15,0.932
A51167,Ph/EL FARBY Main Road,768,15,0.777
A51168,el EL BARAKA REHAB VIEW 6th Zone,704,12,0.939
A51169,EL El Baraka Rehab View763,705,16,0.733
A51170,el el baraka rehab view br.2,717,15,0.722
A51171,El-EL BARAKA REHAB VIEW,737,13,0.86
A51172,el EL BARAKA REHAB VIEW br.2,748,15,0.643
A51173,Ph/El Baraka Rehab View br.2,753,13,0.763
A51174,EL BARAKA REHAB VIEW-A,753,13,0.846
A51175,El Baraka Rehab View 011,757,13,0.853
A51176,El Baraka Rehab View (2),757,13,0.798
A51177,Dr Medhat Agami509,712,10,0.924
A51178,EL Dr Medhat Agami 011,729,11,0.832
A51179,dr medhat agami-A,729,11,0.989
A51180,PH Dr Medhat Agami (2),736,11,0.867
A51181,dr medhat agami,738,14,0.655
A51182,Dr Medhat Agami 04,748,16,0.816
A51183,El-Dr Medhat Agami,748,16,0.849
A51184,PY/Dr Medhat Agami Mall,754,8,0.928
A51185,dr medhat agami (2),754,8,0.655
A51186,El-Dr Medhat Agami,762,14,0.677
A51187,El-DR MEDHAT AGAMI839,762,14,0.753
A51188,PH DR MEDHAT AGAMI 04,763,14,0.984
A51189,Ph/family-A953,725,12,0.661
A51190,Ph/FAMILY Branch 1,725,12,0.95
A51191,El-family Main Road,738,15,0.937
A51192,el Family,738,15,0.751
A51193,Family 0410,750,8,0.779
A51194,Family,750,8,0.976
A51195,FAMILY 04,762,15,0.653
A51196,Family (2)661,762,15,0.931
A51197,Ph/Family Branch 1,763,15,0.719
A51198,Family,766,7,0.678
A51199,el FAMILY Station St.,766,7,0.989
A51200,PY/Family 6th Zone,767,9,0.657
A51201,el FAMILY Station St.,767,9,0.86
A51202,PY/blue wave Branch 2,709,8,0.665
A51203,PH blu wave-A,709,8,0.774
A51204,blue wvae,711,7,0.752
A51205,EL Blue Wave 04,711,7,0.836
A51206,Blue Wave,712,11,0.638
A51207,El-Blue Wve br.2,712,11,0.678
A51208,PYY/BLUE WAVE (2),736,12,0.707
A51209,Blue WWave,736,12,0.975
A51210,PH Blue Wave,765,10,0.708
A51211,Ph/Blue Wave (2)751,769,12,0.675
A51212,EL FARABY SIDI br.2,722,11,0.989
A51213,PH el faraby sidi,722,11,0.983
A51214,EL FARABY SIDI,732,11,0.979
A51215,PY/el faraby sidi Station St.,732,11,0.769
A51216,EL FARABY SIDI,733,12,0.631
A51217,el El Faraby Sidi Branch 2,733,12,0.679
A51218,El Faraby Sidi,757,14,0.955
A51219,Life Line Station St.,701,13,0.663
A51220,EL LIF ELINE,701,13,0.875
A51221,PH life line,704,13,0.627
A51222,PY/Life Line,708,11,0.772
A51223,PH Life Line Station St.,708,11,0.709
A51224,Life Line Bracnh 1,716,9,0.931
A51225,LIFE LINE,722,12,0.935
A51226,El-Life Line Mall,722,12,0.657
A51227,Life Line423,729,12,0.804
A51228,el LIFE LINE,729,12,0.947
A51229,life line br.2,735,13,0.836
A51230,PH life line (2),757,15,0.907
A51231,el EL HOKAMA HELWAN818,700,9,0.929
A51232,el El Hokama Helwan,700,9,0.91
A51233,PY/el hokama helwan Branch 1,704,14,0.913
A51234,El-El HHokama Helwan-A543,720,15,0.933
A51235,el hokama helwan,733,13,0.995
A51236,EL HOKAMA HHELWAN br.2,748,17,0.959
A51237,el el hokama helwan Main Road,748,17,0.817
A51238,PY/El Hokama Helwan 04,763,16,0.994
A51239,El Hokama Helwan br.2,763,16,0.705
A51240,Silver Care Sidi br.2,707,17,0.918
A51241,EL Silver Care Sidi,716,10,0.631
A51242,Silver Care Sidi Branch 2,716,10,0.901
A51243,El-SILVER CAREE SIDI-A,719,17,0.666
A51244,Ph/silver care sidi 011,725,13,0.829
A51245,Silver Care Sidi Station St.,725,13,0.708
A51246,El-Silver Care Sidi Main Road,753,14,0.741
A51247,El-family banha,714,16,0.988
A51248,El-Family Banha Branch 1,714,16,0.975
A51249,EL Family Bana 04,715,13,0.705
A51250,EL Family Banha-A409,715,13,0.864
A51251,El-Family Banha,725,14,0.87
A51252,FAMILY BANHA (2),733,14,0.667
A51253,Ph/Family Banha Branch 1,747,8,0.63
A51254,El-Family Banha (2),761,10,0.729
A51255,PY/Family Banha 011,761,10,0.827
A51256,Family Banha Main Road,769,13,0.747
A51257,el Ebn Sinna Sidi 6th Zone,701,14,0.68
A51258,PH Ebn Sina Sidi-A,726,14,0.819
A51259,EL EBN SINA SIDI br.2,726,14,0.963
A51260,El-EBN SINA SIDI Branch 2,730,13,0.661
A51261,El-EBN SINA SIDI Station St.,733,15,0.744
A51262,Ph/ebn ssina sidi Branch 2,733,15,0.904
A51263,El-Mira Sidi 04,709,9,0.974
A51264,El-Mira Sidii br.2140,709,9,0.98
A51265,mira sidi04,719,18,0.941
A51266,Mira Sidi903,719,18,0.956
A51267,PH MIRA SIDI br.2,722,13,0.908
A51268,PY/Mira Sidi Main Road,722,13,0.698
A51269,PH Mira Sidi Station St.,735,14,0.939
A51270,Mira Sidi Branch 1814,735,14,0.71
A51271,El-mira sidi,746,17,0.874
A51272,Mira Sidi Main Road,746,17,0.787
A51273,EL mira sidi 6th Zone685,753,15,0.797
A51274,misr sidi,710,15,0.737
A51275,MISR SIDI,710,15,0.731
A51276,EL misr sidi 011560,727,8,0.898
A51277,Ph/Misr Sidi Maain Road95,738,16,0.822
A51278,Ph/Misr Sidi 04,738,16,0.808
A51279,MISR SIDI br.2502,740,8,0.923
A51280,Ph/Misr Siidi br.2,744,17,0.897
A51281,Ph/MISR SIDI-A,744,17,0.799
A51282,PY/Misr Sdi-A,746,18,0.814
A51283,EL Misr Sidi 011,746,18,0.789
A51284,Misr Sidi,748,18,0.831
A51285,PH El Baraka br.2411,704,15,0.961
A51286,el baraka Branch 1,704,15,0.797
A51287,EL el baraka,720,16,0.869
A51288,PY/EL BARAKA,731,10,0.705
A51289,EL El Baraka,731,10,0.693
A51290,EL EL NASR BANHA-A,729,13,0.803
A51291,el El Nasr Banha br.2,729,13,0.635
A51292,PY/El Nasr Banha-A,743,12,0.802
A51293,el El Nasr Banha 6th Zone,743,12,0.628
A51294,PH El Nasr Banha Main Road389,745,15,0.893
A51295,EL El Hokama 04,706,7,0.746
A51296,el El Hokama,706,7,0.834
A51297,EL El Hokama,712,12,0.795
A51298,PY/EL HOKAMA Station St.,755,14,0.712
A51299,el hokama Main Road,755,14,0.758
A51300,el El Hokama Mall,756,14,0.686
A51301,PH el hokama-A,759,13,0.861
A51302,el El Faraby Sidi,716,11,0.803
A51303,Ph/El Faraby Sidi 6th Zone,716,11,0.957
A51304,Ph/EL FARABY SIDI71,730,14,0.689
A51305,PY/El Faraby Sii 04,733,16,0.946
A51306,Ell Faraby Sidi,733,16,0.661
A51307,EL FARABY SIDI-A,735,15,0.692
A51308,ElEL FARABY SIDI 011,735,15,0.863
A51309,el el faraby sidi 011817,737,14,0.944
A51310,PH EL FARABY SIDI Main Road,760,10,0.993
A51311,El-El Faraby Sidi Branch 2,764,15,0.978
A51312,El Faraby Sidi 04,766,8,0.948
A51313,EL El Faraby Sidi,766,8,0.818
A51314,Star Care 011,711,8,0.92
A51315,Star Care Station St.,724,7,0.873
A51316,PH STAR CRE Branch 1,731,11,0.94
A51317,EL Star Care Main Road,759,14,0.926
A51318,Star Care 01110,760,11,0.973
A51319,Mira Main Road,703,10,0.861
A51320,PH MIRA br.2,725,15,0.743
A51321,PH Mira,725,15,0.844
A51322,Miraa-A,728,16,0.842
A51323,EL Mira790,750,9,0.687
A51324,El-MIRA Mall,768,16,0.745
A51325,MIRAM ain Road,770,15,0.755
A51326,Ph/Mira Station St.,770,15,0.845
A51327,el GOLDEN CARE-A,703,11,0.631
A51328,Golden Care,719,19,0.752
A51329,PY/Golden Care Mall,723,12,0.899
A51330,PY/GOLDEN CARE,732,12,0.819
A51331,EL Golden Care 04,732,12,0.874
A51332,Golden Care br.2,734,8,0.714
A51333,PH GOLDEN CARE 6th Zone,734,8,0.874
A51334,Golden Care,743,13,0.684
A51335,Ph/GOLDEN CARE Main Road,763,17,0.822
A51336,golden care Main Road,767,10,0.815
A51337,El-golden care 04111,767,10,0.944
A51338,PY/El Hokama-A,715,14,0.836
A51339,Ph/el hokama805,715,14,0.875
A51340,El Hokama 011,724,8,0.673
A51341,El Hokama 04,724,8,0.969
A51342,PY/EL HOAKMA Main Road,730,15,0.911
A51343,EL El Hokama Mall,730,15,0.825
A51344,El Hokama Station St.,754,9,0.701
A51345,el El Hokama Main Road,756,15,0.764
A51346,El-El Hokama-A57,756,15,0.924
A51347,el EL HOKAMA 6th Zone,757,16,0.642
A51348,El Hokama Branch 1,757,16,0.843
A51349,el EL HOKAMA,765,11,0.638
A51350,EL el hokama square 04,711,9,0.716
A51351,PY/EL HOKAMA SQUARE,711,9,0.729
A51352,El Hokama Squuare Station St.,719,20,0.954
A51353,Ph//El Hokama Square-A,723,13,0.975
A51354,EL HOKAMA SQUARE Mall744,740,9,0.761
A51355,EL El Hokama Square Main Road,740,9,0.832
A51356,PY/El okama Square 6th Zone,742,14,0.875
A51357,PH EL HOKAA SQUARE,744,18,0.87
A51358,EL ANGEL SIDI 6th Zone,710,16,0.802
A51359,Angel Sidi 6th Zone30,722,14,0.981
A51360,ANGEL SIDI 011,724,9,0.781
A51361,Angel Sidi Station St.,724,9,0.849
A51362,Angel Sidi 04,739,18,0.972
A51363,angel sidi 6th ZZone,740,10,0.859
A51364,Angel Sidi 6th Zone587,740,10,0.75
A51365,E-lAngel Sidi543,750,10,0.856
A51366,Ph/ANGEL SIDI 6th Zone,750,10,0.85
A51367,EL Angel Sidi Mall894,751,8,0.932
A51368,Ph/angel sidi 04,766,9,0.683
A51369,Ph/Salmatek (2),700,10,0.669
A51370,SALAMTEK (2),730,16,0.649
A51371,SALAMTEK Station St.,767,11,0.741
A51372,Salamtek-A,767,11,0.668
A51373,EL CARE 24 SEVEN SQUARE Branch 1,714,17,0.946
A51374,care 24 seven square Mall,726,15,0.909
A51375,care 24 seven square Sation St.,726,15,0.673
A51376,EL CARE 24 SEVEN SQUARE Mall,745,16,0.723
A51377,EL Care 24 Seven Square Station St.,746,19,0.661
A51378,CARE 24 SEVEN SQUARE Branch 1,754,10,0.733
A51379,PH care 24 seven square 011,754,10,0.65
A51380,Care 24 Seven Square 6th Zone619,758,12,0.988
A51381,Care 24 Seven Square,769,14,0.705
A51382,Carre 24 Seven Square Branch 2,770,16,0.703
A51383,Seha First Sidi 04,707,18,0.846
A51384,El-Sehha First Sidi-A83,738,17,0.839
A51385,el Seha Firs Sidi br.2,755,15,0.958
A51386,SEHA FIRST IDI Main Road,760,12,0.66
A51387,SEHA FIRST ISDI Branch 2,760,12,0.783
A51388,El-mira smouha Station St.,710,17,0.822
A51389,el Mira Smouha Mall,716,12,0.786
A51390,mira smouha,722,15,0.995
A51391,mira smouha,722,15,0.716
A51392,el mira smouha-A,727,9,0.864
A51393,Mira Smuoha Main Road,740,11,0.805
A51394,e lMira Smouha Main Road,745,17,0.685
A51395,El-MIRA SMOUHA (2),767,12,0.824
A51396,Mira Smouha,770,17,0.774
A51397,PH el baraka square Mall,700,11,0.926
A51398,Ph/el baraka square Main Road,700,11,0.832
A51399,PY/EL BARAKA SQUARE (2),705,17,0.82
A51400,EL El Baraka Square 04,717,16,0.985
A51401,EL El Baraka Square801,717,16,0.747
A51402,EL el baraka square 04,718,12,0.874
A51403,El-EL BARAKA SQUARE,728,17,0.782
A51404,PH el baraka square br.2,728,17,0.778
A51405,PY/El Baraka Square 04,750,11,0.875
A51406,PY/EL BARAKA SQUARE br.2,769,15,0.717
A51407,PH ElB araka Square 04359,769,15,0.648
A51408,city care zayed Branch 2,700,12,0.947
A51409,El-city care zayed,700,12,0.646
A51410,PH City Cae Zayed,707,19,0.842
A51411,PY/City Care Zayed 011,723,14,0.815
A51412,El-City Care Zayed 011,734,9,0.682
A51413,el City Care Zayed Branch 2,735,16,0.64
A51414,PH CITYCARE ZAYED-A,750,12,0.947
A51415,City Care Zayed,750,12,0.986
A51416,el Care 24 Seven Branch 2,726,16,0.893
A51417,PY/care 24 seven 04,739,19,0.845
A51418,el caer 24 seven,739,19,0.751
A51419,EL CARE 24 SEVEN Branch 1,766,10,0.925
A51420,PY/Green Leaf Haram31,700,13,0.933
A51421,EL Green Leaf Haram Branch 2,750,13,0.68
A51422,Green Leaff Haram Main Road,750,13,0.944
A51423,el Green Leaf Haram 011,759,15,0.942
A51424,Green Leaf Haram,759,15,0.812
A51425,EL Family Sidi br.2,700,14,0.674
A51426,family idi,713,8,0.739
A51427,PH Family Sidi br.2344,713,8,0.855
A51428,el FAMILY SIDI 04,716,13,0.977
A51429,PY/family sidi-A,726,17,0.677
A51430,famiily sidi br.2,726,17,0.69
A51431,Ph/Famiy Sidi Branch 1,750,14,0.665
A51432,Family Sidi-A,750,14,0.621
A51433,El-Pharma Plus idi,700,15,0.665
A51434,Pharma Plus Sidi Station St.,708,12,0.967
A51435,el Pharma Pluus Sidi Branch 2227,708,12,0.786
A51436,Ph/Pharma Plus Sidi 011101,757,17,0.807
A51437,PH ANGEL FAISAL (2),702,7,0.843
A51438,PH angel faisal (2)337,702,7,0.743
A51439,angel faisal br.2,732,13,0.883
A51440,Angel Faisal,732,13,0.93
A51441,angel faiasl Mall,743,14,0.847
A51442,Angel Faisal Main Road,743,14,0.85
A51443,ANGEL FAISAL 2(),760,13,0.754
A51444,Angel Faisall 011,760,13,0.881
A51445,EL ANGEL FAISAL br.2,766,11,0.831
A51446,el Angel Faisal,766,11,0.935
A51447,Ph/El TourathSidi Main Road,704,16,0.822
A51448,PY/El Tourath Sidi Main Road,726,18,0.714
A51449,El-el tourath sdii br.2440,730,17,0.659
A51450,PY/EL TOURATH SIDI Station St.,754,11,0.944
A51451,El-l Tourath Sidi Mall,754,11,0.916
A51452,PY/EL HOKAMA (2),705,18,0.771
A51453,El Hokama 6th Zone,727,10,0.95
A51454,Ph/EEL HOKAMA 011,727,10,0.995
A51455,Ph/El Hokama,744,19,0.979
A51456,el El Hokama Branc 1,744,19,0.683
A51457,El-el hokama (2),748,19,0.716
A51458,e lEl Hokama-A,748,19,0.852
A51459,el EL HOKAMA 04,751,9,0.827
A51460,El Hokama Station St.,751,9,0.835
A51461,sunrise Main Road,706,8,0.661
A51462,SUNRISE,730,18,0.813
A51463,PY/Sunrise409,730,18,0.643
A51464,SUNRISE (2),735,17,0.966
A51465,EL Sunrise Station St.,735,17,0.881
A51466,EL Sunrise br.2,738,18,0.982
A51467,Sunrise,738,18,0.711
A51468,PH sunrise,769,16,0.647
A51469,El Faraby Imbaba (2),714,18,0.937
A51470,EL EL FARABY IMBABA,717,17,0.999
A51471,EL el faray imbaba,717,17,0.83
A51472,Ph/EL FARABY IMBABA Branch 2929,733,17,0.715
A51473,El Faraby Imbaba Main Road546,740,12,0.911
A51474,El-El Faraby Imbaba,740,12,0.704
A51475,El-el zahraa square br.2,703,12,0.836
A51476,PY/El Zahraa Square 6th Zone,707,20,0.754
A51477,PH El Zahraa Square Mall,707,20,0.905
A51478,EL el zahraa square,721,13,0.716
A51479,El ZZahraa Square,721,13,0.929
A51480,el El Zahraa Square br.2,722,16,0.661
A51481,Ph/El Zahraa Square (2),722,16,0.674
A51482,PH El Zahraa Square Branch 1,726,19,0.653
A51483,PH El Zahraa Square 6th Zone,749,9,0.765
A51484,EL ZAHRAA SQUARE br.2,749,9,0.678
A51485,Ph/el zahraa sqare br.2522,750,15,0.896
A51486,Ph/EL ZAHRAA SQUARE Main Road,750,15,0.681
A51487,El-EL ZAHRAA SQUARE (2),758,13,0.938
A51488,Ph/El Zahraa Square179,758,13,0.877
A51489,PH Al Amal Station St.,700,16,0.882
A51490,Ph/AL AMAL (2),700,16,0.685
A51491,AL AMAL Station St.,722,17,0.93
A51492,ala mal 04,728,18,0.634
A51493,el Al Amal291,733,18,0.826
A51494,PY/AL AMAL,748,20,0.961
A51495,PY/Al Amal,748,20,0.847
A51496,EL Health Gate Branch 1,701,15,0.741
A51497,Ph/Health Gate br.2203,716,14,0.816
A51498,health gate Main Road,716,14,0.901
A51499,health gate Branch 1,721,14,0.889
A51500,EL Health Gate,721,14,0.736
A51501,el HEALTH GATE,737,15,0.636
A51502,Health Gate 6th Zone645,737,15,0.718
A51503,PY/Health Gate,745,18,0.637
A51504,El-Health Gate 6th Zone471,745,18,0.804
A51505,Health Gate Station St.,754,12,0.735
A51506,PY/health gate,767,13,0.791
A51507,HEALTH GAT Ebr.2,767,13,0.926
A51508,HEALTH GATE Station St.,770,18,0.744
A51509,PH Health Gate (2),770,18,0.86
A51510,Blue Wave,715,15,0.897
A51511,Blue Wave,715,15,0.887
A51512,Blue Wave (2),719,21,0.967
A51513,EL Blue Wave Branch 2416,719,21,0.635
A51514,El-Blue Wave,722,18,0.76
A51515,Blue Wave 011,722,18,0.65
A51516,El-Blue Wave,737,16,0.635
A51517,Blue Wave (2)911,741,15,0.75
A51518,PY/blue wave Mall500,741,15,0.887
A51519,BLUE WAVE,756,16,0.747
A51520,PY/Blue Wave 04,756,16,0.685
A51521,PH blue wave,759,16,0.643
A51522,PY/Blue Wave,766,12,0.951
A51523,mira marg 6th Zone196,702,8,0.838
A51524,mira marg,707,21,0.749
A51525,Mira Marg Branch 1,707,21,0.722
A51526,PH Mira Marg,715,16,0.681
A51527,EL mira marg 011,721,15,0.865
A51528,PY/Mira Marg,721,15,0.767
A51529,PH Mira Marg Station St.,722,19,0.71
A51530,EL MIRA MARG-A,722,19,0.992
A51531,PY/mmira marg Branch 1,726,20,0.872
A51532,Ph/mira marg 6th Zone78,748,21,0.682
A51533,Ph/MIRA MARG Main Road,759,17,0.729
A51534,PY/Golden Care Shubra582,709,10,0.906
A51535,El-Golden Care Shubra,709,10,0.677
A51536,El-GOLDEN CARE SHUBRA,717,18,0.67
A51537,Golden Care Shubra,741,16,0.908
A51538,PH Golden Care Shubra br.2,741,16,0.928
A51539,Mira DDokki,702,9,0.734
A51540,Mira Dokki,710,18,0.864
A51541,MRIA DOKKI 04,710,18,0.83
A51542,el mira dokki 04,747,9,0.79
A51543,el MIRA DOKKI Branch 256,766,13,0.888
A51544,mira dokki0 4,766,13,0.889
A51545,Mira Dokki br.2,770,19,0.906
A51546,El-Star Care Branch 2,716,15,0.722
A51547,El-star care,718,13,0.92
A51548,Ph/Star Care Main Road,718,13,0.772
A51549,PH star care Station St.,725,16,0.81
A51550,Star Care,725,16,0.947
A51551,PY/STAR CARE302,746,20,0.94
A51552,STAR CARE,746,20,0.741
A51553,Star Care Branch 1749,748,22,0.628
A51554,STAR CARE Branch 1,748,22,0.668
A51555,El-STAR CARE Branch 2,758,14,0.935
A51556,PY/Star Care Branch 1,758,14,0.729
A51557,El-star care 04,762,16,0.655
A51558,star care br.2,764,16,0.964
A51559,STARCARE 04,764,16,0.876
A51560,Pharma Plus Nozha Sttaion St.,708,13,0.748
A51561,PAHRMA PLUS NOZHA Mall,725,17,0.821
A51562,el Pharma Plus Nozha br.2,725,17,0.653
A51563,pahrma plus nozha 04,734,10,0.956
A51564,Pharma Plus Nozha,744,20,0.903
A51565,PHARMA PLUS NOZHA 04,749,10,0.693
A51566,el Pharma Plus Nozha Branch 2,749,10,0.833
A51567,PH Pharma lPus Nozha Main Road,760,14,0.845
A51568,PHARMA PLUS NOZHA 04,766,14,0.812
A51569,El-EL BARAKA br.2,708,14,0.943
A51570,EL EL BARAKA 6th Zone,708,14,0.762
A51571,el El Braaka,731,12,0.788
A51572,el baraka Main Road385,745,19,0.892
A51573,PH EL BARAKA br.2,746,21,0.794
A51574,EL BARAKA756,746,21,0.628
A51575,EL el baraka Mall,748,23,0.914
A51576,EL El Baraka Banch 1,748,23,0.854
A51577,EL EL BARAKA Station St.,758,15,0.639
A51578,el EL BARAKA,769,17,0.893
A51579,el El Baraka Station St.,769,17,0.62
A51580,el El Baraka 011,770,20,0.987
A51581,El Baraka 011,770,20,0.949
A51582,Ph/mira smouha Main Road986,705,19,0.922
A51583,PH Mira Smouha 6th Zone,705,19,0.86
A51584,El-Mira Smouha Branch 2,707,22,0.661
A51585,E mira smouha-A347,709,11,0.769
A51586,PH Mira Smouha Branhc 1,709,11,0.688
A51587,PH mira smouha br.2,746,22,0.621
A51588,el Mira Smouha Mall,758,16,0.719
A51589,MIRA SMOUHA 011,769,18,0.981
A51590,Mira Smouha (2),769,18,0.788
A51591,Ph/El Shifa (2),702,10,0.789
A51592,EL EL SHIFA Station St.,708,15,0.72
A51593,El-El Sihfa,708,15,0.886
A51594,el shifa (2),713,9,0.754
A51595,El-EL SHIFA (2),713,9,0.663
A51596,Ph/El Shifa 011,716,16,0.791
A51597,el El Shifa Main Road,728,19,0.658
A51598,PH el shifa-A,728,19,0.9
A51599,el EL SHIFA Main Road,756,17,0.672
A51600,el shifa Branch 1715,770,21,0.934
A51601,Silver Care Branch 2,708,16,0.744
A51602,Ph/SILVER CARE 011,709,12,0.735
A51603,SILVER CARE,747,10,0.78
A51604,EL Silver Care Branch 1,752,14,0.66
A51605,Ph/silver care Mall,754,13,0.899
A51606,EL SILVER CARE,754,13,0.756
A51607,el SILVER CARE Mall,767,14,0.769
A51608,PY/Golden Care Smouha 6th Zone,713,10,0.986
A51609,PH golden care smouha,728,20,0.712
A51610,golden care smouha-A,728,20,0.982
A51611,EL GOLDEN CARE SMOUHA 04,754,14,0.649
A51612,el golden care smouha,754,14,0.956
A51613,el faraby smouha Branch 2349,707,23,0.732
A51614,PH El Faraby Smouha,716,17,0.708
A51615,El-El Faraby Smouha (2)972,738,19,0.945
A51616,EL FARABY SMOUHA Branch 2,738,19,0.914
A51617,El Faraby Smouha 6th Zone681,762,17,0.99
A51618,PH El Faraby Smouha Branch 2,762,17,0.816
A51619,El-Misr Helwan 011269,700,17,0.968
A51620,Misr Helwan 011,700,17,0.886
A51621,PH Misr Helwan 011,704,17,0.865
A51622,EL Misr Helwan Station St.,717,19,0.745
A51623,PH Misr Helwan Main Road427,745,20,0.787
A51624,Misr Helwan 04,745,20,0.942
A51625,Ph/Mis 011592,722,20,0.757
A51626,MISR 04,722,20,0.965
A51627,El-misr Branch 1,736,13,0.948
A51628,misr122,736,13,0.732
A51629,MISR br.2,762,18,0.662
A51630,El-MISR Mall,762,18,0.799
A51631,el misr,766,15,0.645
A51632,Misr,766,15,0.935
A51633,EL El Zahraa Agami,708,17,0.743
A51634,El Zahraa Agami br.2,708,17,0.781
A51635,El-EL ZAHRAA AGAMI Mall,720,17,0.927
A51636,EL ZAHRAA AGAMI Branch 1,735,18,0.62
A51637,El Zaahraa Agami 011,756,18,0.986
A51638,PH el zahraa agami 04746,764,17,0.622
A51639,E lZahraa Agami Main Road,764,17,0.864
A51640,el a lamal obour,708,18,0.911
A51641,EL A Amal Obour,708,18,0.991
A51642,El-al amal obour Mall,716,18,0.875
A51643,EL Al Amal Obour,716,18,0.691
A51644,el AL AMAL OBOUR Main Road,725,18,0.925
A51645,El-AL AMAL OBOUR-A,725,18,0.79
A51646,el al amal obour Main Road,751,10,0.768
A51647,Al Amal Obour,751,10,0.931
A51648,PY/AL AMAL OBOUR (2),755,16,0.987
A51649,El-Al Amal Obour b.2,755,16,0.833
A51650,Al Amaal Obour 04,763,18,0.967
A51651,PY/Al Amal Obour Station St.,767,15,0.891
A51652,el al amal obour br.2,767,15,0.882
A51653,El-AL AMAL OBOUR Branch 2,768,17,0.816
A51654,el AL AMAL OBOUR br.2,768,17,0.735
A51655,PY/Green Leaf Smouha 6th Zone,703,13,0.992
A51656,GREEN LEAF SMOUHA (2),703,13,0.896
A51657,E-lgreen leaf smouha Branch 2203,706,9,0.872
A51658,Green Leaf Smouha,706,9,0.639
A51659,green leaf smouha Mall,711,10,0.697
A51660,Green Leaf Smouah Mall681,715,17,0.834
A51661,PY/GREEN LEAF SMOUHA Mall371,715,17,0.793
A51662,green leaf smouha Branch 2,730,19,0.894
A51663,PH GREEN LEAF SMOUHA 04,730,19,0.762
A51664,green leaf smouah Mall256,733,19,0.737
A51665,EL El Tourath Branch 1,705,20,0.909
A51666,El-EL TOURATH,705,20,0.674
A51667,el eltourath Main Road,708,19,0.686
A51668,EL TOURATH Mall,708,19,0.746
A51669,EL EL TOURATH,748,24,0.993
A51670,El-EL TOURATH 04,750,16,0.712
A51671,El-el tourath Mall,750,16,0.938
A51672,PH family Branch 2794,704,18,0.687
A51673,El-Family,704,18,0.713
A51674,PH family Mall,723,15,0.91
A51675,family Station St.,723,15,0.934
A51676,Family Branch 2,725,19,0.666
A51677,El-Family br.2,725,19,0.888
A51678,Family-A,734,11,0.957
A51679,PH Family,734,11,0.871
A51680,family Branch 1,744,21,0.92
A51681,el FAMILY-A,744,21,0.63
A51682,Ph/salamteek Branch 2,734,12,0.946
A51683,salamtek 6th Zone,738,20,0.894
A51684,salamtek,738,20,0.805
A51685,Ph/salamtek441,757,18,0.761
A51686,Ph/Salamek,768,18,0.659
A51687,ALPHA PHARMA Branch 2,703,14,0.938
A51688,Ph/alpha pharma (2),707,24,0.801
A51689,PY/Alpha Pharma Station St.,707,24,0.893
A51690,alpha pharma Station St.565,717,20,0.621
A51691,Alpha Pharma 6th Zone,721,16,0.971
A51692,EL alpha pharma Branch 1,721,16,0.623
A51693,PY/alpha pharma,722,21,0.629
A51694,El-Alpha Pharma Branch 1,722,21,0.976
A51695,PH ALPHA PHARMA-A,748,25,0.817
A51696,el LAPHA PHARMA,748,25,0.865
A51697,EL Alpha Pharma Mall383,756,19,0.753
A51698,PH ALPHA PHARMA,764,18,0.89
A51699,PY/El Hokama Somuha br.2,708,20,0.774
A51700,el El Hokama Smouha br.2,708,20,0.85
A51701,El-EL HOKAMA SMOUHA br.2,715,18,0.695
A51702,El-El Hokama Smouha Branch 2,715,18,0.666
A51703,El-el hokama smouha Mall,744,22,0.721
A51704,El Hokama Smouha Main Road,767,16,0.99
A51705,Ph/El Hokama Smouha Branch 2,770,22,0.904
A51706,el Dr Medhat Faisal br.2,706,10,0.698
A51707,PY/DR MEDHAT FAISAL,721,17,0.637
A51708,Dr Medhat Faisal 04,721,17,0.702
A51709,Ph/dr medhat faisal Station St.,733,20,0.626
A51710,EL DR MEDHAT FAISAL 6th Zone,744,23,0.943
A51711,PH Dr Medhat Faisal 6th Zone,761,11,0.777
A51712,EL DR MEDHAT FAISAL br.2350,768,19,0.639
A51713,Union Pharm-A,711,11,0.702
A51714,el Union Pharm-A377,730,20,0.917
A51715,el union pharm Mall,730,20,0.825
A51716,el Union Pharm 04,743,15,0.947
A51717,El-Union Pharm 011,745,21,0.624
A51718,Union Pharm-A754,745,21,0.864
A51719,PY/UNION PHARM-A,746,23,0.794
A51720,PY/Union Pharm br.2180,756,20,0.772
A51721,union pharm,756,20,0.67
A51722,PY/union pharm br.2,758,17,0.773
A51723,Ph/el faraby smouha 04,722,22,0.934
A51724,EL FARABY SMOUHA,726,21,0.75
A51725,EL FARAY SMOUHA,726,21,0.877
A51726,El Faaby Smouha,729,14,0.659
A51727,EL FARABY SMOUHA,729,14,0.654
A51728,EL El Faraby Smouha 6th Zone,742,15,0.935
A51729,PH EL FARABY SMOUHA,742,15,0.949
A51730,PY/EL FARABY SMOUHA331,743,16,0.704
A51731,PH Ebn Sina Smouha128,709,13,0.981
A51732,el ebn sina smouha Station St.872,709,13,0.781
A51733,Ph/EBN SINA SMOUHA Station St.,727,11,0.759
A51734,el ebn sina smouha Station St.,768,20,0.935
A51735,PY/EBN SINA SMOUHA 011,768,20,0.732
A51736,el ELITE,720,18,0.654
A51737,PH elite Branch 1,727,12,0.695
A51738,Elite Branch 1,727,12,0.696
A51739,PH elite-A302,746,24,0.896
A51740,PH elite Main Road120,746,24,0.963
A51741,ELITE,752,15,0.876
A51742,Elite t6h Zone,752,15,0.798
A51743,ELITE br.2,757,19,0.997
A51744,El-Eliet 04,770,23,0.913
A51745,PY/elite 011579,770,23,0.811
A51746,Misr 011,707,25,0.78
A51747,Ph/Misr (2),707,25,0.731
A51748,el Misr 2(),724,10,0.77
A51749,El-Misr Mall,736,14,0.733
A51750,EL Mir br.2,736,14,0.625
A51751,MISR,738,21,0.67
A51752,el Misr Main Road,738,21,0.628
A51753,PH MISR 6th Zone,758,18,0.964
A51754,EL misr Branch 1,764,19,0.961
A51755,el life line smouha 04637,717,21,0.736
A51756,life line smouha 011,717,21,0.797
A51757,EL life line smouha,727,13,0.894
A51758,El-LIFE LINE SMOUHAA Branch 2,727,13,0.906
A51759,Ph/LIFE LINE SMOUHA,730,21,0.94
A51760,LIFE LINE SMOUHA 6th Zone,730,21,0.622
A51761,life line smouha,769,19,0.742
A51762,PH LIFE LINE SMOUHA Main Road,769,19,0.914
A51763,EL Golden Care Branch 1,701,16,0.944
A51764,GOLDEN CARE,704,19,0.761
A51765,GOLDEN CARE Branch 140,732,14,0.925
A51766,Ph/Golden Care,732,14,0.871
A51767,Golden Care br.2,733,21,0.864
A51768,PH golden care,733,21,0.9
A51769,PH el zahraa haram Mall,718,14,0.959
A51770,EL el zahraa haram,746,25,0.664
A51771,EL ZAHRAA HARAM-A,759,18,0.822
A51772,EL El Zahraa Haram Mall,759,18,0.865
A51773,El Zahraa Haram 011,760,15,0.893
A51774,PH EL ZAHRAA HARA-A,760,15,0.793
A51775,PY/omega 011,702,11,0.824
A51776,el OMEGA,715,19,0.678
A51777,PY/Omega,715,19,0.732
A51778,Omega,722,23,0.688
A51779,EL OMEGA br.2,744,24,0.741
A51780,Omega Branch 2,744,24,0.725
A51781,PY/omega Main Road,747,11,0.754
A51782,el OMEGA 6th Zone,753,16,0.653
A51783,El-omega Branch 126,762,19,0.986
A51784,el EL FARABY REHAB VIEW Station St.,713,11,0.72
A51785,PH El Faraby Rehab View Station St.,717,22,0.662
A51786,PY/el faraby rehab view-A,726,22,0.83
A51787,PY/El Faraby Rehab View Station St.,741,17,0.72
A51788,EL FARABY REHAB VIEW 6th Zone,741,17,0.761
A51789,El Faraby Rehab View,744,25,0.951
A51790,EL El Faraby Rehab View904,766,16,0.839
A51791,el EL FARABY REHAB VIEW Station St.554,770,24,0.641
A51792,green leaf (2)619,716,19,0.817
A51793,El-green leaf 6th Zone871,716,19,0.841
A51794,PY/GREEN LEAF Station St.,722,24,0.81
A51795,PY/Gren Leaf,722,24,0.778
A51796,PY/GREEN LEAF Branch 265,747,12,0.751
A51797,EL Green Leaf Main Road,747,12,0.865
A51798,el GREEN LEAF-A,761,12,0.987
A51799,El-Green Leaf0 4736,761,12,0.92
A51800,Nlie Care br.2,713,12,0.921
A51801,Nile Car-A,713,12,0.918
A51802,PH nile care 6th Zone839,718,15,0.979
A51803,PH Nile Care,718,15,0.776
A51804,Nile Care Mall,720,19,0.637
A51805,El-nile care 011,753,17,0.926
A51806,NILE CARE (2),753,17,0.713
A51807,EL Nile Care 04,761,13,0.906
A51808,Mira,718,16,0.863
A51809,PY/Mira Main Road,718,16,0.809
A51810,e lMira,738,22,0.725
A51811,Mira 04312,738,22,0.774
A51812,Mira Branch 2,741,18,0.631
A51813,PH Care 24 Seven Obour (2),700,18,0.939
A51814,Care 24 Seeven Obour,700,18,0.991
A51815,Phh/CARE 24 SEVEN OBOUR Station St.,701,17,0.896
A51816,el care 24 seven obour 011,701,17,0.866
A51817,PH Care 24 Seven Obour 6th Zone71,702,12,0.743
A51818,PY/care 24 seven obour (2)680,702,12,0.965
A51819,PY/CARE 24 SEVEN OBOUR Main Road694,719,22,0.947
A51820,CARE 24 SEVN OBOUR 04,719,22,0.964
A51821,El-care 24 seven oour Mall,722,25,0.856
A51822,EL CARE 24 SEVEN OBOUR Station St.,732,15,0.88
A51823,care 24 seven obour 011722,732,15,0.656
A51824,El-Care 24 Seven Obour 04,756,21,0.801
A51825,care 24 seen obour Main Road,766,17,0.804
A51826,EL care 24 seven obour br.2,766,17,0.755
A51827,Ebn Sina Smouha Branch 2,723,16,0.678
A51828,EBN SINA SMOUHA 011,732,16,0.649
A51829,el EBN SINA SMOUHA47,739,20,0.69
A51830,PY/EBN SINA SMOUHA Branch 2,739,20,0.873
A51831,Ebn Sina Smouha-A,756,22,0.975
A51832,PH Ebn Sina Smouha( 2),756,22,0.912
A51833,El-FAMILY,711,12,0.898
A51834,Fmaily,712,13,0.777
A51835,PH FAMILY 011,715,20,0.777
A51836,FAMILY-A,715,20,0.781
A51837,El-family Main Road,716,20,0.657
A51838,Ph/Family Branc h1269,734,13,0.761
A51839,El-Family Branch 1,734,13,0.818
A51840,ElF-amily,737,17,0.987
A51841,Family-A,764,20,0.65
A51842,el Family,764,20,0.864
A51843,el Al Nozha Branch 2,728,21,0.704
A51844,Al Nozha-A,728,21,0.735
A51845,Ph/Al Nozha Mall357,732,17,0.69
A51846,PY/Al Nozha 011,735,19,0.742
A51847,al nozha 6th Zone,735,19,0.835
A51848,Al Nozha Branch 1,739,21,0.643
A51849,al nozha,739,21,0.722
A51850,PH al nozha Main Road,765,12,0.924
A51851,PY/ALL NOZHA,770,25,0.942
A51852,el Health Gate Branch 1,718,17,0.727
A51853,El-health gate Branch 2,719,23,0.818
A51854,HEALTH GATE798,741,19,0.778
A51855,EL Health Gate,741,19,0.969
A51856,PY/health gate Mall,748,26,0.878
A51857,HAELTH GATE br.2,748,26,0.879
A51858,EL Health Gate Branch 2,770,26,0.873
A51859,el health gate,770,26,0.671
A51860,CITY ACRE SMOUHA Branch 2,706,11,0.626
A51861,El-City Care Smouha,710,19,0.947
A51862,EL City Care Smouha Station St.,717,23,0.949
A51863,PY/city care smouha (2),724,11,0.919
A51864,PY/City Care Smouha Station St.,724,11,0.935
A51865,Family Smouha Main Road,701,18,0.961
A51866,El-FAMILY SMOUHA 011,741,20,0.841
A51867,EL Family Smouha 6th Zone,741,20,0.898
A51868,family smouha Branch 1,745,22,0.86
A51869,Ph/FAMILY SMOUHA,753,18,0.939
A51870,PH FAMILY SMOUHA 6th Zone,753,18,0.831
A51871,PH Family Smouha Branch 1,754,15,0.78
A51872,Al Amal Banha 6th Zone,709,14,0.99
A51873,AL AMAL BANHA,712,14,0.899
A51874,PH Al Amal Banha Branch 1,712,14,0.66
A51875,Ph/al amal banha 6th Zone,715,21,0.669
A51876,PH Al Amal Banha,720,20,0.856
A51877,EL al amal banha Mall,726,23,0.832
A51878,al amal banha-A178,726,23,0.743
A51879,EL Al Amal Banha Branch 1,761,14,0.942
A51880,Al Amal Banhaa Branch 2,761,14,0.808
A51881,Sunrise 6th Zone,739,22,0.622
A51882,PY/sunrise-A,739,22,0.758
A51883,el Sunrise Station St.,742,16,0.658
A51884,Surise Station St.,769,20,0.655
A51885,Ph/Sunrise Main Road,769,20,0.935
A51886,EL better life smouha Branch 2,705,21,0.93
A51887,EL Better Life Smouha (2),705,21,0.687
A51888,Better Life Smouha13,755,17,0.661
A51889,Better Life Smouha Brranch 1,755,17,0.76
A51890,EL Better Life Smouha (2),764,21,0.871
A51891,EL Seha First Marg br.2,732,18,0.808
A51892,El-Seha First Marg,736,15,0.995
A51893,Seha First Marg 04,750,17,0.632
A51894,PH SEHA FIRST MARG,755,18,0.924
A51895,el Seha First Marg 011,755,18,0.856
A51896,PY/seha first marg,760,16,0.801
A51897,PY/Seha First Marg-A,760,16,0.897
A51898,Seha First Marg Main Road,764,22,0.754
A51899,PY/SSeha First Marg 04,764,22,0.785
A51900,PHARMA PLUS SQUAE Branch 1,704,20,0.775
A51901,PY/PHARMA PLUS SQUARE 6th Zone,716,21,0.817
A51902,Pharma Plus Square (2),733,22,0.691
A51903,PY/pharma plus square,745,23,0.888
A51904,Ph/MISR DOKKI79,714,19,0.888
A51905,Misr Dokki 04872,714,19,0.835
A51906,Misr Dokki Station St.,722,26,0.888
A51907,misr dokki561,722,26,0.707
A51908,PH misr dokki ranch 1,732,19,0.946
A51909,misr dokki (2),732,19,0.948
A51910,Ph/Misr Dokki,743,17,0.726
A51911,misr dokki,750,18,0.658
A51912,MISR DOKKI Mall,752,16,0.665
A51913,PY/Misr Dokki 04,752,16,0.836
A51914,Misr Dokki 6th Zone224,769,21,0.723
A51915,EL Elite,700,19,0.921
A51916,ELITE Main Road,700,19,0.801
A51917,El-elite Station St.,704,21,0.718
A51918,EL ELITE Mai Road,704,21,0.968
A51919,PY/elite Branch 1278,722,27,0.755
A51920,PH Elite Branch 1,722,27,0.962
A51921,ELITE,737,18,0.881
A51922,Elite Station St.,749,11,0.867
A51923,el Elite 011,763,19,0.741
A51924,ELITE,763,19,0.703
A51925,EL ELITE (2),764,23,0.948
A51926,Elite 011,764,23,0.799
A51927,PY/Elite Mall,767,17,0.972
A51928,PH Shea First Oct City (2),701,19,0.824
A51929,PH SEHA FIRST OCT CITY,715,22,0.913
A51930,Seha First Oct City Station St.,716,22,0.776
A51931,El-seha first oct city MainRoad,716,22,0.719
A51932,SEHA FIRST OCT CITY,718,18,0.793
A51933,seha first oct city 04,724,12,0.937
A51934,seha first oct city Branch 1176,724,12,0.84
A51935,EL Seha First Oct Ciyt-A,725,20,0.786
A51936,EL Seha Firt Oct City 011,733,23,0.888
A51937,Seha First Oct City,733,23,0.996
A51938,PY/Seha iFrst Oct City,737,19,0.729
A51939,seha first oct city 011,737,19,0.837
A51940,SALAMTEK SMOUHA 011,704,22,0.896
A51941,EL salamtek smouha74,716,23,0.81
A51942,EL SALAMTEK SMOUHA br.2,716,23,0.922
A51943,el Salamtek Smouha 04,717,24,0.796
A51944,El-salamtek smouha Station St.,717,24,0.925
A51945,Salamtek Smuoha Station St.,733,24,0.715
A51946,El-Salamtek Smouha br.2,733,24,0.78
A51947,PY/Salamtek Smohua,734,14,0.765
A51948,Salamtek Smouha 04,734,14,0.982
A51949,EL Salamtek Smouha,747,13,0.624
A51950,Salamtek Smouha Mall,747,13,0.912
A51951,EL salamtek smouha 011251,752,17,0.789
A51952,Ph/Elite Smouha br.2412,703,15,0.662
A51953,Elite Smouha,703,15,0.701
A51954,el Elite Smouha 6th Zone,704,23,0.822
A51955,el Elite Smouha Branch 1,713,13,0.651
A51956,PY/Elite Smouha 6th Zone942,716,24,0.67
A51957,ELITE SMOUH ABranch 1,716,24,0.778
A51958,el elite smouha,749,12,0.767
A51959,elite smouha Mall,749,12,0.669
A51960,EL SEHA FIRST Branch 2,721,18,0.981
A51961,Ph/Seha First805,721,18,0.751
A51962,seha first,738,23,0.889
A51963,PH SEHA FIRST-A,758,19,0.728
A51964,PY/Hope Imbaba Mall,700,20,0.89
A51965,Ph/Hope Imbaba,706,12,0.796
A51966,El-hope imbaba 011663,708,21,0.966
A51967,hope imbaba 04,708,21,0.683
A51968,Hope Imbaba (2),724,13,0.66
A51969,PH hope imbaba 04,737,20,0.857
A51970,El-hope imbaba 6th Zone267,740,13,0.76
A51971,PH hope imbaba br.2,756,23,0.764
A51972,PY/GREEN LEAF AGAMI 011751,717,25,0.897
A51973,Ph/Green Leaf Agami 04,717,25,0.676
A51974,Green Leaf Agami Staiton St.,718,19,0.853
A51975,El-GREEN LEAF AGAMI,721,19,0.84
A51976,PY/green leaf agami214,721,19,0.896
A51977,El-Green Leaf Agami,723,17,0.681
A51978,GREEN LEAF AGAMI (2),740,14,0.937
A51979,Ph/green leaf agami Main Road,750,19,0.746
A51980,Ph/GREEN LEAF AGAMI Station St.,751,11,0.752
A51981,EL Green Leaf Agami 011,751,11,0.974
A51982,PH GREEN LEAF AGAMI Main Road858,757,20,0.703
A51983,Ph/green leaf agami Branch 1,757,20,0.727
A51984,El-Green Leaf Smouha 011,728,22,0.768
A51985,EL green leaf smouha-A,728,22,0.738
A51986,el Green Leaf Smouha br.2978,730,22,0.762
A51987,El-Green Leaf Smouha Main oad,732,20,0.935
A51988,PH green leaf smouha Branch 2802,732,20,0.714
A51989,GREEN LEAF SMOUHA-A,744,26,0.814
A51990,Ph/green leaf smouha Station St.,744,26,0.642
A51991,City Care (2),718,20,0.665
A51992,el city care Branch 1,718,20,0.723
A51993,PH city care br.2,724,14,0.75
A51994,PY/City Care-A911,724,14,0.638
A51995,EL CITY CARE 011,760,17,0.982
A51996,El-city care br.2,760,17,0.735
A51997,Ph/Care 24 Seven Oct City Station St.,720,21,0.895
A51998,EL CARE 24 SEVEN OCT CITY br.2,720,21,0.689
A51999,Care 24 Seven Oct City Branch 2,723,18,0.736
A52000,EL Care 24 Seven Oct City 04,744,27,0.807
A52001,PY/care 24 seven oct city 04,744,27,0.64
A52002,PY/Care 24 Seven Oct City,753,19,0.982
A52003,PH Care 24 Seven Oct City Mall,757,21,0.829
A52004,El-Care 24 Seven Oct City (2),757,21,0.805
A52005,PH Care 24 Seven Oct City Branch 2739,759,19,0.63
A52006,PY/CARE 24 SEVEN OCT CITY 011,759,19,0.987
A52007,misr obour 6th Zone,701,20,0.627
A52008,El-MISR OBOUR br.2,714,20,0.946
A52009,PH Misr Obour-A450,714,20,0.659
A52010,Misr Obuor-A,738,24,0.737
A52011,Misr Obour br.2,738,24,0.796
A52012,Ph/Misr Obour-A,742,17,0.817
A52013,Ph/Misr Obour,742,17,0.783
A52014,PY/Misr Obour-A,748,27,0.674
A52015,Ph/misr obour,763,20,0.65
A52016,Ph/Misr Obour Branch 1,764,24,0.71
A52017,MISR OBOUR Branch 1,770,27,0.904
A52018,PH Misr Obour,770,27,0.946
A52019,golden care smouha-A,719,24,0.697
A52020,El-Golden Care Smouha br.2,719,24,0.63
A52021,golden care smouha 04,730,23,0.698
A52022,PY/GOLDEN CARE SMOUHA96,745,24,0.77
A52023,El-GOLDEN CARE SMOUHA,759,20,0.858
A52024,Ph/Golden Care Smouha 6th Zone,759,20,0.79
A52025,PH GOLDEN CARE SMOUHA Mall,762,20,0.769
A52026,el GOLDEN CARE SMOUHA 6th Zone,767,18,0.92
A52027,GOLDEN CARE SMOUHA 6th Zone,767,18,0.832
A52028,PY/el nasr Main Road,700,21,0.949
A52029,PH El Nasr,700,21,0.628
A52030,EL El Nasr Branch 2,706,13,0.702
A52031,El-le nasr 04,713,14,0.751
A52032,el EL NASR Mall,737,21,0.698
A52033,El-ebn sina dokki Mall,718,21,0.672
A52034,ebn sina dokki Branch 1,719,25,0.858
A52035,Ebn Sina Dokki-A,719,25,0.903
A52036,EL Ebn Sina Dokki (2),720,22,0.961
A52037,Ph/EBN SINA DOKKI 011,720,22,0.739
A52038,Ph/EbnSina Dokki (2),767,19,0.801
A52039,PY/Ebn Sin Dokki (2),767,19,0.998
A52040,Elite Zayed Mall827,704,24,0.633
A52041,ELITE ZAYED,704,24,0.924
A52042,Ph/Elite Zayed 04,707,26,0.818
A52043,Ph/Elite Zayed-A,717,26,0.854
A52044,ELITE ZAYED-A,717,26,0.813
A52045,el elite zayed 011173,718,22,0.758
A52046,PY/ELITE ZAYED-A,751,12,0.926
A52047,PY/ELITE ZAYED,751,12,0.759
A52048,EL Elite Zayed Station St.,754,16,0.805
A52049,PH elite zayed 011,754,16,0.886
A52050,PY/Elite Zayed 6th Zone,755,19,0.904
A52051,Ph/life line Main Road,725,21,0.909
A52052,PH life line 011,725,21,0.677
A52053,EL LIFE LINE 04,735,20,0.995
A52054,life line 6thZone,743,18,0.665
A52055,el Lief Line Mall,743,18,0.991
A52056,El-Life Line,762,21,0.73
A52057,El-Angel 6th Zone,710,20,0.895
A52058,PY/Angel-A,719,26,0.99
A52059,Ph/angel 011692,719,26,0.743
A52060,EL angel,722,28,0.95
A52061,Angel (2)677,722,28,0.772
A52062,ANGEL 6th Zone,701,21,0.938
A52063,Angel Branch 1,701,21,0.915
A52064,El-Angel,719,27,0.862
A52065,PY/Angel Main Road,729,15,0.904
A52066,PY/Angel 6th Zone,741,21,0.638
A52067,PH angel (2),748,28,0.759
A52068,El-ANGEL Station St.812,748,28,0.721
A52069,el angel Branch 2,756,24,0.85
A52070,Ph/Angel-A,756,24,0.883
A52071,ANGGEL,760,18,0.626
A52072,Ph/angel,760,18,0.76
A52073,El-AL AMAL ZAYED,710,21,0.923
A52074,Al Amal Zayed br.2,710,21,0.745
A52075,El-al amal zayed-A,759,21,0.663
A52076,Ph/Al Amal Zayed Branch 1214,760,19,0.93
A52077,PYAl Amal Zayed-A,760,19,0.919
A52078,al amal zayed Branch 2,762,22,0.956
A52079,el Salamtek Smouha,714,21,0.895
A52080,salamtekk smouha 6th Zone,728,23,0.782
A52081,SALAMTEK SMOUA 04,728,23,0.693
A52082,Ph/SALAMTEK SMOUHA 6th Zone,755,20,0.797
A52083,el Salamtek Smouha-A,762,23,0.809
A52084,SALAMTEK SMOUHA Branch 1,762,23,0.954
A52085,El Faray 6th Zone,703,16,0.93
A52086,PH El Faraby-A,703,16,0.672
A52087,El Farbay,719,28,0.871
A52088,el faraby,719,28,0.916
A52089,EL FARABY,732,21,0.87
A52090,Care 24 Seven Marg Branch 1,703,17,0.757
A52091,Care 24 Seven Marg-A,709,15,0.981
A52092,Care 24 Seven Marg,724,15,0.953
A52093,El-Care 24 Seven MMarg (2),735,21,0.976
A52094,El-CARE 24 SEVEN MARG Station St.157,735,21,0.837
A52095,Care 24 Seven Marg,739,23,0.957
A52096,Care 24 Seven Marg (2),754,17,0.692
A52097,EL Care 24 Seven Marg 6th Zone,758,20,0.965
A52098,PY/Care 24 Seven Marg 04981,767,20,0.96
A52099,PY/SEHA FIRST MARG 011,742,18,0.973
A52100,PH seha first marg br.2,742,18,0.866
A52101,seha irst marg 011,749,13,0.76
A52102,SEHA FIRST MARG Station St.,755,21,0.836
A52103,el seha first marg 011,755,21,0.938
A52104,PH Seha First Marg Mall696,763,21,0.897
A52105,Seha First Marg Station St.583,763,21,0.793
A52106,El-BETTER LIFE IMBABA-A,702,13,0.728
A52107,EL BETER LIFE IMBABA Main Road,702,13,0.818
A52108,PH Better Life Imbaba 6th Zone979,705,22,0.884
A52109,Ph/Better Life Imbaba 011,707,27,0.985
A52110,PHB etter Life Imbaba 011,721,20,0.92
A52111,PY/Better Life Imbaba (2),721,20,0.878
A52112,PH better life imbaba-A,750,20,0.988
A52113,BETTER LIFE IBMABA-A,750,20,0.795
A52114,PY/Better Life Imbaba378,760,20,0.766
A52115,BETTER LIFE IMBABA Mall,760,20,0.859
A52116,Ph/BETTER LIFE IMBABA 6th Zone,765,13,0.686
A52117,Union Pharm Souha Station St.,704,25,0.975
A52118,PH Union Pharm Smouha Branch 1,704,25,0.897
A52119,Union Pharm Smouha (2),708,22,0.95
A52120,Union Pharm Smouha (2),708,22,0.918
A52121,PH Union Pharm Smouha 6th Zone,729,16,0.911
A52122,PH Union Pharm Smouha 011,733,25,0.881
A52123,Ph/Uniion Pharm Smouha,733,25,0.86
A52124,PH Union Pharm Smouha Main Road,736,16,0.927
A52125,Union Pharm Smouha Station St.,748,29,0.782
A52126,PY/UNION PHARM SMOUHA Branch 1,761,15,0.885
A52127,El-UNION PHARM SMOUHA Branch 2,770,28,0.843
A52128,Union Pharm Smouha 6th Zone384,770,28,0.987
A52129,PH el hokama Branch 2,711,13,0.724
A52130,EL El Hokama,717,27,0.904
A52131,e el hokama 011,720,23,0.943
A52132,PY/El Hokama Station St.,727,14,0.882
A52133,el hokama (2),731,13,0.807
A52134,El Hokama Branch 2,736,17,0.75
A52135,el EL HOKAMA Branch 2,752,18,0.964
A52136,El Hokama 6th Zone,752,18,0.767
A52137,Ph/El Hokama Branch 1,757,22,0.712
A52138,el El Hokama-A,757,22,0.985
A52139,Ph/Blue Wave Smouha,707,28,0.661
A52140,PY/Blue Wave Smouha Mall,729,17,0.769
A52141,el Blue Wave Smouha br.2,753,20,0.672
A52142,PH blue wave smouha,753,20,0.636
A52143,El-El Hokama Maadi 6th Zone,701,22,0.642
A52144,EL el hokam amaadi,701,22,0.735
A52145,el hokama maadi 6th Zone,710,22,0.97
A52146,El-El Hokama Maadi Station St.,711,14,0.832
A52147,EL El Hokama Maadi Branch 1,717,28,0.894
A52148,EL HOKAMA MAADI Branch 2,737,22,0.746
A52149,PY/el hokama maadi,747,14,0.851
A52150,PY/lE Hokama Maadi Mall,751,13,0.71
A52151,PY/El Hokama Maadi 6th Zone,751,13,0.788
A52152,PY/el hokama,725,22,0.899
A52153,EL HOKAMA-A901,725,22,0.647
A52154,Ph/El Hokama,737,23,0.841
A52155,Ph/El Hokama 04,737,23,0.908
A52156,el hokama,756,25,0.916
A52157,Ph/EL HOKAMMA 04,762,24,0.992
A52158,El-Ebn Sina Smouha Main Road,722,29,0.98
A52159,EL Ebn Sina Smouha,722,29,0.726
A52160,El-Ebn Sina Smouha Mall,736,18,0.697
A52161,PY/ebn sina smouha (2),751,14,0.94
A52162,PY/Ebn Sina Smmouha,756,26,0.674
A52163,EBN SINA SMOUHA (2),756,26,0.746
A52164,PH Ebn Sina Smouha Main Road,762,25,0.723
A52165,Enb Sina Smouha br.2,762,25,0.829
A52166,Ph/Alpha Pharma Smouha 04444,714,22,0.634
A52167,PY/Alpha Pharma Smouha (2),714,22,0.818
A52168,PH Alpha Pharma Smouha 6th Zone,724,16,0.782
A52169,PY/Alpha Pharma Smouha,727,15,0.649
A52170,AlphaP harma Smouha (2),736,19,0.779
A52171,el Alpha Pharma Smouha 011,739,24,0.687
A52172,Alpha Pharma Smouha 011,739,24,0.884
A52173,ALPHA PHARMA SMOUHA br.2,742,19,0.651
A52174,Alpha Pharma Smouha 04390,742,19,0.798
A52175,EL Alpha Phara Smouha,744,28,0.788
A52176,alpha pharma smouha Station St.,761,16,0.99
A52177,Alpha Pharma Smouha-A,761,16,0.834
A52178,PY/life line smouha,727,16,0.746
A52179,life line smouha,734,15,0.791
A52180,life line smouha 011,734,15,0.646
A52181,Ell-Life Line Smouha,741,22,0.96
A52182,PY/LIFE LINE SMOUHA br.2,742,20,0.941
A52183,Ph/LIFE LINE SMOUHA br.2,742,20,0.83
A52184,Life Line Smouha Main Road464,745,25,0.735
A52185,Life Line Smouha,745,25,0.951
A52186,el Life Line Smouha Branch 2,763,22,0.784
A52187,Ph/Life Line Smouha Branch 2,769,22,0.952
A52188,PH ELITE AGAMI br.2,716,25,0.958
A52189,elE lite Agami 6th Zone,720,24,0.889
A52190,el ELITE AGAIM Branch 2667,720,24,0.831
A52191,el Elite Agami Station St.,723,19,0.64
A52192,Elite Agami (2),723,19,0.634
A52193,el Elite Agami,757,23,0.663
A52194,el ELITE AGAMI (2),757,23,0.718
A52195,PY/Elite Agami,759,22,0.753
A52196,el elite agami Bracnh 1,759,22,0.964
A52197,Misr Smouha Mall,721,21,0.953
A52198,PH misr smouha 6th Zone,737,24,0.929
A52199,El-Misr Smouha,737,24,0.864
A52200,el Misr Smouha,762,26,0.692
A52201,EL MISR SMOUHA,766,18,0.927
A52202,el Misr Smouha (2),766,18,0.707
A52203,El-MISR SMOUHA-A,769,23,0.841
A52204,El-Misr Smouha-A197,769,23,0.962
A52205,Ph/EL HOKAMA SHUBRA,713,15,0.715
A52206,el El Hokama Shubbra,713,15,0.878
A52207,el El Hokama Shubra-A,726,24,0.967
A52208,PY/el hokama shubra 011407,726,24,0.972
A52209,PY/El HokamaShubra (2),728,24,0.937
A52210,Ph/EL HOKAMA SHUBR Station St.,757,24,0.977
A52211,PY/el hokama shurba,757,24,0.729
A52212,Ph/EL HOKAMA SHUBRA763,764,25,0.872
A52213,heath gate smouha,700,22,0.811
A52214,HEALTH GATE SMOUHA,700,22,0.847
A52215,EL health gate smouha br.2,702,14,0.683
A52216,PH health gate smouha br.2,705,23,0.998
A52217,PH HEALTH GATE SMOUHAM all,715,23,0.669
A52218,El-health gate smouha-A,715,23,0.904
A52219,PH Health Gate Smouha-A,718,23,0.828
A52220,PY/HEALTH GATE SMOUHA Branch 2,733,26,0.621
A52221,PH Health Gate Smouha Main Road,752,19,0.922
A52222,Health Gate Smouha (2),767,21,0.95
A52223,PY/health gate smouha (2),767,21,0.864
A52224,El-NILE CARE (2)330,730,24,0.864
A52225,El-Nile Care br.2,731,14,0.675
A52226,Nile Care Station SSt.,737,25,0.637
A52227,el NILE ARE Branch 2,756,27,0.742
A52228,EL Nile Care br.2,756,27,0.977
A52229,Ph/nile care Branch 2,764,26,0.955
A52230,EL Nile Care Branch 2,764,26,0.791
A52231,El-Metro Main Road641,707,29,0.916
A52232,Mtro Branch 1,707,29,0.683
A52233,PY/Metro Branch 1,715,24,0.663
A52234,Ph/Metro Branch 2,717,29,0.887
A52235,PH metro,717,29,0.637
A52236,el METRO Mall,739,25,0.781
A52237,el metro282,744,29,0.653
A52238,PY/Meetro-A,754,18,0.906
A52239,PH metro,754,18,0.862
A52240,Meetro 04,762,27,0.907
A52241,PY/SILVER CARE ZAYED Branch 2,708,23,0.882
A52242,el SILVVER CARE ZAYED-A,710,23,0.906
A52243,Silverr Care Zayed br.2,710,23,0.886
A52244,PH silver care zayed 011,711,15,0.686
A52245,El-Silveer Care Zayed 011,718,24,0.952
A52246,PH Silver Care Zayed 6th Zone350,718,24,0.766
A52247,PY/SILVER CARE ZAYED,731,15,0.644
A52248,el silver care zayed-A,731,15,0.902
A52249,EL Silver Care Zayed (2),735,22,0.904
A52250,Silver Care Zayed 011,735,22,0.971
A52251,Silver Care Zayed Branch 1,746,26,0.631
A52252,PY/SILVE RCARE ZAYED,746,26,0.96
A52253,PH Silver Care Zayed Main Road,765,14,0.645
A52254,Ph/SILVER CARE ZAYED 011,765,14,0.852
A52255,life line smouha 04,702,15,0.756
A52256,life line smouha (2),719,29,0.77
A52257,el Life Line Smouha,722,30,0.642
A52258,EL Life Line Smouha 6th Zone,723,20,0.645
A52259,P LIFE LINE SMOUHA,730,25,0.836
A52260,El-Life Line Smouha Station St.828,746,27,0.867
A52261,life line smouha Main Road,746,27,0.936
A52262,LIFE LINE SMOUHA,747,15,0.984
A52263,EL Life Line Somuha Station St.,747,15,0.622
A52264,PY/Dr Medhat 011,701,23,0.895
A52265,EL DR MEDHAT 011,701,23,0.621
A52266,EL dr medhat br.2,724,17,0.68
A52267,Ph/DR MEDHAT 6th Zone,724,17,0.778
A52268,el DR MEDHAT Station St.,746,28,0.727
A52269,Ph/dr medhat,746,28,0.9
A52270,EL dr medhat,748,30,0.92
A52271,Dr Medhat 011221,748,30,0.682
A52272,El-Helath Gate Branch 1,706,14,0.805
A52273,Halth Gate 011,724,18,0.916
A52274,EL Health Gate522,724,18,0.946
A52275,PY/Health Gate Mall388,726,25,0.744
A52276,EL Health Gate 011,726,25,0.858
A52277,PH Health Gate 04,760,21,0.978
A52278,Ph/HEALTH GATE (2)478,760,21,0.833
A52279,HEALTH GATE (2),762,28,0.972
A52280,Ph/El Faraby Rehab View,702,16,0.859
A52281,PH el farab rehab view 011,706,15,0.937
A52282,EL FARABY REHAB VIEW br.2,707,30,0.734
A52283,PY/El Faraby Rehab View 6th Zone,729,18,0.812
A52284,El-el faraby rehab view,729,18,0.943
A52285,PH El Faraby Rehab View,747,16,0.931
A52286,el faraby rehab view,748,31,0.707
A52287,El Faraby Rehab View Station St.,748,31,0.983
A52288,El-El Faraby Rehab View,758,21,0.694
A52289,Ph/El Faraby Rehab View (2)879,758,21,0.991
A52290,EL HOKAAMA SMOUHA Mall777,702,17,0.68
A52291,El Hokama Smouha Station St.,702,17,0.701
A52292,Ph/EL HOKAMA SMOUHA Branch 2,707,31,0.729
A52293,El Hokama Smouha Mall,707,31,0.755
A52294,Ph/El Hokama Smouha Statio St.,731,16,0.824
A52295,PY/el hokama smouha,739,26,0.623
A52296,El Hokama Smouha 011,755,22,0.751
A52297,PY/El Hokama Smouha,760,22,0.93
A52298,El-EL HOKAMA SMOUHA,761,17,0.981
A52299,PY/el hokama smouhaa-A,761,17,0.782
A52300,PY/EL HOKAMA SMOUHA-A,766,19,0.853
A52301,El Hokama Smouha-A,766,19,0.923
A52302,PH health gate 011,704,26,0.727
A52303,EL Health Gate Branch 1,705,24,0.911
A52304,EL Health Gate 011,712,15,0.641
A52305,PH Health Gate Mall,730,26,0.888
A52306,Health Gate,748,32,0.861
A52307,PY/health gate Station St.,757,25,0.988
A52308,BETTER LIFE Station St.391,706,16,0.965
A52309,Better Life 04376,706,16,0.674
A52310,El-Better Life462,715,25,0.736
A52311,Ph/Better Life 04961,715,25,0.988
A52312,EL BETTER LIFE Branch 2,719,30,0.834
A52313,PH Better Life,738,25,0.783
A52314,PY/better life 04,741,23,0.822
A52315,Ph/BETTER LIFE 04,752,20,0.685
A52316,better life Mall,754,19,0.891
A52317,Ph/Better Life,765,15,0.726
A52318,BETTER LIFE90,765,15,0.891
A52319,el ISR,702,18,0.832
A52320,EL MISR422,702,18,0.646
A52321,MISR,711,16,0.842
A52322,MISR Branch 1,711,16,0.803
A52323,Ph/MISR893,728,25,0.831
A52324,EL Misr Branch 1,728,25,0.917
A52325,PY/MISR Station St.,764,27,0.679
A52326,Misr Brnch 2,764,27,0.632
A52327,city care,712,16,0.998
A52328,Ph/City Care br.2,712,16,0.821
A52329,City Carre br.2,726,26,0.801
A52330,city care 011914,736,20,0.727
A52331,Ph/City Care br.2,736,20,0.758
A52332,Ph/City Care Branch 2,742,21,0.862
A52333,city care 011,758,22,0.688
A52334,el City Care Main Road,758,22,0.822
A52335,city care Mall,764,28,0.986
A52336,PH City Care-A,764,28,0.798
A52337,City Care 011,766,20,0.984
A52338,PH CITY CARE 6th Zone,766,20,0.625
A52339,Metro,705,25,0.765
A52340,Metro Branch 2455,716,26,0.799
A52341,EL Metro405,716,26,0.771
A52342,Metro Branch 2,722,31,0.865
A52343,Metro (2),727,17,0.756
A52344,PH Metro br.2,744,30,0.798
A52345,Metro Mall236,757,26,0.7
A52346,METRO Station St.,763,23,0.659
A52347,Nile Care Braanch 2,726,27,0.891
A52348,el NILE CARE (2)583,726,27,0.801
A52349,Nile Care Main Rooad,727,18,0.722
A52350,PhN/ILE CARE,727,18,0.705
A52351,PH Nile Care Mall,734,16,0.63
A52352,nile care 6th Zone,751,15,0.801
A52353,NILE CARE Main Road,759,23,0.797
A52354,Nle Care,759,23,0.712
A52355,NILE CARE,760,23,0.732
A52356,el care 24 seven marg-A,707,32,0.919
A52357,PY/CARE 24 SEVEN AMRG Station St.386,708,24,0.662
A52358,EL CARE 24 SEVEN MARG Maall,708,24,0.717
A52359,Phh/Care 24 Seven Marg-A877,709,16,0.768
A52360,PY/CARE 24 SEVEN MARG-A,709,16,0.919
A52361,Care 24Seven Marg Branch 1,714,23,0.931
A52362,care 24 seven marg Mall,733,27,0.802
A52363,PY/Care 24 Seven Marg (2),765,16,0.892
A52364,Ph/car e24 seven marg (2),765,16,0.71
A52365,el CARE 24 SEVEN MARG br.2,767,22,0.78
A52366,E Care 24 Seven Marg Mall,767,22,0.973
A52367,PH BLUE WAVE AIN 6th Zone,709,17,0.769
A52368,PY/Blue Wave Ain 04,709,17,0.856
A52369,El-Blue Wave Ain 04,711,17,0.673
A52370,Blue Wave Ain 6th Zone,714,24,0.819
A52371,PH BLUE WAVE AIN Mall,714,24,0.743
A52372,PY/blue wave ain (2),721,22,0.888
A52373,bule wave ain-A,725,23,0.672
A52374,Ph/blue wave ain 04,725,23,0.659
A52375,el Blue Wave Ain Main Road,727,19,0.898
A52376,Ph/BLUE WAVE AIN Branch 1521,727,19,0.824
A52377,Ph/Blue Wvae Ain (2)151,741,24,0.635
A52378,El-Blue Wave Ain 011,741,24,0.953
A52379,Blu eWave Ain,746,29,0.714
A52380,PH FAMILY MONTAZA 2(),702,19,0.817
A52381,EL Family Montaza br.2,712,17,0.856
A52382,familyy montaza 6th Zone,712,17,0.909
A52383,family montaza,715,26,0.778
A52384,Ph/family montaza Station St.,715,26,0.818
A52385,family montaza Branch 1161,721,23,0.918
A52386,PY/FAMILY MONTAZA-A,755,23,0.701
A52387,PHARMA PLUS OCT CITY 011,704,27,0.874
A52388,el PHARMA PLUS OCT CITY955,704,27,0.683
A52389,Ph/Pharma Plus Oct City,716,27,0.758
A52390,pharma plus oct city Branch 2342,729,19,0.76
A52391,Pharma Plus Oct City Branch 1,729,19,0.982
A52392,El-Pharma Plus Oct City-A,751,16,0.797
A52393,PH pharma plus oct city,751,16,0.946
A52394,EL pharma plus oct city Station St.,755,24,0.885
A52395,Ph/Pharma Plus Oct City br.2,755,24,0.85
A52396,EL El Faraby Faisal Station St.,704,28,0.744
A52397,EL FARABY FAISAL 011,704,28,0.915
A52398,el faraby faisal Mall,717,30,0.945
A52399,El Faraby Faisal (2),717,30,0.725
A52400,PH El Faraby Faisal,721,24,0.721
A52401,Ph/El Faraby Faisal (2),722,32,0.984
A52402,el El Faraby Faisal br.2,722,32,0.83
A52403,el farabyfaisal35,745,26,0.976
A52404,EL FARABY FAISAL-A,745,26,0.893
A52405,el El Faraby Faisal Branch 1600,754,20,0.923
A52406,el El Faraby Faisal (2)908,755,25,0.883
A52407,ElE-L FARABY FAISAL849,755,25,0.79
A52408,EL Dr Medhat Mall,717,31,0.912
A52409,DR MEDHAT Mall,731,17,0.892
A52410,PH dr medhat Mall,731,17,0.714
A52411,El-Dr Medhat Branch 2,737,26,0.723
A52412,Dr Medhat Main Road,745,27,0.705
A52413,Dr Medhat,746,30,0.638
A52414,PY/Dr Medhat450,748,33,0.666
A52415,Ph/DR MEDHAT Main Road565,748,33,0.624
A52416,EL dr medhat 04,753,21,0.679
A52417,el Dr Medhat,766,21,0.667
A52418,PH EL OHKAMA OBOUR Branch 2,709,18,0.871
A52419,EL El Hokama Obour,709,18,0.965
A52420,PY/EL OKAMA OBOUR Branch 2,730,27,0.817
A52421,EL El Hokama Obour,737,27,0.932
A52422,Ph/El Hokama Oour br.2,738,26,0.63
A52423,El-El Hokama Obour 04,738,26,0.748
A52424,Ph/El Hokama Obour (2),768,21,0.996
A52425,El-mira marg Branch 2,717,32,0.747
A52426,Mira Marg Station St.,741,25,0.81
A52427,PHM ira Marg Station St.,741,25,0.831
A52428,Mira Marg Mall266,770,29,0.68
A52429,nile are dokki Mall,707,33,0.852
A52430,PH nile care dokki Mall,710,24,0.744
A52431,El-NILE CAREE DOKKI,710,24,0.894
A52432,Nile Care Dokki819,714,25,0.667
A52433,El-nile care dokki Main Road,752,21,0.957
A52434,Ph/niile care dokki 6th Zone,752,21,0.751
A52435,nile care dokki0 11,758,23,0.966
A52436,El-Nile Care Dokki br.2253,758,23,0.987
A52437,EL NILE CARE DOKKI br.2,759,24,0.931
A52438,PY/nile care dokki-A,759,24,0.63
A52439,Ph/Nile Care Dokki,763,24,0.77
A52440,El-Salatmek Helwan 04857,702,20,0.734
A52441,salamtek helwan Branch 1,702,20,0.801
A52442,PH Salamtek Helwan Station St.,704,29,0.701
A52443,PY/SSalamtek Helwan (2),704,29,0.873
A52444,PY/Salamtek Helwan Mall,706,17,0.654
A52445,PY/Salamteek Helwan (2),742,22,0.66
A52446,SALAMTEK HELWAN (2),746,31,0.784
A52447,PYY/Salamtek Helwan Branch 1,747,17,0.768
A52448,el Salamtek Helwan-A,760,24,0.733
A52449,El-salamtek helwan 6th Zone,763,25,0.99
A52450,BLUE WAVE OCT CITY br.2,701,24,0.841
A52451,blue wave oct city-A,701,24,0.664
A52452,PY/Blue Wave Oct City 6th Zone,718,25,0.622
A52453,BLUE WAVE OCT CITY Branch 2,718,25,0.943
A52454,El-BLUE WAVE OCT CITY139,730,28,0.977
A52455,Blue Wave Oct City Branch 1,730,28,0.987
A52456,Ph/BLUE WAVE OCT CITY Main Road,741,26,0.8
A52457,Blue Wave Oct City Main Road315,742,23,0.932
A52458,blue wave oct city 011,742,23,0.746
A52459,Blue Wave Oct City 04,745,28,0.985
A52460,Ph/BLUE WAVE CT CITY (2),745,28,0.86
A52461,BLUE WAVE OCT CITY Station St.,750,21,0.734
A52462,Blue Wave Oct City 04,753,22,0.661
A52463,Ph/el hokama Mall,701,25,0.879
A52464,elE l Hokama Station St.,701,25,0.701
A52465,El Hokama Branch 2,706,18,0.643
A52466,El-El Hokama 011,706,18,0.856
A52467,El-EL HOKAMA-A625,708,25,0.815
A52468,el El Hokama Branch 1,708,25,0.634
A52469,PY/El Hokama br.2,712,18,0.698
A52470,el hokama,712,18,0.953
A52471,PH E Hokama 6th Zone527,724,19,0.825
A52472,Ph/El Hokama 6th Zone,724,19,0.734
A52473,El Hokama601,727,20,0.891
A52474,PY/El Hokama Main Road,759,25,0.724
A52475,PH El Hokama 6th Zone,764,29,0.846
A52476,el EL HOKAMA Main Road,764,29,0.794
A52477,EL BARAKA IMBABA,705,26,0.881
A52478,EL El Baraka Imbaba,705,26,0.918
A52479,El Baraka Imbaba,721,25,0.878
A52480,PH EL BARAKA IMBABA Station St.,721,25,0.72
A52481,El Baraka Imbaba Main Road,726,28,0.683
A52482,EL BARAKA IMMBABA Station St.,735,23,0.726
A52483,El Baraka Imbaba Main RRoad,735,23,0.807
A52484,EL el baraka imbaba,751,17,0.761
A52485,EL metro (2),717,33,0.96
A52486,PH metro Mall791,717,33,0.869
A52487,metro 04,727,21,0.819
A52488,el metro,727,21,0.964
A52489,Metro Branch 2,737,28,0.798
A52490,El-sunrise banha Branch 1,702,21,0.697
A52491,SUNRISE BANHA,702,21,0.747
A52492,EL SUNRISE BANHA,705,27,0.908
A52493,SUNRISE BANHA 6th Zone,710,25,0.75
A52494,sunrise banha br.2,746,32,0.973
A52495,EL Sunrrise Banha Station St.,750,22,0.929
A52496,El-Sunrise Banha (2),753,23,0.805
A52497,sunrise banha Branch 2,757,27,0.729
A52498,Sunrise Banah Mall,769,24,0.972
A52499,el SUNRISE BANHA br.2778,769,24,0.904
A52500,Ph/METRO ZAYED 6th Zone,714,26,0.814
A52501,PH METRO ZAYED Branch 2,743,19,0.887
A52502,Ph/Metro Zayedd Main Road,752,22,0.781
A52503,EL METROO ZAYED (2),752,22,0.685
A52504,PY/Metro Montaza,704,30,0.959
A52505,el Metro Montaza 04,709,19,0.637
A52506,el METRO MONTZAA,729,20,0.706
A52507,Metro Montaza Branch 2,734,17,0.683
A52508,el mtro montaza,734,17,0.767
A52509,METRO MONTAZA Mall,740,15,0.949
A52510,Metro Montaza 011263,752,23,0.704
A52511,METRO MONTAZA 6th Zone,752,23,0.654
A52512,el metro montaza Mall,769,25,0.995
A52513,METRO MONTAZA Station St.,769,25,0.832
A52514,PY/mira Mall,702,22,0.742
A52515,EL mira br.2995,708,26,0.631
A52516,Mira-A945,726,29,0.8
A52517,MIRRA-A,726,29,0.654
A52518,mira 6th Zone738,755,26,0.622
A52519,Mira 011,755,26,0.939
A52520,El-mira Station St.589,757,28,0.816
A52521,Ph/CARE 24 SEEVEN br.2,703,18,0.735
A52522,PY/Care 24 Seven-A,714,27,0.9
A52523,care 24 sseven-A23,714,27,0.786
A52524,EL Care 24 Seven Main Road,716,28,0.721
A52525,Care 24 Seven Mall,716,28,0.845
A52526,el care 24 seven Mall,717,34,0.642
A52527,Care 24 eSven Branch 1,746,33,0.937
A52528,STAR CARE DOOKKI Station St.,714,28,0.974
A52529,Star Care Dokki br.2,714,28,0.793
A52530,Star Care Dokki,723,21,0.959
A52531,star care dokki 04,726,30,0.808
A52532,El-STAR CARE DOKKI Mall,742,24,0.967
A52533,STAR CARE DOKKI,742,24,0.849
A52534,Star Care Dokki 6th Zone,764,30,0.995
A52535,health gate shubra 011,725,24,0.776
A52536,EL health gate shubra Main Road,725,24,0.865
A52537,Health Gate Shubra (2),744,31,0.629
A52538,el health gate shubra-A,761,18,0.996
A52539,Health Gate Shubra br.2,761,18,0.819
A52540,El-health gat shubra,769,26,0.904
A52541,EL Ebn Sina Marg (2),700,23,0.736
A52542,EL Ebn Sina Marg,700,23,0.981
A52543,PH Ebn Sina Marg 04,725,25,0.959
A52544,El-EBN SINA MARG Main Road,738,27,0.812
A52545,Ph/EBN SINA MARG,738,27,0.703
A52546,el Ebn Sina Marg 011,743,20,0.872
A52547,PY/misr faisl Station St.,708,27,0.819
A52548,PH Misr Faisal-A,715,27,0.935
A52549,PY/Misr Faisal616,745,29,0.887
A52550,el Misr Faisal 04,745,29,0.791
A52551,El-Misr Faisal Station St.,747,18,0.906
A52552,Ph/MISR FAISAL,749,14,0.8
A52553,PH MISR FAISAL,757,29,0.661
A52554,el misr faisal Bracnh 2,757,29,0.882
A52555,Misr Fiasal-A,770,30,0.869
A52556,PH misr faiasl Main Road,770,30,0.888
A52557,el el faraby ain Mai nRoad,704,31,0.873
A52558,el El Faraby Ain br.2712,704,31,0.771
A52559,el faraby ain,709,20,0.658
A52560,El-El Faraby Ain,723,22,0.989
A52561,PH el faraby ain878,770,31,0.747
A52562,el Elite Agami 011,708,28,0.84
A52563,PH ELITE AGAMI-A283,714,29,0.831
A52564,EL ELITE AGAMI Station St.,716,29,0.934
A52565,ELITE AGAMI 6th Zone,722,33,0.866
A52566,el Elitee Agami,722,33,0.92
A52567,el elite agami 6th Zone,738,28,0.679
A52568,Ph/ELITE AGAMI Branch 2187,738,28,0.718
A52569,PY/Elite Agami (2)925,739,27,0.773
A52570,elite agami Station St.,739,27,0.643
A52571,El-ELITE AGAMI,740,16,0.747
A52572,ELITE AGGAMI br.2,740,16,0.725
A52573,Elite Agami Branch 1,745,30,0.945
A52574,elite aagami Branch 1,745,30,0.683
A52575,el al amal maadi 6th Zone,710,26,0.922
A52576,PY/L AMAL MAADI Main Road,710,26,0.809
A52577,PH Al Amal Maadi,712,19,0.674
A52578,Ph/Al Amal Maadi Branch 1,712,19,0.763
A52579,El-al amal maadi 011,728,26,0.885
A52580,El-Al Amal Maadi Branch 2,732,22,0.799
A52581,el AL AMAL MAADI Branch 1,754,21,0.695
A52582,el al amal maaadi,765,17,0.808
A52583,AL AMAL MAADI Branch 1,765,17,0.816
A52584,Al Amal Maadi Branch 1,766,22,0.905
A52585,Ph/AL AMAL MAADI br.2,766,22,0.892
A52586,Metro Ain,714,30,0.827
A52587,Metro Ain (2),736,21,0.777
A52588,PhM/ETRO AIN,736,21,0.786
A52589,Ph/METRO AIN 011,750,23,0.95
A52590,PH METRO AIN Branch 2,750,23,0.976
A52591,PH metro ain,763,26,0.693
A52592,AL AMAL IMBABA 011,703,19,0.904
A52593,Ph/Al Ama Imbaba br.2,703,19,0.757
A52594,el al amal imbaba-A,718,26,0.852
A52595,al amal imbaba Branch 1,763,27,0.863
A52596,PY/AL AMAL IMBABA 6th Zone,770,32,0.735
A52597,Ph/AL AMAL IMBABA 011,770,32,0.94
A52598,el Dr Medhat Ain Mall271,708,29,0.871
A52599,EL Dr Medhat Ain Mall,710,27,0.821
A52600,PH dr medhat ain Mall,718,27,0.875
A52601,Dr Medhat Ain Main Road947,718,27,0.918
A52602,el DR MEDHAT AIN,725,26,0.822
A52603,PH Dr Medhat Ain br.2,746,34,0.702
A52604,DR MEDHAT AIN 04,746,34,0.723
A52605,Dr Medhat Ain Main Road,761,19,0.928
A52606,DR MEDHAT AIN br.2,762,29,0.868
A52607,EL DR MEDHAT AIN (2),762,29,0.85
A52608,el golden care 04,701,26,0.982
A52609,PH golden care Mall,718,28,0.92
A52610,EL GOLDE NCARE Station St.,742,25,0.758
A52611,PH GOLDENCARE br.2240,742,25,0.732
A52612,GOLDEN CARE br.2321,746,35,0.673
A52613,golden care 011,746,35,0.757
A52614,PY/city care imbaba Branch 1,705,28,0.881
A52615,City Care Imbaba,718,29,0.74
A52616,EL City Care Imbaba (2),718,29,0.947
A52617,El-City Care Imbaba 04,744,32,0.842
A52618,PH ITY CARE IMBABA br.2,744,32,0.784
A52619,Ph/CITY CARE IMBABA,762,30,0.932
A52620,EL cityc are imbaba Branch 1332,769,27,0.761
A52621,el nasr Branch 1,706,19,0.733
A52622,EL NASR,718,30,0.729
A52623,el LE NASR,718,30,0.642
A52624,El Nasr 011151,719,31,0.855
A52625,El Nasr 011,730,29,0.662
A52626,el EL NASR,730,29,0.947
A52627,PY/EL NNASR-A,732,23,0.816
A52628,PY/EL NASR 6th Zone,754,22,0.708
A52629,El-El Nasr 6th Zone,754,22,0.684
A52630,PY/El Nasr Branch 1,769,28,0.981
A52631,el nile care montaza (2),705,29,0.863
A52632,Ph//Nile Care Montaza Branch 1,727,22,0.749
A52633,el Nile Care Montaza Branch 1,727,22,0.632
A52634,EL NIE CARE MONTAZA br.2,751,18,0.781
A52635,Ph/NILE CARE MONTAZA,751,18,0.643
A52636,nile acre montaza (2)12,766,23,0.848
A52637,Ph/Seha First50,709,21,0.792
A52638,EL Sha First,766,24,0.908
A52639,el Seha First 04,766,24,0.95
A52640,Seha First (2),768,22,0.765
A52641,Ph/Seha First,768,22,0.836
A52642,el Mira Ain,700,24,0.994
A52643,Mira Ain Main Road,707,34,0.969
A52644,PY/MIRA AIN Mall691,707,34,0.852
A52645,el Mira Ain br.2,709,22,0.64
A52646,Mira Ain-A,709,22,0.98
A52647,El-MIRA AIN 6th Zone,745,31,0.891
A52648,Mira Ain 011115,745,31,0.733
A52649,Ph/MIRA AIN-A,761,20,0.725
A52650,el MIRA AIN (2),761,20,0.621
A52651,PY/Mira Ain,766,25,0.879
A52652,El-Health Gate-A925,717,35,0.806
A52653,PY/HEALTH ATE,728,27,0.633
A52654,PH HEALTH GATE Branch 1821,752,24,0.748
A52655,EL Halth Gate Mall,752,24,0.857
A52656,el HEALTH GATE Branch 1,753,24,0.806
A52657,Health Gate Mall,753,24,0.647
A52658,EL omega ain,721,26,0.813
A52659,Omega Ain,726,31,0.829
A52660,Ph/OMEGA AIN 6th Zone,726,31,0.974
A52661,Omega Ai nbr.2,734,18,0.65
A52662,EL Omega Ain Station St.,734,18,0.825
A52663,PH silver care square,700,25,0.967
A52664,el silver care square571,721,27,0.723
A52665,Silver Care Square Mall,721,27,0.691
A52666,Silver Care Square Mall,731,18,0.809
A52667,El-Silver Care Sqare Branch 2,733,28,0.793
A52668,Silver Care Suqare (2),733,28,0.673
A52669,el slver care square (2),737,29,0.973
A52670,Ph/silver care square (2),743,21,0.942
A52671,El-silveer care square Branch 2,743,21,0.662
A52672,EL Silver Care Square,760,25,0.758
A52673,EL SILVER CARE SQUARE-A556,760,25,0.711
A52674,Ph/Al Amal Shubra-A,701,27,0.983
A52675,PY/AL AMAL SHUBRA-A,711,18,0.909
A52676,Al Amal Shubra 011,724,20,0.739
A52677,Al Amal Shubra 04,724,20,0.772
A52678,Ph/Al Amal Shubra 6th Zone,738,29,0.881
A52679,AlAmal Shubra-A,750,24,0.959
A52680,Al Amal Shubra,752,25,0.898
A52681,el Al Amal Shubra Branch 2,752,25,0.654
A52682,Ph/Al Amal Shubra Brnch 1,768,23,0.856
A52683,el Metro Smouha Branch 1,723,23,0.854
A52684,Ph/METRO SMOUHA Station St.,723,23,0.713
A52685,Metro Smouha Main Road,744,33,0.893
A52686,Metro Smouha Branch 2,768,24,0.658
A52687,Ph/UNION PHARM NOZHA Branch 1,714,31,0.921
A52688,el UNION PHARM NOZHA (2),721,28,0.646
A52689,Ph/Union Pharm Nozha Branch 2,725,27,0.833
A52690,PY/union pharm nozha 6th Zone,725,27,0.63
A52691,Union Pharm Nozha 04212,734,19,0.825
A52692,EL Union Pharm Nozha,748,34,0.883
A52693,El-union pharm nozha 011,758,24,0.645
A52694,el union pharm nozha Main Road,758,24,0.761
A52695,PY/El Hokama Ain br.2,734,20,0.901
A52696,El-El Hokama Ain,734,20,0.892
A52697,PY/El Hokama Ain ((2),735,24,0.93
A52698,El Hokama Ain,752,26,0.936
A52699,PY/El Hokama Ain,752,26,0.872
A52700,EL HOKAMA AIN br.2,768,25,0.68
A52701,El-better life ain Main Road,705,30,0.659
A52702,PY/Better Life Ain 011,705,30,0.852
A52703,Better Life Ain,722,34,0.894
A52704,Ph/BETTER LIFE AIN Branch 2322,736,22,0.926
A52705,PY/BETTER LIFE AIN Station St.176,736,22,0.719
A52706,Better Life Ain Station St.,759,26,0.983
A52707,El-BETTER LIFE AIN Branch 2,759,26,0.908
A52708,Ph/BETTER LIFE AIN 04,766,26,0.744
A52709,EL Better Life Ain 6th Zone,766,26,0.747
A52710,el el nasr Main Road,700,26,0.862
A52711,Ph/el nnasr,713,16,0.785
A52712,Ph/EL NASR Main oad,733,29,0.776
A52713,PH El Nasr Branch 2,733,29,0.784
A52714,PY/al nozha faisal-A,702,23,0.623
A52715,AL NOZHA FAISAL Mall,702,23,0.89
A52716,EL AL NOZHHA FAISAL,705,31,0.939
A52717,El-AL NOZHA FAISAL,707,35,0.901
A52718,Ph/AL NOZHA FAISAL Branch 2,730,30,0.646
A52719,AL NOZHA FAISAL,730,30,0.757
A52720,el al nozha faisal Station St.,737,30,0.916
A52721,El-al nozha faisal br.2,737,30,0.664
A52722,PY/al nozha faisal Branch 2,757,30,0.782
A52723,el al nozha faisal 6th Zone,767,23,0.851
A52724,El-el hokama downtown Branch 2,709,23,0.68
A52725,PY/El Hokama Downton Mall,709,23,0.802
A52726,Ph/El Hokama Downtown br.2,727,23,0.937
A52727,el El Hokama Downtown Mall,727,23,0.904
A52728,El Hokama Downtown Branch 2,738,30,0.709
A52729,el EL HOKAMA DOWNTOWN 011,738,30,0.852
A52730,El Hokama Downtown209,743,22,0.738
A52731,EL El Hokama Downtown br.2,767,24,0.774
A52732,seha first downtwn53,717,36,0.896
A52733,PY/Seha First Downtown,734,21,0.78
A52734,seha first downtown 011,741,27,0.695
A52735,EL Seha Frist Downtown,741,27,0.868
A52736,Seha First Downtown,769,29,0.69
A52737,Ph/Seha First Downtown 011,769,29,0.829
A52738,Ph/dr edhat faisal962,706,20,0.958
A52739,DR MEHDAT FAISAL Main Road,720,25,0.82
A52740,Dr Medhat Faisal-A,724,21,0.923
A52741,El-Dr Medhat Faisal Mall,724,21,0.683
A52742,El-dr medhat faisal,726,32,0.639
A52743,PY/dr medhat faiasl Mall,726,32,0.875
A52744,PY/Dr Medhat Faisal Station St.,727,24,0.964
A52745,el DR MEEDHAT FAISAL,727,24,0.775
A52746,Dr Medhat Fasial br.2,730,31,0.97
A52747,El-Dr Meedhat Faisal-A,759,27,0.767
A52748,Ph/Dr Meddhat Faisal 011,768,26,0.935
A52749,dr medhat faisal br.2,768,26,0.745
A52750,PH Seha First Agami,706,21,0.982
A52751,PY/seha first agami Main oad797,706,21,0.694
A52752,EL Seha Firt Agami Branch 1,708,30,0.99
A52753,el Seha First Agami592,708,30,0.673
A52754,Ph/Seha First Agami Main Road,715,28,0.798
A52755,PY/SEA FIRST AGAMI,727,25,0.968
A52756,EL Seha FFirst Agami br.2560,727,25,0.799
A52757,El-Seha FFirst Agami 011,743,23,0.898
A52758,PY/seha firstagami Branch 1,746,36,0.702
A52759,PH SEHA FIRST AGAMI 04,746,36,0.939
A52760,EL seha first agami,765,18,0.696
A52761,Ph/SEHA FIRST AGAMI Branch 190,765,18,0.652
A52762,EL SUNRISE FAISAL 011,721,29,0.793
A52763,sunrise faisal Mall,721,29,0.649
A52764,PY/SUNRISE FAISAL Branch 2,734,22,0.631
A52765,sunrise faisal Mall,752,27,0.995
A52766,sunrise faisal-A542,752,27,0.784
A52767,Sunrise Faisal,760,26,0.666
A52768,PH sunrisef aisal (2),760,26,0.793
A52769,PH SILVER CARE DOWNTOWNN Mall,717,37,0.947
A52770,silver care downtown-A,717,37,0.917
A52771,Ph/Silver Care Downtown 011,725,28,0.888
A52772,Silver Care Downtown,742,26,0.987
A52773,silver care downtown650,742,26,0.875
A52774,Silver Care Downtown (2),752,28,0.96
A52775,El-EL NASR DOWNTOWN 04,712,20,0.964
A52776,el El Nasr Downtown Mall,716,30,0.663
A52777,PY/el nasr downtown 04,716,30,0.96
A52778,EL El Nasr Downtown 011,741,28,0.703
A52779,Ph//El Nasr Downtown,741,28,0.982
A52780,Ph/Star Care Oct City,708,31,0.858
A52781,P/Star Care Oct City75,708,31,0.79
A52782,Ph/star care oct city Station St.,718,31,0.808
A52783,EL Star Care Oc tCity,718,31,0.692
A52784,el star care oct city (2),726,33,0.915
A52785,star care oct city Station St.,732,24,0.996
A52786,EL Star Care Oct City br.2,732,24,0.964
A52787,Star Care Oct City Branch 2,735,25,0.745
A52788,star care oct city,735,25,0.957
A52789,El-Star Care Oct City,761,21,0.841
A52790,El-Star Care Oct City,763,28,0.635
A52791,EL Star Care Oct City,763,28,0.788
A52792,PH star care oct city Mall,770,33,0.759
A52793,El-Union Pharm Oct City Mall,700,27,0.661
A52794,PY/UNION PHARM OCT CITY 6th Zone,708,32,0.662
A52795,PY/Union Pharm Oct CCity857,708,32,0.871
A52796,El-union pharm oct city Branch 1,725,29,0.712
A52797,Union Pharm Oct City (2),747,19,0.648
A52798,PY/union pharm oct city-A,761,22,0.805
A52799,EL Union Pharm Oct City,767,25,0.861
A52800,UNION PHARM OCT CITY br.2,767,25,0.967
A52801,EL el tourath Branch 1,700,28,0.959
A52802,PY/el touraht br.2,700,28,0.834
A52803,el tourath-A,709,24,0.908
A52804,El-E Tourath,755,27,0.934
A52805,el tourath 04578,759,28,0.872
A52806,PH el tourath StationSt.,761,23,0.984
A52807,El Tourath Main Road60,761,23,0.932
A52808,El Tourath-A,762,31,0.957
A52809,PY/el tourath Stationn St.,762,31,0.695
A52810,el El Zahraa Nozha,724,22,0.751
A52811,el El Zahraa Nozha 6th Zone,724,22,0.988
A52812,el EL ZAHRA NOZHA441,725,30,0.815
A52813,PH El Zahraa Nozha Branch 2,725,30,0.911
A52814,PY/EL ZAHRAA NOZHA,740,17,0.745
A52815,Ph/El Zahraa Nozha 011,749,15,0.925
A52816,El--El Zahraa Nozha 04,749,15,0.829
A52817,el EL ZAHRAA NOZHA212,756,28,0.637
A52818,PH El Zahraa Nozha-A202,756,28,0.658
A52819,EL SHIFA-A,719,32,0.966
A52820,Ph/El Shifa 04,719,32,0.748
A52821,EL SHIFA,720,26,0.664
A52822,EL SHIFA 011,725,31,0.703
A52823,Ph/El Shifa Branch 1,725,31,0.818
A52824,EL SHIFA,731,19,0.909
A52825,Ph/El Shifa 011,761,24,0.683
A52826,PY/El Shifa (2),761,24,0.711
A52827,elite 04,708,33,0.637
A52828,e lELITE Mall,708,33,0.801
A52829,el Elite 011,715,29,0.917
A52830,Elite 6th Zone,721,30,0.868
A52831,PH Elite Station St.,721,30,0.754
A52832,Phh/Elite (2),731,20,0.638
A52833,el Elite 04,748,35,0.869
A52834,ELITE-A,751,19,0.942
A52835,elite (2),756,29,0.991
A52836,ELITE 011,768,27,0.736
A52837,el city care Main Road,740,18,0.971
A52838,Ph/city care Branch 2,740,18,0.813
A52839,PY/CITY CARE,755,28,0.993
A52840,EL City Care br.2996,755,28,0.84
A52841,Ph/City Care 011,762,32,0.819
A52842,PY/CITY CARE Main Road,762,32,0.865
A52843,PY/City Care,766,27,0.698
A52844,city care Branch 1,766,27,0.842
A52845,PH City Care Branch 1,767,26,0.769
A52846,P/YCity Care-A,767,26,0.744
A52847,El-better life downtown 011,706,22,0.652
A52848,PH BETTER LIFE DOWNTOWN 011,716,31,0.764
A52849,el Better Life Downtown Station St.,724,23,0.986
A52850,Better Life Downtown-A,726,34,0.7
A52851,Better Life Downtown-A,726,34,0.816
A52852,Ph/Better Life Downtown503,727,26,0.834
A52853,Better Life Downtown Maain Road,727,26,0.896
A52854,el Better Life Downtown 04486,732,25,0.915
A52855,Better Life Downtown Branch 2,748,36,0.634
A52856,EL Seha First Downtown-A,705,32,0.739
A52857,Ph/SehaFirst Downtown 04,705,32,0.82
A52858,PH Seha First Downtown 6th one,714,32,0.806
A52859,El-Seha First Downtown Branch 2,725,32,0.819
A52860,SEHA FIRST DOWNTOWN-A,761,25,0.756
A52861,SEHA FISRT DOWNTOWN br.2,761,25,0.741
A52862,Ell-seha first downtown Mall,765,19,0.835
A52863,EL Seha First Downtown 011,765,19,0.624
A52864,El-seha first downtown br.2,768,28,0.927
A52865,El-Seha First Downtown Mall,768,28,0.979
A52866,EL Omega Downtown br.2,700,29,0.674
A52867,EL OMEGA DOWNTOWN 04,700,29,0.76
A52868,Omeega Downtown (2)801,701,28,0.852
A52869,Ph/Omega Downtown,707,36,0.914
A52870,Omeega Downtown,711,19,0.812
A52871,PH Omega Downtown,711,19,0.685
A52872,PYO/mega Downtown Branch 1,742,27,0.817
A52873,Nile Care Downtown Branch 1,708,34,0.958
A52874,El-NILE CARE DOWNTOWN (2),711,20,0.913
A52875,NILE CARE DOWNTOWN Branch 1,711,20,0.727
A52876,EL Nile Care Downtown Branch 2232,722,35,0.657
A52877,PH NILE CARE DOWNOWN Station St.,724,24,0.789
A52878,PH Nile CareD owntown Mall,724,24,0.876
A52879,nile care downtown 6th Zone,725,33,0.647
A52880,El-NILE CARE DOWNTOWN Station St.,725,33,0.674
A52881,el Nile Care Obour Station St.,722,36,0.68
A52882,El-Nile Care Obour,724,25,0.854
A52883,PY/Nile Care Obour-A,724,25,0.803
A52884,El-Nile Care Obour,725,34,0.908
A52885,el nile care obour 6th Zone,725,34,0.712
A52886,el Nile Care Obour Station St.,751,20,0.648
A52887,Nile Care Obour828,751,20,0.64
A52888,nile care obour Mall,754,23,0.659
A52889,el Nile Care Obour 6th Zone,766,28,0.827
A52890,EL Nile Care Obour Station St.,766,28,0.956
A52891,ELITE DOKKI 6th Zone,700,30,0.672
A52892,PY/lEite Dokki,700,30,0.756
A52893,EL ELITE DOKKI 04,707,37,0.759
A52894,elite dokki Mall,707,37,0.754
A52895,EL elite dokki,729,21,0.828
A52896,PY/Elite Dokkki-A,729,21,0.873
A52897,el Elite Dokki 04,737,31,0.971
A52898,PY/Elite Dokki Branch 1814,741,29,0.719
A52899,Eilte Dokki br.2,741,29,0.855
A52900,PH Elite Dokki Branch 2,742,28,0.716
A52901,elite dokki Branch 2,770,34,0.848
A52902,Ph/ELITE DOKKI-A,770,34,0.702
A52903,SUNRSIE Branch 1367,703,20,0.744
A52904,Sunrise Main Road,703,20,0.746
A52905,Ph/SUNRISE Mall,717,38,0.933
A52906,Ph/sunrise,732,26,0.947
A52907,Sunrise Main Road,758,25,0.949
A52908,PHsunrise (2),758,25,0.997
A52909,EL USNRISE19,769,30,0.667
A52910,OMEGA HELWAN 04,710,28,0.7
A52911,El-Omega Helwan 6th Zone,712,21,0.733
A52912,omega helwan 04764,712,21,0.82
A52913,PH Omega Helwan 011,717,39,0.805
A52914,El-OMEGA HELWAN Mall,724,26,0.643
A52915,PH omega helwaan 04,728,28,0.667
A52916,PY/omega helwan-A,756,30,0.976
A52917,EL OMEGA HELWAN (2),760,27,0.683
A52918,OMEGA HELWAN (2),760,27,0.889
A52919,blue wave,734,23,0.693
A52920,el Blue Wave Branch 2,734,23,0.866
A52921,EL lue Wave-A,752,29,0.989
A52922,EL Blue Wave 04,752,29,0.815
A52923,BLUE WAVE 6th Zone,764,31,0.658
A52924,PY/blue wave (2),764,31,0.705
A52925,ALPHA PHARMA SQUARE Station St.,708,35,0.965
A52926,Alpha Pharma Square br.2,708,35,0.708
A52927,ALPHA PHARMA SQUARE 011,711,21,0.828
A52928,El-Alpha Pharma Square Station St.81,711,21,0.972
A52929,Alpha Pharma Square,727,27,0.769
A52930,PH ALPHA PHARMA SQUARE Main Road,727,27,0.793
A52931,el ALPHA PHARMA SQUARE Main Road,759,29,0.84
A52932,alpha pharma square Main Road,761,26,0.814
A52933,star care aggami,703,21,0.697
A52934,Star Care Agami 6th Zone,712,22,0.654
A52935,PY/Sttar Care Agami Mall586,731,21,0.705
A52936,EL Star Care Agami Branh 1774,731,21,0.633
A52937,PH star care agami 04,743,24,0.736
A52938,PH star carea gami,743,24,0.961
A52939,el Star Care Agam (2),745,32,0.641
A52940,Ph/star care agami br.2,747,20,0.863
A52941,El-Star Cre Agami-A,752,30,0.838
A52942,star caer agami,752,30,0.771
A52943,el Star Care AgamiS tation St.,764,32,0.62
A52944,El-family downtown Branch 1,721,31,0.742
A52945,PH FAMILY DOWNTOWN827,721,31,0.628
A52946,PH family downtown 6th Zoone,751,21,0.722
A52947,FAMILY DOWTNOWN,751,21,0.793
A52948,Ph/family downtoown Branch 1,752,31,0.687
A52949,El-Family Downtown,765,20,0.642
A52950,el Family Downtow-nA,766,29,0.872
A52951,Ph/Family Downtown Station St.,766,29,0.835
A52952,El Nasr Obour,725,35,0.738
A52953,El Nasr Obour 6th Zone120,727,28,0.944
A52954,el nasr obour Branch 1,734,24,0.861
A52955,EL NASR OBOUR Mall,734,24,0.976
A52956,El Nasr Obour-A,758,26,0.701
A52957,el nasr obour br.2,763,29,0.791
A52958,PH EL NASR OBOUR Station St.626,767,27,0.876
A52959,el Silver Care Dokki 04,719,33,0.723
A52960,el SILVER CARE DOKKI,721,32,0.907
A52961,el SILVER CARE DOKKI 04431,721,32,0.829
A52962,Silver Care Dokki Branch 1,729,22,0.685
A52963,Ph/silver care dokki Branch 2,729,22,0.655
A52964,EL Silver Care Dokki 6th Zone,736,23,0.626
A52965,el Silver Care Dokki Staion St.,738,31,0.792
A52966,SILVER CAR DOKKI (2),738,31,0.711
A52967,PY/Silver Care Dokki,754,24,0.656
A52968,Ph/Silver Care Dokki-A,754,24,0.714
A52969,SILVER CAR EDOKKI (2),766,30,0.747
A52970,El-Silver Care Dokki-A,766,30,0.678
A52971,PH Silver Care Dokki,769,31,0.899
A52972,PH SILVER CARE DOKKI Branch 1,769,31,0.92
A52973,el Sunrise Oct City Mall958,708,36,0.917
A52974,Ph/SUNRISE OCT CITY Main Road,727,29,0.836
A52975,Sunrise Oct City br.2,738,32,0.985
A52976,Ph/Sunrise Oct City 04,738,32,0.921
A52977,Sunrise Oct City br.2,756,31,0.68
A52978,DR MEDHAT 6th Zone,720,27,0.732
A52979,Ph/Dr Medhat Brnach 1,720,27,0.747
A52980,dr medhat br.2357,721,33,0.887
A52981,PY/Dr Medhat,721,33,0.69
A52982,dr medhat Main Road,734,25,0.895
A52983,PH DR MEDHAT Main Road831,734,25,0.933
A52984,Dr Medhat 6th Zone,748,37,0.953
A52985,EL dr medhat 04,749,16,0.855
A52986,el DR MMEDHAT899,759,30,0.982
A52987,PH el baraka obour Mall,721,34,0.919
A52988,el EL BARAKA OBOUR,740,19,0.989
A52989,El-El Baraka Obour 04387,760,28,0.73
A52990,elg olden care downtown-A,702,24,0.73
A52991,el GOLDEN CARE DOWNTOWN 04539,702,24,0.859
A52992,Golden Care Downtown 011,743,25,0.917
A52993,Golden Care Donwtown 04948,743,25,0.918
A52994,PH golden care downtown br.2,745,33,0.785
A52995,PH Golden Care Downtown Branch 1,745,33,0.652
A52996,GOLDEN CARE DOWNTOWN br.2,763,30,0.938
A52997,PH Golden Care Downtown-A649,763,30,0.664
A52998,el AAlpha Pharma El,704,32,0.681
A52999,El-alpha pharma el Branch 1,705,33,0.706
A53000,el lpha pharma el Mall,705,33,0.747
A53001,alpha pharma el 011,707,38,0.9
A53002,Ph/alpha pharma el,707,38,0.624
A53003,El-alpha phamra el (2),722,37,0.678
A53004,El-ALPHA PHARMA L 6th Zone,722,37,0.986
A53005,El-AlphaP harma El989,731,22,0.829
A53006,alpha pharma el 04,753,25,0.736
A53007,el ALPHA PHARMA EL 011254,755,29,0.889
A53008,PH alpha pharma el 04,755,29,0.89
A53009,EL ALPH APHARMA EL-A,768,29,0.863
A53010,ALPHA PHARMA EL Mall,768,29,0.782
A53011,Ph/Care 24 Seven Nozha 6th Zone602,717,40,0.697
A53012,PY/CARE 24 SEVEN NOZHA738,717,40,0.643
A53013,PH CARE 24 SEVEN NOZHA 011981,724,27,0.879
A53014,el Care 24 Seven oNzha,730,32,0.861
A53015,PY/CARE 24 SEVN NOZHA,738,33,0.963
A53016,Ph/Care 24 Seven Nozha 04,754,25,0.929
A53017,El-CARE 24 SEVEN NOZHA769,767,28,0.624
A53018,El-Care 24 Seven Nozha 6th Zone,767,28,0.982
A53019,El-STAR CARE EL Staiton St.,723,24,0.819
A53020,EL Star Care El 6th Zone,759,31,0.908
A53021,EL Star Care El,759,31,0.769
A53022,PY/Star Care El 011,770,35,0.72
A53023,el Staar Care El (2),770,35,0.872
A53024,el Health Gate Helan,702,25,0.655
A53025,el Health Gate Helwan48,702,25,0.959
A53026,PH HEALTH GATE HELWAN 011,710,29,0.791
A53027,EL HEALTH AGTE HELWAN 04,710,29,0.799
A53028,PH Helth Gate Helwan Station St.,724,28,0.996
A53029,el Health Gate Helwan,732,27,0.773
A53030,El-HEALTH GATE HELWAN 011,737,32,0.724
A53031,El-health gate helwan,737,32,0.999
A53032,PH HEALTH GATE HELWAN Branch 1,746,37,0.894
A53033,El-health gate helwan br.2,746,37,0.83
A53034,el health gtae helwan (2),763,31,0.757
A53035,merto el br.2,704,33,0.687
A53036,PY/metro el,704,33,0.868
A53037,PH metro el Main Road,720,28,0.767
A53038,EL Metro El Mall421,720,28,0.718
A53039,Ph/Metro El329,731,23,0.668
A53040,METRO EL 04934,741,30,0.89
A53041,EL Metro El Main Road,741,30,0.657
A53042,PH metro l br.2,747,21,0.704
A53043,El-Metro El,759,32,0.965
A53044,el METRO EL729,759,32,0.724
A53045,DR MEDHAT MONTAZA,708,37,0.79
A53046,Ph/dr medhat montaza Main Road,720,29,0.926
A53047,Ph/Dr Medhat Montaza Branch 1343,720,29,0.772
A53048,EL dr medhat montaza Main Road,724,29,0.798
A53049,El-DR MEDHATM ONTAZA Station St.,726,35,0.662
A53050,dr medhat montaza 04,731,24,0.723
A53051,El-Drr Medhat Montaza 04,731,24,0.751
A53052,dr medhat montaza,741,31,0.749
A53053,El-Dr Medhat Montaza Branch 2,741,31,0.793
A53054,DR MEDHAT MONTAZA 04,755,30,0.773
A53055,PH DR MEDHAT MONTAZA Branch 2,755,30,0.985
A53056,PH Dr Medhat Montaza Branch 2,763,32,0.637
A53057,PH DR MEDHAT MONTAZA Mall,763,32,0.875
A53058,el baraka,703,22,0.662
A53059,PH El Baraka Mall,707,39,0.816
A53060,El-El Baraka-A805,718,32,0.844
A53061,PH El Baraka177,718,32,0.928
A53062,El-el baraka Station St.934,744,34,0.659
A53063,Ph/El Baraka (2),744,34,0.791
A53064,PH EL BARAKA Branch 1,749,17,0.984
A53065,El-el baraka Station St.,749,17,0.788
A53066,el baraka Branch 1,758,27,0.66
A53067,EL BARAKA (2),758,27,0.763
A53068,PH Angel El,700,31,0.756
A53069,el angel el 011,704,34,0.931
A53070,EL ANGEL EL Branch 1527,704,34,0.696
A53071,PY/Angel El 6th Zone,708,38,0.625
A53072,Angel El Mall,720,30,0.721
A53073,el ANGEL EL Mall,720,30,0.989
A53074,PH Angel El947,722,38,0.73
A53075,Ph/Angel El-A,755,31,0.851
A53076,PH angel el 04685,755,31,0.878
A53077,PH El Shifa El br.2,726,36,0.972
A53078,el shifa el 011,726,36,0.75
A53079,el el shifa el Branch 181,730,33,0.753
A53080,Ph/El Shfia El-A,730,33,0.964
A53081,PH El Shifa El,731,25,0.754
A53082,Ph/el shifa el Branch 2,731,25,0.923
A53083,el Ell Shifa El 04,751,22,0.816
A53084,el El Shifa El Branch 2,751,22,0.805
A53085,el shifa el Sation St.,761,27,0.655
A53086,el EL SHIFA EL-A,767,29,0.88
A53087,EL GREEN LEAF br.2,734,26,0.671
A53088,PY/Green Leaf-A,734,26,0.978
A53089,PH green leaf 011,740,20,0.862
A53090,El-GREEN LEAF Main Road,761,28,0.986
A53091,Ph/Misr Branch 2,712,23,0.687
A53092,Ph/Misr Mian Road,722,39,0.71
A53093,El-MISR,734,27,0.974
A53094,el MISR Branc 1,734,27,0.855
A53095,PH Misr 011,753,26,0.915
A53096,Ph/Misr Branch 1,758,28,0.663
A53097,EL Union hParm El,710,30,0.657
A53098,Ph/UNION PHARM EL,711,22,0.938
A53099,PH nion pharm el Main Road,711,22,0.906
A53100,Union Pharm El Station St.,735,26,0.739
A53101,Union Pharrm El Mall89,736,24,0.733
A53102,union pharm el Branch 2,736,24,0.788
A53103,Ph/UNNION PHARM EL-A,757,31,0.927
A53104,Union Pharm El,757,31,0.789
A53105,el union pharm el Branch 1,764,33,0.685
A53106,PH Union Pharm El 6th Zone,764,33,0.944
A53107,Better Life El-A,709,25,0.716
A53108,El-Better Life El-A,709,25,0.839
A53109,PH Better Life El Mall,715,30,0.929
A53110,EL Better Life El-A,717,41,0.764
A53111,Ph/BETER LIFE EL 6th Zone517,722,40,0.854
A53112,el Better Life El br.2,729,23,0.758
A53113,Ph/Better Life El 011,731,26,0.857
A53114,El-BETTER LIFE EL 011,731,26,0.68
A53115,EL Better Life El Branch 1,736,25,0.873
A53116,PH BETTER LIFE EL 011,744,35,0.714
A53117,El-elite haram (2),705,34,0.683
A53118,el Elite Haram Mall,705,34,0.977
A53119,EL elite haram 04324,724,30,0.709
A53120,PH elite haram 011,729,24,0.997
A53121,el ELITE HARAM Main Road,729,24,0.986
A53122,PY/Elite Haram (2),732,28,0.961
A53123,PY/elite haram 011,732,28,0.67
A53124,El-elite haram-A,740,21,0.681
A53125,el Elite Haram,740,21,0.977
A53126,PH Elite Haram Branch 2,757,32,0.735
A53127,Elite Harram-A,764,34,0.993
A53128,El-Eite Haram 6th Zone590,764,34,0.839
A53129,Ph/Al Nozha El59,700,32,0.984
A53130,el Al Nozha El 6th Zone,703,23,0.903
A53131,EL al nozha el Branch 2,703,23,0.83
A53132,PH al nozha el 011824,730,34,0.655
A53133,al nozha el Station St.,730,34,0.893
A53134,Al Nozha El Main Road,734,28,0.796
A53135,El-al nozha el-A,734,28,0.79
A53136,Ph/Al Nozha El (2)890,747,22,0.762
A53137,EL AL NOZHA EL 04,754,26,0.936
A53138,PY/Al Nozha El 6th Zone,754,26,0.71
A53139,El-AL NOZHA EL-A,762,33,0.785
A53140,Al Nozah El172,764,35,0.877
A53141,El-El Zahraa Montaza Station St.,722,41,0.796
A53142,PH EL ZAHRAA MONTAZA Main Road,722,41,0.802
A53143,EL EL ZAHRAA MONTAZA 6th Zone,727,30,0.792
A53144,PY/El Zahraa Montaza Station St.,727,30,0.976
A53145,El-el ahraa montaza (2),738,34,0.954
A53146,el El Zahraa Montaza 011,741,32,0.67
A53147,PH el zahraa montaza Branch 1906,741,32,0.667
A53148,El Zahraa Montaza 6th Zone506,751,23,0.689
A53149,EL ZAHRAA MONTAZA-A,751,23,0.806
A53150,EL ZAHRAA MNOTAZA 011,758,29,0.746
A53151,el el zahraa montaza Mall,762,34,0.94
A53152,El Nasr Square,705,35,0.833
A53153,PH El Nasr Square Branch 1,705,35,0.697
A53154,Ph/EL NASR SQUARE br.2,712,24,0.734
A53155,PH El NasrS quare Branch 1,743,26,0.67
A53156,Ph/El Nasr Square,767,30,0.929
A53157,Ph/El Tourath 04,718,33,0.907
A53158,EL El Tourath,743,27,0.839
A53159,PY/eltourath 011228,744,36,0.847
A53160,el tourath 011,750,25,0.787
A53161,PH el tourath Mall,754,27,0.844
A53162,el tourath 011,762,35,0.865
A53163,PH el tourath,762,35,0.89
A53164,PY/el tourath Main Road,764,36,0.776
A53165,Misr Branch 2,706,23,0.945
A53166,el misr Main Road,707,40,0.904
A53167,El-misr,751,24,0.941
A53168,MISR Main Road,754,28,0.992
A53169,Misr Branch 2,757,33,0.997
A53170,Ph/misr (2)521,762,36,0.653
A53171,PY/Misr Main Road,762,36,0.879
A53172,EL MISR-A,767,31,0.794
A53173,Ph/pharma plus br.2,720,31,0.813
A53174,PY/PHARMA PPLUS 04,720,31,0.729
A53175,El-PHARMAP LUS 011,725,36,0.74
A53176,PHARM PLUS Mall,725,36,0.773
A53177,el Pharma Plus 6th Zone,747,23,0.743
A53178,Ph/EL TOURATH REHAB VIEW998,712,25,0.974
A53179,el tourath rehab view Station St.,729,25,0.773
A53180,PH el tourath rehab view Mall,730,35,0.757
A53181,El Tourath Rehab View 6th Zone,730,35,0.662
A53182,El Sihfa El Main Road,732,29,0.875
A53183,PY/el shifa el 04,732,29,0.689
A53184,El-El Shifa El 011,735,27,0.884
A53185,el shifa el Station St.,735,27,0.744
A53186,PY/el shifa el Branch 1,736,26,0.678
A53187,PH el shifa el (2),745,34,0.642
A53188,EL El Shifa El,750,26,0.969
A53189,P/El Shifa El 04,750,26,0.852
A53190,PH El Shifa El Station St.,759,33,0.847
A53191,PH El Shifa El Branch 1,759,33,0.967
A53192,el el shifa el 011947,762,37,0.761
A53193,Ph/EL SHIFA EL Mall,762,37,0.746
A53194,EL El Shifa El 011,768,30,0.876
A53195,el shifa el-A,768,30,0.921
A53196,El-Ebn Sina El,709,26,0.842
A53197,el Ebn Sina El 011,709,26,0.962
A53198,PH EBN SINA EL Branch 2,718,34,0.683
A53199,el Ebn Sina El Station St.,718,34,0.726
A53200,PH ebn sina el Branch 1581,723,25,0.71
A53201,Ebn Sina El,723,25,0.657
A53202,PY/ebn sina el,729,26,0.871
A53203,el ebn sina el 011,733,30,0.669
A53204,ebn sina el 6th Zone,743,28,0.785
A53205,Ph/EBN SINA EL 6th Zone,743,28,0.642
A53206,ebn sina el 6th Zone,747,24,0.945
A53207,Enb Sina El,757,34,0.652
A53208,PY/EBN ISNA EL,757,34,0.743
A53209,BLUE WAVE EL Mall,710,31,0.643
A53210,BLUEW AVE EL-A429,710,31,0.966
A53211,el Blue Wave El Mall836,711,23,0.965
A53212,BLUE WAVE EL br.2,731,27,0.662
A53213,El-BLUE WAVE EL Branch 2,731,27,0.754
A53214,EL Blue Wave El,764,37,0.848
A53215,PY/Blue Wave El,768,31,0.969
A53216,EL Blue Wave El-A,768,31,0.705
A53217,EL El Zahraa l-A,701,29,0.658
A53218,EL ZZAHRAA EL-A982,701,29,0.979
A53219,Ph/El Zahraa El Mall,713,17,0.955
A53220,PH El Zahraa El Main Road,720,32,0.624
A53221,PH El Zahraa El,731,28,0.728
A53222,el EL ZAHRAA EL71,731,28,0.71
A53223,el zahraa el br.2,737,33,0.772
A53224,el El Zahraa El (2)681,757,35,0.643
A53225,El Zahraa El 011,757,35,0.673
A53226,EL Sunrise El Branch 2,703,24,0.875
A53227,PH SUNRISE EL,703,24,0.684
A53228,sunrise el Branch 1,723,26,0.626
A53229,PH Sunrise El br.2,726,37,0.877
A53230,SUNIRSE EL Branch 1,729,27,0.813
A53231,Sunrise El 011,730,36,0.895
A53232,EL SUNRISE EL Station St.,740,22,0.782
A53233,el SUNRISE EL,753,27,0.729
A53234,PY/Snrise El br.2447,753,27,0.945
A53235,Ell-Golden Care-A,705,36,0.815
A53236,EL Golden Care Branch 1,708,39,0.887
A53237,Golden Care Station St.,708,39,0.954
A53238,ELG olden Care (2)913,720,33,0.92
A53239,El-Golden Care,720,33,0.779
A53240,el golden care Main Road829,729,28,0.748
A53241,PH GOLDEN CARE-A320,736,27,0.626
A53242,Ph/Goden Care-A,740,23,0.639
A53243,PH Golden Care,741,33,0.662
A53244,golden care Branch 1595,741,33,0.716
A53245,EL Family Octt City (2),711,24,0.647
A53246,EL FAMILY OCT CITY Branch 1844,715,31,0.688
A53247,Ph/Family Oct City Branch 1,721,35,0.685
A53248,EL family oct city Mall486,733,31,0.828
A53249,family oct city 011,740,24,0.669
A53250,El-FAMILY OCT CITY,743,29,0.961
A53251,PY/Family Oct City 04293,750,27,0.965
A53252,Ph/Family Oct City 011,762,38,0.646
A53253,Ph/Hope El,700,33,0.948
A53254,ELL Hope El Branch 1,700,33,0.707
A53255,P HHope El Mall,703,25,0.908
A53256,EL hope el Main Road,717,42,0.954
A53257,Ph/hope el,717,42,0.777
A53258,EL Hope El Stattion St.,720,34,0.703
A53259,el hope el 011,723,27,0.662
A53260,Ph/Hope El,738,35,0.71
A53261,Ph/Hope El br.2580,746,38,0.815
A53262,Hope El,746,38,0.976
A53263,HOPE EL Branch 1,751,25,0.725
A53264,Health Gate El-A,723,28,0.866
A53265,Health Gate El,729,29,0.892
A53266,Health Gate El-A,729,29,0.85
A53267,health gate el,738,36,0.635
A53268,HEALTH GATE EL (2),738,36,0.952
A53269,Health Gate El,748,38,0.888
A53270,HEALTTH GATE EL417,748,38,0.879
A53271,PY/Silver Care Montaza Main Road,709,27,0.629
A53272,el Silver Care Montaza Branch 1,711,25,0.755
A53273,Silver Care Montaza,711,25,0.862
A53274,PY/Silver Care Montaza,717,43,0.828
A53275,SILVER CARE MONTAZA376,717,43,0.739
A53276,silver care montaza 04,718,35,0.653
A53277,Silvver Care Montaza Branch 2,740,25,0.722
A53278,Silver Care Montaza 011,747,25,0.734
A53279,EL SILVER CARE MONTAZA 011,747,25,0.904
A53280,Silver Care Montaza br.2,755,32,0.813
A53281,EL Silver Care Montaza 04,755,32,0.644
A53282,el Silver Care Monatza,762,39,0.961
A53283,Silver Care Montaza 011,762,39,0.637
A53284,SALAMTEK,730,37,0.942
A53285,SALAMTEK 011,740,26,0.823
A53286,EL Salamtek678,740,26,0.973
A53287,SALAMTEK br.2,741,34,0.745
A53288,Salamtek br.2,741,34,0.843
A53289,salamtek Branch 1,745,35,0.956
A53290,Salamtek 04,753,28,0.856
A53291,Better Life El Main Road,700,34,0.985
A53292,el better life el Branch 1,713,18,0.871
A53293,PY/Better Life El Main Road,734,29,0.802
A53294,Better Life El 6th Zone,741,35,0.968
A53295,PH better life el (2),748,39,0.965
A53296,Better Life El,751,26,0.622
A53297,PH better life el br.2,751,26,0.685
A53298,better life el-A,752,32,0.854
A53299,Ph/better life el,753,29,0.839
A53300,EL BETTER LIFE EL Main Road,753,29,0.904
A53301,EL lBue Wave Marg Branch 2540,724,31,0.744
A53302,blue wave marg,724,31,0.944
A53303,Ph/BLUE WAVE MARG (2),733,32,0.62
A53304,Blue Wave Marg (2),764,38,0.841
A53305,El-blu ewave marg Branch 2,764,38,0.749
A53306,ebn sina heliopolis br.2988,726,38,0.897
A53307,EL ebn sina heliopolis (2),754,29,0.728
A53308,EL Ebn Sina Heliopolis587,768,32,0.725
A53309,P MISR MARG 04,724,32,0.694
A53310,PH misr marg Branch 1,735,28,0.624
A53311,PY/Misr Marg Main Road643,735,28,0.785
A53312,Misr Marg,762,40,0.816
A53313,El-misr marg Mall,762,40,0.64
A53314,EL better life nozha,727,31,0.747
A53315,PY/BETTER LIFE NOZHA 011982,738,37,0.632
A53316,PH Better Life Nozha Main Road,738,37,0.815
A53317,Better Life Nozha 6th Zone,739,28,0.952
A53318,El-Better Life Nozha Mall,739,28,0.667
A53319,Better Life Nozha (2),745,36,0.876
A53320,Better Life Nozha,745,36,0.646
A53321,Phh/BETTER LIFE NOZHA,748,40,0.638
A53322,EL better life nozha Station St.,748,40,0.657
A53323,Better Life Nozha (2),750,28,0.892
A53324,EL Better Life Nozha Station St.,750,28,0.718
A53325,EL Better Life Nozha (2),752,33,0.658
A53326,el Better Lfie Nozha br.2,752,33,0.87
A53327,SEHA FIRST HELIOPOLIS br.2,702,26,0.631
A53328,el Seha First Heliopolis Branch 2,702,26,0.735
A53329,PY/seha first heliopolis 6th Zone462,705,37,0.662
A53330,el seha first heliopolis br.2,705,37,0.817
A53331,SEEHA FIRST HELIOPOLIS Station St.427,717,44,0.774
A53332,SEHA FIRST HELIOPOLIS Branch 2286,717,44,0.928
A53333,el Seha First Heliopolis 04139,721,36,0.951
A53334,Seha First Heliopolis 6th Zone,745,37,0.861
A53335,seha first heliopolis Branch 2,753,30,0.843
A53336,PH SEHA FIRST HELIOPOLIS Branch 1,753,30,0.834
A53337,Seha First Heliopolis,759,34,0.84
A53338,Ph/Seha First Heliopolis br.2,759,34,0.691
A53339,MISR 6th Zone,705,38,0.995
A53340,El-mis Branch 1,719,34,0.786
A53341,EL Misr 011,719,34,0.699
A53342,misr Branch 1,741,36,0.662
A53343,EL misr Branch 1,766,31,0.642
A53344,al amal Mall,703,26,0.841
A53345,EL al amal,703,26,0.687
A53346,PH Al Amal 6th Zone,710,32,0.755
A53347,PH Al mAal Mall,718,36,0.643
A53348,Al Amal 04835,718,36,0.887
A53349,al amal shubra-A380,700,35,0.689
A53350,al amal shubra-A479,700,35,0.91
A53351,PY/al amall shubra,705,39,0.92
A53352,PH al amal shubra 04,707,41,0.977
A53353,al ama shubra (2),707,41,0.951
A53354,el al amal shubar br.2,713,19,0.878
A53355,al amal shubra,733,33,0.698
A53356,PH AL AMAL SHUBRA Branch 2,743,30,0.894
A53357,Ph/AL AMAL SHUBRA (2),744,37,0.827
A53358,Ph/EL TOURATH HELIOPOLIS Branch 1884,714,33,0.916
A53359,E Tourath Heliopolis br.2,715,32,0.957
A53360,El Tourath Helioplis Mall,715,32,0.723
A53361,EL EL TOURATH HELIOPOLIS-A,726,39,0.656
A53362,EL TOURATH HELIOPOLIS 6th Zone,726,39,0.735
A53363,el El Tourath Heliopolis Branch 1,739,29,0.869
A53364,El Tourath Heliopolis Branch 1,739,29,0.65
A53365,El-EL TOURATH HELIOPOLIS-A305,741,37,0.915
A53366,PY/EL TOURATH HELIOPOLIS (2),741,37,0.768
A53367,el EL TOURATH HELIOPOLIS361,752,34,0.972
A53368,el El Tourath Heliopolis97,752,34,0.834
A53369,el tourrath heliopolis,763,33,0.709
A53370,PY/el tourath heliopollis Station St.,763,33,0.656
A53371,PY/ebn sina 011,703,27,0.885
A53372,Ebn Sina Mall,703,27,0.658
A53373,El-Ebn Sina Station St.,714,34,0.695
A53374,el EBN SINA 011588,725,37,0.83
A53375,EL ebn sina Branch 1,733,34,0.699
A53376,EL ebn sina Branch 1,733,34,0.672
A53377,PY/ebn sinna (2)541,741,38,0.858
A53378,El-Ebn Sina 011,747,26,0.81
A53379,PH EBN SINA 011,750,29,0.635
A53380,PY/EBN SINA 04,755,33,0.787
A53381,Ebn Sina Branch 2,755,33,0.69
A53382,el el shifa heliopolis-A,732,30,0.722
A53383,PH EL SHIFA HELIOPOLIS Main Road,734,30,0.983
A53384,EL el shifa heliopolis,734,30,0.804
A53385,El-EL HSIFA HELIOPOLIS,765,21,0.791
A53386,El Shifa Heliopolis-A925,765,21,0.909
A53387,PY/mtero 011,719,35,0.807
A53388,metro 04762,723,29,0.954
A53389,EL Metro Mall,726,40,0.62
A53390,Ph/Metro,742,29,0.698
A53391,El-metro br.2,750,30,0.877
A53392,Metro Branch 1603,757,36,0.812
A53393,El-Metro Branch 1,768,33,0.828
A53394,PH metro 011,768,33,0.937
A53395,el baraka agami 04,714,35,0.861
A53396,El-El Baraka Agami Station St.72,739,30,0.867
A53397,El Baraka Agami 011,739,30,0.71
A53398,Ph/el baraka agami,748,41,0.984
A53399,El Baraka Agami Main Road,748,41,0.871
A53400,el El Baraka Agami 011,759,35,0.947
A53401,Ph/metro,707,42,0.822
A53402,PY/Metro Branch 1,707,42,0.646
A53403,El-Metro 6th Zone,710,33,0.647
A53404,metro Station St.,710,33,0.789
A53405,El-MetroMall,762,41,0.628
A53406,Metro br.2,762,41,0.974
A53407,PH Metro Mall,768,34,0.909
A53408,Metro Branch 1,768,34,0.765
A53409,PH NILE CARE SQUARE,701,30,0.624
A53410,EL nile care square,706,24,0.872
A53411,NILE CARE SQUARE 04,709,28,0.965
A53412,nile care suqare 011,719,36,0.736
A53413,el Nile Care Square,728,29,0.64
A53414,NILE CARE SQUARE 6th Zone444,728,29,0.645
A53415,PH NILE CARE SQUARE Main Road,762,42,0.898
A53416,Ph/NILE CARE SQUARE Branch 2298,764,39,0.846
A53417,EL NILE CARE SQQUARE Branch 2,764,39,0.821
A53418,Nile Care Suqare,768,35,0.882
A53419,NILE CARE SQUARE 6ht Zone33,768,35,0.748
A53420,el SALAAMTEK (2),707,43,0.841
A53421,PY/Salamtek 011,718,37,0.726
A53422,El-salamtek27,736,28,0.718
A53423,El-Salammtek Branch 167,736,28,0.751
A53424,PH Salamtek (2),742,30,0.958
A53425,El-salamtek Branch 1,755,34,0.891
A53426,PY/Salamtek 011,755,34,0.853
A53427,PH Elite Heliopolis-A359,714,36,0.665
A53428,Elite Heliopolis Branch 1,725,38,0.89
A53429,El-Elite Heliopolis (2),726,41,0.974
A53430,EL elite heliopolis Station St.910,754,30,0.771
A53431,PH Elite Heliopolis 04,756,32,0.972
A53432,PH ELITE HELIOPOLIS Branch 2931,756,32,0.979
A53433,Ph/El Shifa Heliopolis,711,26,0.999
A53434,EL el shifa heliopolis,711,26,0.802
A53435,EL el shifa heliopolis 6th Zone,740,27,0.908
A53436,PY/EL SHIFA HELIOPOLIS Main Road,757,37,0.963
A53437,El Nasr Heliopolis Station St.,720,35,0.621
A53438,El Nasr Heliopolis (2),720,35,0.675
A53439,EL el nasr heliopolis Mall,723,30,0.855
A53440,PH EL NASR HELIOPOLIS,723,30,0.764
A53441,PY/El Nasr Heliopolis Station St.349,757,38,0.78
A53442,El Nasr Heliopolis Branch 1,757,38,0.913
A53443,EL El Nasr Heliiopolis Station St.,762,43,0.817
A53444,EL El Nasr Helliopolis 04,762,43,0.826
A53445,El Nasr Heliopolis Branch 1,765,22,0.849
A53446,El-El Nasr Helioplois (2),765,22,0.94
A53447,el el nasr heliopolis,770,36,0.874
A53448,El-MIRA Branch 1,701,31,0.848
A53449,PH MIRA Branch 2,725,39,0.884
A53450,PH MIRA 04243,725,39,0.958
A53451,Mira,746,39,0.621
A53452,el mira Brnch 1,758,30,0.754
A53453,MIRA,759,36,0.994
A53454,Mira-A602,759,36,0.895
A53455,PH Mira (2)157,760,29,0.988
A53456,Green Leaf Dokki581,710,34,0.977
A53457,PH green leaf dokki Branch 2404,710,34,0.786
A53458,Ph/Green Leaf Dokki,726,42,0.882
A53459,el Green Leaf Dokki br.2,730,38,0.771
A53460,Ph/GREEN LEAF DOKKI,759,37,0.703
A53461,green leaf dokki Main Road451,759,37,0.893
A53462,el GREEN LEAF DOKKI Mall859,760,30,0.848
A53463,El-green leaf dokki 011,760,30,0.825
A53464,green leaf dokki-A,766,32,0.971
A53465,PY/Life Line Nozh a04,724,33,0.937
A53466,EL life line nozha,724,33,0.959
A53467,PY/Life Line Nozha Branch 1,727,32,0.808
A53468,life line nozha Mall979,727,32,0.858
A53469,Life Line Nozha,755,35,0.704
A53470,El-Life Line Nozha (2)445,755,35,0.894
A53471,Ph/Life Line Nozha 011513,763,34,0.829
A53472,El Hokama Montaza,711,27,0.887
A53473,PH el hokama montaza 04,711,27,0.649
A53474,EL EL HOKAMA MONTAZA 6th Zone545,723,31,0.755
A53475,PY/EL HOKAMA MONTAZA br.2,724,34,0.718
A53476,PH EL HOKAMA MONTAZA Branch 2,744,38,0.992
A53477,El Hokama Montaza-A,744,38,0.995
A53478,PH el hokama montaza,752,35,0.852
A53479,el hokama montaza Branch 2,752,35,0.699
A53480,el EL HOKAMA MONTAZA 04,758,31,0.949
A53481,El-El Hokama Montaza Brranch 2,758,31,0.667
A53482,El-El Hokama Montaza br.2,760,31,0.761
A53483,Ph/EL HOKAMA MONTAZA (2),760,31,0.846
A53484,EL El Hokama Montaza 011,765,23,0.83
A53485,el El Hokama Montaza br.2,765,23,0.897
A53486,El-BLUE WAVEFAISAL,701,32,0.698
A53487,Blue Wave Faisal-A,712,26,0.809
A53488,PY/blue wave faisa lBranch 1,735,29,0.806
A53489,BLUE WAVE AISAL,738,38,0.971
A53490,PH blue wave faisal Branch 2,739,31,0.653
A53491,PY/Blue Wave Faisal,739,31,0.686
A53492,Blue Wave Faisal-A71,750,31,0.682
A53493,Blue Wve Faisal,750,31,0.621
A53494,Ph/BLUE WAVE FAISAL Branch 2,751,27,0.999
A53495,EL blue wave faisal 04,765,24,0.924
A53496,PH BLU WAVE FAISAL,765,24,0.975
A53497,star care haram (2),713,20,0.935
A53498,Star Care Haram br.2,713,20,0.925
A53499,PH STAR CARE HARAM,721,37,0.996
A53500,star care haram 6th Zone,721,37,0.704
A53501,EL Star Care Haram Mall,742,31,0.811
A53502,Star Care Haram,742,31,0.853
A53503,STAR CARE HARAM br.2,743,31,0.858
A53504,Star Care Haram 011,748,42,0.798
A53505,PY/star care haram Branch 1,748,42,0.747
A53506,ELL Angel Faisal br.2433,702,27,0.842
A53507,EL ANGEL FAISAL (2),715,33,0.68
A53508,Angel Faisal Branch 1,723,32,0.623
A53509,Angel Faisal Mall,723,32,0.989
A53510,El-Angel Faisal Main Road,725,40,0.72
A53511,Ph/Angel Faisal Station St.,729,30,0.954
A53512,angel faisal,729,30,0.665
A53513,PY/Angel aFisal 04,741,39,0.806
A53514,PH Angel Faisal Mall,741,39,0.904
A53515,angel faisal Mall,744,39,0.678
A53516,el angel faisal,769,32,0.996
A53517,PH Angel 04,748,43,0.781
A53518,PH Angel (2),758,32,0.762
A53519,Ph/ANGEL Station St.,764,40,0.86
A53520,angel 011,764,40,0.916
A53521,Ph/Alpha Pharma Helipolis Mall448,712,27,0.827
A53522,Alpha Pharma Heliopolis br.2,732,31,0.869
A53523,PY/Alph Pharma Heliopolis br.2,732,31,0.994
A53524,PH Alpha Pharma Heliopolis,736,29,0.65
A53525,Alpha Pharma Heliopolis,736,29,0.766
A53526,el Alpha Pharma Heliopolis,739,32,0.689
A53527,alpha pharma heliopolis 6th Zone,739,32,0.661
A53528,Alpha Pharma Heliopolis 6th Zone,742,32,0.786
A53529,el Alpha Pharma Heliopolis Station St.,742,32,0.719
A53530,El-alpha pharma helioplis br.2,748,44,0.926
A53531,Ph/Alpha Pharma Heliopolis (2),748,44,0.771
A53532,El-CARE 24 SEVEN (2),705,40,0.782
A53533,el care 24 seven Main Road,705,40,0.957
A53534,El-Care 24 Seven,720,36,0.654
A53535,PY/Care 24 Seven Branch 1897,723,33,0.877
A53536,Care 24 Seven 011,729,31,0.938
A53537,care 24 seven Mall,729,31,0.919
A53538,Care 24 Seven,739,33,0.767
A53539,Care 24 Seven (2),741,40,0.696
A53540,el Care 24 even,741,40,0.694
A53541,Ph/Care 24 Seven,770,37,0.718
A53542,care 24 seven,770,37,0.823
A53543,EL ANGEL MARG 011,712,28,0.907
A53544,PY/Angel Marg-A857,712,28,0.641
A53545,PhA/ngel Marg,723,34,0.718
A53546,angel marg 04,732,32,0.681
A53547,ANGEL MARG br.2153,732,32,0.817
A53548,el ANGEL MARG Branch 1,734,31,0.661
A53549,El-angel marg,745,38,0.871
A53550,ANGEL MARG 6th Zone,755,36,0.832
A53551,el angel marg 6th Zone613,762,44,0.866
A53552,angel arg Mall492,765,25,0.866
A53553,el shifa (2),712,29,0.98
A53554,EL el shifa 0011,712,29,0.833
A53555,el ELS HIFA,722,42,0.986
A53556,el el shifa Station St.,751,28,0.956
A53557,EL el shifa 6th Zone,751,28,0.791
A53558,Ph/Ebn Sina 011,708,40,0.746
A53559,Ph/EBN SINA 04,732,33,0.848
A53560,ebn sina,732,33,0.7
A53561,PH ebn sina 04,735,30,0.651
A53562,Ebn Sina Mall,735,30,0.971
A53563,PH Ebn Sina-A854,748,45,0.667
A53564,el Golden Care Nozha Branch 1,718,38,0.684
A53565,el golden care nozha Branch 2,730,39,0.772
A53566,Golden Care Nozha Branch 1,730,39,0.681
A53567,golden care nozha-A408,736,30,0.728
A53568,Ph/GOLDEN CARE NOZHA br.245,762,45,0.678
A53569,PY/Golden Care Nozha286,762,45,0.818
A53570,el El Hokama Heliopolis 011,715,34,0.648
A53571,PY/EL HOKAMA HELIOPOLIS 011,716,32,0.853
A53572,PY/el hokamaa heliopolis Main Road,716,32,0.899
A53573,PY/el hokama heliopolis Station St.,739,34,0.869
A53574,el El Hokama Heliopolis Station St.,739,34,0.799
A53575,El Hokama Heliopolis-A,751,29,0.709
A53576,EL El Hokama Heilopolis Main Road,760,32,0.885
A53577,Omega 6th Zone,715,35,0.729
A53578,Ph/Omega,725,41,0.689
A53579,EL Omega (2),746,40,0.673
A53580,PY/omega-A,746,40,0.683
A53581,el Ommega 011214,747,27,0.628
A53582,Ph/Beetter Life,708,41,0.845
A53583,PY/better life 04,708,41,0.815
A53584,El-better life Mall,713,21,0.625
A53585,Better iLfe 04932,713,21,0.717
A53586,PY/Better Life Mall734,728,30,0.751
A53587,PY/Better Life,728,30,0.694
A53588,Ph/BETTER LIFE Main Road,756,33,0.782
A53589,Ph/better life 6th Zone917,756,33,0.986
A53590,better life 011,758,33,0.939
A53591,Ph/Better Life-A,758,33,0.914
A53592,EL better life Branch 2,764,41,0.824
A53593,better life 6h Zone,768,36,0.694
A53594,PY/Better Life Station St.,768,36,0.701
A53595,PY/Green Leaf Heliopolis 04,737,34,0.759
A53596,green leaf heliopolis223,765,26,0.697
A53597,PH Green Leaf Heliopolis,765,26,0.731
A53598,EL Green Leaf Heliopolis Main Road,767,32,0.772
A53599,green leaf heliopolis,767,32,0.898
A53600,Care 24 Seven Branch 1,700,36,0.912
A53601,PH CARE 24 SEVEN Branch 2,704,35,0.777
A53602,Care 24 Seven 011,704,35,0.646
A53603,Care 24 Seven 04,709,29,0.963
A53604,EL CAE 24 SEVEN Branch 1,709,29,0.734
A53605,Care 24 Seven th Zone422,710,35,0.715
A53606,Care 24 Seven Mall215,710,35,0.922
A53607,El-Care 24 Seven br.2,718,39,0.651
A53608,PH Care 24 Seven,730,40,0.65
A53609,PH care 24 seven-A,730,40,0.676
A53610,Care 24 Seven 6th Znoe,763,35,0.928
A53611,Ph/care 24 seven (2),763,35,0.654
A53612,EL BARAKA Main Road291,721,38,0.743
A53613,PY/el baraka Branch 1,731,29,0.745
A53614,El Baraka br.2,734,32,0.989
A53615,El-El Baraka,734,32,0.861
A53616,el el baraka Branch 1666,736,31,0.91
A53617,EL BARAKA br.2,736,31,0.667
A53618,el el baraka Branch 1,745,39,0.729
A53619,el baraka Mall,748,46,0.977
A53620,Phh/El Baraka69,748,46,0.738
A53621,Ph/EL BARAKA127,752,36,0.936
A53622,EL Star Care Faisal,701,33,0.798
A53623,PH STAR CARE FAISAL-A,735,31,0.79
A53624,Ph/Star Care Faisal Branch 2,735,31,0.78
A53625,PY/Star Care Faisal Station St.,741,41,0.717
A53626,el Star Care Faisal (2)753,757,39,0.694
A53627,Ph/STAR CARE FAISAL (2),757,39,0.982
A53628,PY/star care faisal-A,758,34,0.67
A53629,Star Care Faisal,758,34,0.741
A53630,Star Care Faisal Branch 2,761,29,0.659
A53631,star care fasal Mall,761,29,0.7
A53632,STAR CARE FAISSAL Mall,763,36,0.926
A53633,el star care faisal Branch 2,763,36,0.967
A53634,Ph/star care faisal Station St.,767,33,0.896
A53635,El-AL NOZHA 04,700,37,0.684
A53636,Al Nozha 04784,700,37,0.745
A53637,el Al Nozha Branch 2,705,41,0.686
A53638,el AL NOZHA-A,705,41,0.675
A53639,AL NOZHA,713,22,0.773
A53640,AL NOZHA 011,721,39,0.814
A53641,Al Nozha,721,39,0.672
A53642,Al Nzoha668,750,32,0.782
A53643,El-Al Nozha Station St.,750,32,0.631
A53644,EL Al Nozha,756,34,0.824
A53645,EL Silver Care 011,712,30,0.656
A53646,Silver Care 6th Zone,712,30,0.821
A53647,PH Silver Care,715,36,0.833
A53648,EL SILVER CARE Main Road,715,36,0.652
A53649,El-Silver Care br.2,721,40,0.774
A53650,el silver care 04855,738,39,0.818
A53651,PY/SILVER CARE-A,742,33,0.942
A53652,El-Silver Care 6th Znoe,742,33,0.802
A53653,EL Silver Care,754,31,0.902
A53654,silver care-A,754,31,0.919
A53655,El Tourath Oct City-A,704,36,0.751
A53656,Ph/El Tourath Oct City Station St.,717,45,0.789
A53657,EL TOURATH OCT CITY-A,717,45,0.964
A53658,El Tourath Oct Cty,736,32,0.693
A53659,el EL TOURATH OCT CITY,739,35,0.936
A53660,el EL TOURATH OCT CITY749,739,35,0.838
A53661,El-EL TOURATH OCT ICTY,759,38,0.868
A53662,el EL TOURATH OCT CITY 6th Znoe,760,33,0.695
A53663,el EL TOURATH OCT CITY,760,33,0.904
A53664,PH El Tourath Oct City,768,37,0.638
A53665,CITY CARE HELIOPOLIS Station St.894,707,44,0.859
A53666,PY/City Care Heliopolis br.2556,707,44,0.898
A53667,el City Care Heliopolis Station St.,714,37,0.852
A53668,city care heliopolis Branch 1,714,37,0.627
A53669,city care heliopolis Branch 2,735,32,0.694
A53670,EL City Care Heliopolis,752,37,0.833
A53671,city cae heliopolis,755,37,0.919
A53672,CITY CARE HELIOPOLIS 6th Zone,755,37,0.963
A53673,CITY CARE HELIOPOLIS br.2,767,34,0.835
A53674,PH City Care Heliopolis (2),767,34,0.636
A53675,salamtek Main Road,703,28,0.808
A53676,salamtek (2)765,703,28,0.791
A53677,EL salamtek Main Rooad,712,31,0.845
A53678,PH salamtek 011,712,31,0.941
A53679,Salamtek br.2889,722,43,0.672
A53680,Salamtek Station St.,722,43,0.921
A53681,Ph/salamtek,723,35,0.696
A53682,PH Salamtek Mall,723,35,0.731
A53683,SALAMTEK 011311,749,18,0.808
A53684,el Salamtek 011,749,18,0.975
A53685,Salamtek,754,32,0.875
A53686,El-Salamtek-A,755,38,0.764
A53687,PH Salamtek (2),755,38,0.742
A53688,Ph/BLUE WAVE Branch 2,711,28,0.766
A53689,PH Blue Wave,711,28,0.805
A53690,Blue WWave br.2,715,37,0.882
A53691,el Blue Wave (2),715,37,0.982
A53692,EL Blue Wave Station St.,716,33,0.806
A53693,Ph/Blue Wave (2),716,33,0.733
A53694,Blue Wve (2),743,32,0.954
A53695,PH BLUE WAVE Mall,767,35,0.784
A53696,Blue Wave Agami 6th Zone,700,38,0.677
A53697,PH Blue Wave Agami 04,700,38,0.75
A53698,blue wave agami 04,729,32,0.889
A53699,PY/BLUE WAVE AGAMI,729,32,0.917
A53700,BLUE WAVE AGAMI Branch 2,732,34,0.984
A53701,El-blue wave agami (2),737,35,0.634
A53702,PY/Blue Wave Agami-A785,753,31,0.948
A53703,blue wave agami,753,31,0.651
A53704,blue wave agami,755,39,0.846
A53705,EL Blue Wave Agami Branch 2,755,39,0.63
A53706,PY/BLUE WAVE AGAMI Branch 1,760,34,0.734
A53707,El-Blue Wave Agami Mall,760,34,0.723
A53708,el blue wave agami Mall,763,37,0.76
A53709,el BLUE WAVE AGAMI,763,37,0.628
A53710,el Family,717,46,0.936
A53711,PY/Family Branch 1,717,46,0.642
A53712,Ph/Family Main Road,720,37,0.994
A53713,Ph/FAMILY Station St.106,720,37,0.92
A53714,PY/Family-A,724,35,0.917
A53715,PY/nile care heliopolis Branch 1494,715,38,0.738
A53716,PH NILE CARE HELIOPOLIS Branch 1,718,40,0.946
A53717,Nile Care Heliopolis aMin Road,718,40,0.813
A53718,Ph/Nile Care Heliopolis br.2,730,41,0.832
A53719,Nile CareHeliopolis-A,730,41,0.863
A53720,Nle Care Heliopolis (2),750,33,0.622
A53721,El-Nil eCare Heliopolis 6th Zone,756,35,0.657
A53722,Ph/nile care heliopolis,756,35,0.906
A53723,EL NILE CARE HELIOPOLIS 6th Zone,770,38,0.95
A53724,el Nile Care Heliopolis 011433,770,38,0.803
A53725,El Zahraa Faisal 6th Zone,700,39,0.837
A53726,El-El Zahraa Faisal-A,703,29,0.761
A53727,Ph/El Zahraa Faisal 04933,712,32,0.874
A53728,PY/el zahraa faisal,717,47,0.837
A53729,EL El Zahraa Faiasl,717,47,0.814
A53730,E el zahraa faisal br.2,733,35,0.768
A53731,EL ZAHRAA FAISAL 04480,733,35,0.96
A53732,EL ZAHRAA FAISAL-A,744,40,0.732
A53733,El Zahraa Faisal Mall498,746,41,0.683
A53734,PH el zahraa faisal 04930,761,30,0.71
A53735,golden care Branch 2,714,38,0.827
A53736,PY/golden care Branch 2,714,38,0.664
A53737,Ph/golden care (2),716,34,0.631
A53738,el Golden Care304,729,33,0.94
A53739,PY/Golden Care-A,768,38,0.85
A53740,El-Golden Care 011,768,38,0.753
A53741,El-El Nasr 04,700,40,0.752
A53742,PY/El Nasr 6th Zone,724,36,0.951
A53743,el nasr 6th Zone114,724,36,0.858
A53744,EL NASR,742,34,0.642
A53745,EL NASR Branch 1,742,34,0.669
A53746,PH El Nasr524,761,31,0.871
A53747,el El Nasr Main Road,761,31,0.635
A53748,PY/El Nasr-A,733,36,0.808
A53749,El Nasr 6th Zone,733,36,0.978
A53750,EL NASR,747,28,0.975
A53751,el nasr br.2,747,28,0.983
A53752,Ph/El Nasr br.2,752,38,0.855
A53753,PY/El Nasr Statoin St.,752,38,0.653
A53754,PY/El Nasr,760,35,0.948
A53755,Ph/el nasr (2),760,35,0.804
A53756,PH El Nasr br.2,768,39,0.833
A53757,El-EL NASR Station St.,768,39,0.795
A53758,EL mirra obour,706,25,0.632
A53759,Mira Obour Station St.,708,42,0.694
A53760,el MIRA OBOUR Branch 2,708,42,0.827
A53761,El-Mira Obour Main Road,716,35,0.91
A53762,Mira Obour Station St.,722,44,0.696
A53763,EL Mira Obour br.2,722,44,0.657
A53764,Ph/MIRA OBOUR Main Road,723,36,0.909
A53765,el mira obour Mall,764,42,0.771
A53766,PY/Mira Obour Main Road,764,42,0.729
A53767,EL Mira Obour Mall,770,39,0.731
A53768,Ph/Mira Obour,770,39,0.923
A53769,MISR HARA-A736,702,28,0.73
A53770,misr haram,719,37,0.854
A53771,el Misr Haram,744,41,0.775
A53772,PH misr haram-A,747,29,0.662
A53773,EL mmisr haram 6th Zone,753,32,0.729
A53774,MISR HARAAM Branch 2,753,32,0.728
A53775,EL misr haram Main Road594,758,35,0.819
A53776,El-Misr Haram,758,35,0.92
A53777,EL misr haram Station St.,759,39,0.894
A53778,Misr Haram,759,39,0.905
A53779,STAR ARE,711,29,0.72
A53780,Star Care StationS t.,713,23,0.811
A53781,PY/Star Care (2),713,23,0.634
A53782,PH STAR CARE Branh 1,717,48,0.92
A53783,Ph/STAR CARE Branch 2,717,48,0.768
A53784,e star care,730,42,0.836
A53785,El-Staar Care,743,33,0.644
A53786,STAR CARE 011,756,36,0.955
A53787,Star Care br.2514,762,46,0.929
A53788,STAR CARE (2)232,765,27,0.821
A53789,El-star care 011,765,27,0.651
A53790,el Mira Square 011,710,36,0.851
A53791,mirasquare Branch 1,711,30,0.85
A53792,Ph/Mira Square 6th Zone,711,30,0.89
A53793,PH MIRA SQURAE 04,728,31,0.681
A53794,el Mira Square Branch 1,737,36,0.847
A53795,PY/mira square-A,741,42,0.989
A53796,Mira Square,741,42,0.714
A53797,PH Mira Square Main Road,749,19,0.869
A53798,PH mira square br.2,758,36,0.957
A53799,elm ira square,758,36,0.96
A53800,Mira Main Road269,704,37,0.707
A53801,Mira Station St.,704,37,0.962
A53802,MIRA 6th Zone,737,37,0.678
A53803,PY/Mira 04,766,33,0.935
A53804,el Blue Wave 6th Zone,726,43,0.905
A53805,Blue aWve-A,741,43,0.836
A53806,PY/Blue Wave,766,34,0.665
A53807,Misr-A,739,36,0.947
A53808,Mis 04,739,36,0.897
A53809,PH MISR 04,740,28,0.725
A53810,PH MISR Mall131,740,28,0.793
A53811,Misr,754,33,0.73
A53812,PH MISR 6th Zone,754,33,0.787
A53813,El-Misr-A,769,33,0.694
A53814,LIFE LINE MAADI Branch 2,711,31,0.939
A53815,PY/Life Line Maadi br.2,718,41,0.944
A53816,el lif line maadi br.2,725,42,0.748
A53817,PY/LIFE LINE MAADI br.2,725,42,0.946
A53818,PH Life Line Maadi br.2,727,33,0.966
A53819,PH life line maadi Main Road,727,33,0.68
A53820,El-life line maadi br.2,739,37,0.891
A53821,PY/Life Line MMaadi 6th Zone,739,37,0.634
A53822,PH Lif Line Maadi 011,742,35,0.733
A53823,Ph/LIFE LINE MAADI Station St.842,742,35,0.668
A53824,LIFE LINE MAADI Branch 2,758,37,0.933
A53825,Life Line Maadi Station St.,758,37,0.851
A53826,UNIO NPHARM HARAM Branch 2,728,32,0.748
A53827,El-Union Pharm Haram,728,32,0.669
A53828,PH union pharm haram931,732,35,0.8
A53829,PY/UNION PHARM HARAM 6th Zone,732,35,0.734
A53830,ELL union pharm haram br.2,736,33,0.78
A53831,El-Union Pharm Haram Mall,737,38,0.852
A53832,Ph/Union Pharm Haram Main Road,737,38,0.636
A53833,union pharm haram Branch 1,760,36,0.757
A53834,El-Union Pharm Haram,760,36,0.978
A53835,Union Pharm Haram6th Zone,764,43,0.677
A53836,PH Uinon Pharm Haram br.2,764,43,0.762
A53837,el Sunrise Heliopolis 011476,722,45,0.94
A53838,Sunrise Heliopolis Branch 2,725,43,0.826
A53839,sunrise heliopolis 04,729,34,0.714
A53840,PY/sunrise heliopolis Branch 1,748,47,0.903
A53841,PY/sunrise helioolis Station St.,748,47,0.745
A53842,PH Sunrise Heliopolis 04,756,37,0.686
A53843,Ph/SUNRISE HELIOPOLIS,756,37,0.846
A53844,el AL AMAL MAADI 011,712,33,0.654
A53845,al amal maadi (2),712,33,0.792
A53846,EL Al Amal Maadi,726,44,0.68
A53847,Ph/Al Amal Maadi 6th Zone,731,30,0.667
A53848,PH Al Amal Maadi Branch 2,731,30,0.729
A53849,Phal amal maadi Station St.,738,40,0.683
A53850,Al Amal Madi Branch 1,738,40,0.951
A53851,el Al Amal Maadi Branch 2,739,38,0.742
A53852,PY/Al Amal Maaadi,750,34,0.661
A53853,PH AL AMAL MAADI,750,34,0.856
A53854,EL al amal maadi,766,35,0.771
A53855,El-Al Amal Maadi (2),766,35,0.897
A53856,Ph/Pharma Plus Station St.,702,29,0.81
A53857,el pharma plus Mall,704,38,0.973
A53858,EL pharma plus 04,721,41,0.758
A53859,PY/Star Care Heliopolis Main Road,701,34,0.661
A53860,STAR CAR EHELIOPOLIS-A,701,34,0.985
A53861,Ph/Star Care Heliopolis Branch 1,708,43,0.835
A53862,PY/STAR CARE HELIOPOLIS 011,711,32,0.782
A53863,PY/Star Care Heliopolis Mall,733,37,0.966
A53864,EL Star CareHeliopolis,741,44,0.8
A53865,El Hokama Branch 2,717,49,0.924
A53866,PH el hokama,725,44,0.897
A53867,PH el hokamaa Branch 1,725,44,0.647
A53868,PY/El Hokama 6th Zone,729,35,0.807
A53869,PY/El Hokama Station St.,729,35,0.786
A53870,El-El Hokama,759,40,0.801
A53871,EL El Hokama Main Road,759,40,0.67
A53872,El okama,762,47,0.664
A53873,El Hokama Main Road,762,47,0.745
A53874,el hokama-A,763,38,0.744
A53875,PH Family Nozha,704,39,0.704
A53876,Family Nozha-A,704,39,0.917
A53877,EL family nozha br.2,710,37,0.931
A53878,Family Nozha,715,39,0.635
A53879,FAMILY NOZHA-A,725,45,0.75
A53880,el Family Nozha 011,725,45,0.732
A53881,PY/Family Nozha Main Road,742,36,0.63
A53882,FAMILY NOZHA br.2,755,40,0.79
A53883,El-family nozha Mall700,755,40,0.884
A53884,Family Nozha (2)517,769,34,0.84
A53885,PH Famiily Nozha-A,769,34,0.797
A53886,PH Pharma Plus Heliopolis Station St.,708,44,0.757
A53887,PY/Pharma Plus Heliopolis,738,41,0.665
A53888,El-pharma plus heliopolis,738,41,0.907
A53889,Ph/PHARMA PLUS HELIOPOLIS (2)367,762,48,0.75
A53890,el pharma plsu heliopolis,762,48,0.936
A53891,el pharma plus heliopolis Brnch 2,765,28,0.715
A53892,Pharma Plus Heliopolis677,766,36,0.648
A53893,Mira Main RRoad,715,40,0.995
A53894,PH Mira,736,34,0.836
A53895,Ph/MMira (2),751,30,0.671
A53896,el Mira-A,751,30,0.813
A53897,Angel Montaza 011,737,39,0.984
A53898,EL Angel Montaza br.2,742,37,0.952
A53899,Angel Montaza,742,37,0.663
A53900,el Angel Montaza Mall,769,35,0.866
A53901,EL Angel Dokki Branch 1,709,30,0.762
A53902,EL Angel Dokki 6th Zone,717,50,0.928
A53903,EL Angel Dkki-A,735,33,0.644
A53904,EL angel dokki (2),744,42,0.978
A53905,Angel Dokki,744,42,0.935
A53906,PY/Angel Dokki Main Road,769,36,0.919
A53907,Ph/angel dokki Branch 1,769,36,0.87
A53908,Dr Medhat Heliopolis Branch 2,722,46,0.788
A53909,PH dr medhat heliopolis 6th Zone,725,46,0.871
A53910,Ph/dr medhat heliopolis 04,739,39,0.642
A53911,El-Dr Medhat Heliopolis-A,739,39,0.768
A53912,PY/dr medhat heiopolis br.2,768,40,0.747
A53913,dr medhat heliopolis 011,768,40,0.809
A53914,PY/MIRA HELIOOPLIS,719,38,0.802
A53915,el Mira Heliopolis (2),719,38,0.689
A53916,Ph/MIRA HELIOPOLIS (2)858,729,36,0.642
A53917,EL mira heliopolis br.2,729,36,0.63
A53918,Mira Heliopolis,762,49,0.878
A53919,el ELITE IMBABA,707,45,0.663
A53920,Ph/Elite Imbaba 6th Zone,743,34,0.794
A53921,ELITE IMBABA,743,34,0.858
A53922,ELITE IMBABA 011898,764,44,0.859
A53923,elite imbaba,770,40,0.742
A53924,el Elite Imbaba Branch 1,770,40,0.802
A53925,El-Green Leaf-A,721,42,0.819
A53926,el Green Leaf,722,47,0.982
A53927,el GREEN LEAF Main Road,722,47,0.88
A53928,EL Green Leaf Main Road408,726,45,0.655
A53929,PY/green leaf (2)630,726,45,0.953
A53930,EL Green Leaf BBranch 1,749,20,0.978
A53931,PY/Green Leaf Station St.,758,38,0.83
A53932,EL Green Leaf Mall,760,37,0.628
A53933,GREEN LEAF-A,765,29,0.936
A53934,PY/alpha parma heliopolis,707,46,0.932
A53935,El-Alpha Pharma Heliopolis Branch 1,710,38,0.78
A53936,Alpha Pharma Heliopolis 6th Zone,713,24,0.887
A53937,PY/Alpha Pharma Heliopolis,716,36,0.759
A53938,PH ALPHA PHARMA HELIOPOLIS-A,723,37,0.71
A53939,ALPHA PHARMA HELIOPOLIS,723,37,0.996
A53940,El-Alpha Pharma Heliopolis,726,46,0.792
A53941,Ph/alpha pharma heliopolis,726,46,0.734
A53942,Alpha Pharma Heliopolis,740,29,0.84
A53943,Ph/ALPHA PHARMA HELIOPOLIS br.2,770,41,0.972
A53944,HOPE HELIOPOLIS Mall521,712,34,0.671
A53945,Ph/Hope Helioplis 011,712,34,0.887
A53946,PY/Hope Heliopolis Mall647,727,34,0.688
A53947,hope heliopolis Branch 1,737,40,0.918
A53948,PY/HOPE HELIOPOLIS br.2,737,40,0.939
A53949,HOPE HELIOPOLIS786,744,43,0.72
A53950,el HOPE HELIOPOLIS 6th Zone926,769,37,0.956
A53951,Hope Heliopolis,769,37,0.788
A53952,Health Gte-A,710,39,0.864
A53953,El-health gate (2),716,37,0.703
A53954,Health Gate Mainn Road,716,37,0.667
A53955,HEALTH GATE Branch 2,751,31,0.679
A53956,el HEALTH GATE Station St.,751,31,0.897
A53957,PY/health gate Mall,757,40,0.967
A53958,PY/health gate 04,766,37,0.914
A53959,City Care (2),743,35,0.839
A53960,el City Care 6th Zone,743,35,0.701
A53961,city care Main Road,748,48,0.896
A53962,El-CITY CARE br.2,755,41,0.887
A53963,EL CITY CARE Mall,762,50,0.671
A53964,city care 011,762,50,0.653
A53965,Ph/life line heliopolis Branch 1,723,38,0.809
A53966,Ph/Life Line Helioplois Branch 2,731,31,0.886
A53967,El-Life Line Heliopolis 011,765,30,0.689
A53968,Life Line Heliopoli-A,765,30,0.704
A53969,EL BARAKA HELIOPOLIS 6th Zone,704,40,0.906
A53970,El-EL BARAKA HELIOPOLIS 011,708,45,0.662
A53971,Ph/EL BARAKA HELIOPOLIS 6th Zone,713,25,0.74
A53972,EL EL BARAKA HELIOPOLIS 011830,713,25,0.727
A53973,El-El Baraka Heliopolis Branch 1,727,35,0.657
A53974,El Baaraka Heliopolis 04,727,35,0.73
A53975,EL BARAKA HELOIPOLIS,730,43,0.65
A53976,Ph/El Baraka Heliopolis,730,43,0.879
A53977,EL BARAKA HELIOPPOLIS,755,42,0.837
A53978,el El Baraka Heliopolis,755,42,0.969
A53979,Ph/EL BARAKA HELIOPOLIS,761,32,0.813
A53980,El Baraka Heliopolis 04,761,32,0.636
A53981,nile care dokki Branch 2,711,33,0.627
A53982,PY/Nile Caree Dokki212,723,39,0.646
A53983,El-nile care dokki-A,729,37,0.716
A53984,nile carre dokki,729,37,0.964
A53985,PH Nile Care Dokki Branch 1,736,35,0.933
A53986,nile care dokki 04,743,36,0.815
A53987,PH nile care dokki Branch 1,743,36,0.964
A53988,Nile Care Dokki Branch 1367,752,39,0.88
A53989,PY/Nile Care Dokki-A,767,36,0.747
A53990,Nile Care Dokki br.2468,767,36,0.644
A53991,Ph/CITY CARE ZAYED,701,35,0.881
A53992,PH City Care Zayed Branch 2,708,46,0.636
A53993,El-CITY CARE ZAYED Branch 1,708,46,0.751
A53994,Ph/City Care Zayed Main Road,710,40,0.74
A53995,el CIITY CARE ZAYED Main Road,718,42,0.623
A53996,EL city care zayed,728,33,0.673
A53997,el City Care Zayed 011310,734,33,0.893
A53998,City Care Zayed 6th Zone354,734,33,0.801
A53999,CITY ACRE ZAYED Branch 1,769,38,0.728
A54000,City Care Zayed,769,38,0.682
A54001,EL Hope Imbaba 011,701,36,0.835
A54002,hope imbaba Branch 1,701,36,0.664
A54003,hope imbaba,709,31,0.792
A54004,HOPE IMBABA 04,709,31,0.872
A54005,hope imbaba,712,35,0.849
A54006,PH Hope Imbaba 04786,727,36,0.913
A54007,PY/HOPE IMBABA,727,36,0.928
A54008,PH Hope Imbaba 6th Zone,730,44,0.958
A54009,EL Star Car e011,719,39,0.685
A54010,EL Star Care,719,39,0.939
A54011,Ph/star care Mall,728,34,0.755
A54012,STTAR CARE 6th Zone,728,34,0.741
A54013,PH STAR CARE510,745,40,0.775
A54014,el Star Care 011,745,40,0.686
A54015,PY/Star Care 6th Zone,750,35,0.886
A54016,el Star Care,750,35,0.781
A54017,Ph/Star Care Branch 1985,763,39,0.911
A54018,STAR CARE,763,39,0.664
A54019,PY/Star Care Mall,768,41,0.897
A54020,PH STAR CARE (2),768,41,0.914
A54021,el Star Care 011,769,39,0.777
A54022,PhUNION PHARM HELIOPOLIS Branch 2,700,41,0.867
A54023,El-Union Pharm Heliopolis (2),700,41,0.64
A54024,union pharm heliopolis br.2,710,41,0.745
A54025,el union pharm heliopolis 6th Zone,720,38,0.977
A54026,PH Union Pahrm Heliopolis (2),727,37,0.738
A54027,UNION PHARM HELIPOLIS-A,727,37,0.916
A54028,EL Union Pharm Heliopolis Station St.,734,34,0.675
A54029,Ph/UNION PHARM HELIOPOLIS (2),734,34,0.796
A54030,PY/unoin pharm heliopolis Mall845,742,38,0.889
A54031,UNION PHARM HELIOPOLIS (2),742,38,0.945
A54032,EL UNION PHARM HELIOPOLIS Mall,752,40,0.769
A54033,Ph/Union Pharm Heliopolis 6th Zone,754,34,0.639
A54034,Care 24 Seven Heliopolis,701,37,0.685
A54035,PY/CARE 24 SEVEN HELIOPOLIS618,701,37,0.848
A54036,CARE 24 SEVEN HELIOPOLIS,705,42,0.678
A54037,Ph/Care 24 Seven Heliopolis,705,42,0.709
A54038,PY/CARE 24 SEVEN HELIOPOLIS 6th Zone,706,26,0.936
A54039,El-Care 24 Seven Heliopolis Mall,708,47,0.796
A54040,PY/care 24 seven heliopolis (2),711,34,0.631
A54041,care 24 seven heliopolis-A,712,36,0.86
A54042,Care 24 Seven Heliopolis Branch 2,712,36,0.632
A54043,EL CARE 24 SEVEN HELIOPOLIS,746,42,0.63
A54044,EL Care 24 Seve Heliopolis,754,35,0.925
A54045,EL AL AMAL SMOUHA Main Road506,701,38,0.866
A54046,Al Amal Smuoha Main Road,701,38,0.627
A54047,Al Amal Smouha,721,43,0.854
A54048,Ph/AL AMAL SMOUHA 011,723,40,0.675
A54049,Al Amal Smouha Mall,723,40,0.828
A54050,Ph/Al Amal Smouha (2),750,36,0.994
A54051,better life Mall,703,30,0.65
A54052,BETTER LIFE,708,48,0.99
A54053,EL better life,708,48,0.898
A54054,PH Better Life (2),716,38,0.646
A54055,el Better Life br.2,716,38,0.67
A54056,Better Life Mainn Road,721,44,0.674
A54057,el Bette rLife,723,41,0.782
A54058,PY/better life Main Road,723,41,0.91
A54059,PH Better Life,751,32,0.907
A54060,PY/better life,751,32,0.844
A54061,el Better Life 04,759,41,0.74
A54062,PH Mira Marg Branch 2,702,30,0.806
A54063,EL Mira Marg 04,704,41,0.99
A54064,PH Mira Marg 04957,716,39,0.789
A54065,mira marg (2),768,42,0.883
A54066,el MIRA MARG Branch 2,768,42,0.876
A54067,FAMILY SHUBRA,701,39,0.663
A54068,PY/famil yshubra 011,701,39,0.884
A54069,PY/Family Shubra (2),714,39,0.765
A54070,Ph/Family Shubra Station St.862,714,39,0.872
A54071,Family Shubra Branch 2,735,34,0.92
A54072,PY/family shubra-A,735,34,0.786
A54073,Family Shubra,748,49,0.785
A54074,Family Shubra,753,33,0.625
A54075,family shubra Branch 1,753,33,0.778
A54076,PY/family shubra 6th Zone,757,41,0.994
A54077,PH Family Shubra-A,757,41,0.756
A54078,family shubra Main Road356,758,39,0.827
A54079,el family shubra Branch 1,765,31,0.797
A54080,el misr heliopolis,702,31,0.646
A54081,PH Misr Heliopolis Station St.,712,37,0.907
A54082,PY/MISR HELIOPOLIS,712,37,0.655
A54083,Ph/MISR HELIOPOLIS 6th Zone689,719,40,0.663
A54084,PH Misr Heliopolis 011,726,47,0.996
A54085,el Misr Heliopolis 04,728,35,0.78
A54086,MIS RHELIOPOLIS (2),728,35,0.977
A54087,MISR HELIOPOLIS-A,730,45,0.927
A54088,misr heliopolis Station St.,731,32,0.79
A54089,Misr Heliopolis 6th Zone216,768,43,0.75
A54090,EL Elite Heliopolis (2),702,32,0.667
A54091,Ph/ELITE HELIOPOLIS 011,746,43,0.778
A54092,elite heliopolis,746,43,0.627
A54093,Elite Heliopolis br.2,747,30,0.753
A54094,Elite Heliopolis Branch 2,750,37,0.795
A54095,Elite Heliopolis 6th Zone,753,34,0.685
A54096,Ph/elite heliopolis (2),759,42,0.913
A54097,Elite Heliopolis Branch 2,759,42,0.723
A54098,ELITE HELIOPOLIS 04,767,37,0.826
A54099,Union Pharm,706,27,0.707
A54100,Union Pharm Branch 2905,710,42,0.917
A54101,uion pharm-A,712,38,0.716
A54102,EL Union Pharm Mall459,722,48,0.705
A54103,PH UNION PHARM br.2,739,40,0.754
A54104,P/YUnion Pharm Station St.,745,41,0.75
A54105,El-Union Pharm 04,745,41,0.765
A54106,Union Pharm Mall,755,43,0.932
A54107,PH El Nasr Nozha 011,713,26,0.875
A54108,El Nasr Nozha Main Road,713,26,0.756
A54109,El Nasr Nozha Branch 2,727,38,0.654
A54110,El-EL NASR NOZHA Main Road,727,38,0.895
A54111,El-EL NASR NOZHA 04,752,41,0.657
A54112,EL NASR NNOZHA-A,752,41,0.808
A54113,el nasr nozha (2),767,38,0.622
A54114,El Nasr Nozha,767,38,0.742
A54115,angel heliopolis Branch 1,700,42,0.895
A54116,PY/ANGEL HELIOPOLIS,757,42,0.956
A54117,el ANGEL HELIOPOLIS Branch 193,757,42,0.989
A54118,Angel Heliopolis-A,758,40,0.65
A54119,PY/Angel Heliopolis br.2,762,51,0.973
A54120,PY/ANGEL HELIOPOLIS Station St.299,764,45,0.811
A54121,Angel Heliopolis,764,45,0.842
A54122,PY/Angel Heliopolis 6th Zone,768,44,0.678
A54123,Ph/FAMILY HELIOPOLIS Station St.687,702,33,0.889
A54124,Ph/Family Heliopolis Mall,717,51,0.928
A54125,PY/FAMILY HELIOPOLIS Branch 1,717,51,0.99
A54126,PY/Family Heliopolis,722,49,0.741
A54127,FAMILY HELIOPOLIS Main Road,722,49,0.962
A54128,PY/FAMILY HELIOPOLIS Branch 2,747,31,0.955
A54129,el Family Heliopolis Branch 1,747,31,0.933
A54130,PH FAMILY HELIOPOLIS 04761,757,43,0.645
A54131,PY/GREEN LEAF BANHA 011,710,43,0.714
A54132,Green Leaf Banha,716,40,0.655
A54133,el green leaf banha (2),716,40,0.828
A54134,Green Leaf Banha 6th Zone,722,50,0.987
A54135,PH Gren Leaf Banha,723,42,0.96
A54136,GREEN LEAF BANHA Station St.,723,42,0.698
A54137,EL Green Leaf Banha Main Road,741,45,0.83
A54138,el Green Leaf Banha 011,741,45,0.765
A54139,el EL NASR MAADI Branch 1390,705,43,0.751
A54140,El-el nasr maadi 6th Zone,705,43,0.676
A54141,el El Nasr Maad i04,708,49,0.723
A54142,El Nasr Maadi Mall,722,51,0.987
A54143,El Nasr Maadi,722,51,0.902
A54144,El Nasr Maadi br.2,732,36,0.664
A54145,el nasr maadi Branch 1,738,42,0.86
A54146,EL El Nasr Maadi Branch 1,738,42,0.907
A54147,Ph/El Nasr Maadi83,743,37,0.787
A54148,Dr Medhat 6th Zone,722,52,0.987
A54149,EL DR MEDHAT 6th Zone,728,36,0.739
A54150,PH DR MEDHAT Branch 1,728,36,0.87
A54151,PY/DR MEDHAT (2),729,38,0.773
A54152,PH dr medhat Branch 2,730,46,0.96
A54153,Dr Medhat-A,735,35,0.962
A54154,Ph/Dr Medha Main Road264,735,35,0.874
A54155,el DR MEDHAT657,736,36,0.816
A54156,Dr Medhat 011,741,46,0.894
A54157,E elite,726,48,0.695
A54158,EL Elite,728,37,0.736
A54159,Ph/Elite Main Road,728,37,0.907
A54160,El-Elite Mall,730,47,0.671
A54161,PY/eelite br.2,734,35,0.747
A54162,EL Elite,754,36,0.901
A54163,Elite-A,754,36,0.979
A54164,Elite,762,52,0.733
A54165,e lElite Main Road,762,52,0.867
A54166,family heliopolis 6th Zone,704,42,0.914
A54167,El-family heliopolis 6th Zone,704,42,0.8
A54168,PY/FAMILY HELIOPOLIS,705,44,0.842
A54169,Elfamily heliopolis 011,709,32,0.851
A54170,el family heliopolis Main Road405,713,27,0.894
A54171,FAMILY HELIOPOLIS (2),713,27,0.869
A54172,PY/family heliopolis Brnch 1,728,38,0.849
A54173,Family Heliopolis (2),739,41,0.946
A54174,City Care,702,34,0.705
A54175,Ph/City Care Station St.,714,40,0.852
A54176,City Care579,719,41,0.796
A54177,el CITY CARE Branch 1,727,39,0.699
A54178,Seha First Nozha,712,39,0.71
A54179,E-Seha First Nozha 04,712,39,0.759
A54180,EL SEHA FIRST NOZHA,713,28,0.838
A54181,Seha First Nozha 011,724,37,0.806
A54182,Seha First Nozha,724,37,0.855
A54183,Ph/seha first nozha br.2,738,43,0.69
A54184,el seha first nozha (2),740,30,0.856
A54185,El-seha first nozha br.2,743,38,0.808
A54186,El-Silver Care Marg 04,704,43,0.955
A54187,silver care marg Main Road,712,40,0.929
A54188,Ph/Silver Care Marg (2),716,41,0.876
A54189,PY/Silver Care Marg Branch 1,716,41,0.68
A54190,EL Silver Care Marg Main Road,718,43,0.737
A54191,Silver Care Marg 04,728,39,0.746
A54192,EL Silver Care Marg Main Road,728,39,0.878
A54193,silver care marg Main Road,731,33,0.926
A54194,PH SILVER CARE MARG 011,769,40,0.867
A54195,metro 011,700,43,0.924
A54196,EL METRO 04,700,43,0.776
A54197,PH Metro Station St.,708,50,0.964
A54198,Ph/Metro 011,714,41,0.709
A54199,EL Metro-A,714,41,0.627
A54200,Metro,726,49,0.81
A54201,Ph/METRO Mall,742,39,0.838
A54202,el metro,742,39,0.665
A54203,METROO-A,745,42,0.889
A54204,Ph/Metro 6th Zone475,745,42,0.861
A54205,PH METRO (2)239,749,21,0.788
A54206,El Zahraa (2),700,44,0.972
A54207,EL El Zahraa,700,44,0.757
A54208,PY/E ZAHRAA,722,53,0.63
A54209,El-el zahraa Station St.,722,53,0.635
A54210,El Zahraa,732,37,0.986
A54211,EL El Zahraa-A,733,38,0.998
A54212,PY/EL ZAHRAA 04,733,38,0.937
A54213,EL ZAHRAA 04,738,44,0.66
A54214,Ph/EL ZAHRAA (2),745,43,0.81
A54215,Ph/El Zahraa (2)327,745,43,0.964
A54216,Ph/El Zahraa Main Road,760,38,0.707
A54217,El Zahraa 011,768,45,0.624
A54218,El Zahraa Mall527,768,45,0.834
A54219,el zahraa hleiopolis Branch 2,710,44,0.874
A54220,EL Ell Zahraa Heliopolis Branch 2,710,44,0.908
A54221,el zahraa helopolis Main Road,717,52,0.732
A54222,el zahraa heliopolis 6th Zone,723,43,0.815
A54223,PY/El Zahraa Heliopolis 04,726,50,0.986
A54224,EL el zahraa heliopoliis (2),726,50,0.66
A54225,EL EL ZAHRAA HELIOPOLIS Main Road,747,32,0.629
A54226,El-EL ZAHRAA HELIOPOLIS 011,747,32,0.898
A54227,El-EL ZAHRAA HELIOPOLIS 04836,754,37,0.836
A54228,Ph/elz ahraa heliopolis 011,754,37,0.822
A54229,el El Zahraa Heliopolis Branch 2,769,41,0.79
A54230,PY/misr Mall909,704,44,0.983
A54231,PY/Misr,710,45,0.676
A54232,El-Misr-A,710,45,0.879
A54233,MISR,718,44,0.655
A54234,El-MISR br.2,721,45,0.646
A54235,Misr196,725,47,0.779
A54236,Ph/MISR Station St.,725,47,0.843
A54237,PY/misr Branch 2,737,41,0.659
A54238,misr,737,41,0.922
A54239,PY/Misr 6th Zone,750,38,0.674
A54240,el Misr 04,750,38,0.705
A54241,EL Misr,759,43,0.975
A54242,PY/SALAMTEK SMOUHA,701,40,0.697
A54243,El-SALAMTEK SMOUHA Branch 1,701,40,0.648
A54244,Salamtek Somuha-A,718,45,0.954
A54245,Salamtek Smouha 011869,718,45,0.726
A54246,PY/salamtek smouha (2),719,42,0.735
A54247,Salamtek Smouha-A,770,42,0.705
A54248,Ph/SALAMTEK SMOUHA,770,42,0.808
A54249,health gate-A,728,40,0.901
A54250,el Health Gate,728,40,0.707
A54251,EL HEALTH GATE 6th Zone,734,36,0.964
A54252,Health Gate 04,755,44,0.968
A54253,Ph/Pharma Plus Squre Station St.,703,31,0.819
A54254,pharma plus square 011,707,47,0.97
A54255,PH pharma plus square (2)32,707,47,0.794
A54256,EL pharma plus square Main Road372,714,42,0.987
A54257,PY/pharma plus square br.2579,739,42,0.651
A54258,PY/PHARMA PLUS SQUARE (2),739,42,0.803
A54259,Pharma Plus Squre-A,750,39,0.927
A54260,el Pharma Pluus Square 011,761,33,0.931
A54261,el PHARMA PLUS SQUARE (2),761,33,0.702
A54262,EL Pharma Plus Square-A,763,40,0.875
A54263,Ph/Pharma Plus Square 011,763,40,0.939
A54264,city care Branch 2,709,33,0.632
A54265,PH City Care,709,33,0.97
A54266,city care,733,39,0.69
A54267,City Care Branh 2,733,39,0.672
A54268,CITY CARE (2),753,35,0.947
A54269,City Care 6th Zone,755,45,0.763
A54270,Ph/CITY CARE777,755,45,0.866
A54271,PY/Ciyt Care Mall,764,46,0.922
A54272,city care 6th Zone,765,32,0.957
A54273,PY/iCty Care,769,42,0.888
A54274,PH city care 011,769,42,0.923
A54275,EL Misr,700,45,0.899
A54276,Misr 011,700,45,0.765
A54277,PY/MISR (2),703,32,0.692
A54278,Msir (2),703,32,0.709
A54279,Misr Mlal,721,46,0.647
A54280,PH Misr 011,732,38,0.991
A54281,el Misr Branch 1,732,38,0.913
A54282,El-MISR Mall,742,40,0.84
A54283,Mis r04,742,40,0.891
A54284,Misr Branch 1,752,42,0.991
A54285,PY/Misr br.2,768,46,0.943
A54286,MISR Branch 1,768,46,0.674
A54287,el Salamtek Helwan Main Road,700,46,0.974
A54288,Salamtek Helwan Mall,712,41,0.75
A54289,PH Salamtek Heelwan,716,42,0.974
A54290,PH SALAMTEK HELWAN Branch 2,719,43,0.644
A54291,salamtek helwan 6th Zone72,719,43,0.973
A54292,PY/Salamtek Helwan,721,47,0.886
A54293,SALAMTEK HELWAN 6th Zone,721,47,0.917
A54294,PH SalamtekHelwan 04,754,38,0.962
A54295,Ph/salamtek helwan Main Road,754,38,0.895
A54296,EL Salamtek Helwan-A279,763,41,0.914
A54297,EL Health Gate Helwan,715,41,0.915
A54298,PY/Health Gate Helwan br.2368,728,41,0.637
A54299,Ph/Health Gate Hlewan Main Road,729,39,0.815
A54300,EL health gate helwan Mall727,729,39,0.744
A54301,el Health Gate Helwan,749,22,0.958
A54302,HEALTH GATE HELWAN,761,34,0.854
A54303,HEALTH GTE HELWAN,766,38,0.725
A54304,el Seha First Main Road,720,39,0.735
A54305,Seha First,727,40,0.624
A54306,shea first,738,45,0.998
A54307,Seha First Main Road427,740,31,0.824
A54308,PY/Seha First 04,740,31,0.694
A54309,seha first 011,742,41,0.98
A54310,seha first388,742,41,0.982
A54311,union pharm,703,33,0.986
A54312,union pharm-A,735,36,0.779
A54313,el Union Pharm,748,50,0.941
A54314,UNION PHARM Branch 1,748,50,0.626
A54315,PY/UNION PHARM (2),759,44,0.985
A54316,PH UNION PHARM Mall,769,43,0.785
A54317,EL Union Pharm,769,43,0.857
A54318,Salamtek Oct City Branch 1449,702,35,0.823
A54319,SALAMTEK OCT CITY Branch 2,702,35,0.802
A54320,Salamte kOct City Mall,736,37,0.679
A54321,EL Salamtek Oct City 011,736,37,0.647
A54322,el salamtek oct city Branch 2,740,32,0.855
A54323,salamtek oct city Main Road,747,33,0.756
A54324,Ph/Salamtek Oct City,747,33,0.982
A54325,el SALAMTEK OCT CITY Station St.,754,39,0.686
A54326,PH Saalamtek Oct City (2),754,39,0.837
A54327,PH SALAMMTEK OCT CITY 04,761,35,0.666
A54328,EL SALAMTEK OCT CITY,761,35,0.638
A54329,Ph/Salamtek Oct City,769,44,0.924
A54330,Ph/Salamtek Oct City Branch 1,769,44,0.768
A54331,El-dr medhat helwan Mall,704,45,0.731
A54332,Ph/DR MEDHAT HELWAN Mall,706,28,0.845
A54333,PY/DR MEDHAT HELWAN Mall302,715,42,0.947
A54334,Dr Medhat Helwan br.2,721,48,0.884
A54335,el Dr Medhat Helwan Main Road,721,48,0.687
A54336,PY/dr medht helwan,727,41,0.868
A54337,DR MEDHAT HELWAN,727,41,0.985
A54338,EL dr medhat helwan-A,748,51,0.993
A54339,PH Dr Medhat Helwan Main Road,750,40,0.995
A54340,DR MEDHAT HELWAN 6th Zone,750,40,0.625
A54341,Ph/dr medhat helwan 011,753,36,0.744
A54342,LIFE LINE 011,700,47,0.784
A54343,EL Life Line 6th Zone,713,29,0.853
A54344,Ph/Life Line Branch 2,724,38,0.918
A54345,LIE LINE,724,38,0.99
A54346,Ph/Life Line 011,741,47,0.641
A54347,Life Line (2),751,33,0.983
A54348,EL Life Line Station St.,753,37,0.759
A54349,life line 6th Zone971,754,40,0.871
A54350,Life Line Mall,758,41,0.816
A54351,el Lif eLine 6th Zone,758,41,0.863
A54352,PH Green Leaf (2)200,706,29,0.777
A54353,Green Leaf 04,706,29,0.911
A54354,PY/GREEN LEAF,721,49,0.789
A54355,GREEN LEAF Station St.,739,43,0.8
A54356,green leaf (2),739,43,0.675
A54357,Green Leaf915,746,44,0.773
A54358,Green Leaf Branch 2,762,53,0.758
A54359,salamtek helwan,701,41,0.633
A54360,EL salamtek helwan (2),701,41,0.683
A54361,PH Salamtek Helwan 04,713,30,0.74
A54362,el Salamtek Helwan Station St.,736,38,0.755
A54363,SALAMTEK HELWAN 04,736,38,0.637
A54364,PY/Alpha Pharma Helwan 6th Zone295,700,48,0.653
A54365,alpha pharma helwan Branch 2,700,48,0.868
A54366,alpha pharma helwan Main Road,714,43,0.664
A54367,El-Alpha Pharma Helwan Main Road,716,43,0.85
A54368,PH ALPHA PHARMA HELWAN Main Road,728,42,0.646
A54369,alpha pharma helwan Branch 1,728,42,0.708
A54370,Alpha PharmaH elwan,739,44,0.823
A54371,EL Alpha Pharma Helwan,740,33,0.78
A54372,el ALPHA PHARMA HELWAN Main Road,746,45,0.877
A54373,PH ALPHA PHARMA HELWAN 6th Zone,769,45,0.649
A54374,El-Alpha Pharma Helwan,769,45,0.827
A54375,Ph/Seha First 011,710,46,0.939
A54376,EL Seha First Main Road,710,46,0.838
A54377,seha first Mall,720,40,0.847
A54378,PH seha first 6th Zone,720,40,0.997
A54379,PY/Seha First br.2,732,39,0.933
A54380,SEHA FIRST br.2861,732,39,0.791
A54381,PY/Seha Firt 6th Zone,736,39,0.754
A54382,Ph/Seha First,757,44,0.79
A54383,Seha First 011,757,44,0.9
A54384,seeha first 011,759,45,0.773
A54385,el PHARMA PLUS Mall,715,43,0.87
A54386,PY/Pharma Plus br.2,715,43,0.734
A54387,Ph/pharma plus-A,759,46,0.886
A54388,El-PHARMA PLUS Branch 2,759,46,0.919
A54389,PY/pharma plus Station St.,765,33,0.746
A54390,BLUE WAVEE MARG Mall,726,51,0.854
A54391,PH blue wave marg-A,726,51,0.74
A54392,PH blue wave marg-A,740,34,0.756
A54393,Ph/Blue Wave Marg,740,34,0.906
A54394,el lue wave marg Station St.,750,41,0.927
A54395,Blue Wave Marg (2),758,42,0.78
A54396,Ph/Blue Wave Marg Branch 2,762,54,0.65
A54397,hope (2),718,46,0.716
A54398,Hope 011,729,40,0.799
A54399,hope 6th Zone,756,38,0.672
A54400,PY/Hope br.2,756,38,0.966
A54401,Star Care Helwan,701,42,0.7
A54402,STAR CARE HELWAN,711,35,0.936
A54403,Star Care Helwan,722,54,0.886
A54404,PY/Star Care Helwan 04,723,44,0.693
A54405,El-Star Care Helwan-A,726,52,0.857
A54406,El-STAR CARE HELWAN (2),759,47,0.85
A54407,PY/EL BARAKA FAISAL-A233,708,51,0.711
A54408,el el baraka faisal 04906,708,51,0.73
A54409,PY/El Baraka Faisal 04,710,47,0.697
A54410,El Baraka Faisal,768,47,0.882
A54411,PH El Baraka Faisal Branc h2,768,47,0.657
A54412,mira marg-A,700,49,0.639
A54413,PY/mira marg 6th Zone,730,48,0.713
A54414,PY/Mira Marg (2),740,35,0.647
A54415,Green Leaf Zayed,704,46,0.738
A54416,PY/rGeen Leaf Zayed 011,705,45,0.847
A54417,Ph/GREEN LEAF ZAYED 6th Zone,738,46,0.968
A54418,PY/GREEN LEAF ZAYED,738,46,0.642
A54419,SEHA FIRST HELWAN br.2,708,52,0.763
A54420,Ph/SEHA FIRST HELWAN Mall,708,52,0.954
A54421,seha first helwan Station St.,727,42,0.97
A54422,SEHA FIRST HELWAN 04,732,40,0.912
A54423,SEHA FIRST HELWAN Main Road,732,40,0.783
A54424,El-SEHA FIRST HELWAN Branch 2,738,47,0.952
A54425,Seha First Helwan Branch 2,738,47,0.689
A54426,Ph/Seha First Helwan (2),745,44,0.95
A54427,Seha First Helwan Branch 1485,745,44,0.954
A54428,seha first helwan Main Road,748,52,0.941
A54429,el seha first helwan 011,748,52,0.732
A54430,Ph/SEHA FIRST HELWAN (2),761,36,0.645
A54431,EL SEHA FIRST HELWAN Main Road,761,36,0.901
A54432,Seha First Helwan,763,42,0.898
A54433,PH seha first helwan Branch 1,763,42,0.649
A54434,el green lleaf-A,715,44,0.638
A54435,Green Leaf 04,715,44,0.658
A54436,Ph/Green Leaf Main Road,725,48,0.94
A54437,EL green leaf Mall,751,34,0.886
A54438,GREEN LEAF Station St.,752,43,0.95
A54439,EL green leaf Branch 1,766,39,0.784
A54440,el MIRA Mall214,710,48,0.687
A54441,El-Mira Mall965,711,36,0.723
A54442,Mira,711,36,0.956
A54443,PH Mira Branch 1,723,45,0.772
A54444,Mira Branch 2,723,45,0.621
A54445,MIRA MMain Road,735,37,0.659
A54446,El-Mira Branch 1,741,48,0.667
A54447,El-MiraB ranch 2,754,41,0.99
A54448,el Mira 04810,763,43,0.688
A54449,El-eltourath 011,705,46,0.728
A54450,Ph/EL TOURATH Branch 1,705,46,0.988
A54451,PH El Tourath,717,53,0.884
A54452,el El Tourath,717,53,0.636
A54453,el el tourath Station St.,722,55,0.952
A54454,EL TOURATH 011,722,55,0.754
A54455,el EL TOURATH 04,723,46,0.977
A54456,EL El Tourath 04,728,43,0.831
A54457,EL el tourath,728,43,0.731
A54458,El Tourath 2)941,738,48,0.809
A54459,el El Tourath Main Road894,738,48,0.913
A54460,El-El Tourath Branch 2,739,45,0.642
A54461,el nasr agami-A,750,42,0.733
A54462,el el nasr agami Station St.,750,42,0.817
A54463,PH El Nasr Agami Main Road,753,38,0.725
A54464,el EL NASR AGAIM Main Road,753,38,0.943
A54465,El-El Nasr Agami 6th Zone,766,40,0.856
A54466,PY/health gate smouha 6th Zone15,722,56,0.89
A54467,Ph/health gate smouha Branch 2712,722,56,0.96
A54468,Health Gate Smouha 011,731,34,0.772
A54469,PH Health Gate Smouha br.2,731,34,0.754
A54470,El-HEALTH GATE SMOUHA Station St.,747,34,0.988
A54471,Ph/health gate smoua (2),754,42,0.712
A54472,El-Health Gate Smouha,762,55,0.677
A54473,EL Health Gate Smouha Branch 2,762,55,0.658
A54474,PH Health Gate Smouha Branch 1,763,44,0.749
A54475,EL health gate smouha-A,763,44,0.96
A54476,Family br.2,727,43,0.74
A54477,PY/Family 6th Zone,737,42,0.772
A54478,Family-A372,753,39,0.698
A54479,PY/Family,764,47,0.873
A54480,Family,764,47,0.687
A54481,PH Silver Crae,718,47,0.893
A54482,Silver Care (2),734,37,0.686
A54483,Silver Care Main Road,736,40,0.712
A54484,SILVER CARE Branch 1,736,40,0.978
A54485,el Silver Care Branch 2468,740,36,0.623
A54486,SILVER CARE 6th Zone,740,36,0.722
A54487,El-silver care Mall,756,39,0.782
A54488,SILVER CARE6th Zone,756,39,0.738
A54489,Ph/Misr br.2,711,37,0.936
A54490,Misr MMall77,711,37,0.797
A54491,PH Misr,726,53,0.683
A54492,Ph/MISR 6th Zone,726,53,0.759
A54493,Msir Main Road,735,38,0.767
A54494,El-Misr,735,38,0.941
A54495,Misr,754,43,0.902
A54496,Ph/care 24 seven helwan 011,728,44,0.738
A54497,Ph/CARE 24 SEVEN HELWAN454,728,44,0.884
A54498,PH Care 24 Seven Helwan,742,42,0.871
A54499,CARE 24 SEVEN HELWAN (2),752,44,0.883
A54500,PH Care 24 Seven Helwan Branch 2,752,44,0.809
A54501,Care 24 Seven Helwan br.2,758,43,0.682
A54502,EL AL AMAL Station St.,702,36,0.814
A54503,PH Al Amal (2),702,36,0.857
A54504,EL Al AmalBranch 1,717,54,0.774
A54505,P/YAl Amal 011,729,41,0.77
A54506,EL Al Amal 04,729,41,0.641
A54507,PH hope891,731,35,0.697
A54508,el HOPE (2),747,35,0.685
A54509,PH HOPE-A718,756,40,0.711
A54510,EL Hope rb.2,758,44,0.867
A54511,PY/Hope 6th Zone,759,48,0.681
A54512,El-Hope Branch 1,759,48,0.792
A54513,Ph/Hope b.r2,761,37,0.84
A54514,EL Hope Mall,761,37,0.946
A54515,STAR CARE HLWAN355,724,39,0.967
A54516,star care helwan Branch 2,750,43,0.637
A54517,star care helwan (2),750,43,0.907
A54518,EL Star Care Helwan 6th Zone,768,48,0.653
A54519,angel 04,703,34,0.974
A54520,PH ANGEL301,703,34,0.692
A54521,PhAngel Branch 2,711,38,0.941
A54522,Angel753,711,38,0.853
A54523,el Angel647,746,46,0.903
A54524,EL ANGEL 011,747,36,0.996
A54525,Angel,747,36,0.657
A54526,El-Angel Station St.,751,35,0.656
A54527,EL star care (2),702,37,0.997
A54528,Ph/Star Care br.2,702,37,0.954
A54529,star care 6th Zone,714,44,0.667
A54530,el STAR CARE,716,44,0.971
A54531,PY/star care 04,716,44,0.726
A54532,El-star care (2),736,41,0.851
A54533,PY/Star Care Branch 2920,736,41,0.667
A54534,STAR CARE,748,53,0.704
A54535,el STAR CARE 6th Zone,753,40,0.63
A54536,El-STAR CARE,753,40,0.804
A54537,STAR CARE Branch 1,756,41,0.657
A54538,el star care-A,756,41,0.913
A54539,Ph/EL HOKMA HELWAN Branch 1,712,42,0.683
A54540,EL HOKAMA HELWAN-A405,738,49,0.645
A54541,El Hokama Helwan 6th Zone,738,49,0.755
A54542,PH EL HOKAAM HELWAN,758,45,0.889
A54543,Ph/El Hokama Helwan Mall,758,45,0.772
A54544,EL elbaraka rehab view,708,53,0.871
A54545,EL BARAKA REHAB VIEW 011,708,53,0.825
A54546,PH El Baraka Rehab View 04,739,46,0.923
A54547,El-EL BARAKA REHAB VIEW (2),741,49,0.813
A54548,PH EL BARAKA REHAB VIEW 6th Zone,741,49,0.729
A54549,PH El Baraka Rehab View 011,762,56,0.884
A54550,EL EL BARAKA REHAB VIEW 6th Zone781,762,56,0.771
A54551,El-Alpha Pharma Imbaba-A,700,50,0.943
A54552,el alpha pharma imbaba,707,48,0.658
A54553,El-alpha pharma imbaba Branch 1,721,50,0.867
A54554,ell Alpha Pharma Imbaba Branch 2,721,50,0.703
A54555,El-Alpha PharmaI mbaba Branch 2,730,49,0.73
A54556,alpha pharma imbaba Station St.,730,49,0.944
A54557,Ph/Alpha Pharma Imbaba 011,732,41,0.707
A54558,Alpha Pharma Imbaba,732,41,0.836
A54559,Alpha Pharma Imbaba 011,757,45,0.707
A54560,el Alpha Pharma Imbaba 04,761,38,0.841
A54561,EL Alpha Pharma Imbaba,761,38,0.79
A54562,EL alpha pharma imbaba Branch 2,767,39,0.928
A54563,EL BARKA MAADI Station St.,702,38,0.971
A54564,EL BARAKA MAADI 04,702,38,0.807
A54565,PH el baraka maadi,706,30,0.988
A54566,El Baraka Maadi br.2,711,39,0.846
A54567,PH el baaka maadi,711,39,0.839
A54568,Ph/el baraka maadi Main Road,716,45,0.885
A54569,PY/el baraka maadi-A,719,44,0.925
A54570,El Baraka Maaid br.2,719,44,0.884
A54571,EL El Baraka Maadi Branch 2,724,40,0.669
A54572,EL EL BARAKA MAADI,732,42,0.985
A54573,Ph/El Baraka Maadi,732,42,0.662
A54574,El Baraka Maadi (2),755,46,0.884
A54575,EL Angel230,702,39,0.964
A54576,Angel 6th oZne,702,39,0.688
A54577,ANGEL 011782,703,35,0.659
A54578,PH Angel 011861,703,35,0.829
A54579,el angel Branch 1927,709,34,0.896
A54580,Ph/ANGEL 6th Zone413,722,57,0.65
A54581,Angel ranch 2,722,57,0.963
A54582,Mira Main Road,709,35,0.731
A54583,PY/mira th Zone,709,35,0.913
A54584,mira304,728,45,0.934
A54585,PY/Mira br.2958,755,47,0.771
A54586,E LMira 6th Zone474,755,47,0.768
A54587,El-AL AMAL 011,729,42,0.852
A54588,PY/Al Amal 6th Zone,736,42,0.945
A54589,el AL AMAL Branch 1,736,42,0.917
A54590,PY/al amal 6th Zone898,741,50,0.858
A54591,Elite,711,40,0.818
A54592,EL Elite (2),711,40,0.632
A54593,Elite (2),737,43,0.791
A54594,ELITE br.2,763,45,0.931
A54595,PY/Star Care Dokki Main Road,702,40,0.764
A54596,EL STA RCARE DOKKI Station St.,724,41,0.88
A54597,star care dokki Station St.223,724,41,0.914
A54598,Ph/STAR CARE DOKKI,742,43,0.874
A54599,EL star care dokki Branch 2,742,43,0.847
A54600,PH Star Care Dokki,756,42,0.916
A54601,PY/STAR CAREE DOKKI 011,758,46,0.737
A54602,El-star care dokki 04,758,46,0.798
A54603,Ph/STAR CARE DOKKI,759,49,0.826
A54604,Ph/CITY CARE MAADI,731,36,0.708
A54605,Ph/CITY CARE MAADI Main Road,731,36,0.769
A54606,PH city care maadi (2)409,747,37,0.873
A54607,city care maadi 04826,756,43,0.984
A54608,CITY CARE MAADI Mall,756,43,0.885
A54609,el CITY CARE MAADI (2),761,39,0.781
A54610,PH CITY CARE MAADI,769,46,0.756
A54611,Dr Medha Shubra (2),719,45,0.717
A54612,DR MEDHA SHUBRA-A,719,45,0.633
A54613,EL Dr Medhat Shubra,732,43,0.895
A54614,el Dr Medhat Shubra Main Road,732,43,0.736
A54615,El-Dr Medhat Shubra br.2,733,40,0.976
A54616,DR MEDHAT SHUBRA Main Road,739,47,0.998
A54617,Ph/DR MEDHAT SHUBRA Main Road,739,47,0.71
A54618,el dr medht shubra,743,39,0.724
A54619,Dr Medhat Shubra Mall,743,39,0.649
A54620,Ph/dr medhat shubra Branch 2,752,45,0.895
A54621,El-rD Medhat Shubra Branch 2,767,40,0.867
A54622,el El Hokama Station St.,701,43,0.637
A54623,Ph/EL HOKAMA Statin St.,710,49,0.857
A54624,PH el hokama Main Road,733,41,0.72
A54625,El Hokama Station St.,747,38,0.836
A54626,PY/El Hokama,747,38,0.908
A54627,EL el hokama 04,770,43,0.65
A54628,mir Main Road,737,44,0.96
A54629,el Miisr-A,758,47,0.893
A54630,misr (2),758,47,0.96
A54631,PH MISR,760,39,0.685
A54632,MISR Mall,760,39,0.97
A54633,EL el tourath,705,47,0.924
A54634,PY/El Tourath,705,47,0.895
A54635,PY/el tourath (2),711,41,0.801
A54636,EL TOURATH,736,43,0.971
A54637,el tourth Mall,749,23,0.835
A54638,PY/EL TOURATH-A,749,23,0.81
A54639,Ph/El Touurath,763,46,0.706
A54640,Ph/el tourath,763,46,0.719
A54641,PH Dr Medhat Branch 2,703,36,0.777
A54642,PY/Dr Medhat Branch 1618,703,36,0.978
A54643,dr medhat 04,710,50,0.975
A54644,PY/Dr Medhat (2),710,50,0.766
A54645,PY/DR MEDHAT br.2,727,44,0.642
A54646,el dr mdhat Main Road,727,44,0.91
A54647,DR MEDHAT (2),735,39,0.925
A54648,el DR MEDHAT Mall,742,44,0.651
A54649,el DR MEDHAT 6th Zone,742,44,0.947
A54650,dr medhat Main Road,744,44,0.845
A54651,PY/DR MEDHAT,757,46,0.822
A54652,El Shifa-A,705,48,0.713
A54653,El Shifa 04219,705,48,0.86
A54654,el shifa Brancch 2,710,51,0.691
A54655,EL l shifa,763,47,0.873
A54656,el shif a6th Zone,763,47,0.904
A54657,PH EL SHIFA,765,34,0.656
A54658,El Shifa 04534,765,34,0.776
A54659,PH El Nasr Maadi-A334,705,49,0.991
A54660,EL NARS MAADI,705,49,0.725
A54661,PH el nasrr maadi,708,54,0.812
A54662,EL E Nasr Maadi 04,708,54,0.646
A54663,EL El Nasr Maadi Station St.511,756,44,0.78
A54664,El-El Nasr Maadi,769,47,0.771
A54665,PhSunrise Maadi Branch 2,701,44,0.724
A54666,SunriseM aadi 04,701,44,0.733
A54667,Ph/sunrise maaadi Main Road,714,45,0.972
A54668,El-SUNRISE MAADI Main Road927,732,44,0.903
A54669,El-sunrise maadi 6th Zone,732,44,0.847
A54670,EL Health Gate Main Road,702,41,0.823
A54671,el health gate 04619,702,41,0.73
A54672,Health Gate 04,705,50,0.874
A54673,El-health gate,705,50,0.818
A54674,Health Gate Main Road44,713,31,0.995
A54675,Health Gate (2),720,41,0.905
A54676,PH Health Gate Branch 1,739,48,0.63
A54677,El-HEALTH GATE Branch 1,739,48,0.739
A54678,HEALTH GATE Mall,740,37,0.667
A54679,El-HEALTH GATE Mall,743,40,0.97
A54680,Ph/health gate 6th Zone254,743,40,0.779
A54681,el Health Gate-A,760,40,0.814
A54682,PH SALAMTEK MADI,712,43,0.63
A54683,PY/SALAMTEK MAADI Main Road,712,43,0.83
A54684,EL Salamtek Maadi 6th Zone,728,46,0.874
A54685,PY/Salamtek Maadi Main Road854,729,43,0.621
A54686,Ph/Salamtek Maadi Mai Road,729,43,0.905
A54687,PY/salamtek maadi Main Road,735,40,0.888
A54688,el Salamtek Maadi Main Road,743,41,0.885
A54689,Ph/Salamtek Maadi 04742,752,46,0.781
A54690,salamtek maadi (2),752,46,0.732
A54691,PY/Salamtek Maadi Mall,758,48,0.84
A54692,El-SALAMTEK MAADI76,762,57,0.871
A54693,CARE 24 SEVEN MAADI br.2,706,31,0.751
A54694,Ph/care 24 seven maadi Main Road200,706,31,0.688
A54695,Cre 24 Seven Maadi,716,46,0.688
A54696,Care 24 Seven Maadi Mall,721,51,0.83
A54697,El-CARE 24 SEVEN MAADI 011,721,51,0.867
A54698,PH Care 24 Seven Maadi 6th Zone620,722,58,0.835
A54699,El-Care 24 Seven Maadi br.2,750,44,0.917
A54700,PY/care 24 sevenm aadi br.2,764,48,0.631
A54701,el Care 24 Seven Maadi,768,49,0.785
A54702,el L FARABY Branch 1258,725,49,0.721
A54703,El Faraby Branch 1,725,49,0.786
A54704,PY/El Faraby Branchh 1,735,41,0.635
A54705,El Faraby Main Road,737,45,0.814
A54706,PY/El Faraby 6th Zone,740,38,0.859
A54707,PY/El Faraby,740,38,0.652
A54708,El Faraby 6th Zone,759,50,0.864
A54709,CITY CARE MARG Branch 1,709,36,0.729
A54710,Ph/city care marg Main Road,709,36,0.626
A54711,EL Ctiy Care Marg (2)211,738,50,0.876
A54712,El-City Care Marg Branch 2,738,50,0.995
A54713,El-CITY CARE MARG87,763,48,0.911
A54714,Family Shubra Branch 2,700,51,0.858
A54715,EL family shubra (2),730,50,0.765
A54716,Ph/Faimly Shubra Station St.,737,46,0.741
A54717,family shubra Mall354,737,46,0.63
A54718,PH Family Shubra Main Road,741,51,0.746
A54719,El-Family Shubra,741,51,0.95
A54720,PY/Family Shubra 6th Zone,756,45,0.939
A54721,Family Shubra 011,756,45,0.807
A54722,EL Sunrise Oct City,703,37,0.821
A54723,PY/Sunrise Oct City (2),703,37,0.78
A54724,PH SUNRISE OCT ICTY Branch 1,710,52,0.994
A54725,PH SUNRISE OCT CITY,723,47,0.901
A54726,Ph/Sunrise Oct City Mani Road259,732,45,0.72
A54727,PY/Sunrise Oct City Station St.,732,45,0.913
A54728,Ph/SUNRISE OCT CITY 6th Zone,743,42,0.899
A54729,EL SUNRISE OCT CITY Mall,743,42,0.949
A54730,SUNRISE OCT CITY Branch 1,747,39,0.96
A54731,SUNRISE OCT CITY 6th Zone,747,39,0.898
A54732,PY/salamtek square Branch 1,701,45,0.855
A54733,EL salamtek square,702,42,0.72
A54734,Salamtek Square-A,702,42,0.901
A54735,PY/Saalamtek Square-A,715,45,0.779
A54736,el salamtek square Branch 2287,715,45,0.689
A54737,Ph/SALAMTEK SQUARE Station St.,736,44,0.943
A54738,Salamtek Square Mall809,737,47,0.885
A54739,Ph/Family Banha 6th Zone,704,47,0.933
A54740,El-Family Banha,705,51,0.808
A54741,family banha Branch 2,705,51,0.887
A54742,FAMILY BANHA,719,46,0.989
A54743,El-FAMILY BANHA Branch 2,719,46,0.968
A54744,family banha 6th Zone,739,49,0.992
A54745,FAMILY BANHA Station St.,739,49,0.764
A54746,PY/family banha (2),754,44,0.869
A54747,Family Banha 011,754,44,0.793
A54748,el Family Banha,760,41,0.838
A54749,Ph/FAMILY BANAH 04460,762,58,0.669
A54750,Family Banha Branch 1,762,58,0.85
A54751,El-El Shifa Maadi (2),703,38,0.995
A54752,EL EL SHIFAA MAADI Main Road832,713,32,0.906
A54753,EL el shifa maadi Branch 2,747,40,0.799
A54754,Ph/EL SHIFA MAADI,747,40,0.971
A54755,el El Shifa Maadi392,754,45,0.772
A54756,EL mira (2),716,47,0.628
A54757,Mira,730,51,0.752
A54758,Mira Main Road,730,51,0.912
A54759,El-MMira,732,46,0.764
A54760,mira Main Road,732,46,0.953
A54761,mira,734,38,0.654
A54762,EL mira Main Raod260,734,38,0.727
A54763,el MIRA Branch 2,747,41,0.905
A54764,EL mira Mall,747,41,0.675
A54765,PY/MIRA,756,46,0.694
A54766,El-MIRA Branch 2,756,46,0.725
A54767,Ph/NILE CARE REHAB VIEW 011305,721,52,0.746
A54768,Nile Care Rehab View,721,52,0.863
A54769,PY/NILE CCARE REHAB VIEW890,731,37,0.733
A54770,NILE CARE REHAB VIEW-A,731,37,0.951
A54771,Ph/Nile Care Rehab View Station St.,742,45,0.803
A54772,NILE CARE REHAB VIEW Station St.,742,45,0.72
A54773,PY/NILE CARE REHAB VIEW,755,48,0.919
A54774,EL Nile Care Rehab View-A,767,41,0.748
A54775,PY/Angel,708,55,0.713
A54776,EL Angel 011,720,42,0.648
A54777,Ph/Angel Main Road,720,42,0.688
A54778,el ANGEL,721,53,0.756
A54779,Ph/Angel 04,721,53,0.985
A54780,El-ANGEL,735,42,0.993
A54781,Ph/angel Branch 1,735,42,0.698
A54782,Ph/Angel,747,42,0.681
A54783,Angel 6th Zone404,747,42,0.652
A54784,PY/angel br.2941,748,54,0.706
A54785,El-Angel (2),748,54,0.879
A54786,el ANGEL Branch 2,763,49,0.707
A54787,EL Angel 04,763,49,0.658
A54788,EL El Zahraa Nozha 6th Zone,716,48,0.884
A54789,PY/El Zahraa Nozha Branch 2,716,48,0.784
A54790,E lZahraa Nozha,729,44,0.741
A54791,PY/EL ZAHRA ANOZHA,752,47,0.666
A54792,HEALTH GATE MAADI br.2,718,48,0.653
A54793,HEALTH GATE MAADI br.2,718,48,0.652
A54794,El-HEALTH GATE MAADI 6th Zone,721,54,0.966
A54795,EL HEALTH GATE MAADI,721,54,0.703
A54796,Ph/Health Gate Maadi,737,48,0.948
A54797,Health Gat eMaadi Mall,749,24,0.951
A54798,El-health gate maadi,756,47,0.721
A54799,PH PHARMA PLUS MAADI 6th Zone,704,48,0.649
A54800,Pharma Plus Maadi-A,704,48,0.658
A54801,Pharma Plus Maadi,719,47,0.923
A54802,PH Pharma Plus Madi Station St.,732,47,0.702
A54803,PHARMA PLUS MAADI Branch 2,732,47,0.935
A54804,el HARMA PLUS MAADI Main Road,740,39,0.993
A54805,Ph/Pharma Plus Maadi 04,770,44,0.858
A54806,PY/PHARMA PLUS MAADI Branch 2,770,44,0.914
A54807,Green Leaf br.2,702,43,0.843
A54808,greeen leaf br.2,702,43,0.638
A54809,EL grreen leaf-A,714,46,0.878
A54810,El-green leaf,714,46,0.704
A54811,GREEN LEAF 6th Zone,722,59,0.676
A54812,PH green leaf 04,722,59,0.838
A54813,el Green Leaf Station St.,725,50,0.882
A54814,green leeaf Mall,725,50,0.673
A54815,GREEN LEAF br.2,746,47,0.838
A54816,EL Green Leaf Branch 1,752,48,0.953
A54817,Green Leaf 011,754,46,0.677
A54818,PH Green Leaf Mall649,754,46,0.747
A54819,GREEN LEAF Main Road,770,45,0.622
A54820,PH Green Leaf 011,770,45,0.658
A54821,Ph/STAR CARE Main Road,703,39,0.83
A54822,Ph/star care 04,703,39,0.629
A54823,Star Care 011,718,49,0.776
A54824,el Star Care Branch 2,720,43,0.688
A54825,El-STAR CARE 04,731,38,0.839
A54826,El-star care 0499,746,48,0.689
A54827,star caer Mall446,746,48,0.901
A54828,PH Star Care Branch 1816,749,25,0.775
A54829,PH Star Care br.2,749,25,0.939
A54830,PY/star care (2),753,41,0.898
A54831,Star Care 04,768,50,0.945
A54832,el pharma plus maadi-A,730,52,0.949
A54833,El-pharma plus maadi Station St.,740,40,0.961
A54834,PH pahrma plus maadi Station St.,740,40,0.674
A54835,El-Pharma Plus Maadi Station St.,754,47,0.641
A54836,PY/pharma plus maadi Statoin St.,754,47,0.823
A54837,el Pharma Plus Maadi Station St.,756,48,0.971
A54838,Pharma Plus Maadi Mall,756,48,0.746
A54839,EL pharma plus maadi Branch 2,767,42,0.876
A54840,Ph/Sunrise Smouha-A,731,39,0.923
A54841,el SUNRISE SMOUHA,746,49,0.948
A54842,Sunrise Smoouha Branch 1796,746,49,0.75
A54843,PY/sunrise smouha,764,49,0.741
A54844,SUNRISE SMOUHA Station St.,766,41,0.91
A54845,Sunrise Smuha Mall,766,41,0.778
A54846,PY/Seha First Helwan 04,704,49,0.836
A54847,seha first helwan Main Road193,704,49,0.776
A54848,PY/seha first helwan 011,708,56,0.693
A54849,EL seha first helwan (2)722,711,42,0.65
A54850,SEHA FIRST HELWAN Station St.,711,42,0.962
A54851,EL Seha First Helwan 04359,732,48,0.703
A54852,seha first helwan br.2,732,48,0.641
A54853,Seha First Helwan Branch 170,742,46,0.904
A54854,El-Seha First Helwan,743,43,0.631
A54855,el seha first helwan Station St.,766,42,0.967
A54856,SHEA FIRST HELWAN Main Road783,768,51,0.948
A54857,PY/EBN SINA,743,44,0.721
A54858,PH Ebn Sina,743,44,0.754
A54859,PH Ebn Sina Branch 1,760,42,0.769
A54860,EBN SINA,760,42,0.638
A54861,el Ebn Sina,769,48,0.769
A54862,el Ebn Sina,769,48,0.766
A54863,el Star Care,702,44,0.749
A54864,El-star caree br.2,704,50,0.954
A54865,Ph/star care Main Road,718,50,0.831
A54866,Ph/Star Care-A80,721,55,0.695
A54867,Star Care Brranch 1,722,60,0.657
A54868,PH Star Care Branch 1880,722,60,0.846
A54869,El-star care 04,726,54,0.865
A54870,el star care 6th Zone,767,43,0.935
A54871,star care 6t hZone,767,43,0.969
A54872,PY/EBN SINA Mall,708,57,0.965
A54873,ELEBN SINA 04,708,57,0.805
A54874,PH Ebn ina (2),712,44,0.867
A54875,Ebn Sina Branch 2,717,55,0.738
A54876,ebn sina 011,728,47,0.968
A54877,PH EBN SINA-A,728,47,0.833
A54878,EBN SINA 04,754,48,0.808
A54879,Hope Station St.,702,45,0.696
A54880,Hope br.2,702,45,0.818
A54881,hope304,716,49,0.727
A54882,HPOE (2),716,49,0.946
A54883,Hope 6th Zone,719,48,0.854
A54884,Ph/HOPE 6th Zone,719,48,0.866
A54885,hope Branch 1420,751,36,0.901
A54886,Ph//Hope br.2,764,50,0.62
A54887,Misr Mntaza,707,49,0.786
A54888,PY/Misr Montaza 04473,707,49,0.758
A54889,PH MISR MONTAZA (2),712,45,0.769
A54890,EL Misr Montaza 6th Zone568,712,45,0.744
A54891,PY/MISR MONTAZA Branch 2,730,53,0.663
A54892,MISR MONTAZA,739,50,0.82
A54893,misr omntaza 011,739,50,0.777
A54894,EL Misr Montaza,742,47,0.792
A54895,PY/Misr Montaza 6th Zone,742,47,0.631
A54896,PH Sunrise Haram br.2207,715,46,0.983
A54897,el SUNRISE HARAMBranch 2,745,45,0.954
A54898,sunrise haram384,747,43,0.687
A54899,SUNRISE HARAM (2),747,43,0.695
A54900,PY/Sunrise Haram Branch 2,751,37,0.679
A54901,PY/SUNRISE HARAM,751,37,0.639
A54902,EL Sunrise Haram,766,43,0.938
A54903,sunrise haram,770,46,0.834
A54904,PH Sunirse Haram-A,770,46,0.705
A54905,PY/silver care br.2,701,46,0.71
A54906,SILVER CARE 04,701,46,0.785
A54907,SLIVER CARE 04962,723,48,0.797
A54908,EL silver care Station St.116,723,48,0.797
A54909,Silver Care 011,747,44,0.725
A54910,PY/iSlver Care,747,44,0.994
A54911,PY/Silver Care 2),764,51,0.841
A54912,PH SILVER CARE Branch 1,765,35,0.957
A54913,Ph/silver care Station St.,766,44,0.711
A54914,PH Silver Care Main Road,766,44,0.834
A54915,al amal maadi 04307,703,40,0.714
A54916,el Al Amal Maadi-A,703,40,0.845
A54917,PY/Al Amal Maadi Mall,704,51,0.923
A54918,AL AMAL MAADI Braanch 2,754,49,0.741
A54919,PH Al Amal Maadi (2),754,49,0.96
A54920,PH AL AMAL MAADI Branch 1,756,49,0.935
A54921,PYA/l Amal Maadi Branch 2,761,40,0.958
A54922,El-Al Amal Maadi Branch 1,761,40,0.796
A54923,PH HEALTH GATE BANHA (2),734,39,0.745
A54924,Health Gate Banha Station St.,734,39,0.905
A54925,PH HEALTH GATE BANHA Branch 1,736,45,0.904
A54926,Health Gate Banh a04,736,45,0.848
A54927,Health Gate Banha Branch 1,743,45,0.705
A54928,Ph/Health Gate Banha 6th Zone,744,45,0.722
A54929,El-Health Gate Banha-A,744,45,0.675
A54930,El Baraak Helwan br.2,734,40,0.977
A54931,El Baraka Helwan Station St.298,744,46,0.684
A54932,PY/el baraka heelwan (2),747,45,0.854
A54933,EL BARAKA HELWAN 011178,747,45,0.683
A54934,el El Baraka Helwan Mall,749,26,0.955
A54935,El Baraka Helwan 04,760,43,0.903
A54936,El-EL BARKAA HELWAN 011,763,50,0.965
A54937,EL el baraka helwan Branch 2380,766,45,0.812
A54938,EL BARAKA HELWAN,766,45,0.841
A54939,El-EL FARABY MAADI,704,52,0.911
A54940,el El Faraby Maadi 6th Zone701,704,52,0.695
A54941,EL El Faraby Maadi 04,711,43,0.782
A54942,El-el faraby maadi 04,711,43,0.787
A54943,PY/El Faraby Maadi-A,716,50,0.823
A54944,EL El Faraby Maadi Main Road,716,50,0.8
A54945,PYE/L FARABY MAADI,767,44,0.79
A54946,El--SEHA FIRST,700,52,0.658
A54947,SEHA FIRST,710,53,0.808
A54948,Seha First,718,51,0.736
A54949,Seha First Mall,718,51,0.944
A54950,PY/Seha First br.2,728,48,0.742
A54951,El-SEHAA FIRST Mall,729,45,0.885
A54952,SEHA FIRST,729,45,0.859
A54953,El-sseha first434,751,38,0.76
A54954,PY/Al Amal Imbaba-A,722,61,0.777
A54955,El-Al Amal Imbaba,725,51,0.932
A54956,AL AMAL IMBABA-A,729,46,0.87
A54957,PY/al amal imbaba Stationn St.,747,46,0.939
A54958,Al Amal Imbaba (2)931,756,50,0.914
A54959,PH Health Gate Banha Mall,730,54,0.659
A54960,PY/Health Gate Banha 04,730,54,0.704
A54961,EL Health Gate Banha Main Road55,757,47,0.874
A54962,HEALTH GATE BANHA-A921,761,41,0.7
A54963,PH health gaate banha-A,761,41,0.861
A54964,PY/Health Gate Banha Main Road520,765,36,0.858
A54965,health gate banha (2),765,36,0.897
A54966,PH el hokama Branch 1,708,58,0.871
A54967,EL El Hokama Station St.,718,52,0.915
A54968,EL EL HOKAMA Main Road927,718,52,0.766
A54969,Ph/El Hokama,749,27,0.719
A54970,El-El Hokama br.2,749,27,0.869
A54971,EL EL HOOKAMA Branch 1,769,49,0.72
A54972,El Hokama Branch 1806,769,49,0.699
A54973,angel maadi,702,46,0.923
A54974,El-ANGEL MAADI,702,46,0.93
A54975,EL angel maadi br.2587,711,44,0.854
A54976,El-ANGEL MAADI 011,718,53,0.664
A54977,PH Angel Maadi Main Road,718,53,0.917
A54978,EL Angel Maadi 04,737,49,0.634
A54979,el Angel aadi Mall,754,50,0.655
A54980,El-El Nasr 6th Zone,704,53,0.662
A54981,EL NARS Station St.277,704,53,0.8
A54982,EL NASR Station St.817,706,32,0.864
A54983,Ph/E Nasr Branch 1,706,32,0.886
A54984,PY/el nasr Station St.,739,51,0.951
A54985,PY/El Nasr Station St.995,741,52,0.687
A54986,PY/Seha First Maadi,724,42,0.716
A54987,seha first maadi Branch 1,729,47,0.921
A54988,PH Seha First Maadi-A943,729,47,0.734
A54989,seha first maadi (2),740,41,0.837
A54990,SEHA FIRST MAADI-A,740,41,0.73
A54991,PY/SEHA FIRST MAADI 04,741,53,0.955
A54992,El-Sha First Maadi Mall479,741,53,0.786
A54993,Ph/seha first maadi,747,47,0.871
A54994,seha fiirst maadi br.2,747,47,0.74
A54995,star care 011,705,52,0.954
A54996,PY/Star Care,724,43,0.627
A54997,Ph/Star Care 011,729,48,0.883
A54998,Sta rCare,750,45,0.635
A54999,EL Silver Car eBranch 1,715,47,0.787
A55000,EL Silver Care,715,47,0.904
A55001,silver care br.2,733,42,0.628
A55002,Slver Care (2),741,54,0.705
A55003,silver care,741,54,0.864
A55004,Silver Care Main Road,746,50,0.648
A55005,Better Life Obour Main Road165,705,53,0.782
A55006,Better Life Obour br.2,705,53,0.668
A55007,Better Life Obour br.2,718,54,0.708
A55008,El-better life obour-A,718,54,0.83
A55009,Better Life Obour,721,56,0.799
A55010,El-Better Life Obour (2)589,721,56,0.86
A55011,El-better life obour (2),755,49,0.826
A55012,Better Life Obou rMall,755,49,0.79
A55013,PH better life obour rBanch 2,761,42,0.691
A55014,MISR OCT CITY,700,53,0.677
A55015,Misr Oct City,700,53,0.638
A55016,misr oct city Main Road,733,43,0.924
A55017,misr oct city-A,735,43,0.975
A55018,PH misr oct city-A,735,43,0.71
A55019,MISR OCT CITY,738,51,0.651
A55020,PH Misr Oct City Mall,739,52,0.841
A55021,PH Misr Oct City 04,758,49,0.899
A55022,PY/Pharma Plus Maadi,716,51,0.725
A55023,El-PHARMA PLUS MAADI Branch 2,716,51,0.787
A55024,el Pharma Plus Maadi 04,720,44,0.998
A55025,EL pharma plus maadi br.2956,728,49,0.623
A55026,PY/pharma plus maadi (2),731,40,0.812
A55027,Pharma Plus Maadi 011,731,40,0.73
A55028,PY/pharma plus maadi,737,50,0.969
A55029,EL Phaarma Plus Maadi Branch 1,743,46,0.83
A55030,PH Pharma Plus Maadi (2),745,46,0.891
A55031,PH PHARAM PLUS MAADI Station St.,745,46,0.741
A55032,PY/Pharma lus Maadi Branch 2,770,47,0.946
A55033,Ph/Al Nozha br.2,705,54,0.923
A55034,el AL NOZHA 011587,705,54,0.737
A55035,Al Nozha 04,706,33,0.754
A55036,El-Al Nozha Branch 2,750,46,0.741
A55037,Ph/Al Nozha (2)319,769,50,0.972
A55038,al nozha Main Raod,769,50,0.845
A55039,Dr Medhat,700,54,0.949
A55040,Ph/Dr Mehat-A,700,54,0.998
A55041,el Dr Medhat-A,719,49,0.622
A55042,Ph/Dr Medhat (2),726,55,0.856
A55043,DR MEDHAT 6th Zone,734,41,0.837
A55044,DR MEDHAT 0433,745,47,0.747
A55045,Dr Medhat Main Road,747,48,0.673
A55046,E DR MEDHAT,747,48,0.804
A55047,DR MEDHAT681,762,59,0.681
A55048,dr medhat 6th Zone,763,51,0.658
A55049,el dr medhat br.2998,763,51,0.821
A55050,EL ZAHRAA OBOUR 011,700,55,0.661
A55051,Ph/El Zahraa Obour436,705,55,0.914
A55052,EL EL ZAHRAA OOBUR Branch 1,722,62,0.802
A55053,Ph/El Zahraa Obour 011,726,56,0.783
A55054,El-SEHA FIRST Branch 1,708,59,0.747
A55055,PY/seha first682,708,59,0.673
A55056,El-Seha First Mall,721,57,0.651
A55057,Seha First aMin Road806,724,44,0.803
A55058,SEHA FIRST Mall,724,44,0.634
A55059,PY/seha first Station St.157,734,42,0.879
A55060,Seha First Branch 2,739,53,0.887
A55061,PH Seha First Branch 285,739,53,0.709
A55062,seha first Branch 2,749,28,0.832
A55063,EL Seha First br.2107,759,51,0.969
A55064,el GREEN LEAF DOKKI-A720,701,47,0.958
A55065,PY/GREEN LEAF DOKKI 04,715,48,0.71
A55066,el Green Leaf Dokki br.2,738,52,0.827
A55067,Green Leaf Dokki Branch 2,750,47,0.678
A55068,EL Green Leaf Dokki br.2,761,43,0.675
A55069,PH Green Leaf Dokki465,764,52,0.987
A55070,PH Green Leaf Dokki Mall,765,37,0.689
A55071,elite Main Road,714,47,0.631
A55072,PY/Elite Branch 1,714,47,0.83
A55073,El-elite 6th ZZone,723,49,0.914
A55074,PY/ELITE 011,734,43,0.859
A55075,PY/ELITE-A,738,53,0.818
A55076,EL ELITE Station St.,738,53,0.889
A55077,Elite Main Road,742,48,0.651
A55078,PY/elite 6th Zone,742,48,0.825
A55079,PH lEite Main Road,745,48,0.853
A55080,PH Elite 04,758,50,0.991
A55081,el el hokama agami-A186,705,56,0.745
A55082,EL HOKAMA AGAMI-A,705,56,0.792
A55083,El Hokama Agami Main Road,728,50,0.723
A55084,El-El Hokama Agami Branch 2,730,55,0.919
A55085,El Hokama Agami br.2,732,49,0.752
A55086,ElHokama Agami Mall,732,49,0.64
A55087,El Hokama Agami Branch 2,744,47,0.985
A55088,EL HOKAMA AGAMI Mall,744,47,0.809
A55089,el hokama agami Branch 2,747,49,0.637
A55090,el EL HOKAMA AGAMI,747,49,0.714
A55091,PH omega (2),717,56,0.692
A55092,El-omega 04,731,41,0.961
A55093,Ph/OMEGA br.2,731,41,0.697
A55094,omega (2),739,54,0.663
A55095,PH Omega Mall,739,54,0.948
A55096,EL Omega,745,49,0.841
A55097,EL Omega 04,745,49,0.693
A55098,El-Omega,754,51,0.699
A55099,E omega Mall,754,51,0.972
A55100,PY/salamtek maadi 04742,701,48,0.975
A55101,EL Salamtek Maadi (2),701,48,0.625
A55102,Ph/Salamtek Maadi,716,52,0.825
A55103,Salamtek Maadi Branch 2,716,52,0.911
A55104,EL SALAMTEK MAADI,723,50,0.644
A55105,Salamtek aMadi Branch 2,728,51,0.682
A55106,El-Salamtek Maadi Branch 2,730,56,0.833
A55107,SLAMTEK MAADI 6th Zone,730,56,0.966
A55108,el SALAMTEK MAADI,732,50,0.731
A55109,Salamtek Maadi 04,738,54,0.885
A55110,salamtek maadi 011,757,48,0.706
A55111,el Salamtek Maadi Branch 2467,757,48,0.915
A55112,seha first maadi-A692,704,54,0.874
A55113,Ph/seha first maadi,706,34,0.996
A55114,Seha First Maadi Branch 2,706,34,0.806
A55115,Seha First Maadi br.2,729,49,0.692
A55116,Ph/Seha First Maadi 6th Zone,729,49,0.924
A55117,el Seha FirstMaadi 011,744,48,0.699
A55118,el Seha First Maadi635,744,48,0.923
A55119,PH Seha FirstMaadi Mall,754,52,0.891
A55120,PY/Seeha First Maadi Station St.188,767,45,0.911
A55121,El Nsar br.2,736,46,0.91
A55122,EL NASR Branch 2,741,55,0.901
A55123,PY/El Nasr 6th Zone,758,51,0.677
A55124,EL NASR Branch 2,758,51,0.639
A55125,el El Nasr 04,762,60,0.98
A55126,Ph/el nasr,762,60,0.917
A55127,al nozha Mall585,708,60,0.627
A55128,al nozha 6th Zone,708,60,0.646
A55129,el al nozha,719,50,0.662
A55130,Ph/AL NOZHA 011746,719,50,0.665
A55131,Ph/al nozha br.2,720,45,0.9
A55132,PH al nozha,720,45,0.91
A55133,AL NOZHA,722,63,0.726
A55134,AL NOHZA,737,51,0.759
A55135,PH AL NOZHA 04,737,51,0.71
A55136,El-AL NOZHA 011,751,39,0.761
A55137,el AL NOZHA Branch 1,751,39,0.625
A55138,EL AL NOZHA Branch 1,762,61,0.817
A55139,el AL NOZHA 04143,766,46,0.683
A55140,El Baraka Maadi Main Road,710,54,0.79
A55141,PY/el baraka maadi,714,48,0.699
A55142,EL EL BARAKA MAADI Branch 2,714,48,0.743
A55143,PH EEl Baraka Maadi Main Road369,718,55,0.741
A55144,El Baraka Maadi Station St.,718,55,0.938
A55145,El Baraka Maadi br.2,737,52,0.858
A55146,PY/El Baraka Maadi,741,56,0.654
A55147,el el baraka maadi Mall135,741,56,0.732
A55148,El Baraka Maadi,756,51,0.751
A55149,EL El Baraka Maadi Main Road,757,49,0.935
A55150,Ph/El BarakaMaadi 6th Zone,757,49,0.901
A55151,METRO REHAB VIEW,703,41,0.99
A55152,PY/Metro Rehab View-A,713,33,0.84
A55153,el metro rehab view,716,53,0.763
A55154,Ph/Metro Rehab Viwe Main Road,716,53,0.879
A55155,METRO REHAB VIEW Main Road,745,50,0.993
A55156,PH METRO REHAB VIEW br.2,756,52,0.773
A55157,Metro Rehab View (2),756,52,0.835
A55158,EL metro rehab vieew 6th Zone,757,50,0.938
A55159,el Metro Rehab View-A446,757,50,0.864
A55160,El-METRO REHAB VIEW Mall,759,52,0.836
A55161,EL Metro Rehab View,759,52,0.901
A55162,Seha First Maadi,710,55,0.883
A55163,seha first maadi Branch 1,741,57,0.881
A55164,El-Seha First Maadi Branch 1586,741,57,0.872
A55165,PH SEHA FIRST MAADI Branch 2,743,47,0.634
A55166,Seha First Maadi Branch 2709,743,47,0.683
A55167,Seha First Maadi 6th Zone,754,53,0.919
A55168,PY/Seha First Maadi Mall,754,53,0.854
A55169,PH Seha First Maadi Mall,757,51,0.997
A55170,PH seha first maadi,761,44,0.726
A55171,seha first maadi 6th Zone,761,44,0.927
A55172,PY/Seha FFirst Maadi (2),769,51,0.742
A55173,Ph/seha first maadi Station St.,769,51,0.987
A55174,PH City Care Haram Branch 1,702,47,0.621
A55175,Ph/CITY CARE HARAM Station St.,717,57,0.657
A55176,PY/CITY CARE HARAM,720,46,0.787
A55177,Ph/City Care Haram766,720,46,0.981
A55178,city care haram Main Road,725,52,0.744
A55179,Ph/City Care Haram Main Road,729,50,0.839
A55180,CITY CARE HARAM br.2,729,50,0.893
A55181,el City Care Haram Statio St.644,736,47,0.742
A55182,PH City Care Haram 6th Zone,752,49,0.958
A55183,PH CITY CARE HARAM Branch 1,766,47,0.642
A55184,CITY CARRE HARAM Main Road,766,47,0.902
A55185,EL Health Gate Maadi Branch 2,709,37,0.848
A55186,Ph/Health Gate Maadi,716,54,0.938
A55187,Health Gate Maadi,725,53,0.621
A55188,PY/health gate maadi-A,725,53,0.8
A55189,EL HEALTH GATE MAADI br.2,738,55,0.628
A55190,health gate maadi349,762,62,0.864
A55191,El Faraby Oct City Main Road217,712,46,0.927
A55192,EL FARABY OCT CITY br.2,713,34,0.838
A55193,El Faraby Oct City 6th Zone,713,34,0.978
A55194,El Faraby Oct City-A,732,51,0.974
A55195,PH el faraby oct city br.2450,732,51,0.652
A55196,Ph/El Faraby Oct City 6th Zone104,741,58,0.653
A55197,el el faraby oct city-A,741,58,0.702
A55198,El Faraby Oct City br.2784,748,55,0.677
A55199,El-EL FARABY OCT CITY Station St.,748,55,0.923
A55200,Ph/El Faraby Oct CCity 04476,753,42,0.782
A55201,Ph/Angel-A,710,56,0.778
A55202,Angel529,721,58,0.915
A55203,PH Angel,753,43,0.944
A55204,EL angel Station St.,761,45,0.796
A55205,PH angel,764,53,0.778
A55206,PY/ANNGEL br.2,767,46,0.724
A55207,ANGEL 04,767,46,0.693
A55208,El-Seha First,703,42,0.894
A55209,Seha First 011,726,57,0.786
A55210,PH SEHA FIRST,736,48,0.779
A55211,el Seha First (2),746,51,0.841
A55212,Seha First Branch 2,760,44,0.855
A55213,EL PHARMA PULS MAADI 6th Zone39,701,49,0.804
A55214,pharma plus maadi th Zone,701,49,0.888
A55215,El-Pharma Plus Maadi,706,35,0.997
A55216,el Pharma Plus Maadi br.2,716,55,0.704
A55217,el Pharma Plus Maadi,725,54,0.775
A55218,PH pharma plus maadi 6th Zone801,728,52,0.88
A55219,Pharma Plus Maadi Branch 2,734,44,0.652
A55220,PY/Pharma Plus Maadi 04215,742,49,0.979
A55221,Ph/FAMILY MONTAZA,719,51,0.628
A55222,EL FAMILY MONTAZA br.2,727,45,0.93
A55223,el Family Montaza 04675,732,52,0.918
A55224,El-Family Montaza-A,739,55,0.778
A55225,Familyy Montaza 011,739,55,0.678
A55226,El-family montaza Main Road,745,51,0.788
A55227,El-family montaza Main Rad,745,51,0.638
A55228,Family Montaza,752,50,0.736
A55229,EL Family Montaza 6th Zone,754,54,0.815
A55230,EL Family Montaza Mall,769,52,0.82
A55231,el Family Montaza (2)860,769,52,0.986
A55232,Union Pharm389,720,47,0.797
A55233,Ph/Union Pharm Mall,730,57,0.854
A55234,El-UNION PHARM Branch 1,730,57,0.76
A55235,PY/UNION PHARM 011,731,42,0.923
A55236,Unionn Pharm Mall,735,44,0.739
A55237,UNION PHARM 6th Zone,748,56,0.805
A55238,El-union pharm Mall,748,56,0.822
A55239,PY/Union Pharm (2)781,766,48,0.724
A55240,UNION PHARMM-A,766,48,0.729
A55241,PY/unionp harm-A,768,52,0.923
A55242,PY/UNION PHARM BANHA (2),705,57,0.956
A55243,EL union pharm banha Mall,733,44,0.699
A55244,PY/UNION PHARM BANHA 011,733,44,0.635
A55245,Ph/union pharm banha-A514,739,56,0.718
A55246,Union Pharm Banha,758,52,0.762
A55247,PH union pharm banha Branch 1,759,53,0.671
A55248,EL Misr Maadi 6th Zone,719,52,0.969
A55249,El-Misr Maadi,719,52,0.744
A55250,EL misr maadi Branch 2,749,29,0.828
A55251,el Msir Maadi 011,756,53,0.716
A55252,EL BARAKA MAADI 011,715,49,0.997
A55253,PY/El Baraka Maadi Branch 2,715,49,0.932
A55254,EL BARAKA MAADI Station St.,733,45,0.722
A55255,El-El Baraka Maadi 0467,733,45,0.994
A55256,EL BARAKA MAADIStation St.,738,56,0.963
A55257,EL City Care Maadi Station St.,705,58,0.954
A55258,city care maadi Station St.,711,45,0.838
A55259,City Care Maadi,721,59,0.647
A55260,CITY CARE MAADI StationS t.,724,45,0.714
A55261,PH cit care maadi,733,46,0.99
A55262,El-City Care Maaadi Mall,751,40,0.771
A55263,PH City Care Maadi,764,54,0.932
A55264,city care madai br.2,768,53,0.621
A55265,PH City Care Maadi-A,768,53,0.998
A55266,EL Salamtek Obour-A,714,49,0.824
A55267,PH Salamtek Obour 04,724,46,0.739
A55268,PH SALAMTEK OBOUR-A,724,46,0.871
A55269,EL Salamtek Obour,731,43,0.876
A55270,SALAMTEK OBOUR 6th Zone,731,43,0.76
A55271,PY/Salamtek Obour Branch 2,737,53,0.72
A55272,Ph/SALAMTEK OBOUR Branch 2,761,46,0.811
A55273,salamtek obour br.2,762,63,0.773
A55274,El-metro maadi-A,702,48,0.949
A55275,Metro Maadi 011,702,48,0.677
A55276,PH Meto Maadi Branch 1,711,46,0.752
A55277,METRO MAADI Main Road,711,46,0.87
A55278,EL METOR MAADI,714,50,0.795
A55279,EL EBN SINA SMOUHA Branch 2,735,45,0.898
A55280,PY/ebn sina smouha (2)224,748,57,0.879
A55281,ebn sina smouha 6th Zone,748,57,0.666
A55282,ebn sina smouha Main Road,751,41,0.655
A55283,El-Ebn Sina Smouha Branch 1,751,41,0.732
A55284,El-Ebn Sina Smouha Mall,759,54,0.894
A55285,EL Ebn Sina Smouha 6th Zone,759,54,0.817
A55286,el Ebn Sina Smouha 6th Zone,766,49,0.785
A55287,PY/Green Leaf Maai br.2,701,50,0.886
A55288,Green Leaf Maadi,708,61,0.679
A55289,EL GGreen Leaf Maadi br.2795,708,61,0.891
A55290,Green Leaf Maadi,722,64,0.948
A55291,PY/Green Leaf Maadi,734,45,0.958
A55292,EL Green Leaf Maadi,734,45,0.834
A55293,PY/geen leaf maadi,736,49,0.777
A55294,Ph/green leaf maadi,766,50,0.745
A55295,PY/Green Leaf Maadi,766,50,0.976
A55296,Green Leaf Maadi957,767,47,0.87
A55297,el green leaf madai Mall,767,47,0.688
A55298,el Seha First Nozha756,714,51,0.677
A55299,PY/SEHA FIRST NOZHA Station St.,724,47,0.716
A55300,El-SEHA FIRST NOZHA Branch 1,732,53,0.633
A55301,PY/seha first nozha Main Road,732,53,0.668
A55302,SEHA FIRST NNOZHA Mall,738,57,0.81
A55303,el Seha Firstt Nozha Branch 1,749,30,0.736
A55304,el Seha First Nozha 011,768,54,0.744
A55305,PH CITY CARE,701,51,0.825
A55306,El-City Crae,718,56,0.868
A55307,EL city care (2)809,718,56,0.892
A55308,PY/City Care Station St.,721,60,0.697
A55309,CITY CARE,723,51,0.926
A55310,PH City Care 011,723,51,0.772
A55311,city care,727,46,0.642
A55312,EL CCity Care 04,727,46,0.84
A55313,PY/CITY CAR 04,766,51,0.898
A55314,el City Care 011,766,51,0.95
A55315,EL LIFE LINE FAISAL,721,61,0.782
A55316,PY/life line faisal 6th Zone,741,59,0.634
A55317,PH life line faisal Main Road,741,59,0.748
A55318,Life Line Faisal-A,744,49,0.847
A55319,PH Life Line Faisal Branch 2,744,49,0.723
A55320,PY/life line faisal Station St.904,754,55,0.955
A55321,Life Linne Faisal (2),754,55,0.901
A55322,PY/life line faisal-A,755,50,0.776
A55323,El-LIFE LINE FAISAL Mall,755,50,0.753
A55324,Saalamtek Maadi,703,43,0.782
A55325,EL Salamtek Maadi br.2,738,58,0.895
A55326,PH SALAMTEK MAADI Mall,764,55,0.747
A55327,salamtek maadi-A,764,55,0.906
A55328,PY/Salamtek Maadi br.2,768,55,0.959
A55329,el El Tourath Helwan,720,48,0.88
A55330,el tourath helwan Branch 1,720,48,0.963
A55331,el tourath helwan Mall,724,48,0.631
A55332,PY/El Tourath Helwan,724,48,0.652
A55333,El Tourath Helwan 011408,732,54,0.768
A55334,PH EL TOURATH HELWAN Station St.,740,42,0.777
A55335,El Tourath Helwan Branch 1,740,42,0.893
A55336,El-EL TOURATH HELWAN-A,746,52,0.637
A55337,EL TOURATH HELWAN 6th Zone,746,52,0.642
A55338,El Tourath Helwan113,764,56,0.721
A55339,El Baraka MaadiStation St.,719,53,0.76
A55340,Ph/EL BARAKA MAADI 011,721,62,0.854
A55341,el baraka maadi Branch 1568,721,62,0.923
A55342,El-el baraa maadi 6th Zone,739,57,0.753
A55343,PH el baraka maadi,739,57,0.923
A55344,PY/better life,748,58,0.836
A55345,Ph/BETTER LIFE,748,58,0.996
A55346,EL better life 6th Zone,754,56,0.709
A55347,El-Better Life 01137,760,45,0.983
A55348,Ph/Better Life Branch 2,762,64,0.929
A55349,el Better Life 011,766,52,0.652
A55350,EL BETTER LIFE376,767,48,0.675
A55351,El-Better Lie Main Road,767,48,0.862
A55352,PH EL ARABY ZAYED,703,44,0.838
A55353,El Faraby Zayed Main Road,712,47,0.754
A55354,EL el faraby zayyed br.229,712,47,0.8
A55355,El-El Faraby Zayed 011164,732,55,0.913
A55356,El Faraby Zayed Main Road,732,55,0.724
A55357,Ph/EL FARABY ZAYED 04,754,57,0.905
A55358,Omega Agami Main Road,721,63,0.835
A55359,PY/omega agami 6th Zone,721,63,0.678
A55360,omega agami-A,731,44,0.985
A55361,El-Omega Agami br.2,746,53,0.683
A55362,Omega Agami Branch 1,746,53,0.746
A55363,Ph//OMEGA AGAMI (2),756,54,0.624
A55364,PH Omega Agami 011,756,54,0.971
A55365,EL Omega Agami Branch 1945,759,55,0.93
A55366,Omega Agami,759,55,0.658
A55367,PH EL HOKAMA 011,708,62,0.733
A55368,el hokama 011519,708,62,0.876
A55369,el El Hokama br.2,734,46,0.63
A55370,ElH okama Main Road,735,46,0.935
A55371,EL El Hokama 04,735,46,0.935
A55372,El Hokama,758,53,0.863
A55373,PH El Hokama88,758,53,0.91
A55374,PY/Dr MedhatS quare 011,711,47,0.785
A55375,Dr Medhat Square,717,58,0.814
A55376,PY/Dr Medhat Square 6th Zone,722,65,0.632
A55377,el dr medhat squaer-A,726,58,0.687
A55378,Dr Medhat Square Mall678,726,58,0.888
A55379,EL Dr Medhat Square Mall,766,53,0.896
A55380,El-SEHA FISRT Branch 2,701,52,0.972
A55381,Seha First Station tS.44,701,52,0.848
A55382,El-SEHA FIRST-A,723,52,0.656
A55383,seha first 6th Zne,724,49,0.931
A55384,el Seha Fiirst 04,736,50,0.725
A55385,Ph/SEHA FIRST (2),759,56,0.689
A55386,El Baraka (2),728,53,0.922
A55387,El araka,728,53,0.807
A55388,El-El Baraka960,742,50,0.771
A55389,PY/EL BRAKA,742,50,0.942
A55390,El-EL BARAKA 011,748,59,0.997
A55391,El-El Baraka (2),753,44,0.891
A55392,Ph/el baraka Main Road,756,55,0.644
A55393,El Baraka Main Road,761,47,0.645
A55394,el baraka,761,47,0.887
A55395,el baraka (2),762,65,0.814
A55396,El Baraka 011,762,65,0.975
A55397,el faraby maadi Mall,701,53,0.931
A55398,el faraby maadi Branch 1,701,53,0.903
A55399,EL El Faraby Maadi-A,703,45,0.948
A55400,PH el faraby maadi Brancch 2,725,55,0.915
A55401,Ph/el faraby maadi br.2,725,55,0.625
A55402,Ph/EL FARABY MAADI Branch 1,766,54,0.923
A55403,mira 011,710,57,0.817
A55404,Ph/Mira Station St.,710,57,0.792
A55405,PH mira Main Road,718,57,0.819
A55406,MIRA 04754,718,57,0.956
A55407,mira-A426,721,64,0.967
A55408,PH ira 04,721,64,0.756
A55409,mira 6th Zone,766,55,0.777
A55410,El-mira (2),766,55,0.716
A55411,PY/Mira Branch 1,768,56,0.833
A55412,Mira Mall,768,56,0.894
A55413,PY/Mira-A,769,53,0.713
A55414,Ph/Mira Station St.,769,53,0.998
A55415,El-BLUE WAVE 011,700,56,0.71
A55416,PH Blue Wave Station St.,700,56,0.926
A55417,Ph/Blue Wave,710,58,0.683
A55418,El-Blue Wave Main Road,743,48,0.833
A55419,EL Blue Wave Mall,743,48,0.628
A55420,PY/family montaza Branch 1,712,48,0.639
A55421,PY/family montaza-A,712,48,0.913
A55422,PH FAMILY MONTAZA,722,66,0.767
A55423,El-FAMILY MONTAZA Main Road,722,66,0.891
A55424,el family montaza Branch 1,723,53,0.792
A55425,GOLLDEN CARE ZAYED br.2,703,46,0.674
A55426,Ph/Golden Care Zayed Branch 2246,740,43,0.886
A55427,PH golden caare zayed Mall738,756,56,0.711
A55428,Ph/GOLDEN CARE ZAYED,756,56,0.651
A55429,El-GOLDEN CARE ZAYED Branch 1,763,52,0.862
A55430,golden care zayed Branch 1,768,57,0.635
A55431,Ph/Golden Care Zayed726,768,57,0.627
A55432,EL Dr Medhat Mokattam348,701,54,0.647
A55433,PH Dr Mdhat Mokattam (2),701,54,0.688
A55434,el Dr Medhat Mokattaam (2),735,47,0.942
A55435,El-Dr Medhat Mokattam Mall,758,54,0.74
A55436,Ph/Dr Medhat Mokattam,758,54,0.941
A55437,el LIFE LINE 04,703,47,0.804
A55438,EL Life Line Station St.,703,47,0.692
A55439,el Life Line 011,706,36,0.744
A55440,Life Line,727,47,0.983
A55441,Ph/life line,729,51,0.742
A55442,el life linne Station St.326,729,51,0.789
A55443,PY/LIFE LINE Branch 1,746,54,0.867
A55444,Life Line Main Road12,746,54,0.925
A55445,PH LLife Line,755,51,0.97
A55446,lif line 6th Zone985,768,58,0.9
A55447,PY/Dr Medhat Mall,716,56,0.8
A55448,PY/Dr Medhat954,722,67,0.648
A55449,El-dr medhat (2)918,730,58,0.938
A55450,El-dr medhat 011,730,58,0.954
A55451,Ph/Dr Medhat Branch 2,734,47,0.746
A55452,el dr medhat br.2,734,47,0.766
A55453,Ph/Dr Medhat,743,49,0.779
A55454,Dr Mehat (2),765,38,0.981
A55455,EL Better Life Square 04,705,59,0.992
A55456,better life square 011,743,50,0.968
A55457,Better Life Square (2),758,55,0.739
A55458,BETTER LIFE SQUARE Mall,765,39,0.78
A55459,EL Union Pharm Bannha Branch 2857,704,55,0.969
A55460,El-Union Pharm Banha,711,48,0.821
A55461,el union pharm banha-A,711,48,0.99
A55462,PY/Union Pharm Bahna Main Road,736,51,0.65
A55463,Ph/Union Pharm Banha 011,761,48,0.821
A55464,PY/omega mokattam Station St.,703,48,0.994
A55465,el omega mokattam,743,51,0.838
A55466,El-Omega Mokattam Main Road,754,58,0.791
A55467,El-Omega Mokattam-A,754,58,0.923
A55468,El-SUNRISE MOOKATTAM 04,711,49,0.994
A55469,El-SUNRISE MOKATTTAM Station St.14,737,54,0.863
A55470,PH Sunrise Mokattam,737,54,0.755
A55471,El-Sunrise Mokattam Station St.,740,44,0.846
A55472,SUNRISE MOKATTAM Branch 1,744,50,0.846
A55473,PY/sunrise mokattam (2)248,744,50,0.994
A55474,City Care Obour,722,68,0.673
A55475,City Care Obour (2),722,68,0.741
A55476,el cityy care obour Branch 1,758,56,0.944
A55477,city care obour 04160,758,56,0.864
A55478,PY/CITY CARE OBOUR Branch 2,769,54,0.952
A55479,PY/EL FARABY NOZHA (2)357,736,52,0.841
A55480,Ph/el faraby nozha 04,736,52,0.861
A55481,PH el faraby nozha br.2,742,51,0.718
A55482,Ph/El Faraby Nozha,742,51,0.629
A55483,EL FARABY NOZHA Branch 1,743,52,0.664
A55484,El-El Faraby Nozha,754,59,0.798
A55485,EL FARABY NOZHA (2),754,59,0.668
A55486,EL FARABY NOZHA Mall347,758,57,0.631
A55487,Ph/El Faraby Nozha 6th Zone,758,57,0.865
A55488,El-Angel Nozha 04,716,57,0.998
A55489,angel nozha 6th Zone,716,57,0.943
A55490,Ph/Angel Nozha Branch 1,723,54,0.933
A55491,angel nozha Branch 1903,726,59,0.631
A55492,PY/ANGEL NOZHA Branch 2,730,59,0.841
A55493,PH Angel Nozha Main Road351,730,59,0.933
A55494,El-Angel Noha 011,733,47,0.873
A55495,angel nozha 011,745,52,0.765
A55496,Angel Nozha Mall,749,31,0.706
A55497,Hope Nozha Main Road,707,50,0.931
A55498,Hope Nozha Main Road,724,50,0.757
A55499,Ph/Hope Nozha 011,725,56,0.623
A55500,EL Hope Nozha 6th Zone,744,51,0.768
A55501,hope nozha (2),752,51,0.849
A55502,HOPE NOZHA 6th Zone,752,51,0.703
A55503,Hope Nozha 6th Zone,753,45,0.969
A55504,hope nozha Branch 1,753,45,0.809
A55505,El-Hope Nozha Mall,756,57,0.984
A55506,HOPE NOZHA,759,57,0.894
A55507,PY/oHpe Nozha Branch 2,759,57,0.756
A55508,El-silver care square 6th Zone,718,58,0.949
A55509,EL Silver CareSquare,718,58,0.923
A55510,Ph/Silver Care Square 04,721,65,0.87
A55511,Ph/Silver Care Square Station St.,722,69,0.697
A55512,silver care square372,735,48,0.748
A55513,SILVER CARE SQUARE Station St.,735,48,0.775
A55514,Silver Care Square-A154,739,58,0.887
A55515,el Silver Care Square-A,739,58,0.695
A55516,Silver Care Square 04,742,52,0.628
A55517,PH Silver Care Square (2),742,52,0.758
A55518,PH Silver Care Sqare Branch 2,767,49,0.997
A55519,El-silver care square Branch 1,767,49,0.672
A55520,el ilver Care Square Station St.,770,48,0.737
A55521,SILVER CARE QSUARE 6th Zone,770,48,0.667
A55522,Ph/ELITE AGAMI 6th Zone,719,54,0.801
A55523,elite agam-iA,719,54,0.776
A55524,PH ELITE AGAMMI-A,724,51,0.892
A55525,PY/Elite Agami-A,740,45,0.636
A55526,EL Elite Agami Branch 1,742,53,0.724
A55527,Dr Medhat Bnha,701,55,0.774
A55528,dr medhat banha Branch 1460,710,59,0.939
A55529,dr medhat banha Main Road,712,49,0.91
A55530,Dr Medhat Banha Main Road,722,70,0.933
A55531,el Dr Medhat Banha br.2,722,70,0.881
A55532,PY/Dr Medhat Banha588,753,46,0.991
A55533,el dr medhat banha Branch 2,753,46,0.722
A55534,Dr Medhat Banha Mall699,758,58,0.642
A55535,UNION PHARM OBOUR (2),701,56,0.734
A55536,PH Union Pharm Obour 6th Zone,701,56,0.703
A55537,el Union Pharm Obour Statoin St.,702,49,0.967
A55538,el Union Pharm Obour Branch 1,702,49,0.919
A55539,PY/union pharm obour816,713,35,0.966
A55540,el Union Pharm Obour,748,60,0.905
A55541,Ph/union pharm obour 6th Zone,748,60,0.928
A55542,Union Pharm Obour Station St.,749,32,0.753
A55543,Union Pharm Obour,749,32,0.802
A55544,family obour (2),706,37,0.898
A55545,El-FAMILY OBOUR 101,706,37,0.701
A55546,FAMILY OBOUR Branch 1,744,52,0.658
A55547,family obour Station St.,745,53,0.641
A55548,El-family obour130,745,53,0.938
A55549,Family Obour711,755,52,0.758
A55550,El-FAMILY OBOUR 04,755,52,0.805
A55551,FAMILY OBOUR BBranch 2,757,52,0.798
A55552,faily obour-A,757,52,0.895
A55553,PH FAAMILY OBOUR Branch 1,760,46,0.91
A55554,El-FAMILY OBOUR Main Road545,764,57,0.738
A55555,Ph/Family Obour aMin Road,767,50,0.989
A55556,city care Branch 1,719,55,0.764
A55557,PH City Care110,719,55,0.697
A55558,El-City Care,721,66,0.684
A55559,Ph/city care 04,721,66,0.909
A55560,city acre,726,60,0.973
A55561,PY/city care br.2,726,60,0.736
A55562,PY/City Care Branch 1,740,46,0.937
A55563,Ph/city care Main Road,751,42,0.669
A55564,City Care Mall,760,47,0.988
A55565,El-City Care,760,47,0.987
A55566,PH Salamtek (2),728,54,0.88
A55567,Salamtek Main Road,730,60,0.987
A55568,salamtek Main Road,730,60,0.663
A55569,Salamtek 011673,756,58,0.863
A55570,PH Salamtek Branch 1,756,58,0.793
A55571,e lSalamtek,766,56,0.635
A55572,EL Salamtek (2),766,56,0.754
A55573,PY/Salamtek 6th Zone,768,59,0.8
A55574,PY/HOPE AGAMI Branch 2,709,38,0.677
A55575,el Hope Agami 011598,709,38,0.651
A55576,Hope Agami 04,714,52,0.771
A55577,Hope Agami Mall,714,52,0.988
A55578,HOPE AGAMI br.2,723,55,0.873
A55579,el hope agami Branch 1,723,55,0.836
A55580,el Hope Agami 6th Zone,766,57,0.999
A55581,Salamtek br.2,705,60,0.97
A55582,PY/SALAMTEK Mall,734,48,0.788
A55583,salamtek 011,734,48,0.893
A55584,PH SALAMTEK Mall,737,55,0.746
A55585,el alamtek,743,53,0.927
A55586,EL al amal shubra,715,50,0.78
A55587,PY/AL AMAL SHUBRA 04,715,50,0.731
A55588,PY/Al Amal Shubra 011,725,57,0.961
A55589,al amal shubra,725,57,0.822
A55590,PY/Al Amal Shubra,755,53,0.938
A55591,al amal shubra 6th Zone,755,53,0.768
A55592,PH CityC are Mokattam br.2,723,56,0.659
A55593,PY/City Care Mokattam 011,744,53,0.922
A55594,PH city care mokattam,744,53,0.804
A55595,city care mokattam,751,43,0.933
A55596,el City Care Mokattam 011,759,58,0.781
A55597,El-CITY CARE MOKATTAM,759,58,0.785
A55598,Ph/Misr Square Mall,717,59,0.872
A55599,El-misr square Branch 1,717,59,0.627
A55600,misr qsuare br.2,737,56,0.71
A55601,Ph/Misr Square 6th Zone,737,56,0.753
A55602,MISR SQUARE-A,749,33,0.922
A55603,el misr squarre 011,749,33,0.859
A55604,El-MISR SQUARE Branch 1,766,58,0.788
A55605,El-MISR SQUARE Branch 1,766,58,0.692
A55606,Ph/health gate nasr 011,709,39,0.644
A55607,HEALTH GATE NASR,710,60,0.927
A55608,Health Gate Nasr br.2,744,54,0.912
A55609,PH health gate nasr Maain Road,750,48,0.896
A55610,Health Gate Nasr 011,758,59,0.703
A55611,PH Health Gate Nasr 6th Zone,758,59,0.83
A55612,PH HEALTH GATE NASR,763,53,0.652
A55613,HEALTH GATE NASR 011,763,53,0.927
A55614,Health Gate Nasr Station St.,765,40,0.799
A55615,PH health gate nasr Station St.,770,49,0.68
A55616,el ELITE SHUBRA Branch 1,702,50,0.644
A55617,elite shubra,702,50,0.844
A55618,PH Elite Shubra br.2,741,60,0.921
A55619,Elite Shubra br.2,749,34,0.666
A55620,PY/Elite Shubra 011645,766,59,0.98
A55621,El-Elite Shubrab r.2,766,59,0.888
A55622,PY/el shifa nasr br.2,704,56,0.986
A55623,E-lEl Shifa Nasr (2),708,63,0.715
A55624,el shifa nasr 011265,710,61,0.664
A55625,Ph/EL SHIAF NASR 011,710,61,0.672
A55626,El Shifa Nasr t6h Zone,730,61,0.722
A55627,El-EL SHIFA NASR (2),730,61,0.732
A55628,EL EL SHIFA NASR-A,747,50,0.776
A55629,PY/EL HOKAMA,701,57,0.991
A55630,El Hokama Mall,701,57,0.82
A55631,el El Hokama-A,710,62,0.853
A55632,elE l Hokama,710,62,0.879
A55633,el hokama Main Road,712,50,0.93
A55634,El-EL HOAKMA,712,50,0.999
A55635,PY/El Hokama Branch 2,713,36,0.748
A55636,el El Hokama,735,49,0.836
A55637,El-El Hokama649,735,49,0.882
A55638,El--El Hokama Branch 1,746,55,0.89
A55639,EL HOKAMA Mall,746,55,0.645
A55640,Ph/el hokama (2),761,49,0.987
A55641,el Nile Care Marg Branch 1,720,49,0.959
A55642,EL NILE CARE MARG715,720,49,0.723
A55643,El-nile care marg 04,723,57,0.976
A55644,el Nile Care Marg,742,54,0.948
A55645,el Nile Care Marg 04,742,54,0.721
A55646,EL NILE CARE MARG,764,58,0.901
A55647,Silver Care-A,711,50,0.931
A55648,EL SILVER CARE 6th Zone,711,50,0.891
A55649,Ph/Silver Care 6th Zone,719,56,0.883
A55650,SILVER CARE Branch 1,736,53,0.885
A55651,PY/silver care,736,53,0.816
A55652,Silver Care Main Road,739,59,0.693
A55653,Ph/SILEVR CARE 6th Zone,739,59,0.662
A55654,Siver Care Main Road,743,54,0.738
A55655,Ph/silver care 04,743,54,0.836
A55656,PH Silver Care 011,757,53,0.632
A55657,PY/Silver Care (2),770,50,0.642
A55658,El-Silver Care,770,50,0.848
A55659,PH ALPHA PHARMA REHAB VIEW Station St.,731,45,0.935
A55660,Ph/ALPHA PHARMAREHAB VIEW Mall,747,51,0.928
A55661,ALPHA PHARMA REHABVIEW,747,51,0.956
A55662,PH alpha pharma rehab view Branch 1,755,54,0.786
A55663,EL Alpha Pharma Rehab View Main Rad,755,54,0.808
A55664,EL ALPHA PHARMA REHAB VIEW,756,59,0.897
A55665,PY/EBBN SINA br.2,719,57,0.82
A55666,Ph/Ebn Sina (2),722,71,0.77
A55667,PY/ebn sina Mall,724,52,0.629
A55668,PYY/Ebn Sina 04,724,52,0.769
A55669,Enb Sina,728,55,0.821
A55670,Ebn Sina Statio St.,728,55,0.667
A55671,EL EBN SINA 04,731,46,0.822
A55672,PY/ebn sina Station St.,739,60,0.886
A55673,el ebn sin-aA,739,60,0.72
A55674,Ebn Sina Mall,756,60,0.899
A55675,Ph/Ebn Sina-A,770,51,0.962
A55676,Ebn Sina Branch 1,770,51,0.647
A55677,EL al nozha nasr 011,702,51,0.925
A55678,PH Al Nozha Nasr,702,51,0.817
A55679,el Al Nozha Nasr Main Road,719,58,0.762
A55680,Ph/AL NOZHA NASR 011,770,52,0.719
A55681,El-MIRA Branch 2,707,51,0.848
A55682,EL MIRA Main Road506,734,49,0.872
A55683,el IRA,734,49,0.873
A55684,Mira br.2,735,50,0.703
A55685,Mira,735,50,0.941
A55686,El-Mira,759,59,0.889
A55687,El-mira 04247,759,59,0.652
A55688,Ph/Mira 6th Zone,763,54,0.745
A55689,Eite Oct City,707,52,0.812
A55690,PY/ELIET OCT CITY Main Road,707,52,0.806
A55691,PY/ELITE OCT CITY 6th Zone,714,53,0.736
A55692,EL ELITE OCT CITY,714,53,0.938
A55693,PH Elite Oct City 6th Zone184,715,51,0.909
A55694,E Elite Oct City (2),739,61,0.891
A55695,elite oct city 6th Zone,746,56,0.945
A55696,elite oct city Mall,746,56,0.767
A55697,Ph/ELITE OCT CITY 011,766,60,0.915
A55698,EL Elite OctC ity Branch 1,769,55,0.918
A55699,elite oct city 011,769,55,0.684
A55700,El-elite oct city Station St.,770,53,0.626
A55701,PY/ELITE OCT CITY 011830,770,53,0.71
A55702,PY/Omega (2),723,58,0.977
A55703,El-omea Mall,723,58,0.763
A55704,OMEGA br.287,734,50,0.896
A55705,Ph/Omega Main Road,734,50,0.664
A55706,Omega 04,748,61,0.97
A55707,PhD/r Medhat Helwan Branch 2,732,56,0.627
A55708,el dr medhat helwan 6th Zone,745,54,0.828
A55709,Dr Medhat Helwan 011,745,54,0.947
A55710,PY/Dr Medhat Helwan Main Road,754,60,0.992
A55711,Care 24 Seven Obour 04,700,57,0.682
A55712,El-Care 24 Seven Obour 6th Zone,706,38,0.766
A55713,Care 24 Seven Obour (2),706,38,0.739
A55714,Ph/Care 24 Seven Obour 011,732,57,0.722
A55715,care 24 seven obour Branch 1,732,57,0.747
A55716,care 24 seven obour Main Road,737,57,0.709
A55717,Care 24 Seven Obour Station St.849,746,57,0.756
A55718,CARE 24 SEVEN OBOUR,748,62,0.782
A55719,El-Care 24 Seven Obour 011,748,62,0.675
A55720,el Care 24 Seven Obour Main Road851,750,49,0.797
A55721,El-CARE 24 SEVEN OBOUR-A,750,49,0.778
A55722,Ph/care 24 seven obor br.2,751,44,0.81
A55723,EL EL HOKAMA655,732,58,0.987
A55724,El Hokmaa Mall,732,58,0.937
A55725,Ell-El Hokama-A688,735,51,0.99
A55726,El Hokama (2),735,51,0.827
A55727,ElEl Hokama-A,751,45,0.925
A55728,PH el hokama 6th Zone,751,45,0.765
A55729,EL Union Pharm Nasr Mall,702,52,0.635
A55730,EL UNION PHAR MNASR (2),710,63,0.941
A55731,PY/UNION PHARM NASR (2),712,51,0.838
A55732,UNION PHARM NASR Branch 1,712,51,0.636
A55733,PH UNION PHARM NASR br.2,719,59,0.969
A55734,el Union Pharm Nasr Branch 2,727,48,0.932
A55735,PY/Union Pharm Nasr Branch 2,755,55,0.754
A55736,EL Union Pharm Nasr-A93,758,60,0.642
A55737,Ph/Union Pharm Nasr 6th Zone505,770,54,0.989
A55738,Ph/Union Pharm Nasr Brranch 2,770,54,0.982
A55739,CARE 24 SEVEN br.2,712,52,0.771
A55740,CARE 24 SEVEN Main Road,728,56,0.886
A55741,el CARE 24 SEVEN,749,35,0.78
A55742,el Care 24 Seven Station St.,749,35,0.938
A55743,el Dr Medhat Rehab View aMll,726,61,0.718
A55744,Dr Medhat Rehab View Branch 1,748,63,0.72
A55745,Ph/DR MEDHAT REHAB VIEW br.2,756,61,0.881
A55746,Ph/Dr Medhat Rehab View Branch 1449,756,61,0.977
A55747,PY/MISR,701,58,0.861
A55748,el Misr 6th Zone,701,58,0.834
A55749,el Misr Mall,715,52,0.926
A55750,misr BBranch 1455,715,52,0.738
A55751,PY/Misr Main Road,716,58,0.703
A55752,PHM ISR 011,716,58,0.725
A55753,PY/Misr Branch 1,721,67,0.779
A55754,PY/Misr Main Road,721,67,0.623
A55755,El-Misr 011,738,59,0.992
A55756,El-mis Branch 1,741,61,0.929
A55757,MISR Branch 149,746,58,0.754
A55758,misr 04,765,41,0.93
A55759,Ph/Misr Main Road,765,41,0.66
A55760,el EL HOKAMA-A,739,62,0.758
A55761,El Hokama Mall,758,61,0.921
A55762,PH el hokama Mall,758,61,0.721
A55763,Ph/El Hokama,763,55,0.657
A55764,PH El Hokama Main Road231,763,55,0.774
A55765,el El Hokama Mall,770,55,0.81
A55766,EL HOKAMA (2),770,55,0.847
A55767,EL TOURATH NASR 011,707,53,0.648
A55768,El-el tourath nasr,753,47,0.805
A55769,el tourath nasr-A,753,47,0.669
A55770,EL El Tourath Nasr Station St.,762,66,0.738
A55771,EL El Tourath Nasr 6th Zone,762,66,0.709
A55772,PH el hokama br.2,702,53,0.869
A55773,El Hokama,723,59,0.826
A55774,El-El Hokama,727,49,0.967
A55775,Ph/EL HKAMA 011,733,48,0.881
A55776,El-El Hokama-A,709,40,0.92
A55777,El-El Hoama Mall,709,40,0.92
A55778,El-El Hokama,722,72,0.719
A55779,El Hokama Branch 1,727,50,0.953
A55780,El-El Hokama Branch 2,762,67,0.728
A55781,el hokama 011,762,67,0.992
A55782,El-REEN LEAF NASR (2),713,37,0.924
A55783,El-GEREN LEAF NASR 011,713,37,0.843
A55784,El-Green Leaf Nasr,738,60,0.98
A55785,El-GREEN LEAF NASR Branch 1,738,60,0.625
A55786,El-Green Leaf Nasr Station St.449,760,48,0.921
A55787,El-Green Leaf Nasr,760,48,0.921
A55788,El-GREEN LEAF NASR br.2,764,59,0.837
A55789,PY/green leaf nasr Branch 2,764,59,0.654
A55790,PH health gate imbaba br.2,705,61,0.863
A55791,HEALTH GATE IMBABA 011,719,60,0.839
A55792,EL health gate imbaba Branch 2864,719,60,0.674
A55793,Health Gate Imbaba Mall436,731,47,0.657
A55794,Health Gate Imbaba Main Road,740,47,0.671
A55795,PH Health Gate Imbaba Branch 2,741,62,0.848
A55796,HEALTH GATE IMBABA br.2,750,50,0.952
A55797,Ph/Health Gate Imbaba br.2,750,50,0.765
A55798,EL Green Leaf Square,713,38,0.97
A55799,PY/GREEN LEAF SQUARE Station St.,713,38,0.957
A55800,Green Leaf Square (2),732,59,0.64
A55801,Ph/green leaf square,732,59,0.97
A55802,El-Green Leaf Square Main Road,735,52,0.877
A55803,el GREEN LEAAF SQUARE,742,55,0.725
A55804,GREEN LLEAF SQUARE,742,55,0.999
A55805,GREEN LEAF SQUARE,750,51,0.803
A55806,EL green leaf square-A,750,51,0.737
A55807,PH GREEN LEAF SQUARE,755,56,0.745
A55808,PH GREEN LEAF SQUARE Mall895,756,62,0.636
A55809,P GREEN LEAF SQUARE br.2,769,56,0.634
A55810,grreen leaf square br.2,769,56,0.632
A55811,EL Al Nozha,700,58,0.625
A55812,Al Nzha Station St.,714,54,0.887
A55813,EL Al Nozha,720,50,0.938
A55814,EL Al Nozha 011,720,50,0.652
A55815,EL Al oNzha-A,723,60,0.924
A55816,PY/Al Nozha Station St.,738,61,0.644
A55817,el Al Nozha-A311,738,61,0.996
A55818,PY/AL NOZHA557,747,52,0.889
A55819,El-al nzoha (2),747,52,0.695
A55820,AL NOZHA Braanch 2861,766,61,0.901
A55821,Al Nozha Station St.,766,61,0.662
A55822,Union Pharm Imbaba,749,36,0.626
A55823,el Unnion Pharm Imbaba (2)127,749,36,0.674
A55824,PH UNION PHAM IMBABA Station St.,751,46,0.698
A55825,el UNION PHARM IMBABA Station St.,751,46,0.896
A55826,PY/Union Pharm Imbaba Branc h2,757,54,0.915
A55827,El-UNION PHAM IMBABA Main Road866,757,54,0.98
A55828,Al Amal Oct City Mall,738,62,0.666
A55829,PH Al Amal Occt City,738,62,0.943
A55830,Al Amal Oct City,740,48,0.809
A55831,PY/Al Amal Oct City,754,61,0.782
A55832,Al Amal Oct Cty-A,754,61,0.809
A55833,Ph/EBN SINA SHUBRA (2),700,59,0.729
A55834,PY/Ebn Sina Shubra br.2,718,59,0.978
A55835,Ph/ebn sina shubra 011,718,59,0.943
A55836,EL EBN SINA SHUBRA Branch 1,723,61,0.886
A55837,El-EBN SINA SHUBRA 0011,731,48,0.726
A55838,El-EBN SINA SHUBRA,731,48,0.638
A55839,Ebn Sina Shubra Branch 2143,740,49,0.671
A55840,EBN SINA SHURBA Main Road,740,49,0.911
A55841,EL Ebn Sina Shubra Main Road,753,48,0.793
A55842,El-Ebn Sina Shubra 011850,753,48,0.748
A55843,EL El Faraby Branch 2,729,52,0.864
A55844,El-EL FARABY (2),729,52,0.736
A55845,E lFaraby,731,49,0.919
A55846,EL EL FARABY-A,743,55,0.878
A55847,PY/el faraby 6th Zone,743,55,0.958
A55848,Ph/El Faraby,751,47,0.732
A55849,El Faraby271,770,56,0.628
A55850,PH El Faraby (2)632,770,56,0.811
A55851,el EL BARAKA NASR Mall476,715,53,0.622
A55852,el baraka nasr Main Road,715,53,0.724
A55853,EL el baraka nasr br.2,724,53,0.67
A55854,PH EL BARAKA NASR 6th Zone,724,53,0.974
A55855,El-el baraka nasr 011,739,63,0.693
A55856,EL El Baraka Naasr Branch 1244,767,51,0.823
A55857,El Baraka Nasr Branch 2,767,51,0.951
A55858,El-El Baraka Nasr Station St.,770,57,0.993
A55859,Ph/Star Care Nasr,704,57,0.88
A55860,PY/star care nasr Branch 2,704,57,0.671
A55861,Star Care Nasr br.2,740,50,0.637
A55862,star care nasr Station St.,740,50,0.624
A55863,EL STAR CARE NASR 04,751,48,0.812
A55864,El-Star Care Nasr424,756,63,0.942
A55865,el Star Care Nasr Branch 2,756,63,0.964
A55866,Star Care Nasr 04,757,55,0.647
A55867,PH star care nasr (2),763,56,0.705
A55868,Star Care Nasr (2)309,767,52,0.95
A55869,PH star care nasr br.2,767,52,0.962
A55870,star acre br.2707,711,51,0.969
A55871,PY/Star Care Main Road,711,51,0.811
A55872,PH starc are Mall916,721,68,0.885
A55873,EL STAR CARE Branch 2,727,51,0.856
A55874,el star care Station St.707,727,51,0.877
A55875,el SSTAR CARE,748,64,0.622
A55876,star care-A285,755,57,0.702
A55877,Satr Care,764,60,0.777
A55878,BLUE WAVE NASR Mall,712,53,0.908
A55879,blue wave nasr 2),712,53,0.647
A55880,blue wave nasr (2),720,51,0.659
A55881,PY/Blue Wave Nasr 011,720,51,0.823
A55882,Blue Wave Nasr 04409,743,56,0.951
A55883,EL Blue Wave Nasr Branch 1,743,56,0.864
A55884,el Blue Wave Nasr-A,755,58,0.68
A55885,el BlueWave Nasr Branch 2,755,58,0.876
A55886,PH El Tourath 04,718,60,0.674
A55887,PH EL TOURATH (2),718,60,0.988
A55888,El-El Tourath (2),719,61,0.871
A55889,EL TOURATH,719,61,0.892
A55890,El-El Tourath,734,51,0.981
A55891,Ph/el touratth 011,734,51,0.79
A55892,El Tourath (2),750,52,0.767
A55893,el El Tourath,750,52,0.883
A55894,El-Golden Care Nasr Mall,707,54,0.715
A55895,PY/GOLDEN CARE NASR,707,54,0.653
A55896,PY/Golden Care Nasr Branch 2,728,57,0.822
A55897,GOLDEN CARE NASR-A,740,51,0.775
A55898,golden caren asr (2),740,51,0.804
A55899,golen care nasr Branch 2,756,64,0.779
A55900,EL EL SHIFA NASR (2),723,62,0.974
A55901,PY/El Shifa Nasr 2(),738,63,0.677
A55902,el el shifa nasr Branch 2,738,63,0.767
A55903,EL El Shifa Nasr,742,56,0.973
A55904,PH El Shifa Nasr Station St.,743,57,0.924
A55905,el El Shifa Nasr 04,743,57,0.722
A55906,El-EL SHIFA NASR Branch 2,752,52,0.659
A55907,EL El Shifa Nasr-A,752,52,0.91
A55908,El-El Shifa Nasr Branch 1,770,58,0.936
A55909,El Shifa Nasr 6th Zone,770,58,0.826
A55910,Ph/el baraka nasr 011,709,41,0.929
A55911,EL El Baraka Nasr 011,721,69,0.741
A55912,EL el baaka nasr,749,37,0.924
A55913,Ph/EL BARAKA NASR 6th Zone,752,53,0.76
A55914,El-el baraka nasr-A481,752,53,0.725
A55915,El-El Baraka Nasr Station St.,759,60,0.832
A55916,EL BARAKA NASR Branch 2,759,60,0.872
A55917,EL Family Nasr831,700,60,0.901
A55918,PY/Family Nasr Mall,713,39,0.627
A55919,Famiyl Nasr,758,62,0.961
A55920,Famil yNasr-A,758,62,0.823
A55921,Family Nasr Mall,760,49,0.718
A55922,EL Famiyl Nasr-A,760,49,0.879
A55923,El Faraby Shubra Main RRoad,704,58,0.991
A55924,El Faraby Shubra Sattion St.,737,58,0.843
A55925,el farayb shubra-A,737,58,0.954
A55926,el faraby shubra Station St.,740,52,0.933
A55927,EL FARABY SHUBRA 04,740,52,0.752
A55928,El Faraby SShubra 6th Zone,741,63,0.636
A55929,el faraby shbura 011989,741,63,0.854
A55930,el faraby shubra 04,747,53,0.872
A55931,PY/STAR CARE NASR Main Road,719,62,0.83
A55932,el star care nasr Mall,722,73,0.843
A55933,Star Care Nasr673,732,60,0.993
A55934,PY/Star Care Nasr br.2,755,59,0.957
A55935,el Star Care Nasr 04,755,59,0.9
A55936,EL star care nasr Branch 1,758,63,0.681
A55937,STAR CARE NASR Branch 1,758,63,0.769
A55938,sunrise nasr 6ht Zone,705,62,0.854
A55939,Ph/Sunrise Nasr 6th Zone,705,62,0.699
A55940,PY/SUNRISE NASR Main Road,719,63,0.748
A55941,Ph/Sunrise Nas r(2),731,50,0.842
A55942,Sunrise Nasr 04,737,59,0.762
A55943,Ph/Sunrise Nasr-A,737,59,0.833
A55944,Sunrise Nasr,748,65,0.888
A55945,el SUNRISE NASR Branch 2,748,65,0.695
A55946,PY/Sunrise Nasr,753,49,0.744
A55947,Sunrise Nasr 011,756,65,0.63
A55948,PY/Blue Wave Aagmi,702,54,0.934
A55949,PH blue wave agami 6th Zone,712,54,0.653
A55950,PY/Blue Wave Agami,712,54,0.659
A55951,el Blue Wave Agami16,730,62,0.672
A55952,EL Blue Wave Agami 011473,730,62,0.825
A55953,BLUE WAVE AGAMI Branch 1,732,61,0.851
A55954,blue wave agami Station St.,741,64,0.67
A55955,El-BLUE WAAVE AGAMI198,744,55,0.818
A55956,BLUE WAVE AGAMI (2),748,66,0.94
A55957,PH BLUE WAVE AGAMI Sttation St.,764,61,0.772
A55958,El-BLUE WAVE AGAMIbr.2,764,61,0.943
A55959,el CITY CARE NASR Station St.864,701,59,0.981
A55960,e CITY CARE NASR 04,701,59,0.687
A55961,PY/CITY CARE NASR (2),702,55,0.856
A55962,City Care Nasr 6ht Zone,711,52,0.769
A55963,city crae nasr br.2,736,54,0.646
A55964,CITY CARE NASR Mall,743,58,0.885
A55965,PH City Care Nasr br.2,743,58,0.862
A55966,CIT YCARE NASR 04395,745,55,0.645
A55967,El-City Cre Nasr Branch 1435,755,60,0.881
A55968,EL City Care Nasr,755,60,0.894
A55969,City Care Nasr Station St.793,769,57,0.949
A55970,PH City Caree Nasr 04,769,57,0.708
A55971,Ph/Silver Care 6th Zone,715,54,0.87
A55972,Silver Care 6th Zone,715,54,0.808
A55973,El-Silver Care 011277,725,58,0.778
A55974,P/Silver Care-A,753,50,0.934
A55975,Ell-Silver Care 6th Zone884,753,50,0.66
A55976,SILVER CARE Branch 1,762,68,0.859
A55977,EL SILVER CARE (2),762,68,0.781
A55978,PH Ebn Sina Smouha br.2161,711,53,0.989
A55979,el ebn sina smouha Station St.,711,53,0.68
A55980,PH Ebn Sina Smouha Main Road,725,59,0.894
A55981,Ebn Sina Smouha Branch 2277,725,59,0.622
A55982,PY/EBN SINA SMOUHA-A,748,67,0.777
A55983,EBN SINA SMOUHA441,759,61,0.681
A55984,PY/ebn sina smouha (2),759,61,0.751
A55985,PH MISR NASR Main Road,706,39,0.975
A55986,El-Misr Nasr 04,714,55,0.972
A55987,MISR NASR Branch 1,720,52,0.966
A55988,Missr Nasr,720,52,0.822
A55989,El-MISR NASR Branch 1,724,54,0.811
A55990,MISR NASR Branch 1,741,65,0.79
A55991,misr nasr Station St.,741,65,0.698
A55992,MISR NASR br.2,756,66,0.881
A55993,misr nasr Main Road,756,66,0.623
A55994,pharma plus 04,704,59,0.995
A55995,El-Pharma Plus 11,704,59,0.775
A55996,Ph/pharmap lus,710,64,0.808
A55997,EL pharmaa plus603,767,53,0.711
A55998,PH Pharma Plus,767,53,0.775
A55999,El-omega Mall,711,54,0.731
A56000,PY/omega-A,736,55,0.95
A56001,el Omega85,736,55,0.814
A56002,omega Station St.,745,56,0.715
A56003,el Omega,745,56,0.983
A56004,PY/Al Nozha Nasr 011,731,51,0.933
A56005,EL Al Nozha Nasr Branch 2,731,51,0.765
A56006,Ph/Al Nozha Nasr 011,740,53,0.661
A56007,al nozha nasr,740,53,0.824
A56008,El-al nozha nasr br.2,744,56,0.622
A56009,Ell-AL NOZHA NASR,744,56,0.891
A56010,Ph/A Nozha Nasr 011360,750,53,0.741
A56011,PY/Al Nozha Nasr,764,62,0.77
A56012,PY/Al NozhaNasr Branch 1,764,62,0.957
A56013,EL Nile Caare Nasr Mall,721,70,0.861
A56014,el Nile Care Nasr 04,722,74,0.992
A56015,PH Nile Care Nasr 6th Zone,729,53,0.705
A56016,PH Nile Care Nasr,741,66,0.788
A56017,PY/NILE ARE NASR br.2330,741,66,0.656
A56018,nile care nasr Branch 2248,743,59,0.832
A56019,E-Nile Care Nasr Mall,743,59,0.902
A56020,Nile Care Nasr,751,49,0.941
A56021,NILE CARE NASR 04,766,62,0.688
A56022,NILE CARE NASR (2)29,766,62,0.733
A56023,el life line Branch 1318,716,59,0.751
A56024,PY/LIFE LINE br.2,716,59,0.734
A56025,el life line Station St.587,727,52,0.93
A56026,PH LIFE LINE Statio St.,729,54,0.631
A56027,EL Life Line 04,729,54,0.92
A56028,LIFE LINE Main Road,754,62,0.818
A56029,Ph/life line 011825,754,62,0.886
A56030,PY/LLIFE LINE br.223,761,50,0.996
A56031,Ph/Al Nozha,706,40,0.636
A56032,El-AL NOZHA Station St.,752,54,0.641
A56033,ELA L NOZHA Mall,761,51,0.878
A56034,SALAMTEK MARG br.2,705,63,0.74
A56035,EL Salamtek Marg-A,709,42,0.881
A56036,salamtek marg 6th Zone,712,55,0.676
A56037,salamtek marg Branch 1,747,54,0.994
A56038,PH Salamtek Marg Branch 2,747,54,0.688
A56039,salamtek marg,765,42,0.926
A56040,el salamtek marg 011763,765,42,0.745
A56041,Salamtek Marg Station St.,769,58,0.649
A56042,Salamtek Marg br.2,769,58,0.778
A56043,El Faraby Shubra Branch 2,720,53,0.95
A56044,El Farbay Shubra Station St.310,726,62,0.93
A56045,Ph/el faraby shubra-A,726,62,0.798
A56046,EL FARABY SHUBRA 011,750,54,0.831
A56047,EL El Faraby Shubra Mall214,750,54,0.857
A56048,PH Health Gate Nasr (2),707,55,0.883
A56049,Ph/health gate nasr 6th Zone,708,64,0.918
A56050,PY/HEALTH GATE NASR (2),719,64,0.648
A56051,Ph/Health Gate Nasr-A550,719,64,0.683
A56052,EL health gate nasr-A,737,60,0.77
A56053,EL HEALTH GATE NASR Branch 2,747,55,0.621
A56054,Ph/Health Gate Nasr-A,751,50,0.932
A56055,EL Health Gate Nasr 04,751,50,0.893
A56056,Ph/health gate nasr Branch 1,765,43,0.871
A56057,health gate nasr 04,765,43,0.707
A56058,Ph/Health Gate Nasr br.2,768,60,0.859
A56059,Alpha Pharma Nasr Mall494,737,61,0.714
A56060,EL Alpha Pharma Nasr Station St.,737,61,0.892
A56061,ALPHA PHARMA NASR 04,747,56,0.959
A56062,ALPHA PHARMA NASR Branch 2,747,56,0.96
A56063,el ALPHA PHARMA NASR 6th Zone,767,54,0.809
A56064,PY/Alpha Pharma Nasr Station St.,767,54,0.912
A56065,PY/HOPE br.2,710,65,0.682
A56066,PY/Hope Mall,710,65,0.983
A56067,PY/hope,724,55,0.677
A56068,hope Branch 2,742,57,0.648
A56069,HOPE 011,742,57,0.944
A56070,PY/Hope (2),749,38,0.668
A56071,PH hope Branch 2,749,38,0.753
A56072,HOPE Mall,765,44,0.813
A56073,hope-A,765,44,0.702
A56074,EL TOURATH NASR Branch 2,703,49,0.634
A56075,Ph/El Tourath Nasr Main Road,703,49,0.878
A56076,P El Tourath Nasr Station St.,713,40,0.74
A56077,EL el tourah nasr (2),713,40,0.921
A56078,El Tourath Nasr 04,731,52,0.668
A56079,el EL TOURATH NASR Branch 1,736,56,0.951
A56080,PY/El Tourath Nasr-A,754,63,0.716
A56081,PY/el tourath nasr Main Road16,759,62,0.832
A56082,El-El Tourath Nasr 6th Zone,761,52,0.627
A56083,El-El Tourath Nasr Main Road,770,59,0.872
A56084,ANGEL HELWAN 011,706,41,0.861
A56085,El-angel helwan,706,41,0.644
A56086,Angel Helwan Station St.,719,65,0.74
A56087,el angel helwan-A,719,65,0.997
A56088,PY/Anngel Helwan,758,64,0.632
A56089,angel helwanMain Road,758,64,0.807
A56090,PY/Angel Agami Station St.,711,55,0.839
A56091,PY/ANGEL AGAMI,754,64,0.949
A56092,EL Angel Agami 011,765,45,0.797
A56093,Ph/ANGEL AGAMI 6th Zone,765,45,0.959
A56094,EL star care zayed 04,703,50,0.933
A56095,Star Care Zayed,717,60,0.757
A56096,PH star cre zayed,730,63,0.821
A56097,Star Care Zayed,733,49,0.767
A56098,Star Care Zayed 011,733,49,0.865
A56099,El-star care zayed-A,747,57,0.86
A56100,Star Care Zayed 04,747,57,0.678
A56101,EL Star Care Zayed 04,755,61,0.79
A56102,PH Sunrise Obour,728,58,0.656
A56103,el Sunrise ObourStation St.,729,55,0.65
A56104,EL Sunrise Obour 6th Zone,738,64,0.991
A56105,El-SUNRISE OBOUR Branch 2,738,64,0.69
A56106,El-sunrise obour (2),742,58,0.776
A56107,Sunrise Obour Branch 2,742,58,0.685
A56108,sunrise obour Main Road,749,39,0.641
A56109,EL SUNRIE OBOUR 011,749,39,0.649
A56110,el Sunrise Obour Station St.982,750,55,0.888
A56111,PY/sunrise obour Branch 1,755,62,0.673
A56112,el SUNRISE OBOUR,755,62,0.808
A56113,EL Sunrise Obour-A,767,55,0.925
A56114,Sunrise Obour,767,55,0.888
A56115,EL UNION PHARM NASR Branch 150,709,43,0.867
A56116,Union Pharm Nasr 011,709,43,0.706
A56117,PY/Union Pharm Nasr Mall,724,56,0.989
A56118,El-UNION PHARM NASR 011,724,56,0.864
A56119,PH Union Pharm Nasr Branch 1691,725,60,0.956
A56120,EL Union Pharm Nasr Branch 2,745,57,0.628
A56121,EL Union Pharm Nasr,750,56,0.632
A56122,Union Pharm Nasr680,750,56,0.637
A56123,PH union pharm nasr Main Road,752,55,0.887
A56124,El-Union Pharm Nasr-A,752,55,0.839
A56125,union pharm nasr br.2,757,56,0.836
A56126,union pharm nasr Branch 2,766,63,0.993
A56127,PY/union pharm nasr Branch 2,766,63,0.771
A56128,Angel Smouha Branch 2,719,66,0.895
A56129,EL angel smouha Branch 2937,719,66,0.728
A56130,PY/Angel Smouha 6th Zone,733,50,0.787
A56131,Ph/Angel Smouha 011829,737,62,0.853
A56132,Angel Smouha6 th Zone,737,62,0.888
A56133,EL ANGEL SMOUHA (2),750,57,0.858
A56134,El-angel smouha-A,750,57,0.76
A56135,Angel Smouha-A,762,69,0.804
A56136,el ANGEL SMOUHA Branch 1,762,69,0.72
A56137,Angel Smouha,763,57,0.973
A56138,El-Angel Smouha Mall,763,57,0.831
A56139,PH Angel Smouha 6th Zone,764,63,0.811
A56140,Ph/Angel Smouha 011,764,63,0.766
A56141,Ph/Angel Branch 1,705,64,0.995
A56142,PY/Angel,712,56,0.851
A56143,Ph/Angel Statiion St.,712,56,0.991
A56144,PY/Angel 6th Zone,720,54,0.91
A56145,el Angel 04,720,54,0.627
A56146,EL ngel,723,63,0.784
A56147,PH ANGEL-A,733,51,0.782
A56148,PH angel Station St.,741,67,0.951
A56149,angel Mall,752,56,0.93
A56150,PY/Seha First Nasr,710,66,0.884
A56151,Seha First Nasr br.2,716,60,0.909
A56152,Seha First Nasr Branch 1,741,68,0.712
A56153,El-Seha First Nasrbr.2,741,68,0.906
A56154,EL Seha First Nasr br.2,763,58,0.69
A56155,Ph/Seha First Nasr,763,58,0.672
A56156,misr nasr 011,711,56,0.997
A56157,Misr Nasr Branch 2,715,55,0.627
A56158,MISR NASR Branch 2,715,55,0.768
A56159,MISR NASR Branch 2,734,52,0.962
A56160,PH Misr Nasr-A,750,58,0.889
A56161,El-misr nasr Main Road,750,58,0.802
A56162,Misr Nasr,760,50,0.752
A56163,PY/msir nasr (2),766,64,0.818
A56164,HOPE NASR,700,61,0.912
A56165,EL Hope Nasr Mall,703,51,0.893
A56166,PY/Hoppe Nasr Mall,703,51,0.692
A56167,hope nasr,708,65,0.815
A56168,Ph/Hope Nasr Station St.,708,65,0.963
A56169,el Hope Nasr Station St.,710,67,0.72
A56170,hope nasr 011,719,67,0.943
A56171,PY/hope nasr Branch 1784,724,57,0.967
A56172,Hope Nasr Branch 2,724,57,0.735
A56173,Hope Nasr Station St.,734,53,0.797
A56174,el hope nasr Branch 1,770,60,0.74
A56175,SEHA FIRST Branch 1,710,68,0.876
A56176,El-seha first,711,57,0.656
A56177,PH Seha First 011,720,55,0.984
A56178,seha first,733,52,0.966
A56179,PH esha first br.2,765,46,0.851
A56180,PY/seha firstt-A,765,46,0.786
A56181,SEHA FIRST bbr.2754,770,61,0.741
A56182,el hokama Branch 1,701,60,0.778
A56183,PH El Hokama (2),705,65,0.879
A56184,EL El Hokama,744,57,0.648
A56185,PH EL HOKAMA Branch 2,762,70,0.943
A56186,El Hokama 04,768,61,0.887
A56187,Ph/Metro Faisal-A,704,60,0.973
A56188,El-METRO FAISAL Mall,706,42,0.738
A56189,PH metro faisal 6th Zone,706,42,0.929
A56190,PY/Metro Faisal Station St.,715,56,0.757
A56191,el Mero Faisal,753,51,0.843
A56192,PY/Metro Faisal Branch 1,753,51,0.879
A56193,Metro Faisal700,759,63,0.661
A56194,PH Metro Faissal Mall,759,63,0.798
A56195,El-METRO FAISAL,770,62,0.694
A56196,Misr 6th Zone877,733,53,0.642
A56197,misr 011,735,53,0.778
A56198,Ph/Misr,743,60,0.943
A56199,El-Misr Branch 2,743,60,0.794
A56200,MISR 6th Znoe,744,58,0.853
A56201,Ph/misr Station St.772,745,58,0.851
A56202,Ph/Misr Mall323,745,58,0.625
A56203,PH MISR br.2,757,57,0.694
A56204,misr Main Road,757,57,0.747
A56205,el MISR 6th Zone,760,51,0.735
A56206,PH MISR br.2,760,51,0.67
A56207,EL ebn sina 04,706,43,0.756
A56208,el Ebn Sina 6th Zone,706,43,0.677
A56209,El-ebn sina 04,712,57,0.831
A56210,PY/ebn sian 011,713,41,0.793
A56211,PH Ebn Sina Branch 1,726,63,0.684
A56212,Ebn Sina (2),727,53,0.746
A56213,EL Ebn Sina-A,727,53,0.789
A56214,PH ebn sina Station St.,749,40,0.85
A56215,PY/EBN SINA Station St.,749,40,0.949
A56216,PY/EBN SINA Branch 1,751,51,0.669
A56217,uniion pharm,704,61,0.774
A56218,Union Pharm Main Road,705,66,0.948
A56219,EL Union Pharm Mall,705,66,0.966
A56220,PY/Union Pharm Branch 2531,706,44,0.647
A56221,EL UNION PHARM,706,44,0.821
A56222,EL UNION PHARM Station St.,715,57,0.796
A56223,union pharm 04,715,57,0.751
A56224,UNION PHARM (2)808,741,69,0.879
A56225,union pharm-A,755,63,0.942
A56226,Union Pharm347,755,63,0.85
A56227,PH Union Phrm,760,52,0.833
A56228,Ph/Union Pharm Branch 1677,768,62,0.802
A56229,UNION PHARM,768,62,0.957
A56230,Dr Medhat Maadi 04,715,58,0.772
A56231,PH Dr Medhat Maadi Branch 1,725,61,0.687
A56232,PH Dr Medhat Maadi 011,734,54,0.933
A56233,PH Dr Medhat Maadi Mall,734,54,0.924
A56234,PH Dr Medhat Maadi,740,54,0.998
A56235,el DR MEDHAT MAADI Main Road,743,61,0.841
A56236,Ph/Dr Medhat Maadi Branch 1,743,61,0.683
A56237,PY/DR MEDHAT MAADI Station St.,752,57,0.951
A56238,PH Dr Medhat Maadi Branch 1,755,64,0.787
A56239,PH dr medhat maadi994,766,65,0.652
A56240,PH EL BARAKA ranch 2,701,61,0.663
A56241,PY/El araka Branch 2,706,45,0.888
A56242,el El Baraka Main Road,706,45,0.961
A56243,El Baraka-A,720,56,0.75
A56244,el EL BARAKA Mall,720,56,0.854
A56245,EL El Baraka (2)601,721,71,0.665
A56246,EL BARAKA 011,723,64,0.714
A56247,el El Baraka Station St.392,732,62,0.861
A56248,El-EL BARAKA Branch 2,732,62,0.75
A56249,PY/el baraka Mall,758,65,0.747
A56250,el baraka,758,65,0.701
A56251,EL SIFA,706,46,0.709
A56252,EL El Shifa,706,46,0.708
A56253,El Shifa Mall,712,58,0.625
A56254,PH el shia br.2,721,72,0.812
A56255,El Shifa Branch 1,721,72,0.776
A56256,el shifa Mall,730,64,0.831
A56257,el Ell Shifa,763,59,0.767
A56258,PY/el shifa 0436,763,59,0.659
A56259,CITY CARE NASR Mall,708,66,0.736
A56260,PY/City Care Nasr Main Road,721,73,0.981
A56261,City Care Nasr Branch 1,770,63,0.814
A56262,el City Care Nasr Main Road434,770,63,0.752
A56263,El Tourath 6th Zone,709,44,0.761
A56264,Ph/EL TOURATH (2),736,57,0.916
A56265,Ph/EL TOURATH 6th Zone,737,63,0.814
A56266,El-El Tourath 011,737,63,0.903
A56267,Ph/eel tourath Main Road380,748,68,0.873
A56268,el EL TOURATH Branch 2559,748,68,0.979
A56269,PY/El Tourath-A,755,65,0.891
A56270,el tourath( 2),756,67,0.707
A56271,PH EL TTOURATH,761,53,0.666
A56272,ELITE MARG br.2546,706,47,0.651
A56273,PY/Elite Marg Station St.,709,45,0.899
A56274,El-Elite Marg (2),709,45,0.623
A56275,EL Elite Marg,729,56,0.854
A56276,PH Elite Marg 011,729,56,0.849
A56277,ELITE MARG-A,742,59,0.728
A56278,PY/elite marg Station St.,767,56,0.656
A56279,El-Health Gate Nasr Branch 2,748,69,0.672
A56280,HEALTH GATE NASR Main Road,748,69,0.621
A56281,PY/health gate nasr Main Road,757,58,0.783
A56282,Ph/HALTH GATE NASR-A,757,58,0.919
A56283,PH HEALTH GATE NASR br.2,759,64,0.687
A56284,Ph/Health Gate Nasr 011,765,47,0.797
A56285,HEALTH GATE NASR 04894,765,47,0.953
A56286,el Better Life Branch 193,715,59,0.717
A56287,EL Better Liffe 04,715,59,0.763
A56288,Ph/BETTER LIFE br.2,720,57,0.917
A56289,el BETTER LIFE Mall,732,63,0.682
A56290,EL better life822,750,59,0.653
A56291,PY/BETTER LIFE Branch 1,750,59,0.982
A56292,Ph/BTETER LIFE,754,65,0.709
A56293,el Betetr Life br.2,754,65,0.966
A56294,EL Better Life-A,768,63,0.868
A56295,el Better Life,769,59,0.635
A56296,El-better life br.2,769,59,0.876
A56297,dr medhat-A,702,56,0.84
A56298,EL Dr Medhat-A,702,56,0.658
A56299,el DR MEDHAT 011,705,67,0.728
A56300,el dr medhat br.2,705,67,0.799
A56301,EL Dr Medhat,723,65,0.734
A56302,Metro Mall,706,48,0.827
A56303,METRO 6th Zone,716,61,0.943
A56304,Metro-A,733,54,0.902
A56305,Metro,733,54,0.866
A56306,Ph/Mtero,754,66,0.634
A56307,PH Metro Branch 1,762,71,0.699
A56308,BETTER LIFE NASR Mall,704,62,0.68
A56309,el BETTER LIFE NASR Branch 2,704,62,0.674
A56310,BETTER LIEF NASR-A,717,61,0.945
A56311,PH BETTER LIFE NASR-A173,726,64,0.765
A56312,EL Better Life Nasr 011,735,54,0.781
A56313,better life naasr,745,59,0.789
A56314,Better Life Nasr (2),751,52,0.733
A56315,PH Better Life Nasr Sation St.,751,52,0.94
A56316,Golden Care,703,52,0.938
A56317,golden cae Main Road,703,52,0.838
A56318,Golden Care,709,46,0.933
A56319,PY/golden care-A,709,46,0.695
A56320,El-Golden Care Branch 2,722,75,0.668
A56321,PY/GOLDEN CARE Station St.,724,58,0.777
A56322,el gloden care,724,58,0.948
A56323,Golden Care Main Road,744,59,0.962
A56324,PY/Union Pharm 04308,745,60,0.975
A56325,el union pharm Main Road,753,52,0.937
A56326,Union Pharm Mall,766,66,0.954
A56327,EL ZAHRAA NASR Branch 1,715,60,0.917
A56328,EL ZAHRAA NASR,734,55,0.924
A56329,EL ZAHRAA NASR50,734,55,0.874
A56330,Ph/El Zahraa Nasr 04,744,60,0.936
A56331,El Zahraa Nasr th Zone135,750,60,0.944
A56332,El-El Zahraa Nasr 2),751,53,0.888
A56333,PY/el zahraa nasr 011,751,53,0.758
A56334,PH El Zahraa Nasr,755,66,0.806
A56335,El Zahraaa Nasr,760,53,0.63
A56336,El Zahraa Nasr,760,53,0.726
A56337,el Health Gate Main Road,733,55,0.74
A56338,EL Health Gate Branch 1,733,55,0.806
A56339,Ph/health gate Branch 2,737,64,0.951
A56340,El-Health Gate412,737,64,0.954
A56341,EL Healt hGate (2)846,738,65,0.791
A56342,health gate Station St.,757,59,0.992
A56343,el Mira Nasr 6th Zone,709,47,0.723
A56344,PY/mira nasr Mall,709,47,0.919
A56345,PH MIRA NASR,710,69,0.644
A56346,Mira Nasr,710,69,0.82
A56347,mira nasr,714,56,0.674
A56348,Ph/mira nasr Branch 1,739,64,0.629
A56349,PH Al Amal Nasr,700,62,0.883
A56350,EL AL AMAL NASR 6th Zone,728,59,0.707
A56351,AL AMAL NASR br.2,752,58,0.722
A56352,PH Al Amal Nasr 6th Zone,758,66,0.965
A56353,Al Amal Nasr 6thZ one750,758,66,0.684
A56354,El-BLUE WAVE SMOUHA Mall,717,62,0.881
A56355,EL Blue Wave Smouha-A,724,59,0.644
A56356,EL Blue Wave Smouha Branch 2,724,59,0.899
A56357,E blue wave smouha 6th Zone,746,59,0.991
A56358,Blue Wave Smouha Mall,759,65,0.736
A56359,Blue Wave Smouha 04,764,64,0.819
A56360,Blue Wave SSmouha Mall,764,64,0.646
A56361,El-El Nasr Montaza 011,722,76,0.651
A56362,eln asr montaza Branch 1,740,55,0.808
A56363,El Nasr Montaza Main Road,748,70,0.857
A56364,el nasr montaza,748,70,0.996
A56365,el nasr montaza Branch 2,750,61,0.875
A56366,El Nasr Montaza-A,760,54,0.707
A56367,el el nasr montaza 6th Zone,760,54,0.93
A56368,el nasr montaza-A,765,48,0.963
A56369,PH el nasr montaza Station St.,765,48,0.947
A56370,el sunrise banha,723,66,0.71
A56371,EL uSnrise Banha br.2,726,65,0.855
A56372,Ph/Sunrise Banha-A,726,65,0.638
A56373,el UNRISE BANHA Branch 1,744,61,0.827
A56374,PY/Sunrise Banha 6th Zone,744,61,0.844
A56375,EL sunrise banha Mall,767,57,0.679
A56376,El Torath Oct City 04,714,57,0.803
A56377,EL EL OTURATH OCT CITY Main Road123,719,68,0.921
A56378,El-El Tourath Oct City Station St.,719,68,0.892
A56379,el tourath oct city-A,737,65,0.697
A56380,el tourath oct city Main Road,737,65,0.698
A56381,EL EL TOURATH OCT CITY Station St.107,744,62,0.971
A56382,PY/EL TOURATH OCT CITY,747,58,0.719
A56383,el tourath oct city (2),765,49,0.684
A56384,PH el tourath oct city615,766,67,0.944
A56385,EL El Tourath Rehab View br.2,706,49,0.776
A56386,El Tourath Rehab View Main Road,706,49,0.657
A56387,EL el tourath reab view,708,67,0.774
A56388,Ph/El Tourath Rehab View-A,710,70,0.698
A56389,El-EL TOURATH REHAB IVEW-A,711,58,0.985
A56390,el EL TOURATH REHAB VIEW,711,58,0.801
A56391,El Tourath Rehab View Branch 1274,720,58,0.795
A56392,el oturath rehab view (2),721,74,0.758
A56393,El-el tourath rehab view 6th Zone,721,74,0.929
A56394,Ph/El Tourath Rehab View,749,41,0.66
A56395,El-El Tourath Rehab View 6th Zone,749,41,0.679
A56396,el El Tourath Rehab View213,761,54,0.694
A56397,PY/OMEGA NASR 011,708,68,0.951
A56398,el Omega Nasr-A271,708,68,0.771
A56399,OMEGA NASR Branch 1,715,61,0.625
A56400,PY/Omega Nasr Mall,715,61,0.637
A56401,PHomega nasr Branch 1,728,60,0.695
A56402,el Omega Nasr70,752,59,0.731
A56403,OMEGA NASR 04,752,59,0.698
A56404,PH Omega Nars Station St.,755,67,0.883
A56405,PH Omega Nasr Station St.206,757,60,0.854
A56406,PH omega nasr (2)701,757,60,0.974
A56407,Omega Nasr Main Road,760,55,0.818
A56408,El-OMEGA NASR,760,55,0.975
A56409,PH El Faraby Shubra Maiin Road,708,69,0.921
A56410,Ph/El Farraby Shubra,708,69,0.933
A56411,El-EL FARABY SHUBRA,722,77,0.662
A56412,El Faraby Shubra,722,77,0.825
A56413,el El Faraby Shubra (2),751,54,0.632
A56414,Ph/El Faraby Shubra,751,54,0.744
A56415,PY/EL FARABY SHUBA br.2176,759,66,0.762
A56416,EL FARABY SHUBRA Branch 1148,759,66,0.999
A56417,EL FARABY SHUBRA 04,763,60,0.827
A56418,PY/El Faraby Shubra Branch 1,763,60,0.886
A56419,El Faraby Shubra,764,65,0.863
A56420,el EL FARABY SHUBRA Mall,765,50,0.804
A56421,EL El Faraby Shubra Mall,765,50,0.975
A56422,Ph/family,703,53,0.725
A56423,El-family Branch 1,703,53,0.981
A56424,el Family 011773,711,59,0.887
A56425,EL family Branch 2,727,54,0.883
A56426,El-Family Branch 1,746,60,0.706
A56427,FAMIILY,749,42,0.993
A56428,PY/Family Station St.,749,42,0.661
A56429,Family 6th Zone,752,60,0.784
A56430,EL Family,752,60,0.978
A56431,family Main Road,757,61,0.793
A56432,El Nasr br.2,702,57,0.638
A56433,Ph/El Nasr,735,55,0.655
A56434,EL El Nasr (2),754,67,0.622
A56435,El Nasr rb.2,754,67,0.816
A56436,Ph/El Nasr 04773,759,67,0.8
A56437,E Nasr Branch 2,759,67,0.897
A56438,el nasr Main Road888,764,66,0.786
A56439,golden care,702,58,0.671
A56440,GOLDEN CARE Branch 2,710,71,0.767
A56441,El-Golden Care,710,71,0.798
A56442,El-Golden Care Main Road,730,65,0.901
A56443,El-Golden Care Station St.,736,58,0.951
A56444,El-golden care,760,56,0.65
A56445,GOLDEN CARE 011,760,56,0.631
A56446,Ph/Golden Care Branch 1,766,68,0.653
A56447,family Branch 1779,716,62,0.652
A56448,Family (2),733,56,0.927
A56449,Family Branch 1,738,66,0.999
A56450,Family br.2,748,71,0.735
A56451,EL Family 6th Zone,751,55,0.777
A56452,Elite Branch 1,716,63,0.772
A56453,P/YElite-A,720,59,0.92
A56454,EL Elite-A,720,59,0.923
A56455,PH elite Mall,731,53,0.954
A56456,PY/Elite 6th Zone,731,53,0.675
A56457,el lite896,732,64,0.883
A56458,PY/elite Mall,732,64,0.847
A56459,el Elite Statioon St.990,737,66,0.759
A56460,EL LITE 011,748,72,0.735
A56461,PY/ELITE br.2,764,67,0.911
A56462,EL Elite Branch 2,764,67,0.974
A56463,El-Union Pharm,705,68,0.982
A56464,Union Pharm Branch 1786,705,68,0.635
A56465,PY/Union Pharm,726,66,0.757
A56466,EL UNION PHARM br.2,726,66,0.715
A56467,Union Pharrm 04,731,54,0.867
A56468,PH Union Pharm,731,54,0.963
A56469,union pharm Main Road,745,61,0.815
A56470,El-union pharm (2),745,61,0.889
A56471,UNION PHAM Station St.,746,61,0.623
A56472,EL UUnion Pharm Branch 2,749,43,0.842
A56473,Union Pharm 04,769,60,0.791
A56474,Union Pharm 011438,769,60,0.945
A56475,PY/Better Life 04,713,42,0.958
A56476,Better Life,713,42,0.79
A56477,Better Life Branch 2,721,75,0.984
A56478,el Better Life 011377,762,72,0.736
A56479,El Zahraa Main Road,703,54,0.924
A56480,Ph/el zahraa Station St.,703,54,0.911
A56481,el zahraa Main Road,707,56,0.806
A56482,el zahraa (2),707,56,0.754
A56483,EL ZAHRAA,734,56,0.963
A56484,PH El Zahraa Station St.223,734,56,0.854
A56485,PH el zahraa,736,59,0.771
A56486,PY/el zahraa 011,750,62,0.851
A56487,El--EL ZAHRAA br.212,750,62,0.983
A56488,PH EL ZAHRAA Station St.209,760,57,0.785
A56489,EL LIF ELINE NASR,709,48,0.904
A56490,PY/Life Line Nasr br.2,709,48,0.834
A56491,life line nasr (2),721,76,0.995
A56492,Life Line Nasr (2),729,57,0.964
A56493,Life Line Nasr Brnch 1,729,57,0.665
A56494,PY/Life Line Nasr Station St.,733,57,0.835
A56495,life line nasr,733,57,0.926
A56496,EL liife line nasr,742,60,0.852
A56497,PY/Life LineN asr (2),762,73,0.868
A56498,El-Life Line Nasr,763,61,0.754
A56499,EL Life Line Nasr 01158,763,61,0.819
A56500,el life line nasr Branch 2,765,51,0.708
A56501,life line nasr,765,51,0.988
A56502,el misr Main Road927,732,65,0.627
A56503,PY/misr Main Road,732,65,0.968
A56504,Ph/Misr Branch 1,749,44,0.841
A56505,MISR Mall,761,55,0.927
A56506,Misr (2),761,55,0.963
A56507,EL SEHA FIRST NASR 011,707,57,0.85
A56508,Ph/Seha First Nasr-A,707,57,0.637
A56509,Ph/Seha First Nsar 04,722,78,0.908
A56510,EL seha first nasr 04,722,78,0.677
A56511,Seha First Nasr Branch 2,726,67,0.816
A56512,SEHA FIRST NASR 6th Zoone384,726,67,0.796
A56513,SEHA FIRSST NASR Station St.,755,68,0.812
A56514,el Seha First Nasr,755,68,0.937
A56515,Union Pharm Nasr br.2,705,69,0.749
A56516,UION PHARM NASR,726,68,0.74
A56517,union pharm nasr,731,55,0.635
A56518,EL Union Pharm Nasr br.2,733,58,0.652
A56519,EL Union Pharm Nasr 011279,733,58,0.927
A56520,EL UNION PHARM NASR,736,60,0.827
A56521,Union Pharm Nasr,736,60,0.931
A56522,Ph/Union Pharm Nasr Branch 2106,755,69,0.945
A56523,el Union Pharm Nasr-A,755,69,0.81
A56524,El-UNION PHARM NASR,759,68,0.887
A56525,PY/union pharm nasr,759,68,0.698
A56526,PY/UUnion Pharm Nasr 04,766,69,0.648
A56527,El-Union Pharm Nasr285,766,69,0.752
A56528,Ph/El Tourath 6th Zne,700,63,0.942
A56529,El Tourath 6th Zone,700,63,0.78
A56530,El-El Tourath (2)571,742,61,0.848
A56531,el El Tourath br.2,765,52,0.857
A56532,El Tourath br.2,765,52,0.891
A56533,El-Allpha Pharma Nasr Station St.,700,64,0.717
A56534,El-alpha pharma nasr Branch 1,700,64,0.695
A56535,PY/ALPHA PHARMA NASR,721,77,0.688
A56536,PH Alpha Pharma Nasr (2)69,721,77,0.715
A56537,El-Alpha Parma Nasr (2),743,62,0.71
A56538,Alpha Pharma Nasr 6th Zone,743,62,0.98
A56539,Alpha Pharma Nasr 011,749,45,0.893
A56540,el ALPHA PHARMA NASR 04,763,62,0.743
A56541,alpha pharma nasr Main Road,763,62,0.784
A56542,Alpha Pharma Nasr-A,766,70,0.848
A56543,PY/ALPHA PHARMA NASR,766,70,0.934
A56544,CARE 24 SEVEN-A,701,62,0.729
A56545,Ph/care 24 sevven Mall,701,62,0.693
A56546,Ph/CARE 24 SEVEN,718,61,0.73
A56547,EL Care 2 Seven 011,727,55,0.644
A56548,EL Care 24 Seven 04,727,55,0.959
A56549,Care 24 Seven Mall,728,61,0.928
A56550,PY/Care 24 Seven,730,66,0.825
A56551,El-CARE 24 SEVEN-A,738,67,0.694
A56552,EL care 24 seven br.2,741,70,0.83
A56553,CARE 24 SEVEN (2)126,741,70,0.852
A56554,EL Care 24 Seven Main Road,751,56,0.63
A56555,PH CARE 24 SEVEN-A,751,56,0.636
A56556,EL Sunrise Nasr710,717,63,0.905
A56557,PH Sunrisse Nasr,717,63,0.956
A56558,Sunrise Nasr 66th Zone,729,58,0.785
A56559,EL Sunrise Nasr 04,734,57,0.971
A56560,SUNRISE NASR Station St.,743,63,0.943
A56561,PY/sunrise nasr Main Road,764,68,0.903
A56562,PH NILE CARE MAADI Station St.,711,60,0.892
A56563,NILE CARE MAADI,724,60,0.938
A56564,NILE CARE MAADI,724,60,0.635
A56565,el NILE CARE MAADI 011,747,59,0.752
A56566,PY/Nile Care Maadi,749,46,0.73
A56567,Eln-ile care maadi Mall,759,69,0.637
A56568,PH Nile Care Maadi,759,69,0.671
A56569,El-NILE CARE MAADI (2),760,58,0.9
A56570,Ph/nile care maadi Branch 1,763,63,0.812
A56571,el NILE CARE MAADI,763,63,0.946
A56572,Nile Care Maadi Main Road,764,69,0.829
A56573,El-Nile Care Maadi Mall,764,69,0.739
A56574,El-SUNRISE AGAMI-A,721,78,0.706
A56575,EL sunrise agami Mall,723,67,0.883
A56576,PH Sunrise Agami 011,736,61,0.624
A56577,PH Sunrise Agami Branch 1,736,61,0.821
A56578,PH Sunrise Agam 04,750,63,0.748
A56579,El-Sunrise Agami Station St.,750,63,0.667
A56580,El-Sunrise Agami (2),757,62,0.645
A56581,Ph/sunrise agmi,764,70,0.701
A56582,PH sunrise agami br.2,764,70,0.75
A56583,EL sunrise agami 011,769,61,0.896
A56584,EL sunrise agami 04,769,61,0.657
A56585,Sunrise Zayed,709,49,0.628
A56586,el Sunrise Zayed 04,709,49,0.844
A56587,PY/Sunrise Zayed-A,712,59,0.778
A56588,Sunrise Zayed Main Road,717,64,0.839
A56589,EL SUNRISE ZAYED Station St.,717,64,0.985
A56590,El-SUNRISE ZZAYED-A,733,59,0.896
A56591,EL Sunrise Zayed748,738,68,0.675
A56592,Sunrise Zayed (2),760,59,0.809
A56593,PH Sunrise Zayed br.283,760,59,0.692
A56594,el MIRA MAADI Branch 1,728,62,0.631
A56595,PH MIRA MAADI-A,745,62,0.966
A56596,PH MIRA MAADI686,761,56,0.822
A56597,el Mira Maadi Brancch 1,768,64,0.968
A56598,PH Mira Maadi (2),768,64,0.758
A56599,el AL AMAL NEW Branch 1,723,68,0.9
A56600,PY/Al AmalNew br.2,734,58,0.772
A56601,El-Al Amal New 04,734,58,0.775
A56602,Al Amal New 011,739,65,0.702
A56603,EL al ama lnew Branch 1,741,71,0.988
A56604,Ph/al amal new 011,756,68,0.914
A56605,PH Al Amal New,756,68,0.904
A56606,PH GOLDEN CARE MARG Branch 1,721,79,0.639
A56607,EL Golden Care Marg Main Road,729,59,0.801
A56608,el GOLDEN CARE MARG 04,765,53,0.921
A56609,Golden Care Marg,765,53,0.776
A56610,el tourath new0 11,703,55,0.815
A56611,el el tourath new Branch 2,727,56,0.676
A56612,PY/EL TOURATH NEW 011,736,62,0.824
A56613,EL EL TOURATH NEW-A,742,62,0.943
A56614,EL TOURATH NEW br.2,746,62,0.636
A56615,El-El Baraka New-A,717,65,0.971
A56616,EL el barkaa new Branch 1,718,62,0.913
A56617,El Baraka New Mall,728,63,0.626
A56618,Ph/el baraka new Branchh 1,745,63,0.875
A56619,ELE l Baraka New br.2,745,63,0.935
A56620,PH el baraka new Mall,748,73,0.992
A56621,PY/Metro Faisal,715,62,0.931
A56622,PY/Metro Fisal 6th Zone,722,79,0.968
A56623,metro faisal,722,79,0.625
A56624,EL Metro Faisal,733,60,0.65
A56625,El-Metro Faisal Branch 2,733,60,0.652
A56626,Ph/Metro Faisal Station St.,745,64,0.753
A56627,PH Metro Faisal Branch 1,747,60,0.89
A56628,PH Metro Faisal (2)463,747,60,0.662
A56629,PY/metro faisal (2),766,71,0.889
A56630,EL Omega (2),725,62,0.906
A56631,PH OMEGA,739,66,0.971
A56632,El-omga214,739,66,0.675
A56633,Ph/OMEGA Branch 2,770,64,0.81
A56634,el dr medhat,709,50,0.93
A56635,Dr Medhta (2),745,65,0.824
A56636,el Dr Medhat,747,61,0.72
A56637,Dr Medhat 04,747,61,0.848
A56638,el Dr Medhat,770,65,0.647
A56639,PY/Dr Mdhat,770,65,0.848
A56640,better life obour Station St.,702,59,0.681
A56641,PH BETTER LIFE OBOUR Branch 2,710,72,0.99
A56642,El-BETTER LIFE OBOUR br.2128,710,72,0.985
A56643,EL Better Life Obour Mall,711,61,0.654
A56644,PY/BETTER LIFE OBOUR,715,63,0.646
A56645,Ph/Better Life Obour 6th Zone320,715,63,0.67
A56646,PH Better Life Obour Mall,749,47,0.986
A56647,el Better Life Obour Branch 2,749,47,0.951
A56648,El-Better Life Obour-A,763,64,0.942
A56649,El-GREEN LEAF (2),720,60,0.78
A56650,Geren Leaf209,757,63,0.81
A56651,Ph/Green Leaf br.2,757,63,0.898
A56652,PH Green Leaf Branch 2,766,72,0.89
A56653,GREEN LEAF Branch 2,767,58,0.646
A56654,Ph/El Zahraa Faisal br.2,702,60,0.71
A56655,El-EL ZAHRAA FAISAL Branch 1867,721,80,0.859
A56656,El-El Zahraa Faisal Branch 2,723,69,0.66
A56657,el zahraa faisal (2)127,723,69,0.933
A56658,El Zahraa Faiisal 04,735,56,0.77
A56659,el El Zahraa Faisal 6th Zone923,735,56,0.636
A56660,EL EL ZAHRAA FAISAL Branch 2,740,56,0.938
A56661,PY/el zahraa faisal br.2,740,56,0.699
A56662,PY/EEL ZAHRAA FAISAL 04,747,62,0.86
A56663,EL el zahraaa faisal,767,59,0.683
A56664,El-EL ZAHRAA FAISAL,770,66,0.967
A56665,el Better Life Square (2),707,58,0.988
A56666,El-BETTER LIFE SQUARE 6th Zone,707,58,0.879
A56667,el Better Life Square-A514,713,43,0.751
A56668,better life square (2),713,43,0.81
A56669,PH Better Life Square-A,725,63,0.741
A56670,El-better life square 6th Zone,732,66,0.966
A56671,Ph/Better Life Square,732,66,0.814
A56672,EL better life square 6th Zone21,739,67,0.972
A56673,el better life square Station St.,750,64,0.747
A56674,PH Better Life Square,759,70,0.706
A56675,PY/Alpha Pharma,707,59,0.761
A56676,PY/Alpha Pharma,727,57,0.778
A56677,Alpha Pharm aMall,727,57,0.806
A56678,PY/Alpha Pharma BBranch 2,728,64,0.663
A56679,PH alpha harma Branch 1,728,64,0.837
A56680,el alpha pharma 011,741,72,0.966
A56681,ALPHA PHARMA 6th Zone,741,72,0.815
A56682,PY/el tourath,754,68,0.758
A56683,El Tourath Branch 1,755,70,0.694
A56684,PY/L TOURATH,755,70,0.857
A56685,El Tourath,758,67,0.835
A56686,El-el tourah (2),758,67,0.946
A56687,HEALTH GTAE NEW Mall,710,73,0.993
A56688,health gat enew 6th Zone,710,73,0.904
A56689,Ph/HEALTH GATE NEW Branch 2,714,58,0.956
A56690,Health Gate New,714,58,0.965
A56691,health gate new,731,56,0.93
A56692,el Health Gate New (2)839,743,64,0.744
A56693,Ph/HEALTH GATE NEW653,743,64,0.822
A56694,PY/Health Gate New 011,752,61,0.998
A56695,El-Health Gate New-A,752,61,0.775
A56696,PY/health gate new br.2,757,64,0.819
A56697,PH Al Amal New,723,70,0.909
A56698,Ph/AL AMAL NEW Statino St.,723,70,0.726
A56699,Ph/AL AMAL NEW Station St.378,744,63,0.995
A56700,Al Amal New Station St.,766,73,0.656
A56701,al amal new 6th Zone,769,62,0.912
A56702,el Al Amal New (2),769,62,0.631
A56703,PH life line new (2)503,704,63,0.813
A56704,el LIF ELINE NEW,704,63,0.709
A56705,PH Life Line New,705,70,0.87
A56706,Life Line New Mall,705,70,0.87
A56707,PHl ife line new901,736,63,0.977
A56708,PY/LIFE LINE NE 011,736,63,0.927
A56709,el golden care 04,710,74,0.819
A56710,el GOLDEN CARE br.2,712,60,0.948
A56711,PYGOLDEN CARE 011,712,60,0.84
A56712,GOLDEN CARE Branch 1941,725,64,0.976
A56713,el GOLDEN CARE Mall69,725,64,0.693
A56714,el Goldden Care Branch 2,726,69,0.63
A56715,EL Golden Care Main Road,732,67,0.929
A56716,PY/Golden Care Station St.131,732,67,0.709
A56717,PH Golden Care,766,74,0.687
A56718,Ph/MIRA,704,64,0.684
A56719,EL Mira-A,704,64,0.881
A56720,Mirabr.2,714,59,0.951
A56721,mira Station St.,734,59,0.805
A56722,Mira 04,734,59,0.637
A56723,el HOPE NEW 04,716,64,0.805
A56724,PH HOPE NEW 6th Zone,716,64,0.779
A56725,Ph/hope new,724,61,0.993
A56726,PY/HOPE NEW Branch 1487,724,61,0.739
A56727,EL Hope New,731,57,0.874
A56728,HOPE NEW 6th Zone,731,57,0.899
A56729,PY/el faraby Branch 1,711,62,0.724
A56730,El-El Fraaby Branch 2,714,60,0.667
A56731,P/El Faraby br.2,761,57,0.736
A56732,El-EL FARABY (2),761,57,0.677
A56733,PY/green leaf Branch 1,700,65,0.912
A56734,Ph/Green Leaf Branch 1,703,56,0.767
A56735,PY/GREEN LEAF Branch 1,703,56,0.996
A56736,Ph/Green Leaf Main Road,705,71,0.672
A56737,green leaf Mall,723,71,0.641
A56738,PH Green Leaf Branch 2,729,60,0.773
A56739,green leaf Mall,729,60,0.869
A56740,EL Green Leaaf-A,741,73,0.623
A56741,PH Green Leaf 6th Zone,757,65,0.746
A56742,EL GREEN LEAF br.2,757,65,0.969
A56743,El-Green Leaf,763,65,0.979
A56744,PH Seha FirstD okki Branch 2,708,70,0.638
A56745,PH Seha First Dokki Mall,708,70,0.74
A56746,Seha First Dokki 04,743,65,0.811
A56747,PH SEHA FIRST DOKKI Mall,743,65,0.764
A56748,El-SEH AFIRST DOKKI 04,750,65,0.75
A56749,Seha First Dokki,753,53,0.857
A56750,EL SEHAA FIRST DOKKI Main Road,753,53,0.888
A56751,Seha First Dokki,768,65,0.818
A56752,el metro Branch 1,720,61,0.893
A56753,Metro597,720,61,0.925
A56754,Metro 011207,723,72,0.935
A56755,el METRO (2),723,72,0.623
A56756,PY/metro (2)208,724,62,0.838
A56757,EL Metro Branch 2161,734,60,0.808
A56758,EL Metro-A,744,64,0.632
A56759,METRO Branch 1,744,64,0.897
A56760,metro Branch 2657,770,67,0.939
A56761,PY/el zahraa 011,703,57,0.788
A56762,el zahraa 6th Zone,703,57,0.959
A56763,ELL EL ZAHRAA 04,711,63,0.993
A56764,E ZAHRAA,711,63,0.651
A56765,Ph/el zahraa 04,728,65,0.782
A56766,PY/EL ZARAA 04,728,65,0.868
A56767,El-El Zahraa 011,740,57,0.964
A56768,El-EL HOKAMA NOZHA Station St.,724,63,0.938
A56769,el el hokama nozha MMall,749,48,0.822
A56770,El Hokama Nozha Branch 1,754,69,0.985
A56771,EL El Hokama Nozha,754,69,0.97
A56772,PH El Hokama Nozha Branch 290,764,71,0.953
A56773,el hokama nozha,764,71,0.629
A56774,Ph/El Hokama Nozha 0456,768,66,0.72
A56775,EL al nozha new,712,61,0.689
A56776,Ph/AL NOZHA NEW (2)992,712,61,0.815
A56777,Al Nozha New Branch 2,717,66,0.799
A56778,el al nozha new 011,717,66,0.784
A56779,PY/al nozha new (2),720,62,0.822
A56780,el Al Nozha New Main Road,720,62,0.975
A56781,Ph/Al Nozha New Branch 1,736,64,0.7
A56782,el zahraa Main Road,739,68,0.691
A56783,PY/El Zahraa Station St.,739,68,0.751
A56784,EL El Zahraa 6th Zone,752,62,0.968
A56785,el zahra a(2)145,752,62,0.735
A56786,PY/El Zahraa Brnch 2,762,74,0.696
A56787,PH hope Station St.,709,51,0.858
A56788,hope (2),709,51,0.839
A56789,hope,715,64,0.837
A56790,Ph/Hope Mall,716,65,0.975
A56791,Hope 6th Zone,722,80,0.95
A56792,El-hope Mall549,722,80,0.818
A56793,PH HOPE Main Road,735,57,0.797
A56794,PH hope Station St.,747,63,0.634
A56795,el HOPE,751,57,0.627
A56796,Hope 011,758,68,0.934
A56797,Misr Oct City 011,721,81,0.632
A56798,misr oct city Main Road,729,61,0.796
A56799,el misr oct citty Station St.,729,61,0.869
A56800,Misr Oct City 6th Zone,731,58,0.645
A56801,EL Misr Oct City Branc h1,746,63,0.861
A56802,EL Misr Oct City Branch 1768,746,63,0.783
A56803,Misr Oct City,751,58,0.769
A56804,PH Misr Oct City 04,752,63,0.945
A56805,Ph/Misr Oct City 04,752,63,0.671
A56806,El Baraka New 6th Zone49,734,61,0.862
A56807,el EL BARAKA NEW,734,61,0.704
A56808,el baraka new (2),740,58,0.92
A56809,EL BARAKA NEW,745,66,0.9
A56810,El-el baraka new 011208,745,66,0.766
A56811,PY/El Baraka New Main Road,756,69,0.679
A56812,EL BARAKA NEW 011,756,69,0.973
A56813,El Baraka New Branch 2,764,72,0.776
A56814,el EL BARAKA NEW,764,72,0.691
A56815,El Baraka Nw Branch 2,767,60,0.657
A56816,PH El Baraka New Station St.,767,60,0.63
A56817,HOPE BANHA 04,701,63,0.631
A56818,Ph/Hope Banha Branch 1,713,44,0.731
A56819,Ph/Hope Banha Mall,713,44,0.731
A56820,Hope Banha,715,65,0.971
A56821,PY/Hope Banha,715,65,0.821
A56822,El-Hope Banha-A,720,63,0.621
A56823,Ph/HOPE BANHA,737,67,0.726
A56824,PY/Hope Banha,748,74,0.665
A56825,El-HOPE BANHA 04,753,54,0.654
A56826,Ph/HOPE BANHA Station St.,753,54,0.987
A56827,PH Elite Obour 6th Zone,741,74,0.829
A56828,PY/Elite Obour br.2,743,66,0.697
A56829,PH Elite Obour-A,743,66,0.81
A56830,Ph/Elite Obour 6th Zone,745,67,0.789
A56831,PH eliteobour Mall,745,67,0.722
A56832,PH blue wave br.2677,704,65,0.709
A56833,PY/BLUE WAV Branch 2,704,65,0.653
A56834,PY/BLUE WAVE,711,64,0.622
A56835,el BLUE WAVE Branch 1,715,66,0.856
A56836,blue wave Main Road,727,58,0.79
A56837,PH Blue Wave Mlal,727,58,0.623
A56838,EL BLUE WAVE 6th Zone,730,67,0.88
A56839,El-BLUE WAVE br.2,730,67,0.659
A56840,Blue WWave-A,757,66,0.898
A56841,EL blue waave-A,757,66,0.666
A56842,Blue Wave Branch 2829,759,71,0.667
A56843,Ph/Blue Wav eBranch 2,759,71,0.837
A56844,PY/AL AMAL NEW Mall,714,61,0.683
A56845,EL Al Amal New,738,69,0.834
A56846,el AL AMAL NEW (2),751,59,0.981
A56847,al amal new Branch 1,762,75,0.684
A56848,AL AMAL NEW Station St.,762,75,0.891
A56849,Ph/pharma plus zayed Branch 2,701,64,0.807
A56850,PHARMA PLUS ZAYED 04,701,64,0.838
A56851,PH Pharma Plus Zayed-A,724,64,0.62
A56852,PY/PHARMA PLUS ZAYED,724,64,0.671
A56853,el Pharma Pus Zayed,730,68,0.735
A56854,Pharma Plus Zayed 011368,730,68,0.775
A56855,PY/Pharma Plus Zayed Main Road,732,68,0.706
A56856,PHARMA PLUS ZAYED br.2,746,64,0.682
A56857,pharma plus zayed-A,746,64,0.831
A56858,Pharma Plus Zyed 011,756,70,0.748
A56859,Ph/Pharma Plus Zayed Branch 1,768,67,0.646
A56860,Pharma Plus Zayed 6th Zone,768,67,0.669
A56861,PY/Dr Medhat New 011,706,50,0.872
A56862,Dr Medhat New,713,45,0.692
A56863,El-Dr Medhat New br.2,713,45,0.991
A56864,PY/Dr Medhat New Station St.636,725,65,0.936
A56865,El-D Medhat New,727,59,0.771
A56866,EL dr medhat new Branch 1,737,68,0.884
A56867,PH Dr Medhat New-A,737,68,0.95
A56868,Dr Medhat New Main Road,747,64,0.809
A56869,El-DR MEDHAT NEW Branch 2,747,64,0.878
A56870,El-DR MMEDHAT NEW 011,751,60,0.986
A56871,dr medhat new 04,751,60,0.928
A56872,DR MEDHAT NEW Mall,753,55,0.832
A56873,El-DR MEDHAT NEW,753,55,0.663
A56874,el Better Life Branch 2,702,61,0.752
A56875,El-better life,702,61,0.895
A56876,el better life br.2619,707,60,0.865
A56877,better life Branch 1,748,75,0.831
A56878,Better Life Branch 2608,753,56,0.781
A56879,Better Life 04,753,56,0.699
A56880,Ph/Better Life Branch 2,764,73,0.838
A56881,Better Life Mall,764,73,0.928
A56882,PH seha first Main Road,704,66,0.646
A56883,El-Seha First Main Road,704,66,0.99
A56884,SEHA FIRST-A,723,73,0.666
A56885,el seha first Branch 2,723,73,0.676
A56886,PY/Seha First 011,726,70,0.942
A56887,seha first 011,726,70,0.664
A56888,El-seha first Mall,729,62,0.818
A56889,PH SEHA FIRST,729,62,0.823
A56890,PY/Seha First Mall,735,58,0.944
A56891,el Seha First (2)135,745,68,0.7
A56892,el SEHA FIRST br.2,745,68,0.782
A56893,PY/Seha First Main Road,755,71,0.808
A56894,Ph/SEHA FIRST 04,755,71,0.642
A56895,EL Seha First Main Road,764,74,0.722
A56896,El-union pharm imbaba (2),700,66,0.648
A56897,PY/Union Pharm Imbaba Station St.,727,60,0.798
A56898,El-Unoin Pharm Imbaba Mall30,733,61,0.9
A56899,Union Pharm Imbaba Branch 2,733,61,0.74
A56900,PY/MISR AGAMI 6th Zone892,709,52,0.691
A56901,EL Misr Agami,709,52,0.822
A56902,el misr agami Branch 1,749,49,0.688
A56903,El-Misr Agami,749,49,0.887
A56904,Misr Agami 04,770,68,0.907
A56905,PH hope (2),703,58,0.99
A56906,PH Hope Mall438,714,62,0.624
A56907,Hope,714,62,0.624
A56908,EL Hope (2),728,66,0.806
A56909,Hope Branch 1,731,59,0.99
A56910,PH HOPE Main RRoad,741,75,0.863
A56911,PH Hope Branch 2,741,75,0.821
A56912,Ph/hope 6th Zone,744,65,0.961
A56913,PY/Hope 04605,749,50,0.952
A56914,PY/HOPE Mall,769,63,0.934
A56915,PY/Health Gate Station St.,703,59,0.895
A56916,EL Health Gate,705,72,0.737
A56917,PH HEALTH GATE Branch 2,705,72,0.979
A56918,PY/health gate 011991,723,74,0.953
A56919,Health Gate br.2,739,69,0.992
A56920,PH health gate,739,69,0.814
A56921,el Health Gate 04,748,76,0.941
A56922,Health Gate,757,67,0.821
A56923,Healt Gate 04972,757,67,0.714
A56924,health gate 6th Zone,759,72,0.797
A56925,health gate (2),759,72,0.685
A56926,El-Healt Gate Branch 2,767,61,0.835
A56927,EL health gate 6th Zone,767,61,0.89
A56928,PY/Heath Gate New br.2,703,60,0.922
A56929,El-Health Gate New Station St.,704,67,0.659
A56930,EL Health Gate New0 4,704,67,0.953
A56931,PY/Health Gate New511,707,61,0.912
A56932,EL health gate new Branch 2493,710,75,0.704
A56933,EL Health Gate New br.2501,710,75,0.899
A56934,El-Health Gate New656,718,63,0.766
A56935,health gatee new br.2,730,69,0.868
A56936,HEALTH GATE NEW Main Road,732,69,0.676
A56937,El-Health Gate New,752,64,0.98
A56938,El-metro 04,711,65,0.771
A56939,Metro Branch 2,711,65,0.934
A56940,Metro (2)935,733,62,0.714
A56941,metro 04,744,66,0.741
A56942,Ph/metro,744,66,0.782
A56943,el METRO-A,748,77,0.862
A56944,Metro Mall,748,77,0.69
A56945,Ph/Metro-A,757,68,0.783
A56946,METRO 04,757,68,0.818
A56947,PY/metro,760,60,0.987
A56948,Metro (2),760,60,0.873
A56949,Metro Station St.,761,58,0.866
A56950,PH metro Main Road,761,58,0.718
A56951,life line new Mall,704,68,0.946
A56952,el life line new 6th Zone,706,51,0.995
A56953,EL life line new (2),706,51,0.858
A56954,el life line new 011,710,76,0.884
A56955,life line new,716,66,0.808
A56956,Life Line New Station St.,728,67,0.947
A56957,Life Line New Branch 1,728,67,0.973
A56958,life line new,740,59,0.624
A56959,el Life Line New Main Road,740,59,0.721
A56960,PH Life Line New Branch 2,769,64,0.715
A56961,Care 24 Seven New br.2,705,73,0.73
A56962,PH care 24 seven new Branch 2,705,73,0.967
A56963,PY/CARE 24 SEVEN NE 6th Zone297,712,62,0.713
A56964,EL Care 24 Seven New,712,62,0.852
A56965,CARE 24 SEVEN NEW Main Road,716,67,0.751
A56966,EL Care 24 Seven New 6th Zone765,732,70,0.734
A56967,EL Care 24 Seven New Main Road,736,65,0.955
A56968,PY/care 24 seen new,736,65,0.809
A56969,Care 24 Seven New 011,751,61,0.63
A56970,el Care 24 Seven New 6th Zone,751,61,0.857
A56971,Ph/eMtro New br.2130,703,61,0.826
A56972,metro new Mall345,716,68,0.948
A56973,METRO NEW Branch 1,716,68,0.839
A56974,El-Metro New br.2,726,71,0.732
A56975,METRO NEW Station St.,726,71,0.883
A56976,EL METRO NEW (2),729,63,0.757
A56977,METRO NEW Mall,729,63,0.891
A56978,ElMetro New (2)241,747,65,0.872
A56979,PH Metro New (2),747,65,0.713
A56980,PY/metro new (2),769,65,0.686
A56981,el Pharma Plus Main Road,700,67,0.644
A56982,el Pharma Plus br.2,716,69,0.686
A56983,PHARMA PLUS Branch 1,717,67,0.72
A56984,Pharma Plus 04,717,67,0.914
A56985,Ph/Pharma Plus Main Road,752,65,0.687
A56986,PHARMA LUS Branch 2,752,65,0.892
A56987,Pharma Plus Branch 2,766,75,0.77
A56988,El-Pharm Plus903,766,75,0.891
A56989,Sunnrise,726,72,0.948
A56990,PH Sunrise 011265,726,72,0.702
A56991,SUNRISE br.2,729,64,0.837
A56992,PH sunrise Station St.,729,64,0.94
A56993,Sunries 0477,733,63,0.632
A56994,EL Sunrise Branch 2,741,76,0.728
A56995,el Sunrise Statin St.,760,61,0.677
A56996,Sunrise Branch 1,769,66,0.72
A56997,el Sunrise (2),770,69,0.639
A56998,El-Misr,706,52,0.823
A56999,Misr Branch 1,706,52,0.924
A57000,PH Misr Station St.,709,53,0.846
A57001,Misr Branch 1,716,70,0.947
A57002,Misr Station St.11,725,66,0.629
A57003,EL misr br.2,730,70,0.886
A57004,El-misrr 011,730,70,0.799
A57005,PH Misr Station St.,769,67,0.963
A57006,Misr Brnach 2,769,67,0.674
A57007,PH Al Nozha Station St.,709,54,0.882
A57008,Al Nozhha br.2,709,54,0.959
A57009,PY/Al Nozha (2),742,63,0.758
A57010,EL A Nozha,755,72,0.946
A57011,el AL NOZHA 6th Zone,755,72,0.996
A57012,AL NOZHA,762,76,0.948
A57013,Al Nozha,762,76,0.68
A57014,PH Dr Medhat Banha,709,55,0.718
A57015,Dr Medhat Bahna 6th Zone,710,77,0.765
A57016,Ph/Dr Medhat Banha (2),710,77,0.732
A57017,PY/DR MEDHAT BANHA,727,61,0.769
A57018,Dr Medhat Banha 04,727,61,0.961
A57019,Dr Medhat Banha147,740,60,0.844
A57020,Dr Medhat Banha Main Road,744,67,0.937
A57021,Dr Medhat Banha Mall,744,67,0.869
A57022,Ph/dr medhat banha,762,77,0.962
A57023,El-Dr Medhat Banha 011,762,77,0.845
A57024,el DR MEDHAT BANHA 011,768,68,0.77
A57025,EL Dr Mehdat Banha,768,68,0.967
A57026,EL TOURATH DOKKI 04,737,69,0.735
A57027,EL TOURAT HDOKKI br.2112,737,69,0.719
A57028,PY/El Tourath Dokki-A,744,68,0.922
A57029,EL TOURATH DOKKI Station St.,744,68,0.911
A57030,EL TOURATH DOKKI 04,745,69,0.844
A57031,eltourath dokki br.2,745,69,0.876
A57032,PY/Pharma Plus bour461,710,78,0.858
A57033,Pharma Plus Obour-A,710,78,0.951
A57034,PY/Pharma Plus Obour-A,728,68,0.812
A57035,El-Pharma Plus Obour 04209,743,67,0.733
A57036,el PHARMA PLUS OBOUR 011,745,70,0.817
A57037,El-Pharma Plus Obour 04,745,70,0.997
A57038,EL PHARMA PLUS OBOUUR Main Road,752,66,0.728
A57039,Ph/Pharma Plus Obour Branch 2,756,71,0.795
A57040,el PHARMA PLUS OBOUR Brnch 1,756,71,0.779
A57041,Alpha Pharma 011,701,65,0.782
A57042,alpha pharma459,701,65,0.687
A57043,ALPHA PHARMA 04,713,46,0.851
A57044,Ph/ALPHA PHARMA br.2,721,82,0.707
A57045,alpha pharma 6th Zone,736,66,0.709
A57046,CARE 24 SEVEN SQUARE 6th Zone,702,62,0.901
A57047,CARE 24 SEVEN SQUARE (2)460,734,62,0.918
A57048,Ph/Care 24 Seven Square 011622,734,62,0.743
A57049,EL CARE 24 SEVEN SQUARE Branch 1,739,70,0.886
A57050,PY/Care 24 Seven Square br.2,740,61,0.958
A57051,PY/SILVE RCARE MARG Station St.,712,63,0.819
A57052,Silver Care Marg 6th Zone,712,63,0.941
A57053,PY/Silver Care Marg Main Road,733,64,0.909
A57054,silver care marg 6tth Zone,733,64,0.946
A57055,Silver Care Marg111,743,68,0.816
A57056,SILVER CARE MARG Main Road224,757,69,0.826
A57057,PH ilver Care Marg (2),762,78,0.769
A57058,silver care marg,762,78,0.879
A57059,el Silver Care Marg 6th Zone,763,66,0.734
A57060,Silver Care Marg Station St.,766,76,0.725
A57061,el silver carem arg 6th Zone,770,70,0.892
A57062,Silver Care Marg Branch 1,770,70,0.881
A57063,Ph/metro,700,68,0.99
A57064,PY/METRO Main Road,700,68,0.798
A57065,metro 6th Zone,702,63,0.958
A57066,PH Mtero,702,63,0.859
A57067,PY/METRO 04190,722,81,0.937
A57068,e lmetro-A361,724,65,0.734
A57069,Ph/metro-A,724,65,0.896
A57070,El-MetroMain Road,759,73,0.823
A57071,metro-A,759,73,0.828
A57072,PH METRO,761,59,0.699
A57073,Metr 011,761,59,0.929
A57074,EL METRO Mall,765,54,0.779
A57075,METRO,765,54,0.829
A57076,El-Salamtek-A,705,74,0.821
A57077,PY/SALAMTEK-A,707,62,0.943
A57078,El-Salamtek 04,707,62,0.659
A57079,El-salamtek-A,714,63,0.775
A57080,PY/salamtek726,714,63,0.717
A57081,El-SALAMTEK Branch 2,725,67,0.839
A57082,el Salamtek,725,67,0.999
A57083,PH Sallamtek-A,762,79,0.756
A57084,Ph/Pharma Plus Zayed 011,714,64,0.962
A57085,PY/PPHARMA PLUS ZAYED Station St.,714,64,0.985
A57086,el PHARMA PLUS ZAYED Mall,725,68,0.757
A57087,PY/Pharma Plus Zayed Branch 1,725,68,0.628
A57088,Pharma Plus Zayed Main Road,742,64,0.741
A57089,EL Alpha Pharma Oct City Station St.,720,64,0.728
A57090,El-alpha pharma oct city Branch 1,720,64,0.696
A57091,PY/Alpha Pharma Oct City Branch 2,725,69,0.981
A57092,PY/AAlpha Pharma Oct City-A,725,69,0.94
A57093,PY/Alpha Pharm Oct City Branch 1,748,78,0.69
A57094,alpha pharma oct city,748,78,0.948
A57095,PH Alpha Pharma Oct City 04,760,62,0.965
A57096,PY/alpha pharma oct city-A,770,71,0.817
A57097,Ebn Siina,735,59,0.63
A57098,EBN SIA-A183,735,59,0.946
A57099,EBN SINA Mall,738,70,0.808
A57100,EBN SINA (2),738,70,0.959
A57101,PH ebn sina Mall223,761,60,0.809
A57102,Ph/ebn sinabr.2,761,60,0.818
A57103,el ebn sina new (2),726,73,0.841
A57104,ebn sina new 6th Zone,726,73,0.732
A57105,Ph/EBN SINA NEW 6th Zone,727,62,0.813
A57106,PY/ebn sina new670,727,62,0.787
A57107,PY/Ebn Sina New Main Road480,736,67,0.895
A57108,EL el nasr,704,69,0.735
A57109,EL EL NASR Main Road,704,69,0.657
A57110,El Nasr,714,65,0.627
A57111,EL El Nasr 04,714,65,0.72
A57112,PY/El Nasr893,725,70,0.63
A57113,el nasrr Mall,725,70,0.851
A57114,PY/EL NASR-A,734,63,0.988
A57115,El-el nsar-A,734,63,0.914
A57116,el SILVER CARE Main Road,711,66,0.942
A57117,EL Silver Care Station St.,711,66,0.632
A57118,EL SILVER CARE (2),713,47,0.877
A57119,el SILVER CARE Mall,723,75,0.745
A57120,Ph/SILVER CARE Branch 1,761,61,0.985
A57121,El-UNION PHARM 6th Zone240,718,64,0.978
A57122,union pharm 04,723,76,0.636
A57123,UNION PHARM 6th Zone,736,68,0.752
A57124,UnionP harm 011,736,68,0.693
A57125,Union Pharm Branch 2,741,77,0.82
A57126,UNION PHARM Main Road,753,57,0.742
A57127,UNION PHARM Mall,753,57,0.783
A57128,Union Pharm Branch 2,764,75,0.706
A57129,PY/al nozha obour,706,53,0.842
A57130,PH Al Nozha Obour 04,706,53,0.921
A57131,El-Al Nzha Obour Mall395,717,68,0.801
A57132,Ph/Al Nozha Obour (2),717,68,0.896
A57133,EL al nozha obour Mall,735,60,0.726
A57134,PY/AL NOZHA OBOUR Main Road,736,69,0.961
A57135,PH Al Nozha Obour,736,69,0.836
A57136,PH Al Nozha Obour,739,71,0.713
A57137,ebn sina obour433,708,71,0.716
A57138,El-Ebn Sina Obour Mall180,714,66,0.687
A57139,PH ebn sina obour Station St.,714,66,0.74
A57140,PH ebn sina obour,745,71,0.897
A57141,Ebn Sina Obour-A,750,66,0.778
A57142,EBN SINA OBOU RMall,750,66,0.933
A57143,Ph/OMEGA 011,701,66,0.961
A57144,Omega Station St.659,701,66,0.78
A57145,Ph/Omega 011,748,79,0.782
A57146,Omega,755,73,0.884
A57147,Ph/omega-A573,755,73,0.733
A57148,PH DR MEDHAT SQUAARE Branch 2,708,72,0.882
A57149,DR MEDHAT SQUARE,726,74,0.789
A57150,Ph/DR MEDHAT SQUARE br.2,759,74,0.757
A57151,El-dr medhat square Branch 2,761,62,0.642
A57152,dr medhat square Branch 2,761,62,0.908
A57153,el Dr Medhat Square Branch 1,767,62,0.886
A57154,dr mehdat square Station St.,770,72,0.825
A57155,Sillver Care Agami-A,737,70,0.829
A57156,PH silver care aggami556,739,72,0.651
A57157,Siver Care Agami (2),745,72,0.724
A57158,Ph/blue wave Main Road,723,77,0.702
A57159,PY/Blue Wave,723,77,0.697
A57160,el blue wave-A,755,74,0.671
A57161,PH blue wave (2),755,74,0.821
A57162,PHB LUE WAVE-A,756,72,0.961
A57163,EL Blue Wave,756,72,0.811
A57164,el BLUE WAVE Branch 2,768,69,0.949
A57165,el family 6th Zone172,710,79,0.791
A57166,EL Family Branch 2,710,79,0.953
A57167,PY/family (2),712,64,0.725
A57168,family,712,64,0.699
A57169,Family,719,69,0.951
A57170,Ph/Family-A,729,65,0.718
A57171,el family-A,733,65,0.965
A57172,EL Family Branch 2,733,65,0.985
A57173,PH family Branch 1,750,67,0.937
A57174,PY/FAMILY-A871,750,67,0.865
A57175,PH Famil-A,752,67,0.87
A57176,El-family671,752,67,0.629
A57177,EL Family Branch 2,760,63,0.766
A57178,nile care Branch 2,701,67,0.924
A57179,PH Nile Car (2)882,718,65,0.884
A57180,Nile Care 0428,718,65,0.763
A57181,EL NILE CARE,750,68,0.72
A57182,el Nile Care,770,73,0.963
A57183,PH Better Life Shubra 6th Zone393,748,80,0.868
A57184,Ph/better life shubra br.2,748,80,0.82
A57185,Better Life Shubra Branch 2,755,75,0.793
A57186,Ph/better ife shubra-A,763,67,0.871
A57187,PY/Star Care Agaim 04390,735,61,0.642
A57188,star care agami 11,735,61,0.995
A57189,star care agami,742,65,0.716
A57190,PY/star care agami Station St.,758,69,0.998
A57191,Star Care AAgami br.2,767,63,0.836
A57192,El-star care agami 04,767,63,0.864
A57193,Care 24 even,704,70,0.87
A57194,CARE 24 SEVEN Branch 1,704,70,0.726
A57195,CARE 24 SEVEN,706,54,0.929
A57196,El-care 24 seven,706,54,0.861
A57197,Care 24 Seven 011,711,67,0.924
A57198,El-Care 24 Seven Branch 2,724,66,0.979
A57199,EL CARE 24 SEVEN-A859,724,66,0.962
A57200,El-care 24 seven 6th Zone,734,64,0.905
A57201,PY/CARE 24 SEVEN Branch 2,734,64,0.72
A57202,EL CARE 24 SEVEN Main Road,746,65,0.743
A57203,CARE 24 SEVEN (2),762,80,0.709
A57204,CARE 24 SEVEN Station St.,762,80,0.628
A57205,Ph/Ebn Sina Obour 011,704,71,0.755
A57206,PH ebn sina obour Station St.,704,71,0.722
A57207,PY/Ebn Sina Obour,716,71,0.701
A57208,EBN SIN OBOUR,716,71,0.687
A57209,Ebn Sina Obour br.2,717,69,0.706
A57210,El-ebn sina obour,717,69,0.782
A57211,el ebn sina oboour br.2,751,62,0.851
A57212,Nile Care Zayed Branch 1,748,81,0.743
A57213,PY/Nile Care Zayed Main Road,748,81,0.851
A57214,PH Nile Care Zayed 04,758,70,0.72
A57215,EL Nile Care Zayed 2),764,76,0.714
A57216,Nile Care Zayed Main Road,764,76,0.712
A57217,El-El Shifa 04131,707,63,0.633
A57218,EL SHIFA Branch 2,715,67,0.757
A57219,PH lE Shifa 011937,732,71,0.714
A57220,PH EL SHIFA,748,82,0.83
A57221,EL EL SHIFA Branch 1,749,51,0.812
A57222,el shifa Branch 2,749,51,0.749
A57223,el shifa br.2,757,70,0.972
A57224,PH el shifa Station St.,757,70,0.71
A57225,PH EL SHIFA Station St.,758,71,0.746
A57226,EL SHIFA Station St.,758,71,0.873
A57227,metro Branch 2,709,56,0.99
A57228,PH metro br.2,731,60,0.645
A57229,El-Metro Station St.,739,73,0.884
A57230,MERTO,739,73,0.792
A57231,Metro Mall,742,66,0.838
A57232,metro321,749,52,0.984
A57233,EL SUNRISE OBOUR 011,745,73,0.996
A57234,el Sunrise Obour Mai nRoad,748,83,0.936
A57235,SUNRISE OBOUR (2),756,73,0.785
A57236,el Sunrise Obour270,760,64,0.797
A57237,Sunrise Obour-A,760,64,0.881
A57238,PY/Elite Branch 2,713,48,0.901
A57239,el ELITE Mall,717,70,0.906
A57240,ELITE,717,70,0.698
A57241,ELITE Main Road,724,67,0.752
A57242,PH Elite Station St.519,745,74,0.765
A57243,PH Elite Station St.,748,84,0.98
A57244,el Elite (2),748,84,0.817
A57245,ELITE 011,754,70,0.66
A57246,elite Branch 2,754,70,0.644
A57247,Better Life Zayed Branch 2,715,68,0.784
A57248,Better Life Zayed (2),728,69,0.764
A57249,better life zayed 04612,743,69,0.742
A57250,PY/Better Life Zayed Station St.,743,69,0.822
A57251,EL better life zayed,768,70,0.942
A57252,DR MEDHAT575,706,55,0.845
A57253,D Medhat,711,68,0.669
A57254,EL Dr Medhat Mall,713,49,0.94
A57255,El-DR MEDHAT Branch 1115,735,62,0.834
A57256,EL DR MEDHAT br.2,763,68,0.743
A57257,Elite Agami 011392,711,69,0.827
A57258,Ph/ELITE AGAMI 04,711,69,0.98
A57259,elite agami br.2,718,66,0.728
A57260,PH leite agami br.2,718,66,0.795
A57261,El-Elite Agami (2)88,745,75,0.714
A57262,Ph/Elite Agaami-A,745,75,0.833
A57263,el elite agami (2),748,85,0.672
A57264,EL elite agami Station St.906,756,74,0.716
A57265,Elite Agami,756,74,0.953
A57266,El-Elite Agami,770,74,0.934
A57267,Better Life Obour Station St.693,711,70,0.669
A57268,PH Better Life Obour 011,727,63,0.67
A57269,better life obour 6th Zone,768,71,0.829
A57270,Ph/ALPHA PHARMA OBOUR-A,701,68,0.83
A57271,EL Alpha Pharma Obour Branch 2,702,64,0.646
A57272,El-Alpha Pharma Obour Main Road,713,50,0.771
A57273,Alpha Pharma Obour 6th Zone,727,64,0.712
A57274,alpha pharma obour 6th one,727,64,0.733
A57275,alpha pharma obour 04,740,62,0.945
A57276,El-alpha pharma obour Station St.,740,62,0.925
A57277,PH alpha pharma obour,741,78,0.72
A57278,PY/Alpha Pharma Obour 04,741,78,0.993
A57279,Ph/Alpha Pharma Obour,758,72,0.998
A57280,Ph/Alpha Pharma Obour Main Road,758,72,0.626
A57281,Ph/Dr Medhat Obour 6th Zone36,704,72,0.66
A57282,Dr Medhat Obour Main Road,704,72,0.816
A57283,PY/Dr Medhat Obour Branch 2,719,70,0.725
A57284,DR MEDHAT OBOUR Branch 1,734,65,0.97
A57285,PY/Golden Care Oboour-A,701,69,0.656
A57286,golden care obour Main Road,701,69,0.76
A57287,El-golden care obour Branch 2,702,65,0.807
A57288,EL GOLDEN CARE OBOUR 011,702,65,0.922
A57289,EL Golden Care Obour 04,726,75,0.763
A57290,PY/Golden Care Obour br.2,726,75,0.642
A57291,GOLDEN CARE OBOUR,746,66,0.639
A57292,golden care obour Branch 2,746,66,0.628
A57293,el GOLDEN CARE OBOUR Main Road,754,71,0.622
A57294,EL Pharma Plus 6th Zone46,706,56,0.869
A57295,el pharma plus,713,51,0.825
A57296,PY/pharma plus Main Road,713,51,0.717
A57297,PH pharma plus Main Road680,719,71,0.715
A57298,PH PHHARMA PLUS Branch 2,719,71,0.844
A57299,Ph/Pharma Plus 011,739,74,0.99
A57300,pharm aplus 6th Zone834,746,67,0.996
A57301,Pharma Plus,746,67,0.808
A57302,Pharma Plus (2),748,86,0.671
A57303,el Pharma Plus-A,748,86,0.927
A57304,Pharma Plus Station St.,770,75,0.8
A57305,el Pharma Plus Station St.,770,75,0.707
A57306,EL NASR 011,704,73,0.754
A57307,Ph/El Nasr Main Road,704,73,0.846
A57308,EL el nasr26,706,57,0.942
A57309,el el nasr Branch 2,706,57,0.871
A57310,PY/El Nasr Mall,721,83,0.954
A57311,el asr,721,83,0.816
A57312,el nasr (2)906,725,71,0.773
A57313,el nasr Mall544,725,71,0.751
A57314,el nasr-A697,728,70,0.837
A57315,El-El Nasr Branch 1,728,70,0.804
A57316,EL NASR (2),734,66,0.956
A57317,PH el nasr-A,734,66,0.728
A57318,El Nasr 04,742,67,0.668
A57319,PH EL NASR br.2521,747,66,0.629
A57320,El Nasr Mall,747,66,0.705
A57321,Star Care,710,80,0.685
A57322,el Star Care,710,80,0.767
A57323,STAR CARE,719,72,0.764
A57324,STAR CARE Branch 2,726,76,0.823
A57325,PH star care Brannch 2,742,68,0.983
A57326,STAR CARE Mall,742,68,0.873
A57327,EL Star Care Main Road,761,63,0.691
A57328,EL star care Branch 2,761,63,0.754
A57329,PH Star Care-A,766,77,0.79
A57330,star care Mall,766,77,0.843
A57331,el Star Care 04,768,72,0.673
A57332,Ph/STAR CARE Branch 2,768,72,0.741
A57333,Nile Care Obour Branch 1284,735,63,0.805
A57334,PH Nile Care Obour Branch 1,740,63,0.72
A57335,Ph/NILE CARE OBOUR Main Road,761,64,0.919
A57336,El-Nile Care Obour427,761,64,0.713
A57337,EL LIFE LINE HELWAN br.2,707,64,0.667
A57338,PH Life Line Helwan 6th Zone,707,64,0.765
A57339,EL Life Line Helwan Main Road,734,67,0.976
A57340,EL LIFE LINE HELWAN,758,73,0.714
A57341,life line helwan Station St.,758,73,0.948
A57342,El-Ebn Sina-A,700,69,0.94
A57343,El-ebn sina,700,69,0.939
A57344,Ebn Sina Mall,704,74,0.803
A57345,el Ebn Sina Station St.,722,82,0.863
A57346,EBN SINA br.2,747,67,0.727
A57347,PY/Ebn Sina 6th Zone,747,67,0.631
A57348,Enb Sina Mall,754,72,0.934
A57349,el al nozha shubra br.2,729,66,0.751
A57350,PYA/L NOZHA SHUBRA 011218,732,72,0.863
A57351,PY/al nozha shubra (2),749,53,0.801
A57352,PH AL NOZHA SHUBRA,760,65,0.845
A57353,EL AL NOZHA SHUBRA-A,760,65,0.777
A57354,EL EL HKAMA (2),735,64,0.932
A57355,PH el hokama-A,735,64,0.969
A57356,EL EL HOKAMA,754,73,0.716
A57357,el el hokama Branch 1,762,81,0.942
A57358,El-el hokama 011,762,81,0.654
A57359,PH SUNRISE 6th Zone,716,72,0.721
A57360,Sunrise 011,718,67,0.661
A57361,Sunrise Main Road,718,67,0.717
A57362,PY/usnrise 011,745,76,0.871
A57363,SUNNRISE-A134,761,65,0.863
A57364,PH Mir aBranch 2,700,70,0.704
A57365,Mira Station St.,730,71,0.921
A57366,PY/Mira 04,730,71,0.625
A57367,Miar br.2,743,70,0.782
A57368,el Mira501,743,70,0.997
A57369,PY/mira Mall,748,87,0.976
A57370,PYY/MIRA Main Road,759,75,0.666
A57371,mira Main Road,759,75,0.924
A57372,PH Mira Main Road,762,82,0.762
A57373,EL MiraMall,766,78,0.759
A57374,el IRA-A,766,78,0.863
A57375,Metr Mall544,703,62,0.966
A57376,Metro 6th Zone,736,70,0.976
A57377,El-METRO 04,755,76,0.788
A57378,EL GREEN LEAF SHUBRA Station St.,746,68,0.75
A57379,green leaf shubra,746,68,0.825
A57380,Ph/GREEN LEAF SHUBRA Station St.,750,69,0.904
A57381,Ph/GREEN LEAF SHUBRA 011,754,74,0.972
A57382,GREEN LEAF SHUBRA,763,69,0.945
A57383,PY//Green Leaf Shubra 011,763,69,0.678
A57384,Nile Care Shubra 011,705,75,0.798
A57385,EL Nile Care Shubr-A,736,71,0.973
A57386,EL Nile Care Shubra Main Road,736,71,0.799
A57387,PH Nile Care Shubra 6th Zone87,743,71,0.795
A57388,Ph/nile care shubra 011416,743,71,0.821
A57389,El-nile care shubra Branch 2,752,68,0.77
A57390,EL Nile Care Shubra 011,754,75,0.911
A57391,EL Nile Care Shubra 6th oZne,754,75,0.694
A57392,Ph/Nile Care Shubra Main Road,755,77,0.995
A57393,Nile Care Shubra Branch 2,755,77,0.826
A57394,PY/nile care shubra 011,763,70,0.742
A57395,nile care shubra Mall390,763,70,0.749
A57396,FAMILY SHUBRA Branch 1,724,68,0.858
A57397,PH Family Shubra Branch 1,724,68,0.761
A57398,family shubra285,748,88,0.707
A57399,el FAMILY SHUBRA br.2,755,78,0.757
A57400,family shubra-A,755,78,0.744
A57401,family shubra-A,757,71,0.874
A57402,el Family Shubra Branhc 1,770,76,0.67
A57403,EL NASR932,701,70,0.904
A57404,PY/EL NASR-A,721,84,0.778
A57405,EL El Nasr Station St.,721,84,0.699
A57406,EL El Nasr-A,722,83,0.953
A57407,EL el nasr Main Road,726,77,0.629
A57408,el nasr Branch 1,727,65,0.647
A57409,PY/El Nasr 011,751,63,0.715
A57410,EL care 24 seven square Branch 1,709,57,0.983
A57411,CARE 24 SEVEN SQUARE 011,723,78,0.992
A57412,Care 24 Seven Square Branch 2,723,78,0.969
A57413,EL CARE 24 SEVEN SQUARE br.2,748,89,0.669
A57414,el zahraa Branch 2,717,71,0.645
A57415,el zahraa Branch 2,749,54,0.728
A57416,El Zahraa,755,79,0.8
A57417,PY/El Zahraa Branch 1,767,64,0.624
A57418,Ph/al amal Main Road373,706,58,0.974
A57419,PY/Al Amal-A279,706,58,0.73
A57420,EL Al Amal 011769,718,68,0.629
A57421,Ph/al amal Main Road,718,68,0.908
A57422,EL AL AMAL Branch 1,726,78,0.734
A57423,Al Amal br.2,735,65,0.757
A57424,PH Al Amal 011,741,79,0.736
A57425,Al Amal 011,741,79,0.919
A57426,PY/mira maadi Branhc 1,710,81,0.97
A57427,PY/MIRA MAADI Branch 2,710,81,0.96
A57428,El-Mira Maadi Station St.,723,79,0.854
A57429,PH mira maadi Branch 146,732,73,0.977
A57430,e lMira Maadi-A,733,66,0.801
A57431,el Mira Maadi Main Road,733,66,0.972
A57432,mira madi,740,64,0.88
A57433,EL Mira Madi,753,58,0.708
A57434,PH Mira aadi br.2,763,71,0.674
A57435,el Mira Maadi,763,71,0.81
A57436,el mira maadi Branch 1,766,79,0.881
A57437,PY/El Zahraa Shubra 6th Zone,718,69,0.965
A57438,el zahraa shubra br.2,718,69,0.789
A57439,PY/El Zahraa Shubra Mall,720,65,0.69
A57440,EL ZAHRAA SHUBRA 011,720,65,0.859
A57441,el zahraa shubra Station St.,737,71,0.753
A57442,el EL ZAHRAA SHUBRA Branch 1,737,71,0.759
A57443,EL El Zahraa Shubra Main Road,770,77,0.768
A57444,El-el zahraa shubra Main Road191,770,77,0.702
A57445,Golden Care Shubra 04,708,73,0.884
A57446,Ph/goolden care shubra,708,73,0.792
A57447,el Golden Care Shubra 011,717,72,0.82
A57448,GOLDEN CARE SHUBRA103,735,66,0.843
A57449,el Gollden Care Shubra Main Road,735,66,0.755
A57450,El-golden care shubra Branch 1,740,65,0.933
A57451,Ph/GOLDEN CARE SHUBRA (2),753,59,0.905
A57452,PH Hope 011,712,65,0.814
A57453,Hope 011,721,85,0.831
A57454,Hope-A446,721,85,0.694
A57455,PH HOPE Branch 1,732,74,0.704
A57456,P HHope,732,74,0.758
A57457,el HOPE Branch 2,733,67,0.906
A57458,Hope 011,747,68,0.949
A57459,PH hope,754,76,0.709
A57460,El-Hope 6th Zone921,754,76,0.665
A57461,el Hope 04,759,76,0.852
A57462,El-El Zahraa Helwan br.2,719,73,0.821
A57463,el el zahraa helwan Branch 1,719,73,0.782
A57464,EL El Zahraa Helwan,728,71,0.795
A57465,El-el zahraa helwan 04,728,71,0.779
A57466,El Zahraa Helwan Mall,733,68,0.869
A57467,PY/ell zahraa helwan,735,67,0.627
A57468,PY/el zahraa helwan 011,743,72,0.919
A57469,El-El Zahraa Helwan Station St.,743,72,0.87
A57470,PH el zahraa helwan br.2,757,72,0.999
A57471,el zahraa helwan Station St.,757,72,0.992
A57472,PH EL ZAHRAA HELWAN,764,77,0.626
A57473,PY/GREEN LEAF Branch 2,705,76,0.975
A57474,Green Leaf Branch 1,712,66,0.763
A57475,El-GREEN LEAF Branch 2,712,66,0.716
A57476,el GREEN LEAF,719,74,0.955
A57477,PY/Green Leaf Branch 2,724,69,0.966
A57478,PH GREEN LEAF,724,69,0.885
A57479,EL Green Leaf,749,55,0.967
A57480,Ph/Green Leaf Branch 2,749,55,0.675
A57481,golden care,703,63,0.826
A57482,PYGolden Care-A,703,63,0.819
A57483,El-Golden Care,725,72,0.762
A57484,Golden Care Station St.,725,72,0.893
A57485,EL Golden Care,737,72,0.977
A57486,EL Golden Care Branch 2,739,75,0.686
A57487,Golden Care Branch 1,746,69,0.668
A57488,EL GOLDEN CARRE-A,748,90,0.906
A57489,PH Golden Care Mall,748,90,0.689
A57490,el GOLDEN CARE Station St.,757,73,0.751
A57491,PH GOLDEN CARE-A,757,73,0.958
A57492,PH Golden Care Mall,766,80,0.783
A57493,PY/golden care Main Road,766,80,0.806
A57494,Ph/sunrise shubra (2),706,59,0.773
A57495,EL sunrise shubra 011,711,71,0.935
A57496,EL sunrise shubra Station St.,750,70,0.635
A57497,elS alamtek Shubra Station St.,704,75,0.997
A57498,Ph/Salamtek Shubra 04279,740,66,0.925
A57499,SALAMTEK SHUBRA Station St.,740,66,0.833
A57500,El-Salamtek Shubra,748,91,0.687
A57501,PH SALAMTEK SHUBRA Branch 2,754,77,0.893
A57502,El-Salamtek Shubra,765,55,0.874
A57503,El-Angel Shubr Branch 2,709,58,0.986
A57504,Ph/ANGEL SHUBRRA Mall927,720,66,0.969
A57505,PH ANGEL SHUBRA br.2,720,66,0.68
A57506,El-Angel hSubra (2),730,72,0.621
A57507,EL ANGEL SHUBRA Station St.,734,68,0.946
A57508,El-angel shubra,734,68,0.876
A57509,angel hsubra Station St.,749,56,0.857
A57510,el Angel Shubra (2)803,750,71,0.891
A57511,angel shubra376,754,78,0.862
A57512,family shbura 04,710,82,0.722
A57513,Family Shubra,747,69,0.892
A57514,PY/FAMILY SHUBRA932,747,69,0.649
A57515,el Faimly Shubra Main Road,756,75,0.876
A57516,family shubra Branch 1,756,75,0.817
A57517,PY/Family Shubra Branch 2,770,78,0.775
A57518,El-METRO ZAYED br.2,703,64,0.971
A57519,El-meetro zayed Main Road,703,64,0.818
A57520,PY/Metro Zayed Branch 2,726,79,0.909
A57521,PH Metro Zayed 04,733,69,0.778
A57522,El-METRO ZAYED (2),733,69,0.659
A57523,El-metro zayed-A,749,57,0.666
A57524,EL el baraka square Mall,722,84,0.935
A57525,E-El Baraka Square Branch 1,736,72,0.786
A57526,EL BARAKA SQUARE 6th Zone,750,72,0.833
A57527,PY/EL BARAKA SQUARE Main Road,755,80,0.672
A57528,PYe/l baraka square,763,72,0.976
A57529,pharma plus maadi-A,716,73,0.637
A57530,PY/Pharma Plus Maadi (2),717,73,0.789
A57531,el PHARMA PLUS MAADI Main Road,717,73,0.873
A57532,PY/pharma plus maadi (2),724,70,0.803
A57533,Pharma Plus Maadi SStation St.,727,66,0.883
A57534,Ph/pharma plus maadi105,732,75,0.846
A57535,pharma plus maadi Station St.,739,76,0.825
A57536,pharma plus maadi Main Road,739,76,0.853
A57537,EL PHARMA PLUS MAADI,767,65,0.671
A57538,Ph/Alpha Pharma Shubra,707,65,0.742
A57539,alpha pharma shubr 04,707,65,0.857
A57540,el alpha pharma shubra-A,710,83,0.813
A57541,Ph/ALPHA PHARMA SHUBRA (2),730,73,0.643
A57542,EL ALPHA PHARMA SHUBRA Main Road,733,70,0.92
A57543,alpha pharma shubra 6th Zone,736,73,0.85
A57544,Alpha Pharma Shubra 011,736,73,0.708
A57545,Ph/alpha pharma shubra Branch 2,739,77,0.668
A57546,Ph/alpha pharma shubra595,740,67,0.739
A57547,EL ALPHA PHARMA SHUBRA 011,740,67,0.818
A57548,PY/Alpha Pharma Shubra,745,77,0.896
A57549,PY/alpha pharma shubra (2),745,77,0.786
A57550,MIRA Station St.,731,61,0.647
A57551,PH Mira 04,731,61,0.806
A57552,PH ira,749,58,0.739
A57553,EL Mira (2)706,749,58,0.994
A57554,Miira-A935,751,64,0.928
A57555,Hope Obour,708,74,0.822
A57556,Hope Oour 04,744,69,0.756
A57557,PY/hope obour 011,744,69,0.705
A57558,PY/hop obour Mall,766,81,0.729
A57559,PY/Hope Obour-A55,770,79,0.958
A57560,Ph/hop eobour Mall977,702,66,0.883
A57561,Hoppe Obour,712,67,0.776
A57562,PY/HOPE BOUR Mall,728,72,0.65
A57563,Hope Obour273,728,72,0.717
A57564,Ph/Nile Care Zayed Branch 2,703,65,0.813
A57565,el Nile Care Zayed Main Road,703,65,0.866
A57566,PH Nile Care Zayed br.2,728,73,0.689
A57567,Nile CCare Zayed Branch 2,746,70,0.763
A57568,Nile Care Zayed Mall,746,70,0.927
A57569,EL NILE CARE ZAYED Staation St.,749,59,0.708
A57570,El-NILE CARE ZAYED br.2,752,69,0.783
A57571,EL Nile Care Zaye d04,752,69,0.815
A57572,ELZ AHRAA 04,708,75,0.994
A57573,el zahraa Branch 1,709,59,0.789
A57574,Ph/El Zahraa Main Road,711,72,0.987
A57575,el zhraa,711,72,0.654
A57576,EL el zahraa,718,70,0.965
A57577,PH El Zahraa Maain Road,723,80,0.622
A57578,Ph/el zahraa (2)375,734,69,0.829
A57579,el El Zahraa,739,78,0.76
A57580,El Zahraa30,739,78,0.891
A57581,el zahraa Main Road,765,56,0.71
A57582,el EL ZAHRAA Branch 2183,765,56,0.997
A57583,Dr Medhat Mall,706,60,0.997
A57584,PH dr medhat (2),706,60,0.718
A57585,PY/Dr Medhat,719,75,0.858
A57586,el Dr Medhat 04,719,75,0.674
A57587,Dr Medhat 04,727,67,0.801
A57588,el Dr Medhat-A,727,67,0.917
A57589,El-dr medhat br.2,746,71,0.837
A57590,Dr Medhat br.2294,752,70,0.667
A57591,Ph/rD Medhat,754,79,0.732
A57592,drmedhat br.2,761,66,0.68
A57593,Ph/Angel Haram Mall,701,71,0.85
A57594,Angel Haram Mall719,710,84,0.975
A57595,PY/Angel Haram 6th Zone,711,73,0.928
A57596,Ph/angel hraam Branch 1397,726,80,0.824
A57597,PY/Angel Haram-A,726,80,0.828
A57598,El-Angel Haram Branch 2,743,73,0.967
A57599,ANGEL HARAM Branch 2,744,70,0.656
A57600,El-Angel Haram,744,70,0.983
A57601,Ph/ANGEL HARAM Branch 2,753,60,0.916
A57602,angel haram Mall,755,81,0.76
A57603,ElA-ngel Haram Branch 2,755,81,0.755
A57604,City Care Station St.,715,69,0.87
A57605,el Ciity Care,715,69,0.689
A57606,El-City Care 011411,747,70,0.762
A57607,city care,755,82,0.988
A57608,City Care Mall,765,57,0.647
A57609,PH Nile Care Smouha Branch 2802,711,74,0.778
A57610,Nile Care Smouha,711,74,0.767
A57611,PH Nile Care Smouha,731,62,0.626
A57612,Nile Care Somuha (2),755,83,0.931
A57613,El-NILE CARE SMOUHA Branch 1,761,67,0.984
A57614,El Faraby Oct City br.2,711,75,0.732
A57615,el El Faraby cOt City Mall,711,75,0.629
A57616,PH El Faraby Oct City 6th Zone,718,71,0.874
A57617,el El Faraby Oct City 6th Zone,725,73,0.903
A57618,PH El Faraby Oct City 6th Zone,725,73,0.944
A57619,EL FARABY OCT CITY 04,727,68,0.994
A57620,PH EL FARABY OC TCITY (2)890,737,73,0.72
A57621,PH El Faraby Oct City Mall,738,71,0.873
A57622,el el farab yoct city 04,738,71,0.924
A57623,El Farab yOct City Branch 2,767,66,0.733
A57624,EL FARABY OCT CITY,767,66,0.971
A57625,mira shubra Branch 2,729,67,0.851
A57626,PY/Mira Shubra,741,80,0.912
A57627,El-mira shbra 011,741,80,0.922
A57628,PH MIRA SHUBRA Branch 1447,760,66,0.651
A57629,PH El Baraka,718,72,0.901
A57630,PY/EL BARAA 04,718,72,0.688
A57631,El Baraka,727,69,0.638
A57632,el EL BARAKA Branch 2,730,74,0.867
A57633,PH El Baraka Main Road,730,74,0.752
A57634,El-el baraka Branch 1,738,72,0.981
A57635,EL El Baraka br.250,764,78,0.811
A57636,PH el baraka 011,764,78,0.763
A57637,el EL BARAKA Main Road,770,80,0.915
A57638,EL BARAKA br.2398,770,80,0.959
A57639,Ph/Family 04886,728,74,0.909
A57640,Ph/family,756,76,0.64
A57641,el Family 6th Zone,756,76,0.815
A57642,FAMILY 04,767,67,0.814
A57643,Ph/al amal haram 6th Zone,709,60,0.874
A57644,El-Al Amal Haram Station St.,713,52,0.959
A57645,El-AL AMAL HARAM 6th Zone,721,86,0.681
A57646,el al amal haram Branch 2268,729,68,0.768
A57647,Ph/Al Amal Haram Branch 2,729,68,0.64
A57648,PH AL AMAL HARAM tation St.,742,69,0.854
A57649,PH PHARMA PLUS,701,72,0.636
A57650,Ph/pharma plus,701,72,0.714
A57651,el PHARMA PLUS Station St.,713,53,0.645
A57652,el Pharma Plus 011,713,53,0.625
A57653,PH Pharma Plus294,718,73,0.854
A57654,Pharma Plus Main Road,746,72,0.787
A57655,Ph/Pharma Plus Branch 2,746,72,0.79
A57656,el Pharma Plus Branch 2,764,79,0.865
A57657,PY/Pharma Plu br.2964,764,79,0.941
A57658,El-PHARMA PLUS Branch 1,765,58,0.672
A57659,PH Pharma Plus Branch 2,765,58,0.748
A57660,Seha First Aami (2),707,66,0.628
A57661,EL SEHA FIRST AGAMI br.2,707,66,0.72
A57662,seha first agami Branch 2,711,76,0.654
A57663,Seha First Agami Main Road,711,76,0.739
A57664,PH Seha FFirst Agami (2),736,74,0.918
A57665,Seha First Agami Branch 1,736,74,0.659
A57666,Seha First Agami (2),747,71,0.79
A57667,PY/seha first agami Mall,750,73,0.971
A57668,PY/seha first agami Branch 1486,750,73,0.776
A57669,PH seha first agami 011,757,74,0.812
A57670,El-Seha First Agami,764,80,0.64
A57671,EL Seha First Agami br.2,764,80,0.83
A57672,El-Star Care Imbaba 04,727,70,0.788
A57673,STAR CARE IMBABA (2),727,70,0.801
A57674,STAR CARE IMBABA Branch 1,742,70,0.682
A57675,Star Care Immbaba 011,742,70,0.864
A57676,Ph/Star Cae Imbaba (2),757,75,0.816
A57677,El-Star Care Imbaba br.2,757,75,0.695
A57678,el Sunrise Shubra Branch 2,712,68,0.838
A57679,sunrise shubra Main Road,712,68,0.976
A57680,EL Sunrise Shubra 011,723,81,0.908
A57681,EL sunrise shubra Main Road,732,76,0.704
A57682,el Sunrise Shubra bbr.2,738,73,0.95
A57683,Sunrise Shubra Main Road,738,73,0.962
A57684,sunrise shubra,744,71,0.937
A57685,Ph/Sunrise Shubra Main Road,746,73,0.854
A57686,El-SUNRISE SHUBRA Station St.,750,74,0.929
A57687,PH sunrise shubra br.2,764,81,0.838
A57688,el Sunrise Shubra,764,81,0.938
A57689,Silver Care Helwan Main Road,728,75,0.682
A57690,el SILVER CARE HELWAN,728,75,0.625
A57691,PH silver care helwan Branch 2,731,63,0.741
A57692,SILVER CARE HELWAN br.2,731,63,0.746
A57693,el Silver Care Helwan,732,77,0.69
A57694,el Silver Care Helwan Mall,732,77,0.64
A57695,PY/silver care helwan (2),760,67,0.79
A57696,el SILVER CARE HELWAN Main Road,761,68,0.983
A57697,el SILVER CARE HELWAN (2),762,83,0.866
A57698,PH SILVER CARE HELWAN,762,83,0.994
A57699,El-SILVER CARE HELWAN Branch 1,765,59,0.698
A57700,PY/Silver Care Helwan,765,59,0.864
A57701,Metro260,702,67,0.909
A57702,METRO rb.2,702,67,0.751
A57703,metro 6th Zone,708,76,0.79
A57704,Ph/Metro Mall,708,76,0.74
A57705,P/YMetro (2),719,76,0.779
A57706,el metro Main Road,719,76,0.943
A57707,el Metro-A,737,74,0.978
A57708,El-metro Main Road,737,74,0.935
A57709,PH Metro Branch 2,740,68,0.947
A57710,EL METRO Main Road,740,68,0.973
A57711,Ph/metro Mall,753,61,0.754
A57712,PH METRO Mlal,753,61,0.928
A57713,Metro br.2,760,68,0.92
A57714,Metro Mall,760,68,0.793
A57715,PH Ebn Sina Haram Station St.,703,66,0.722
A57716,el ebn sina haram Station St.,732,78,0.925
A57717,Ebn Sina Haram 011291,732,78,0.63
A57718,EL Ebn Sina Haram br.2,757,76,0.824
A57719,Dr Medhat Shubra-A,719,77,0.675
A57720,El-DR MEDHAT SHUBRA (2)252,728,76,0.965
A57721,Dr Medhat Shubra Main Road,728,76,0.639
A57722,El-Dr Medhat Shubra Branch 2,729,69,0.649
A57723,Dr Medhat Shubra760,733,71,0.816
A57724,EL dr medhat hubra,737,75,0.877
A57725,EL DR MEDHAT SHUBRA Main Road,737,75,0.724
A57726,PY/Dr Medhat Shubra 6th Zone,745,78,0.933
A57727,El-dr medhat shubra Branch 2,746,74,0.815
A57728,dr medhat shubra Mall,758,74,0.983
A57729,EL dr medhat shubra,758,74,0.928
A57730,EL ebn sina shubr Station St.920,715,70,0.687
A57731,EL Ebn Sina Shubra Station St.,715,70,0.839
A57732,El-Ebn Sina Shubra Main Road,730,75,0.831
A57733,EL Ebn Sina Suhbra br.215,738,74,0.956
A57734,El-EbnS ina Shubra br.2,745,79,0.946
A57735,PH Ebn Sina Shubra Station St.,766,82,0.809
A57736,El Faraby Shubra Mall,714,67,0.911
A57737,EL FARABY SHUBRA,722,85,0.926
A57738,Ph/EL FARABY SHUBRA Branch 1135,722,85,0.984
A57739,EL FARABY SHUBRA,735,68,0.721
A57740,El Farbay Shubra,735,68,0.716
A57741,el faraby shubra 6th Zone,737,76,0.781
A57742,El Faraby Shubra Main Road,744,72,0.636
A57743,Ph/El Faraby Shubra Mall,744,72,0.779
A57744,Ph/El Faraby Shubra (2),769,68,0.983
A57745,Ph/ell faraby shubra 6th Zone,769,68,0.957
A57746,EL misr imbaba,709,61,0.633
A57747,Misr Imbaba Station SSt.,718,74,0.703
A57748,PH MISR IMBABA,718,74,0.92
A57749,Misr Immbaba,726,81,0.71
A57750,misr imbaba Branch 2,729,70,0.807
A57751,EL misr mibaba (2),740,69,0.754
A57752,misr imbaba-A,742,71,0.849
A57753,PH misr imbaba,742,71,0.847
A57754,PH misr imbaba 011,753,62,0.922
A57755,PH Misr Imbaba br.2,758,75,0.806
A57756,LIFE LINE SHUBRA Branch 2,702,68,0.675
A57757,life line shubra Station St.,703,67,0.807
A57758,LIFE LINE SHUBRA (2)836,723,82,0.955
A57759,Phh/Life Line Shubra,732,79,0.769
A57760,Life Line Shubra970,732,79,0.85
A57761,Ph/Lief Line Shubra 6th Zone,733,72,0.646
A57762,Ph/Life Liine Shubra166,760,69,0.97
A57763,LIFE LINE SHUBRA Branch 2,768,73,0.674
A57764,sunrise 011,704,76,0.778
A57765,el Sunrse 6th Zone,712,69,0.796
A57766,PY/Sunrise,712,69,0.812
A57767,Sunrise,721,87,0.96
A57768,Ph/SSUNRISE (2),726,82,0.824
A57769,el sunrise (2),735,69,0.699
A57770,Sunrise Mall,735,69,0.776
A57771,SUNRISE bbr.2,736,75,0.99
A57772,Sunrise Station St.,758,76,0.667
A57773,El-sunrise Branch 1,768,74,0.782
A57774,PH Sunrise 04,768,74,0.755
A57775,Ph/El Nasr 04,748,92,0.845
A57776,El-l Nasr,748,92,0.638
A57777,el El Nasr-A,757,77,0.975
A57778,EL EL NASR585,757,77,0.907
A57779,El Nasr (2),766,83,0.762
A57780,El Nasr Branch 2,766,83,0.946
A57781,EL dr medhat shubra Branch 1,707,67,0.74
A57782,Ph/DRM EDHAT SHUBRA br.2,713,54,0.786
A57783,PY/Dr Medhat Shubra 04813,722,86,0.966
A57784,El Hokama Smouha Mall,707,68,0.763
A57785,El-El Hokama Smouha Branch 1,718,75,0.81
A57786,el El Hokama Smouha Main Road,718,75,0.97
A57787,PH EL HOKAMA SMOUHA (2),723,83,0.755
A57788,El Hokama Smouha (2),725,74,0.908
A57789,PY/el hokama smouha Station St.,725,74,0.741
A57790,el hokama smouha,738,75,0.97
A57791,EL El Hokama Smouha492,738,75,0.855
A57792,PY/El Hokama Smouha Mall,744,73,0.834
A57793,PY/Omega Main Road,703,68,0.648
A57794,PH OMEGA Branch 2,703,68,0.747
A57795,OMEG-AA,751,65,0.843
A57796,Omega (2),751,65,0.711
A57797,El-omega,753,63,0.658
A57798,El-omega Branch 1,753,63,0.666
A57799,PY/OMEGA 011,756,77,0.781
A57800,El Hokama Banha Statio nSt.,702,69,0.878
A57801,El Hokama Banha Branch 1,715,71,0.712
A57802,El Hokama Banha Station St.,728,77,0.798
A57803,EL El Hokama Banha,747,72,0.958
A57804,el hokama banha Mall,758,77,0.859
A57805,El Hokama Banha 011,758,77,0.766
A57806,EL SEHA FIRST br.2,714,68,0.864
A57807,PH SEHA FIRST (2),714,68,0.726
A57808,Seha First 6th one,721,88,0.652
A57809,PH SEHA FIRST,722,87,0.664
A57810,SEHA FIRST Mall,722,87,0.971
A57811,SEHA FIRST,723,84,0.644
A57812,Ph/Seha First Station St.,723,84,0.967
A57813,Ph/SEHA FIRST,727,71,0.692
A57814,Seha First,737,77,0.641
A57815,Seha First,768,75,0.794
A57816,Al Nozha Zamalek br.2,701,73,0.986
A57817,Ph/AL NOZHA ZAMALEK Main Raod,712,70,0.789
A57818,Al Nozha Zamale (2),716,74,0.896
A57819,el AL NOZHA ZAMALEK 6th Zone,748,93,0.845
A57820,al nozha zamalek Branch 2,758,78,0.767
A57821,Al Nozha Zamalek 6th Zone,758,78,0.924
A57822,Ph/Al Nozha Zamalek,763,73,0.889
A57823,El-AL NOZHA ZAMALEK,766,84,0.819
A57824,al nozha zamalek (2),766,84,0.72
A57825,Ph/ANGEL ZAMALEK Branch 2,722,88,0.823
A57826,el ngel Zamalek 04,729,71,0.924
A57827,Angel Zamalek-A25,739,79,0.949
A57828,PY/Angel Zamalek 04186,742,72,0.99
A57829,angel zamalek-A,742,72,0.775
A57830,el Angel Zamalek Mall,747,73,0.938
A57831,Angel Zamalek br.2,747,73,0.832
A57832,PH ANGEL ZAMALEK 04736,762,84,0.969
A57833,Pharma Plus Zayed Station St.,741,81,0.983
A57834,PH Pharma Plus Zyed-A,741,81,0.702
A57835,Phama Plus Zayed (2),752,71,0.732
A57836,EL Pharma Plus Zayed Mall,770,81,0.81
A57837,El-PHARMA PLUS ZAYED Branch 2,770,81,0.994
A57838,PY/Health Gate Branh 2,715,72,0.679
A57839,Health Gate (2),715,72,0.656
A57840,PY/health gate,735,70,0.691
A57841,health gate,747,74,0.811
A57842,El-Health Gate,747,74,0.954
A57843,EL health gate Mall,758,79,0.725
A57844,PY/Health Gate br.2,758,79,0.636
A57845,El-el zahraa dokki-A,704,77,0.846
A57846,el El Zahraa Dokki160,704,77,0.968
A57847,el zahraa dokki Mall,714,69,0.976
A57848,El-EL ZAHRRAA DOKKI 6th Zone,714,69,0.729
A57849,EL ZAHRAA DOKKI 011,717,74,0.839
A57850,El Zahraa Dokk iBranch 1,728,78,0.76
A57851,el el zahraa dokki,731,64,0.965
A57852,EL EL ZAHRAADOKKI 6th Zone,737,78,0.851
A57853,Ph/El Zahraa Dokki,737,78,0.629
A57854,PH el zahraa dokki 6th Zone,750,75,0.743
A57855,El-el zahraa dokki 04,750,75,0.723
A57856,PY/el zahraa dokki (2),766,85,0.622
A57857,El-El Zahraa Dokki Branch 2,766,85,0.761
A57858,PH Mira Main Road,700,71,0.781
A57859,MIRRA 011,712,71,0.857
A57860,PY/Mira (2),720,67,0.741
A57861,El-Mira,720,67,0.702
A57862,EL MIRA br.2,766,86,0.693
A57863,PH Mira,766,86,0.666
A57864,EL HOKAMA ZAMALEK Branch 1,708,77,0.676
A57865,PY/EL HOKAMA ZAMALEK 6th Zone,715,73,0.827
A57866,PY/EL HOKAMA ZAMALEK Station St.,717,75,0.948
A57867,el El Hokama Zamalek 04,717,75,0.836
A57868,Ph/EL HOKAMA ZAMALEK (2),722,89,0.862
A57869,Ph/EL HOKAMA ZAMALEK,732,80,0.982
A57870,El Hokama Zamalek (2),747,75,0.874
A57871,PY/El Hokama Zamalek br.2289,750,76,0.791
A57872,el El Hokama Zamalek Mall,750,76,0.89
A57873,el hokama zamalek Branch 2,768,76,0.794
A57874,PY/El Hokama Zamalek (2)637,768,76,0.807
A57875,PH dr medhat nozha 04486,710,85,0.94
A57876,el dr medhat nozha br.241,710,85,0.723
A57877,Ph/DR MDHAT NOZHA 04,713,55,0.638
A57878,PY/dr meddhat nozha Station St.,713,55,0.755
A57879,El-dr medhat nozha,715,74,0.802
A57880,EL Dr Medhat Nozh abr.2,730,76,0.804
A57881,el Dr Medhat Nozha,733,73,0.845
A57882,PY/Dr Medhat Nozha Main Road,733,73,0.845
A57883,dr medhat nozha 04337,753,64,0.868
A57884,el Dr Medhat Nozha,756,78,0.786
A57885,Ph/D RMEDHAT NOZHA-A,756,78,0.673
A57886,el Dr Medhat Nozha br.2,765,60,0.982
A57887,El-Dr Medhat Nozha Branch 2,765,60,0.837
A57888,PH Family Maadi br.2,704,78,0.802
A57889,PH FAMILY MAADI,708,78,0.84
A57890,FAMILY MAADI77,722,90,0.808
A57891,El-Family Maadi,722,90,0.981
A57892,Ph/family maadi Mall843,723,85,0.949
A57893,Family Maadi,723,85,0.945
A57894,PY/Family Maadi,747,76,0.845
A57895,Ph/Family aMadi Main Road,747,76,0.717
A57896,Ph/family maadi-A,750,77,0.69
A57897,Family Maadi 011,756,79,0.833
A57898,El-Family Maadi 6th Zone,765,61,0.624
A57899,PH pharma plus zamalek Branch 1,713,56,0.669
A57900,PH pharma plus zamalek Station St.,724,71,0.921
A57901,PY/pharma plus zamalek 6th Zone,724,71,0.887
A57902,PH Pharma Plus Zamalek Branch 1,725,75,0.911
A57903,Ph/pharma plus zamalek br.2769,725,75,0.748
A57904,Ph/PHARMA PLUS ZAMALEK,727,72,0.803
A57905,Pharma Plus Zamalek Main Road379,737,79,0.925
A57906,PY/Pharma Plus Zamalek Mall155,737,79,0.64
A57907,PY/pharma plus zamalek,745,80,0.939
A57908,PY/pharma plus zamalek Mall,745,80,0.668
A57909,Pharma Plus Zamalek-A,759,77,0.657
A57910,PH PHARMA PLUS ZAMALEK,770,82,0.796
A57911,Ph/STAR CARE ZAMALEK,703,69,0.812
A57912,PY/star care zamalek,715,75,0.863
A57913,Star Care Zamalek Branch 1,722,91,0.67
A57914,El-star care zamalek,722,91,0.883
A57915,El-star care zamalek Branch 1,724,72,0.721
A57916,el Star Care Zamalek,724,72,0.972
A57917,PH STAR CARE ZAMALEK Station St.,730,77,0.728
A57918,PY/Star Care Zamalek-A74,733,74,0.883
A57919,Star Care Zamalek 04404,733,74,0.904
A57920,el STAR CARE ZAMALEK 6th Zone137,752,72,0.987
A57921,El-star care zamalek (2)345,754,80,0.964
A57922,PH mira 01186,702,70,0.945
A57923,El-Mira,703,70,0.783
A57924,PY/mira Branch 2,711,77,0.88
A57925,El-Mira Branch 1,716,75,0.928
A57926,El-Mira,723,86,0.687
A57927,EL Mira br.2,723,86,0.779
A57928,PY/MIRRA Station St.,726,83,0.73
A57929,El-mira 04,746,75,0.761
A57930,mira Mall,746,75,0.911
A57931,Mra-A,762,85,0.835
A57932,el mira Station St.,762,85,0.653
A57933,EL nile care,705,77,0.968
A57934,PH NILE CARE Branch 1,712,72,0.993
A57935,Ph/NIILE CARE (2)213,712,72,0.834
A57936,Nile CCare,730,78,0.769
A57937,NILE CARE (2),733,75,0.806
A57938,Ph/NILE CARE,734,70,0.71
A57939,EL ZAHRAA SMOUHA (2),716,76,0.7
A57940,El Zahraa Smouha Mall,716,76,0.678
A57941,PHE l Zahraa Smouha814,750,78,0.704
A57942,EL el zahraa smouha Branch 1,750,78,0.698
A57943,El-el zahraa smouha Branch 1,768,77,0.739
A57944,El-AL AMAL-A,707,69,0.883
A57945,PH Al Amal Branch 2,707,69,0.737
A57946,el al amal Mall,727,73,0.666
A57947,El-AL AMAL 6th Zone,768,78,0.674
A57948,Al Amal Mall,768,78,0.751
A57949,Sunrise Montaza,701,74,0.671
A57950,Ph/sunrise montaza br.2,701,74,0.982
A57951,EL SUNRISE MONTAZA 04383,702,71,0.895
A57952,Ph/Sunrise Montaza br.2,705,78,0.745
A57953,PY/SUNRISE MONTAZA br.2160,705,78,0.691
A57954,Ph/usnrise montaza Branch 1,706,61,0.661
A57955,PY/Sunrise Montaza Branch 1,717,76,0.937
A57956,SUNRISE ONTAZA 6th Zone,717,76,0.976
A57957,Ph/Sunrise Montaza-A,745,81,0.742
A57958,el Sunrise Montaza Branch 2,749,60,0.87
A57959,El-SUNRISE MONTAZA 04,755,84,0.933
A57960,Ph/Sunrise br.2389,710,86,0.883
A57961,sunrise 6th Zone,710,86,0.807
A57962,el Sunrise Branch 1874,712,73,0.771
A57963,sunrise Branch 1,712,73,0.728
A57964,SUNRISE Mall815,748,94,0.807
A57965,Ph/SUNRISE Main Road,748,94,0.891
A57966,El-sunrisee 011,752,73,0.813
A57967,El-Sunrise Main Road,752,73,0.793
A57968,EL El Shifa Maadi 6th Zone,716,77,0.988
A57969,PH EL SHIFA MAADI 6thh Zone,761,69,0.849
A57970,EL SHIFA MAADI Station St.763,765,62,0.862
A57971,Healh Gate,707,70,0.628
A57972,Health Gate-A,707,70,0.715
A57973,Ph/Health Gae Station St.,737,80,0.711
A57974,health gate 04,737,80,0.924
A57975,Ph/Health Gate 6th Zone,745,82,0.98
A57976,Ph/health gate28,745,82,0.682
A57977,health gate Mall,749,61,0.92
A57978,EL health gate 011,755,85,0.675
A57979,el Health Gate,763,74,0.777
A57980,PH health gate,763,74,0.733
A57981,Ph/HEALTH GATE 6th Zone662,764,82,0.959
A57982,El-Health Gate-A,767,68,0.948
A57983,EL STAR CARE ZAYED Mall,706,62,0.67
A57984,El-star care zayed Station St.258,706,62,0.759
A57985,el star care zayyed Branch 2,708,79,0.98
A57986,Ph/STAR CARE ZAYED (2),723,87,0.886
A57987,El-STAR CARE ZAYED 04,723,87,0.641
A57988,Star Care Zayed Mall,730,79,0.667
A57989,Star Care Zayed612,730,79,0.85
A57990,Ph/SALAMTEK AGAMI (2)320,706,63,0.663
A57991,EL Salamtek Agami Mall,706,63,0.793
A57992,PY/Salamtek Agami 011,710,87,0.625
A57993,Salamtek Agami (2),744,74,0.622
A57994,Salamtek Agami Mall,744,74,0.896
A57995,PY/Salamtek Agami Branch 114,767,69,0.935
A57996,EL SALAMTEK AGAMI695,767,69,0.651
A57997,EL golden care 6th Branch 1,705,79,0.909
A57998,Godlen Care 6th,718,76,0.873
A57999,Ph/Golden Care 6th 011,726,84,0.87
A58000,Gloden Care 6th,760,70,0.772
A58001,PH Salamtek Obouur 0440,704,79,0.892
A58002,EL salamtek obour,708,80,0.851
A58003,EL SALAMTEK OBOUR 04,708,80,0.639
A58004,Ph/Salamtek Obour-A,711,78,0.751
A58005,PY/SALAMTEK OBOURMall,712,74,0.828
A58006,Ph/SALAMTEK OBOUR (2)629,712,74,0.86
A58007,salamtek obour (2),713,57,0.64
A58008,el Salamtek Obour Station St.36,713,57,0.774
A58009,SALAMTEK OBOUR-A,760,71,0.856
A58010,EL mira zayed Branch 1749,720,68,0.77
A58011,El-MIRA ZAYED710,730,80,0.697
A58012,PY/MIRA ZAYED,747,77,0.731
A58013,EL Mira Zaayed 04,769,69,0.701
A58014,PH better life 6t (2),700,72,0.638
A58015,Ph/Better Life 6th452,700,72,0.893
A58016,Ph/Better Life 6th Branch 1,723,88,0.952
A58017,BETTER LFIE 6TH 04,723,88,0.877
A58018,PH BETTER LIFE 6TH Main Road,728,79,0.842
A58019,better life 6th (2),728,79,0.934
A58020,El-better life 6th Branch 2,731,65,0.738
A58021,El-better life 6th 04,738,76,0.681
A58022,PH BETTER LIFE 6TH-A,743,74,0.631
A58023,Better Life 66th Station St.,748,95,0.669
A58024,BETTER LIFE 6TH-A,748,95,0.83
A58025,el El Faray Main Road,714,70,0.875
A58026,EL El Farabby Main Road,722,92,0.895
A58027,el El Faraby Main Road,744,75,0.78
A58028,el faraby,750,79,0.853
A58029,El-El Faraby br.2,750,79,0.968
A58030,EL FARABY,755,86,0.903
A58031,El-el faraby Branch 2,759,78,0.83
A58032,PY/Ebn Sina 6th,703,71,0.837
A58033,El-Ebn Sina 6th (2),703,71,0.896
A58034,EL ebn sina 6th 04,705,80,0.94
A58035,Ebn Sina 6th 04,705,80,0.718
A58036,El-Ebn Sinna 6th Branch 2,717,77,0.849
A58037,ebn sina 6th br.2,730,81,0.645
A58038,PH Ebn Sina 6th (2)247,730,81,0.718
A58039,PH Ebn Sina 6th (2),735,71,0.647
A58040,Ebn Sina 6th,735,71,0.932
A58041,El-METRO HARAM Branch 2667,716,78,0.853
A58042,Ph/METRO HARAM br.2197,716,78,0.725
A58043,METRO HARAM,732,81,0.714
A58044,Metr Haram Mall892,732,81,0.704
A58045,Ph/Metro Haram 6th Zone,737,81,0.936
A58046,Metro Haram Branch 2,740,70,0.702
A58047,PH Metro Haram Branch 2,749,62,0.722
A58048,METRO HARAM 6th Zone,749,62,0.629
A58049,PY/Metro Haram,754,81,0.857
A58050,PH metro haram Station St.769,754,81,0.927
A58051,PY/golden care dokki-A,714,71,0.731
A58052,El-Golden Care Dokki-A,715,76,0.743
A58053,Golden Cae Dokki Station St.,715,76,0.712
A58054,PH GOLDEN CARE DOKKI Main Road,739,80,0.913
A58055,golden care dokki 04,751,66,0.905
A58056,Ph/GOLDEN CARE DOKKI 6th Zone,751,66,0.918
A58057,Phh/golden care dokki Main Road,758,80,0.89
A58058,Golden Care Dokki,761,70,0.677
A58059,El-GOLDEN CARE DDOKKI,767,70,0.65
A58060,El-El Zahraa br.2,701,75,0.751
A58061,El-el zahraa Branch 2,718,77,0.771
A58062,el el zzahraa,718,77,0.994
A58063,PH el zahraa 011,743,75,0.633
A58064,EL EL ZAHRAA-A,743,75,0.753
A58065,el el zahraa,744,76,0.728
A58066,Ph/el zahraa Main Road,753,65,0.931
A58067,El-Golden Care SSquare (2),709,62,0.912
A58068,EL golden care square 04,717,78,0.778
A58069,el GOLDEN CARE SQUARE Mall762,717,78,0.712
A58070,el golden care square585,730,82,0.644
A58071,PY/Goolden Care Square Station St.,730,82,0.802
A58072,Golden Care Square Branch 2,748,96,0.71
A58073,PH Golden Caare Square Branch 1,760,72,0.703
A58074,PH Golden Care Square-A,760,72,0.995
A58075,Ph/green leaf square 04517,709,63,0.676
A58076,Ph/Green Leaf Square,737,82,0.839
A58077,Ph/Green Leaf Square (2),737,82,0.927
A58078,el GREEN LEAF SQUARE Mall860,747,78,0.878
A58079,Ph/Green Leaf Square 6th Zone,755,87,0.994
A58080,green leaf square Station St.,755,87,0.887
A58081,Ph/al amal Branch 1,722,93,0.87
A58082,Ph/AL AMAL Branch 1,761,71,0.737
A58083,Ph/AL AMAL Main Road972,761,71,0.985
A58084,El-AlA mal br.2863,763,75,0.734
A58085,PH al amal Branch 2,763,75,0.887
A58086,PH AL NOZHA 66TH,703,72,0.994
A58087,El-al nozha 6th (2),718,78,0.91
A58088,al nozha 6th br.2,726,85,0.681
A58089,PH Al Nozha t6h,726,85,0.703
A58090,PY/Al Nozha 6th ((2)817,745,83,0.661
A58091,A LNOZHA 6TH,745,83,0.935
A58092,PH AL NOZHA 6TH,754,82,0.753
A58093,AL NOZHA 66TH 011,760,73,0.748
A58094,PhAL NOZHA 6TH 04,760,73,0.867
A58095,EL Star Care,712,75,0.705
A58096,el STAR CARE Main Road,713,58,0.856
A58097,star care Branch 2,728,80,0.634
A58098,PH CARE 24 SEVEN 6TH Staiton St.,713,59,0.933
A58099,Ph/care 24 seven 6th 6th Zone,730,83,0.735
A58100,EL care 24 seven 6th Mall,730,83,0.781
A58101,PY/CARE 24 SEVEN 6TH 6th Zone,732,82,0.665
A58102,CARE 24 SEVEN 6TH-A,732,82,0.666
A58103,CARE 24 SEVEN 6TH Main Road,751,67,0.903
A58104,PY/care 24 seven 6th 2),751,67,0.971
A58105,EL CARE 24 SEVEN 6TH Station St.,770,83,0.945
A58106,CARE 24 SEVEN 6T Mall,770,83,0.78
A58107,seha first haram,723,89,0.984
A58108,PY/SEHA FIRST HARAM Branch 2,723,89,0.929
A58109,PY/SEHA FIRST HARAM (2),737,83,0.653
A58110,PH SEHA FIRST HARAM-A,737,83,0.855
A58111,seha first haram 6th Zone277,739,81,0.785
A58112,el Seha First Haram (2),739,81,0.72
A58113,EL Seha First Haram 6th Zone,742,73,0.987
A58114,PY/SEHA FIRST HARAM Branch 1,742,73,0.956
A58115,El-Seha First Harma (2),747,79,0.76
A58116,PY/Seha First Haram Mall,747,79,0.686
A58117,seha first haram-A707,765,63,0.661
A58118,SEHA FIRST HARAM Main Road,765,63,0.694
A58119,PY/Seha First Haram-A816,770,84,0.678
A58120,PY/Seha First HaramM ain Road,770,84,0.869
A58121,El-El Zahraa Agami (2),703,73,0.639
A58122,El-El Zahrraa Agami Main Road,707,71,0.791
A58123,El-el zahraa agami 04,708,81,0.701
A58124,PY/EL ZAHRAA AGMI 04,722,94,0.775
A58125,El Zahraa Agami (2),722,94,0.855
A58126,PH EL ZAHRAA AGAMI 6th Zone,727,74,0.836
A58127,El-EL ZAHRAA AGAMI (2),727,74,0.719
A58128,el EL ZAHRAA AGAMI,729,72,0.916
A58129,ELZ AHRAA AGAMI Station St.,737,84,0.784
A58130,el El Zahraa Agami 04,737,84,0.78
A58131,PY/EL ZAHRAA AGAMI Branch 2,756,80,0.997
A58132,EL EL NASR br.2445,716,79,0.75
A58133,Ph/El Nasr,717,79,0.875
A58134,EL NASR Station St.,717,79,0.87
A58135,EL NASR Station St.,718,79,0.911
A58136,El Nasr Maain Road,718,79,0.735
A58137,PY/El Nasr 6th Zone,719,78,0.684
A58138,el EL NASR 04,719,78,0.711
A58139,El-El Nasr Branch 2,733,76,0.795
A58140,EL NASR 011,733,76,0.754
A58141,ELL El Nasr Branch 2,746,76,0.867
A58142,Ph/el nasr Branch 1472,746,76,0.656
A58143,el nasr Main Road271,748,97,0.759
A58144,El Nasr (2),749,63,0.668
A58145,El Nasr-A,749,63,0.738
A58146,Ph/El Hokkama,700,73,0.943
A58147,PH El Hokama,700,73,0.642
A58148,elh okama Mall771,735,72,0.839
A58149,el el hokama Station St.,735,72,0.663
A58150,Ph/El Hokaam-A,738,77,0.924
A58151,ell hokama,738,77,0.948
A58152,El-EL HOKAMA,750,80,0.913
A58153,P/el hokama909,750,80,0.783
A58154,PH El Hokama 011,758,81,0.693
A58155,FAMILY839,718,80,0.653
A58156,PY/FAMLIY Station St.,731,66,0.715
A58157,el family,731,66,0.963
A58158,Family Mall285,737,85,0.94
A58159,FAMILY 011,737,85,0.766
A58160,PY/FAMILY,761,72,0.894
A58161,family Main Road,761,72,0.722
A58162,Family,770,85,0.99
A58163,EL nile care Main Road,727,75,0.99
A58164,El-NILE CARE 6th Zone,727,75,0.849
A58165,nile care Branch 2,746,77,0.717
A58166,NILE CARE 04,746,77,0.925
A58167,El-Nile Care,753,66,0.785
A58168,EL life line montaza 04,700,74,0.751
A58169,Life Line Montaza MMain Road,701,76,0.862
A58170,el Life Line Montaza 011,701,76,0.701
A58171,PH Life Line Montaza (2)632,718,81,0.909
A58172,el LIFE LINE MONTAZA-A,718,81,0.937
A58173,El-life line montaza,719,79,0.825
A58174,LIFE LINE MONTAZA 6th Zone,719,79,0.804
A58175,el Life Line Montaza,735,73,0.71
A58176,Ph/LIFE LINE MONTAZA 04,739,82,0.827
A58177,el LIFE LINE MONTAZA 011,739,82,0.732
A58178,el life line montaza 6th Zone,763,76,0.723
A58179,Life Line Montaza-A,764,83,0.873
A58180,EL Metro 6ht Station St.,709,64,0.885
A58181,Ph/metro 6th Station St.,709,64,0.979
A58182,metro 6th br.2,726,86,0.804
A58183,PY/METRO 6TH,726,86,0.74
A58184,Metro 6th,746,78,0.881
A58185,Ph/Metro 6th(2),750,81,0.716
A58186,Metro 6th 011,750,81,0.895
A58187,Metro 6th Branch 1,762,86,0.831
A58188,PY/metro 6th Mall,762,86,0.916
A58189,METRO 6TH 04,764,84,0.714
A58190,el El Faraby (2),701,77,0.767
A58191,Ph/el faraby Branch 1,711,79,0.862
A58192,PY/lE Faraby 04,735,74,0.907
A58193,EL FARABY Mall,735,74,0.709
A58194,ele l faraby-A,755,88,0.886
A58195,El-EL FARABY (2),766,87,0.668
A58196,el El Baraka,706,64,0.71
A58197,EL BARAKA 6th Zone,720,69,0.628
A58198,el EEl Baraka 011,730,84,0.778
A58199,el baraka Branc 1,730,84,0.771
A58200,El-EL BARAKA br.2,745,84,0.786
A58201,El-El Baraka,747,80,0.948
A58202,el EL BARAKA br.2,753,67,0.961
A58203,PY/el baaraka (2),766,88,0.71
A58204,PH El Baraka,768,79,0.874
A58205,PH Life Line 6th,704,80,0.806
A58206,life line 6th Branch 2976,704,80,0.877
A58207,PH LIFE LINE 6TH 011,705,81,0.644
A58208,EL Life Line 6th011,709,65,0.828
A58209,PH Life Line 6th (2),712,76,0.846
A58210,Life Line 6th,717,80,0.704
A58211,El-LIFE LINE 6TH,717,80,0.836
A58212,EL Life Line 6th,720,70,0.802
A58213,LIFE LINE 6TTH 6th Zone,720,70,0.628
A58214,EL Life Line 6th 011,736,76,0.708
A58215,EL Life Line 6th 6th Zone,736,76,0.626
A58216,PY/life line 6th Main Road,744,77,0.901
A58217,EL El Hokama Branch 1,709,66,0.826
A58218,el el hokama 04,709,66,0.644
A58219,PY/el hokama Branch 2129,717,81,0.929
A58220,El Hokmaa Branch 2,717,81,0.698
A58221,el hokama,719,80,0.999
A58222,El Hokama 6th Zone,726,87,0.998
A58223,Ph/el hokama,726,87,0.764
A58224,el hokama Mall,756,81,0.842
A58225,PH El Hokama br.2,756,81,0.828
A58226,el hkama 04,769,70,0.789
A58227,el El Hkama br.2,769,70,0.629
A58228,PY/el zahraa Main Road,704,81,0.746
A58229,Ph/El Zahraa 6th Zone,704,81,0.937
A58230,el zahraa Mall154,719,81,0.968
A58231,el el zahraa 04,730,85,0.787
A58232,ElEl Zahraa 6th Zone,732,83,0.643
A58233,EL el zahraa Main Road,732,83,0.74
A58234,Ph/El Zahraa,759,79,0.82
A58235,El-El Zahraa-A,759,79,0.7
A58236,Ph/El Zahraa Branch 1,769,71,0.775
A58237,El Zahraa Haarm,732,84,0.724
A58238,PY/El Zahraa Haram 04,732,84,0.864
A58239,El Zahraa Haram 011,750,82,0.98
A58240,El Zahraa Haram (2)76,751,68,0.696
A58241,Ph/El Zahraa Haram,762,87,0.731
A58242,el el zahraa haram,762,87,0.844
A58243,EL El Zahraa Haram,768,80,0.675
A58244,El-SEHA FIRST 6TH-A,722,95,0.938
A58245,El-Seha First 6th Branch 2,737,86,0.666
A58246,SEHAA FIRST 6TH-A,761,73,0.958
A58247,PH PHARMA PLUS Branch 1,708,82,0.656
A58248,Ph/Pharma Plus 6th Zone,708,82,0.944
A58249,PHARMA PLUS-A,711,80,0.718
A58250,PY/Pharma Plus (2),711,80,0.629
A58251,PY/Parma Plus,712,77,0.884
A58252,El-Pharma Plus,712,77,0.845
A58253,PY/PHARMA PLUS Branch 1,727,76,0.93
A58254,pharma plus 04,727,76,0.886
A58255,EL pharma plus Main Road,730,86,0.827
A58256,ELL Pharma Plus Station St.,735,75,0.853
A58257,el Pharma Plus br.2,735,75,0.639
A58258,Pharma Plus,758,82,0.836
A58259,PY/pharma plus,766,89,0.851
A58260,El-Pharma Plus Station St.,766,89,0.768
A58261,Ph/Al Nozha Smouha Mall,736,77,0.672
A58262,Al Nozha Smouha br.2,749,64,0.8
A58263,Al Nozha Smouha Station St.,756,82,0.732
A58264,Ph/Al Nozha Smouha,760,74,0.88
A58265,AL NNOZHA SMOUHA,760,74,0.889
A58266,Seha First 6th Main Road970,714,72,0.951
A58267,EL seha first6th Main Road,731,67,0.841
A58268,PH SEHA FIRST 6TH br.2,743,76,0.739
A58269,el SEHA FIRST 6TH,743,76,0.759
A58270,Seha First 6th 04,753,68,0.813
A58271,Ph/Seha First 6th Brranch 1,753,68,0.656
A58272,seha first 6th,770,86,0.991
A58273,Ph/health gate banha,710,88,0.814
A58274,Ph/health gate banah br.2,710,88,0.998
A58275,Health Gatte Banha977,712,78,0.797
A58276,EL Health Gate Banha Branch 2,712,78,0.916
A58277,HEALTH GATE BANHA 6th Zone,724,73,0.93
A58278,El-heallth gate banha Main Road,724,73,0.996
A58279,PH Health Gate Banha,753,69,0.816
A58280,healthh gate banha Mall,753,69,0.884
A58281,el City Care,721,89,0.716
A58282,PH City Care475,743,77,0.728
A58283,City Care-A682,743,77,0.718
A58284,PH City Care,745,85,0.968
A58285,Ph/city care 011,746,79,0.921
A58286,city care br.2543,746,79,0.69
A58287,PH City Care Branch 2,752,74,0.853
A58288,City Care,752,74,0.726
A58289,City Care54,755,89,0.756
A58290,el CITY CARE Main Road,755,89,0.697
A58291,el CITY CARE Statin St.,763,77,0.923
A58292,el city care Mall,763,77,0.729
A58293,EL Ebn Sina Nozha Main Road,709,67,0.764
A58294,El-Ebn Sina Nozha Branch 1,709,67,0.899
A58295,el EBN SINA NOZHA-A,730,87,0.625
A58296,EL ebn sina nozha (2),730,87,0.755
A58297,EL Ebn Sina Nzoha Branch 1,755,90,0.654
A58298,el Ebn Sina Nozha Station St.,766,90,0.89
A58299,pharma plus zayed23,723,90,0.908
A58300,Pharma Plus Zayed Station St.,723,90,0.876
A58301,PHARMA PLUS ZAYED,733,77,0.825
A58302,el Pharma Plus Zayed,740,71,0.913
A58303,Ph/PHARMA PLUS ZAYED Mall,740,71,0.697
A58304,Ph/pharma plus zayed,752,75,0.663
A58305,Pharma Plus Zayed 6th Zone,753,70,0.63
A58306,PH PHARMA PLUS ZAYED Branch 2,766,91,0.904
A58307,Ph/pharma plus zayed 6th Zone,766,91,0.625
A58308,PH dr medhat,732,85,0.745
A58309,El-DR MEDHAT Main Road,748,98,0.914
A58310,EL dr medhat Station St.,748,98,0.879
A58311,dr emdhat 04,763,78,0.956
A58312,DR MEDHAT 04,766,92,0.774
A58313,Dr Medhat Mall709,767,71,0.864
A58314,Ph/FAMILY 6TH,700,75,0.885
A58315,PY/family 6th Branch 2,709,68,0.979
A58316,PY/Family 6th,709,68,0.706
A58317,Family 6th Station St.,710,89,0.792
A58318,El-FAMILY 6TH 011,710,89,0.861
A58319,EL FAMILY 6TH-A,741,82,0.92
A58320,Family 6th br.2883,741,82,0.742
A58321,Ph/FAMILY 6TH Mall,768,81,0.794
A58322,el Family 6th Station St.824,769,72,0.698
A58323,ELmisr 04724,715,77,0.904
A58324,PY//misr,715,77,0.866
A58325,MISR (2)27,758,83,0.88
A58326,MISR Station St.,761,74,0.753
A58327,misr12,763,79,0.854
A58328,al nozha 6th Mall420,726,88,0.99
A58329,PH Al Nzha 6th,734,71,0.929
A58330,El-Al Nozha 6th932,734,71,0.92
A58331,PY/al nozha 6th Branch 2,761,75,0.753
A58332,PY/Al Nozha 6tth Mall,761,75,0.83
A58333,Ph/Al Nozha 6th 011205,762,88,0.908
A58334,El-Al Nozha 6th 04,762,88,0.738
A58335,PH EL NASR 6TH Main Road,726,89,0.88
A58336,EL el nasr 6th-A876,744,78,0.659
A58337,EL NASR 6TH Mall,752,76,0.99
A58338,Misr Mall,701,78,0.766
A58339,PH MISR Branch 1,720,71,0.975
A58340,EL Misr,720,71,0.765
A58341,EL Misr-A,728,81,0.862
A58342,Ph/mis Branch 2225,736,78,0.707
A58343,PY/misr 011,751,69,0.635
A58344,MISR Mall413,751,69,0.785
A58345,PY/Seha First 6th 011,704,82,0.815
A58346,P HSeha First 6th,742,74,0.841
A58347,El-SEHA FIRST 6TH Main Road938,742,74,0.827
A58348,PY/Seha Fiirst 6th 011,744,79,0.938
A58349,PY/SEHA FIRST 6TH,756,83,0.944
A58350,Seha First 6th Mall,770,87,0.915
A58351,PY/Seha First 6ht Station St.961,770,87,0.815
A58352,PY/city care haram-A,710,90,0.767
A58353,Ph/CITY CARE HARAM-A,753,71,0.955
A58354,el CITY CARE HARAM Main Road99,757,78,0.935
A58355,PH CITY CARE HARAM (2),757,78,0.774
A58356,Elite,718,82,0.853
A58357,PH elite (2),733,78,0.768
A58358,PYY/elite Mall,733,78,0.92
A58359,Ph/Elite Main Road,755,91,0.986
A58360,Ph/elite Branch 1,755,91,0.79
A58361,e elite47,756,84,0.788
A58362,ELTE,767,72,0.944
A58363,Ph/EL HOKAM Mall,708,83,0.897
A58364,El Hokama,723,91,0.625
A58365,el hokama Mall,725,76,0.897
A58366,el El Hokama 04921,732,86,0.693
A58367,El Hokmaa br.2,733,79,0.794
A58368,Ph/El Hokama Main Road,744,80,0.924
A58369,PY/El Hokama Main Road,760,75,0.723
A58370,El Hokama Mall,769,73,0.674
A58371,el CARE 24 SEVEN 6TH Main Road,719,82,0.822
A58372,PH care 24 seven 6th 6th Zone,728,82,0.951
A58373,PH Care 24 Seven 6th,734,72,0.845
A58374,el CARE 24 SEVEN 6TH 011,734,72,0.832
A58375,Care 24 Seven 6th Mall684,763,80,0.662
A58376,elCare 24 Seven 6th Branch 2762,763,80,0.709
A58377,El-Care 24 Seven 6th,764,85,0.998
A58378,PY/Care 24 Seven 6th,764,85,0.953
A58379,ANGEL Mall,701,79,0.688
A58380,ANGEL 6th Zone982,705,82,0.678
A58381,EL ANGEL0 11,726,90,0.935
A58382,el Angel (2),726,90,0.843
A58383,Angel,731,68,0.938
A58384,PY/angel 04994,731,68,0.998
A58385,EL angel 04889,746,80,0.777
A58386,PH Angel Branch 2203,746,80,0.782
A58387,PH Angel Mall,753,72,0.876
A58388,anggel,763,81,0.683
A58389,El-angel,763,81,0.916
A58390,el baraka 6th,700,76,0.78
A58391,PH El Baraka 6th Branch 2,701,80,0.792
A58392,el EEl Baraka 6th Branch 1,701,80,0.828
A58393,El-El Baraka 6th 011,711,81,0.644
A58394,El-el baraka 6th Branch 1,711,81,0.765
A58395,EL El Baraka 6th 04,731,69,0.97
A58396,El Baraka 6th 6th Zone296,738,78,0.686
A58397,EL EL BARAKA 6TH Branch 1,738,78,0.94
A58398,El Shifa (2),702,72,0.784
A58399,PH El Shifa 6th Zone,702,72,0.807
A58400,EL El Shifa 04,718,83,0.981
A58401,EL El Shifa 04,718,83,0.837
A58402,el shifa Branch 2,727,77,0.78
A58403,el El Shifa Main Road,728,83,0.949
A58404,El Shifa Branch 2,741,83,0.677
A58405,EL El Shifa (2),754,83,0.779
A58406,el EL SHIFA820,754,83,0.997
A58407,PH el shifa 011614,765,64,0.956
A58408,ELL SHIFA,765,64,0.772
A58409,EL SHIFA Main Road,767,73,0.642
A58410,PH Mira Mall,701,81,0.97
A58411,e mira 6th Zone,701,81,0.687
A58412,Mira 6th Zone,703,74,0.71
A58413,El-Mira Mall,708,84,0.997
A58414,MIRA,708,84,0.623
A58415,E MIRA (2),713,60,0.992
A58416,Ph/Mira Branch 1137,715,78,0.738
A58417,PY/MIRA-A,715,78,0.853
A58418,PY/mira 6th Zone,722,96,0.734
A58419,MIRA Mall,730,88,0.859
A58420,EL Mira br.2,762,89,0.685
A58421,EL Mira Branch 1,762,89,0.771
A58422,EL El Faraby Marg,710,91,0.849
A58423,El-El Faraby Marg Branch 2,710,91,0.91
A58424,PY/El Faraby Marg,713,61,0.953
A58425,El Faraby Marg Main Road,713,61,0.625
A58426,El-El Faraby Marg 04,740,72,0.935
A58427,PH EL FARABY MARG br.2,740,72,0.881
A58428,EL FARABY MARG,753,73,0.709
A58429,El-el faraby marg Mall,754,84,0.769
A58430,el faraby marg Branch 2378,762,90,0.976
A58431,El-EL FARABY MARG,762,90,0.878
A58432,Ph/El Faraby Marg 04393,764,86,0.667
A58433,el faraby marg 011,764,86,0.901
A58434,El Faraby Marg Branch 2,768,82,0.897
A58435,PY/El Faraby Marg,768,82,0.674
A58436,PH Alpha Pharma Square 04540,702,73,0.748
A58437,Alpha Pharma Square757,702,73,0.698
A58438,el alpha pharma square939,723,92,0.723
A58439,Alpha Pharma Square Branch 2,736,79,0.973
A58440,PH Alpha Pharma Square Main Road395,736,79,0.96
A58441,Alpha Pharma Square 6th Zone,740,73,0.842
A58442,EL Alpha Pharma Square MainRoad,740,73,0.664
A58443,el Apha Pharma Square 6th Zone,768,83,0.769
A58444,el Hoope Dokki 04,703,75,0.819
A58445,Ph/hope dokki,703,75,0.625
A58446,El-Hope Dokki,711,82,0.653
A58447,Ph/Hope Dookki 04,711,82,0.986
A58448,hope dokki Station St.,734,73,0.644
A58449,PH hope dokki 011195,734,73,0.803
A58450,Hope Dokki Main Road271,740,74,0.907
A58451,Hope Dokki br.2,740,74,0.942
A58452,Ph/hope dokki Main Road,747,81,0.765
A58453,Ph/HOPE DOKKI Main Road,753,74,0.743
A58454,Hope Dokki 04,753,74,0.836
A58455,el HOPE DOKKI 04,760,76,0.902
A58456,Hope Dokki0 4,760,76,0.777
A58457,Ph/hope dokki-A,762,91,0.696
A58458,Life Line 04,714,73,0.641
A58459,EL Life Line (2),714,73,0.806
A58460,Ph/LIFE LINE (2),731,70,0.666
A58461,ELL ife Line Main Road,731,70,0.73
A58462,PH life line 6th Zone,742,75,0.717
A58463,EL Life Line Branch 2,742,75,0.733
A58464,PY/Life Line 04,761,76,0.667
A58465,El-LIFE LINE418,761,76,0.892
A58466,PH el zahraa340,702,74,0.702
A58467,El Zahraa,702,74,0.689
A58468,el El Zahraa 6th Zone,724,74,0.726
A58469,EL El Zarhaa,730,89,0.925
A58470,PH union pharm rehab view Branh 1,705,83,0.638
A58471,El-Union Pharm Rehab View Main Road296,730,90,0.753
A58472,EL Union Pharm Rehab View Branch 2,730,90,0.958
A58473,Union Pharm Rehab View Branch 2,733,80,0.889
A58474,PH UNION PHARM REHAB VIEW br.2,733,80,0.916
A58475,El-Union Pharm Rehab View 6th Zone,750,83,0.636
A58476,union pharm rehab view-A852,750,83,0.981
A58477,UNION PHARM REHAB VIEW br.2,762,92,0.702
A58478,UNION PHARM REHAB VIEW Mall,765,65,0.889
A58479,El-pharma plus Station St.,710,92,0.714
A58480,el Pharma Plus 6th Zone,710,92,0.977
A58481,Pharma Plus,719,83,0.844
A58482,Ph/PHARMA PLUS Main Road,737,87,0.973
A58483,Pharma Plus,744,81,0.879
A58484,PH PHARMA PLUS 6th Zone,753,75,0.682
A58485,PH betterr life 6th Branch 1,706,65,0.666
A58486,El-Better Life 6th Station St.,706,65,0.816
A58487,El-Better Life 6th Mall,760,77,0.743
A58488,Better Life 6th 04,760,77,0.925
A58489,PH BETTER LIFE 6TH,761,77,0.669
A58490,el better life t6h427,761,77,0.625
A58491,Better Life 6th,763,82,0.779
A58492,Ph/Better Life 6th,763,82,0.655
A58493,PY/BETTER LLIFE 6TH Main Road,764,87,0.77
A58494,PY/Better Life 6th,764,87,0.885
A58495,BLUE WAVE SHUBRA497,707,72,0.779
A58496,EL Blue Wave Shubra br.2883,710,93,0.782
A58497,El-Blue Wave Shubra (2)859,710,93,0.874
A58498,Ph/Blue Wave Shubra Main Road850,721,90,0.678
A58499,PY/blue wave shubra Branch 257,721,90,0.836
A58500,Blue Wave Shubra-A,729,73,0.643
A58501,El-BLUE WAVE SHUBRA-A,729,73,0.663
A58502,BLUE WAVE SHUBRA Branch 1,758,84,0.652
A58503,PH silver care haram,726,91,0.711
A58504,siilver care haram,726,91,0.792
A58505,Silver CareH aram 04821,745,86,0.937
A58506,Silver Care Haram Mall,748,99,0.871
A58507,PY/silve rcare haram,753,76,0.812
A58508,Ph/silver care haram br.2,753,76,0.77
A58509,EL silver cae haram,763,83,0.754
A58510,SILVER CARE HARAM Branch 1,763,83,0.972
A58511,SILVER CARE HARAM (2),768,84,0.762
A58512,El Zahraa Imbaba,707,73,0.835
A58513,el zahraa imbaba 011,709,69,0.75
A58514,PH EL ZAHRAA IMBABA 6th Zone,709,69,0.831
A58515,El Zahraa Imbaba br.2,717,82,0.63
A58516,el El Zahraa Imbaba 011,717,82,0.846
A58517,Ph/El Zahraa Imbaba Station St.,722,97,0.954
A58518,El Zahraa Imbaba (2),722,97,0.805
A58519,el El Zahraa Imbaba,727,78,0.694
A58520,el El Zahraa Imbaba Branch 1,727,78,0.64
A58521,el EL ZAHRAA IMBABA 011,768,85,0.914
A58522,el el zahraa imbaa (2)193,768,85,0.702
A58523,El-EL SHIFA ZAYED Branch 1,730,91,0.734
A58524,PY/El Shifa Zaed,730,91,0.83
A58525,El Shifa Zayed 011,731,71,0.676
A58526,el el shifa zayed-A,731,71,0.872
A58527,EL SHIFA ZAYED r.2,741,84,0.872
A58528,El-EL SHIFA ZAYED 6th Zone,749,65,0.774
A58529,Ph/el shifa zayed-A,749,65,0.862
A58530,el El Shifa Zayed,754,85,0.84
A58531,El Shifa Zayed 011,754,85,0.777
A58532,PH EL SHIF ZAYED Mall,769,74,0.964
A58533,EL SHIFA ZAYED-A,769,74,0.803
A58534,El-EL SHIFA ZAYED 04,770,88,0.698
A58535,PH Blue Wave Main Road592,703,76,0.627
A58536,El-blue wave 6t hZone,703,76,0.81
A58537,blue wave 01112,718,84,0.731
A58538,El-Blue aWve,718,84,0.709
A58539,BLUE WAVE (2),722,98,0.833
A58540,blue wave Barnch 2,722,98,0.939
A58541,mira 6th 04,704,83,0.812
A58542,mira 6th,704,83,0.693
A58543,Mira 6th Mall,715,79,0.857
A58544,Mira 6th Mall,719,84,0.925
A58545,Mira th (2),721,91,0.869
A58546,Mira 6h 011,721,91,0.755
A58547,El-mira 6th 04,741,85,0.916
A58548,Mira 6th,766,93,0.978
A58549,PH Omega 6th Branch 1,710,94,0.864
A58550,Omega 6th Branch 1,710,94,0.64
A58551,Omega 6th Main Road,733,81,0.882
A58552,Ph/Omega 6th687,765,66,0.646
A58553,Ph/OMEGA 6TH StationS t.,765,66,0.821
A58554,PH OMEGA 6TH,769,75,0.783
A58555,blue wave montaza Station St.,703,77,0.699
A58556,BLUE WAVE MONTAZA Branch 2,703,77,0.685
A58557,Blue Wave Montaza br.2,738,79,0.652
A58558,Ph/Blue Wave Montaza,741,86,0.666
A58559,el blue wave montaza,743,78,0.955
A58560,Blue Wave Montaza,756,85,0.957
A58561,el BLUE WAVE MMONTAZA 04,769,76,0.763
A58562,Ph/blue wave montaza Branch 1,770,89,0.858
A58563,EL blue wave montaza Station St.,770,89,0.984
A58564,El-Al Amal Faisal 011748,728,84,0.67
A58565,PY/Al Amal Faisal,728,84,0.909
A58566,Ph/Al Amal Faisal,737,88,0.784
A58567,PY/al amal faisal Station St.,737,88,0.792
A58568,Ph/AL AMAL FAISAL Main Road,751,70,0.822
A58569,PY/Al Amal Faisal Branch 2,751,70,0.921
A58570,al amal fasal Station St.,760,78,0.628
A58571,el AL AMAL FAISAL 011831,761,78,0.733
A58572,Ph/Al Amal Faisal (2),761,78,0.7
A58573,PH al amal faisal aMin Road,765,67,0.761
A58574,Sunrise,707,74,0.638
A58575,PY/sunrise,720,72,0.74
A58576,el sunrise,744,82,0.739
A58577,sunrise 6th Zone108,746,81,0.94
A58578,el Sunrise (2),759,80,0.907
A58579,el Sunrise br.2436,765,68,0.88
A58580,el Sunrise Branch 1,765,68,0.927
A58581,Omega 6th,701,82,0.742
A58582,Omega 6th,701,82,0.63
A58583,Omega t6h Main Road,728,85,0.691
A58584,PY/OMEGA 6TH,728,85,0.902
A58585,el omega 6th,739,83,0.891
A58586,Ph/Omega 6th,761,79,0.856
A58587,PH Omega 6th Branch 1,761,79,0.808
A58588,PY/mega 6th,762,93,0.893
A58589,EL Omega 6th539,770,90,0.989
A58590,el ELITE,719,85,0.681
A58591,elite 04,732,87,0.72
A58592,El-elite 011,733,82,0.975
A58593,PY/elte,735,76,0.91
A58594,El Baraka Branch 1,704,84,0.898
A58595,el EL BARAKA (2),734,74,0.698
A58596,EL El Baraka-A,734,74,0.958
A58597,El Barraka,735,77,0.835
A58598,El-EL BARAKA 04,737,89,0.935
A58599,PY/el baraka 04,762,94,0.787
A58600,EL ELITE 04,719,86,0.826
A58601,El-eltie,719,86,0.824
A58602,EL Elite Main Road,728,86,0.909
A58603,PY/Elite br.2,728,86,0.639
A58604,EL Elite344,733,83,0.844
A58605,ELITE br.2,738,80,0.991
A58606,PH Elite Branch 1148,739,84,0.937
A58607,Phh/elite Mall766,742,76,0.681
A58608,ELITE,742,76,0.935
A58609,EL Elite 6th Zone,752,77,0.804
A58610,elite 04,764,88,0.657
A58611,Elite 04,704,85,0.823
A58612,Elite,704,85,0.699
A58613,Elite Branch 2,712,79,0.889
A58614,PY/Elite Station St.,724,75,0.862
A58615,elite,724,75,0.877
A58616,elite Main Road,729,74,0.795
A58617,ELITE Main Road,729,74,0.75
A58618,PH Elite 04369,761,80,0.806
A58619,Elite-A,761,80,0.897
A58620,EL Sunrise Agami,711,83,0.714
A58621,PH Sunrise Agami 04,723,93,0.824
A58622,Sunrise Agami Branch 1,733,84,0.987
A58623,El-SunriseAgami br.2,733,84,0.77
A58624,sunrise agami (2),734,75,0.845
A58625,EL Sunrise Agami Mall,734,75,0.79
A58626,sunrise agami Branch 2764,742,77,0.925
A58627,EL SUNRISE AGAMI b.r2439,742,77,0.647
A58628,PY/SUNRISE AGAMI Station St.,761,81,0.75
A58629,sunrise agami,761,81,0.689
A58630,sunrise agami,766,94,0.93
A58631,Sunrise Agami,766,94,0.704
A58632,Ph/BETTER LIFE Branch 1,715,80,0.666
A58633,EL Better Lif Station St.,725,77,0.98
A58634,Better Life Mall,725,77,0.994
A58635,Ph/BETTER LIFE Station St.,727,79,0.774
A58636,el Better Life (2),727,79,0.704
A58637,better life556,742,78,0.948
A58638,PH BETTER LIFE,744,83,0.774
A58639,PH better life 6th Zone,747,82,0.721
A58640,Better Life,747,82,0.668
A58641,better life (2),766,95,0.904
A58642,El-CARE 24 SEVEN (2),721,92,0.917
A58643,el Care 24 Seven br.2,721,92,0.698
A58644,Ph/Care 24 Seven Main Road,757,79,0.695
A58645,Ph/CARE 24 SEVEN Branch 2,757,79,0.778
A58646,Care 24 Seven 011,758,85,0.983
A58647,CARE 24 SEVEN Branch 2493,759,81,0.708
A58648,PY/care 24 seven Branch 1,759,81,0.973
A58649,El-are 24 Seven,770,91,0.675
A58650,EL nile care,711,84,0.964
A58651,PH Nile Care br.2,711,84,0.848
A58652,Nile Care br.2,736,80,0.645
A58653,Nile Care 6th Zone413,743,79,0.728
A58654,NILE CARE-A,743,79,0.954
A58655,el Nile Care (2),749,66,0.686
A58656,nile care Mall,749,66,0.958
A58657,nile ccare br.2,764,89,0.84
A58658,el Nile Care Main Road549,764,89,0.81
A58659,Ebn Sina 6th br.2780,709,70,0.745
A58660,el ebn sina 6th 011,710,95,0.882
A58661,Ebn Sina 6th Branch 2,714,74,0.938
A58662,EBN SINA 6TH (2)560,714,74,0.71
A58663,PH Ebn Sina 6th 011,724,76,0.918
A58664,El-Ebn Sina 6th,724,76,0.628
A58665,PHebn sina 6th (2),761,82,0.762
A58666,Enb Sina 6th,761,82,0.822
A58667,EL Nile Care (2)850,710,96,0.628
A58668,EL Nile Care,716,80,0.986
A58669,PH Nle Care Branch 1,724,77,0.901
A58670,Ph/nile care 6th Zone,724,77,0.728
A58671,PH NILE CARE 011,740,75,0.83
A58672,PH nile care 6th Zone,740,75,0.999
A58673,PY/NIL CARE,751,71,0.736
A58674,PY/nile care (2),767,74,0.854
A58675,Golden Care 011,704,86,0.8
A58676,GLODEN CARE br.2,704,86,0.996
A58677,Golden Care,727,80,0.948
A58678,Golden Care Branch 1,728,87,0.662
A58679,el golden care,753,77,0.746
A58680,PH Golden Care168,753,77,0.702
A58681,EL golden care Main Road,754,86,0.878
A58682,Golden Care br.2,768,86,0.701
A58683,Ph/nile care297,716,81,0.623
A58684,PH Nile Care 011749,716,81,0.806
A58685,PH nile care-A,729,75,0.79
A58686,el Nile Care Station St.,742,79,0.997
A58687,Nile Care 6th Znoe,742,79,0.715
A58688,omega oct city 011,703,78,0.786
A58689,PH Omega Oct City,734,76,0.961
A58690,OMEGA OCT CITY Branch 2,764,90,0.636
A58691,PH Omega Oct City,764,90,0.852
A58692,Care 24 Seven (2),700,77,0.916
A58693,Ph/Care 24 Seven Branch 1,704,87,0.842
A58694,PH care 24 seven-A,705,84,0.747
A58695,el care 24 seven-A,705,84,0.957
A58696,EL Care 24 Seven Mall,716,82,0.739
A58697,PH CARE 24 SEVEN,720,73,0.874
A58698,El-Care 24 Seven-A,720,73,0.934
A58699,PY/Care 24 Seven,723,94,0.91
A58700,Care 24 Seven Station St.,737,90,0.731
A58701,EL Care 24 Seven 04,737,90,0.858
A58702,BETTER LIFE GAOUZA br.2,701,83,0.747
A58703,EL Better Life Agouza,701,83,0.646
A58704,PY/Better Life Agouza,706,66,0.969
A58705,Better Life Agouza Branch 2739,713,62,0.746
A58706,Better Life Agouza Mall152,713,62,0.647
A58707,better life agouza 011,715,81,0.907
A58708,Ph/Better Life Agouza 04,715,81,0.772
A58709,Better Life Agouza 04,743,80,0.827
A58710,el Better Lfe Agouza,754,87,0.722
A58711,Better Life Agouza,755,92,0.824
A58712,Better Life Agouza167,755,92,0.937
A58713,El-DR MEDHAT IMBABA Station St.289,717,83,0.994
A58714,EL Dr Medhat Imbaba,718,85,0.783
A58715,dr medhat imbaba,732,88,0.954
A58716,el DR MEDHAT IMBABA471,732,88,0.711
A58717,Ph/Dr Medhat Imbaba Branch 2,733,85,0.866
A58718,PH dr medhat imbaba Branch 1917,736,81,0.894
A58719,dr medhat imbaba 011,755,93,0.921
A58720,Dr Medhat Imbaba br.2,755,93,0.625
A58721,Ph/Dr Medhat Imbaba (2),764,91,0.714
A58722,EL SILVER CARE Station St.,726,92,0.92
A58723,silver car Branch 2,741,87,0.937
A58724,Ph/silver care 6th Zone,767,75,0.975
A58725,angel Branch 2,714,75,0.835
A58726,PY/ANGEL 011,746,82,0.782
A58727,PH angel (2),746,82,0.652
A58728,Angel,752,78,0.77
A58729,SALAMTEK 04,726,93,0.798
A58730,Salamtek Station St.,726,93,0.867
A58731,salamtek (2),751,72,0.916
A58732,Ph/Salamtek (2),751,72,0.721
A58733,Salamtek Mall,762,95,0.941
A58734,el salamtek 04,762,95,0.87
A58735,PH EL BARAKA MARG Branch 2514,702,75,0.778
A58736,El Baraka Marg,704,88,0.707
A58737,El Baraka Marg Station St.384,707,75,0.645
A58738,El Baraka Marg 6th Zone,707,75,0.706
A58739,PH el baraka marg 6th one,710,97,0.811
A58740,PH EL BARAKA MARG 011,710,97,0.887
A58741,El-EL BARAKA MARG,736,82,0.623
A58742,Ph/El Baraka Marg,736,82,0.723
A58743,Ph/El Baraka Marg,752,79,0.652
A58744,el el baraka maarg,752,79,0.653
A58745,PH El Baraka Marg813,763,84,0.921
A58746,ELITE HARAM Branch 2391,700,78,0.89
A58747,elite haram 6th Zone,737,91,0.945
A58748,PY/Elite Haram Branch 2,744,84,0.661
A58749,El-Elite Haram Mall,756,86,0.831
A58750,El-Elite Haram Mall,759,82,0.79
A58751,el zahraa obour Branch 1,730,92,0.861
A58752,Ph/El Zahraa Obour,730,92,0.882
A58753,Ph/El Zahraa Obour,731,72,0.912
A58754,EL El Zahraa Obour 011,766,96,0.806
A58755,PY/OMEGA AGOUZA Main Road,702,76,0.765
A58756,el Omega Agouza Main Road,712,80,0.991
A58757,Ph/OMEGA AGOUZA br.2,718,86,0.965
A58758,Omega Agouza Main Road,718,86,0.872
A58759,Omega Agouza Branch 2602,768,87,0.877
A58760,OMEGA AGOUZA Branch 1,768,87,0.658
A58761,EL Alpha Pharma Mall,713,63,0.639
A58762,el Alpha Pharma Mall,713,63,0.919
A58763,Alpha Pharma Branch 1,714,76,0.797
A58764,Ph/Alpha Pharma,718,87,0.987
A58765,el ALPHA PHARMA,718,87,0.906
A58766,PH Alpha Pharma Branch 2,730,93,0.921
A58767,ALPHA PHARMA 011,730,93,0.968
A58768,Ph/alpha phara Branch 2,731,73,0.779
A58769,Alpha Pharma,731,73,0.723
A58770,el Alpha Pharma328,734,77,0.995
A58771,Alpha Pharmaa 04731,741,88,0.692
A58772,EL ALPHA PHARMA Branch 2,759,83,0.868
A58773,el alpha pharma 011,759,83,0.991
A58774,el El Nasr Station St.166,700,79,0.658
A58775,PY/El Nasr (2)753,734,78,0.893
A58776,el nasr br.2,759,84,0.697
A58777,PH El Nasr Branch 2,759,84,0.979
A58778,el nasr br.2,762,96,0.757
A58779,PY/Omega Agami Mall,703,79,0.923
A58780,PY/Omega Agami Main Road,707,76,0.86
A58781,el omega agami 6th Zone,707,76,0.949
A58782,PH Omega Agami Branch 2,714,77,0.827
A58783,El-MOEGA AGAMI,714,77,0.776
A58784,PY/Omega Agami Branch 2,723,95,0.974
A58785,Ph/omega agami Branch 1,723,95,0.642
A58786,El-Omega Agami Main Road,731,74,0.831
A58787,Ph/OMEGA AGAMI 011,731,74,0.625
A58788,PY/OMEGA GAMI (2)162,750,84,0.818
A58789,Omega Agami 04,753,78,0.783
A58790,PH mOega Agami Main Road,753,78,0.632
A58791,PY/ANGEL NOZHA 04,700,80,0.828
A58792,Ph/ANGEL NOZHA,735,78,0.989
A58793,angel nozha 6th Zone,736,83,0.753
A58794,El-ANGEL NOZHA (2),744,85,0.925
A58795,PY/Agnel Nozha Mall,744,85,0.651
A58796,Angel Nozha 04,745,87,0.964
A58797,Ph/UNION PHARM ZAYED,701,84,0.991
A58798,El-UNION PHARM ZAYED Main Road,701,84,0.9
A58799,EL union pharm zayed Branch 2,709,71,0.863
A58800,Union Phrm Zayed Branch 1,727,81,0.655
A58801,Ph/union pharm zayed-A,745,88,0.691
A58802,Better Life Nozha Main Road,723,96,0.947
A58803,PH Better Life Nozha 011,725,78,0.69
A58804,PH Better Life Nozha 6th Zone,725,78,0.959
A58805,El-BETTER LIFE NOZHA120,730,94,0.839
A58806,Better Life Nozha br.2,738,81,0.732
A58807,Better Life Nozha,745,89,0.708
A58808,El-Better Life Nozha Main Road276,758,86,0.793
A58809,PY/Betterr Life Nozha,762,97,0.673
A58810,EL better life nozha Main Road,762,97,0.69
A58811,Mira,712,81,0.723
A58812,Ph/Mira-A,717,84,0.701
A58813,El-Mira Branch 1876,717,84,0.743
A58814,PH Mira 11,719,87,0.877
A58815,PH mira-A754,719,87,0.638
A58816,PH Mira 6th Zone221,730,95,0.723
A58817,miraMall332,734,79,0.709
A58818,El-Mira758,734,79,0.753
A58819,Ph/Mira,737,92,0.898
A58820,Mira 6th Zone,737,92,0.72
A58821,el Miar-A,759,85,0.978
A58822,MIRA br.2,761,83,0.993
A58823,PY/El Zahraa Agouza Branch 2,714,78,0.65
A58824,EL ZAHRAA AGOUZA 011,723,97,0.853
A58825,el EL ZAHRAA AGOUZA 04,723,97,0.99
A58826,Ph/El Zahraa Agouza-A,730,96,0.898
A58827,PY/El Zahraa Agouza Station St.,737,93,0.986
A58828,Ph/El Zahraa Agouza,737,93,0.622
A58829,El Zahraa Agouza Main Road,748,100,0.826
A58830,health gate zayed 04,714,79,0.996
A58831,Health Gate Zayed,728,88,0.793
A58832,el health gat zayed 011,728,88,0.661
A58833,PH Health Gate ayed br.2,750,85,0.815
A58834,EL health gate zayed Station St.,762,98,0.652
A58835,EL HEALTH GATE ZAYED,766,97,0.854
A58836,PY/HEALTH GATE ZAYED 6th Zone,766,97,0.626
A58837,PH blue wave Main Road18,704,89,0.939
A58838,PY/blue wave Station St.,720,74,0.923
A58839,PY/Blue Wave,721,93,0.739
A58840,EL Blue Wave 011906,721,93,0.831
A58841,Ph/BLUE WAVE Mall,729,76,0.657
A58842,El-Blue Wave Mall,757,80,0.742
A58843,Ph/blue wave Barnch 2,757,80,0.984
A58844,pharma plus agouza 04,702,77,0.695
A58845,el pharma plus agouza-A,741,89,0.884
A58846,Pharam Plus Agouza br.2,741,89,0.925
A58847,Ph/pharma plus agouza Branch 1,746,83,0.724
A58848,El-Pharma Plus Agouza,746,83,0.899
A58849,el Pharma Plus Agouza Station St.362,749,67,0.667
A58850,PY/Pharma Plus Agouza (2),749,67,0.779
A58851,el pharma plus agouza,757,81,0.996
A58852,PH Pharma Plus Agouza 011213,759,86,0.816
A58853,PHARMA PLUS AGOUZA br.2,759,86,0.768
A58854,HealthG ate Agouza br.2,710,98,0.952
A58855,el health gate agouza Mall,715,82,0.793
A58856,el Health Gate Agouza Branch 2955,723,98,0.963
A58857,Health Gate Agouz Branch 2,745,90,0.939
A58858,Health Gate Agouza-A86,746,84,0.715
A58859,PH HEALTH GATE AGOUZA 04361,750,86,0.913
A58860,HEALTH GATE AGOUZA Branch 2,751,73,0.908
A58861,HEALTH GATE AGOUZA (2),751,73,0.719
A58862,El-HEALTH GATE AGOUZA Station St.,759,87,0.69
A58863,EL Elite Agami br.2,704,90,0.729
A58864,EL elite agami Branch 2,704,90,0.66
A58865,ELITE AGAMI 011,737,94,0.772
A58866,ELITE AGAMI Branch 2736,737,94,0.935
A58867,PH elite agami-A,758,87,0.889
A58868,PY/EBN SIINA AGOUZA Branch 2,731,75,0.701
A58869,Ph/Ebn Sina Agouza 04,736,84,0.817
A58870,El-Ebn Sina Agouza br.2976,736,84,0.829
A58871,Ebn Sina Agouza,738,82,0.926
A58872,EL Eb nSina Agouza (2)309,748,101,0.723
A58873,Ph/Ebn Sina Agouza Main Road,767,76,0.77
A58874,Ebn Sina Agouza 6th Zone,767,76,0.757
A58875,el zahraa,701,85,0.911
A58876,EL EL ZAHRAA Branch 2,714,80,0.773
A58877,Ph/El Zahraa (2),746,85,0.821
A58878,el El Zahraa159,746,85,0.668
A58879,PY/EL ZAHRAA,757,82,0.806
A58880,Ph/el zahraa Station St.,757,82,0.792
A58881,Ph/EL ZAHRAA Mall573,759,88,0.904
A58882,El Zahraa 011309,759,88,0.701
A58883,El Zahraa 04,768,88,0.792
A58884,El Zahraa,768,88,0.646
A58885,EL el zahraa 6th Zone,769,77,0.687
A58886,el zahhraa Branch 1551,769,77,0.687
A58887,dr medhat (2),706,67,0.835
A58888,PH Dr Medhat (2),706,67,0.698
A58889,PY/Dr Medhat Main Road,718,88,0.944
A58890,el Dr Medhat Main Road,718,88,0.697
A58891,dr mdehat Station St.,739,85,0.959
A58892,Dr Medhat Mall,739,85,0.81
A58893,PH Dr Medhat Main Road,762,99,0.658
A58894,Ell-Dr Medhat,762,99,0.725
A58895,El-Elite Dokki Main Road,701,86,0.815
A58896,Elite Dokki Station St.,702,78,0.772
A58897,PY/ELITE DOKKI (2),711,85,0.685
A58898,Ph/Elite Dokki 011,718,89,0.92
A58899,Elite Dokki Station St.,718,89,0.979
A58900,PY/ELITE DOKKI (2),735,79,0.804
A58901,el Elite Dokki Mall,735,79,0.834
A58902,Elite Dokki Main Road303,755,94,0.79
A58903,Ph/BETTER LIFE AGAMI,705,85,0.889
A58904,PY/Better Life Agami Branch 1,719,88,0.778
A58905,PY/better life agami Branch 2,719,88,0.896
A58906,El-Better Life Agami,729,77,0.996
A58907,EL FAMILY FAISAL 04,700,81,0.674
A58908,FAMILYF AISAL (2)17,700,81,0.733
A58909,Family Faisal,707,77,0.984
A58910,PH family faisal Main Road,707,77,0.671
A58911,Family Faisal Main Road,715,83,0.806
A58912,el Family Faisal Branch 2,715,83,0.935
A58913,el family faisal 011,722,99,0.785
A58914,Ph/family faisal Branch 1826,722,99,0.708
A58915,El-family faisal,749,68,0.67
A58916,El-family faisal 04,749,68,0.797
A58917,PY/family faisal BBranch 1,758,88,0.822
A58918,Ph/family faisal (2),769,78,0.841
A58919,HOEP 04,700,82,0.692
A58920,PY/Hope 011,700,82,0.673
A58921,Hope 011,703,80,0.813
A58922,el Hope Branch 2,743,81,0.862
A58923,EL Hope 6th Zone,750,87,0.865
A58924,Hope (2),751,74,0.837
A58925,PH Hope586,758,89,0.799
A58926,EL HOPE (2)616,758,89,0.671
A58927,PY/hope,760,79,0.641
A58928,PY/hope (2),760,79,0.984
A58929,hope 6th Zone,770,92,0.888
A58930,Sunrise Montaza br.2,748,102,0.697
A58931,PY/SUNRIES MONTAZA-A,754,88,0.623
A58932,EL Sunrise Montaza,759,89,0.785
A58933,Sunrise Montaza Station St.,761,84,0.818
A58934,El-sunrise montaza-A,761,84,0.827
A58935,PY/SUNRISE MONTAZA-A,770,93,0.789
A58936,OMEGA Station St.99,724,78,0.934
A58937,El-Oega Station St.,724,78,0.671
A58938,Omega Branch 1,735,80,0.84
A58939,PYY/omega,735,80,0.929
A58940,PY/OMEGA Station St.,736,85,0.677
A58941,PH Omega Main Road,736,85,0.621
A58942,El-Omega 04,739,86,0.905
A58943,Omega Mall,739,86,0.808
A58944,ELOMEGA br.2,742,80,0.646
A58945,el OMEGA 011973,742,80,0.739
A58946,el OMEGA (2),765,69,0.668
A58947,PH Omega92,765,69,0.94
A58948,Omega Branch 2,769,79,0.904
A58949,Ph/Al Amal Faisal,714,81,0.937
A58950,Ph/al amal faisal-A,714,81,0.725
A58951,el al amal faisal br.2,719,89,0.933
A58952,El-Al Amal Faisal,719,89,0.821
A58953,PY/Al Amall Faisal-A,738,83,0.896
A58954,PH Al Amal Faisal,738,83,0.743
A58955,al amal faisal,743,82,0.911
A58956,El-Al Amal Faisal bbr.263,743,82,0.693
A58957,PH Al Amal Faisal-A,761,85,0.781
A58958,ebn sina agouza Branch 2,707,78,0.91
A58959,El-Ebn Sina Agouza-A,707,78,0.771
A58960,Ph/Ebn Sina Agouza Main Road,730,97,0.884
A58961,El-EBN SINA AOGUZA,730,97,0.727
A58962,Ph/Ebn Sina Agouza Branch 1,736,86,0.993
A58963,EL EBN SINA AGOUZA Main Road,751,75,0.679
A58964,PY/EbnS ina Agouza Mall,762,100,0.681
A58965,EL Green Leaf Agouza 6th Zone,724,79,0.704
A58966,PY/GREEN LEAF AGOUA 04,724,79,0.663
A58967,Green Leaf Agouza 011,725,79,0.987
A58968,Green Leaf Agouza Branch 1,725,79,0.842
A58969,El-Green Leaf Agouza Mall,737,95,0.922
A58970,PH Green Leaf Agouza Main Road,749,69,0.971
A58971,El-Green Leaf Agouza Main Road,749,69,0.68
A58972,PY/salamtek agouza (2),704,91,0.634
A58973,El-SALAMTEK AGOUZA,715,84,0.915
A58974,salamtek agouza-A,716,83,0.789
A58975,EL SALAMTEK AGOUZA,716,83,0.855
A58976,salamtek agouza Branch 2,730,98,0.911
A58977,PH SALAMTEK AGOUZA137,730,98,0.696
A58978,El Shifa Helwan-A976,706,68,0.877
A58979,El-El Shifa Helwan 6th Zone,708,85,0.622
A58980,El Shifa Helwan br.2,708,85,0.686
A58981,el El Shifa Helwan br.2663,721,94,0.628
A58982,PH el shifa ehlwan-A844,721,94,0.801
A58983,PH El Shifa Helwan 6th Zone,769,80,0.791
A58984,PH el shifa helwan,769,80,0.987
A58985,El-metro obour 6th Zone,727,82,0.698
A58986,PY/mettro obour br.2,727,82,0.962
A58987,Metro Obour,753,79,0.681
A58988,EL Metro Obour Branch 2,766,98,0.971
A58989,metro obour 011,766,98,0.644
A58990,Ph/Metroo Obour 6th Zone,767,77,0.731
A58991,PH Metro Obour br.2807,767,77,0.623
A58992,El-Nile Care Agouza Branch 1,703,81,0.853
A58993,NILE CARE AGOUZA 011,703,81,0.872
A58994,el Nile Care Agouza Branch 2,713,64,0.984
A58995,nile care agouza,713,64,0.783
A58996,Nile Care Agouza,756,87,0.914
A58997,green leaf 04,707,79,0.897
A58998,el Green Leaf (2),707,79,0.93
A58999,Green Leaf,717,85,0.859
A59000,PH green leaf Station St.,717,85,0.943
A59001,El-Green Leaf,742,81,0.981
A59002,Green Leaf Station St.,742,81,0.94
A59003,PH green leaf 04,713,65,0.918
A59004,EL Green Leaf Mall,719,90,0.718
A59005,EL GREEN LEAF 11,736,87,0.959
A59006,PH gree nleaf 011,742,82,0.757
A59007,EL STAR CARE AGOUZA Branch 1,700,83,0.843
A59008,Ph/star care agouza (2),700,83,0.983
A59009,el Star Care Agouza,712,82,0.888
A59010,ell Star Care Agouza Branch 2,712,82,0.717
A59011,Ph/Star Care Agouza Station St.,716,84,0.897
A59012,Ph/star care agouza br.2,716,84,0.764
A59013,El-Star Care Agouza Branch 1,730,99,0.648
A59014,PY/Sar Care Agouza Branch 2,736,88,0.932
A59015,STAR CARE AGOUZA854,736,88,0.99
A59016,El-star care agouza,757,83,0.709
A59017,El-Star Care Agouza Main Road,761,86,0.669
A59018,PH Star Caer Agouza Station St.221,766,99,0.968
A59019,PY/Star Care Agouza Main Road,766,99,0.667
A59020,EL reen Leaf-A,716,85,0.998
A59021,Ph/Green Leaf Branch 1,718,90,0.926
A59022,El-GREEN LEAF br.2,718,90,0.819
A59023,Green Leaf 6th Zone,725,80,0.971
A59024,Ph/green leaf Mall,725,80,0.668
A59025,PH green leaf 6th Zone,766,100,0.936
A59026,Green Leaf,767,78,0.699
A59027,PH Silver Care Dokki,714,82,0.855
A59028,silver care dokki Main Road,716,86,0.802
A59029,silver care dokki br.2,720,75,0.761
A59030,Silver Care Dokki Branch 2,723,99,0.774
A59031,Silver Care Dokki Branch 2,724,80,0.66
A59032,PH Silver Care Dokki 04,724,80,0.781
A59033,SILVER CARE DOKKI (2),733,86,0.933
A59034,silver care dokki,733,86,0.732
A59035,el SILVER CARE DOKKI,746,86,0.892
A59036,PY/green leaf maadi,701,87,0.856
A59037,Ph/Green Leaf Maadi 6th Zone,701,87,0.957
A59038,PY/GREEN LEAF MAADI Main Road,702,79,0.811
A59039,PH GREEN LEAF MAAADI Mall,706,69,0.826
A59040,GREEN LEAF MAADI,722,100,0.927
A59041,Green Leaf Maadi Station St.,750,88,0.932
A59042,Green Leaf Maadi,752,80,0.656
A59043,PH Green Leaf Maadi Branch 1,758,90,0.668
A59044,PH GREEN LEAFM AADI (2)252,758,90,0.765
A59045,el MEETRO,714,83,0.647
A59046,El-Meetro800,745,91,0.768
A59047,EL metro,745,91,0.785
A59048,METRO Main Road,748,103,0.913
A59049,EL CITY CARE REHAB VIEW,706,70,0.971
A59050,PH city care rehab iew 0496,706,70,0.643
A59051,el CITY CARE REHAB VIEW (2),709,72,0.946
A59052,City Care Rehab View 011,709,72,0.702
A59053,PH iCty Care Rehab View Station St.,716,87,0.682
A59054,EL City Care Rehab View Main Road,716,87,0.714
A59055,El-CITY CARE REHAB VIEW Station St.,737,96,0.882
A59056,el City Care Rehab View Branch 2,750,89,0.843
A59057,PH city care reehab view br.2,750,89,0.721
A59058,EL City Care Rehab View 04,753,80,0.905
A59059,PH City Care Rehab View,753,80,0.732
A59060,EL city care rehab view 6thZ one,754,89,0.683
A59061,EL city care rehab view 04,754,89,0.677
A59062,PH CITY CARE REHAB VIEW Mall,760,80,0.631
A59063,ALPHA PHARMA REHAB VIEW Main Road,702,80,0.9
A59064,Alpha Pharma Rehab View br.2,720,76,0.725
A59065,PH ALPHA PHARMA REHAB VIEW (2),723,100,0.94
A59066,PY/alpha pharma rehab view Mall91,763,85,0.654
A59067,silver care mrg 6th Zone,702,81,0.816
A59068,PH Slver Care Marg 011,702,81,0.621
A59069,Silver Care Marg Branch 2729,718,91,0.736
A59070,Silver Care Marg Branch 1648,743,83,0.811
A59071,silver care marg Main Road,743,83,0.781
A59072,el Al Amalb r.2,726,94,0.968
A59073,Al Amal,763,86,0.647
A59074,El-Al Amal 6th Zone391,764,92,0.951
A59075,al amal Branch 1,764,92,0.858
A59076,Pharma Plus Dokki,703,82,0.978
A59077,El-Pharma Plu Dokki,740,76,0.833
A59078,PHARMA PLUS DOKKI Station St.,753,81,0.718
A59079,el GOLDEN CARE IMBABA Mall,705,86,0.778
A59080,el Golden Care Imbaba,705,86,0.793
A59081,golden care imbaba Branch 1,725,81,0.702
A59082,El-GOLDEN CARE IMBABA (2),725,81,0.919
A59083,EL Golden Care Imbaba 011,726,95,0.865
A59084,Ph/golden care imbaba Station St.,726,95,0.728
A59085,El-Golden Care Imbaba736,729,78,0.929
A59086,El-golden care imbaba 04,729,78,0.929
A59087,EL Golden Care Imbaba Main Road65,730,100,0.756
A59088,PY/GOLDEN CARE IMBABA 6th Zone,730,100,0.944
A59089,Golden Care Imbaba,739,87,0.96
A59090,EL HOKAMA ARD Main Road,700,84,0.663
A59091,el el hokama ard 6th Zone,700,84,0.695
A59092,el El Hokama Ard441,702,82,0.733
A59093,el hokama ard (2),739,88,0.888
A59094,Nile Care Ard Main Road,700,85,0.697
A59095,EL nile care ard Station St.,709,73,0.926
A59096,el NILE CARE ARD Mall,712,83,0.65
A59097,el Nile Care Ard,718,92,0.828
A59098,PH Nile Care Ardd Mall,744,86,0.76
A59099,Nile Care Ard (2)848,744,86,0.77
A59100,PH NILE CARE ARD 011,747,83,0.764
A59101,Nile Care Ard 6th Zone,761,87,0.952
A59102,EL Nile Care Ard,761,87,0.704
A59103,al nozha-A,735,81,0.914
A59104,PH AL NOZHA Mall83,735,81,0.671
A59105,Ph/al nozha Branch 1,743,84,0.653
A59106,Al Nozha br.2,746,87,0.626
A59107,PH Al Nozha,752,81,0.695
A59108,PY/al nozha (2)704,761,88,0.974
A59109,El-SEHA FIRST,706,71,0.746
A59110,Seha First,723,101,0.914
A59111,Seha First880,723,101,0.824
A59112,Seha First Main Road,766,101,0.844
A59113,EL seha first,766,101,0.806
A59114,EL STAR CARE (2)351,705,87,0.738
A59115,Ph/star care br.2,705,87,0.864
A59116,PH Star Care,710,99,0.754
A59117,Ph/STAAR CARE,729,79,0.926
A59118,PH Star Care 011,729,79,0.764
A59119,Ph/STAR CARE,734,80,0.684
A59120,EL star care Branch 2,734,80,0.92
A59121,EL STAR CARE br.2,737,97,0.981
A59122,star care (2)309,769,81,0.905
A59123,Ph/Better Life Imbaba 011,720,77,0.84
A59124,Better Life Imbaba Mall242,722,101,0.782
A59125,PY/BETTER LIFE IMBABA-A,725,82,0.779
A59126,El-better life imbaba,725,82,0.695
A59127,EL Better Life Imbaba Station St.,729,80,0.7
A59128,PY/better life imbaba Station St.,729,80,0.771
A59129,El-Better Life Imbaba Station St.,737,98,0.704
A59130,Better Life Imbaba Station St.,744,87,0.93
A59131,Better Life Imbaba (2),744,87,0.645
A59132,EL Better Life Imbaba-A,758,91,0.82
A59133,PH Beetter Life Imbaba,760,81,0.642
A59134,PH METRO RAD 04,702,83,0.703
A59135,METRO ARD 6th Zone,702,83,0.678
A59136,PY/Metro Ard Main Road,718,93,0.621
A59137,EL Metro Ard-A,718,93,0.822
A59138,Metro Ard Brnch 2,733,87,0.948
A59139,METRO ARD Branch 2,733,87,0.819
A59140,Metro Ard 011,734,81,0.856
A59141,PY/Metro Ard Branch 2,748,104,0.826
A59142,El-Metr Ard br.2,765,70,0.653
A59143,El Zahraa Ard 011,701,88,0.78
A59144,EL ZAHRAA ARD Branch 2,723,102,0.873
A59145,el EL ZAHRAA ARD 6th Zone,760,82,0.965
A59146,PH El Zahraa Ard,760,82,0.711
A59147,PY/Nile Care,742,83,0.75
A59148,Ph/Nile Care-A,742,83,0.734
A59149,el nil care (2),754,90,0.916
A59150,Nile Care 011685,754,90,0.94
A59151,Nile Care 04,756,88,0.803
A59152,EL Nile Care,756,88,0.845
A59153,nile care,770,94,0.778
A59154,Ph/El Nasr Ard (2),721,95,0.954
A59155,PY/EL NASR ARD,721,95,0.796
A59156,PH El Nasr rAd 04,723,103,0.761
A59157,EL NASR ARD,723,103,0.945
A59158,EL EL NASR ARD 04,758,92,0.838
A59159,el STAR CARE ARD (2),703,83,0.768
A59160,Stra Care Ard Main Road,708,86,0.85
A59161,STAR CARE ARD 04,708,86,0.689
A59162,El-Star Care Ard 04,712,84,0.67
A59163,el Star Care Ard Station St.981,730,101,0.826
A59164,Ph/Star Care Ard,730,101,0.94
A59165,EL Star Care Ard 011,758,93,0.871
A59166,Ph/better life square-A,704,92,0.929
A59167,Better Life Square 04697,738,84,0.968
A59168,EL Better Life Square,738,84,0.818
A59169,EL BETTER LIFE SQUARE919,745,92,0.885
A59170,Better Life Square 6th Zone518,757,84,0.853
A59171,PY/Better Life Square-A183,757,84,0.632
A59172,metro ard576,700,86,0.994
A59173,el metro ard Branch 1,700,86,0.75
A59174,Metro Ard 04834,705,88,0.732
A59175,el Metro Ard,705,88,0.855
A59176,PY/Metro Ard Branch 1,713,66,0.872
A59177,Metro Ard 011,713,66,0.769
A59178,el Metro Ard 04,731,76,0.683
A59179,PY/METRO ARDS tation St.405,738,85,0.623
A59180,PH Metro Ard 6th Zone,754,91,0.746
A59181,metro ard (2),755,95,0.809
A59182,METRO ARD Branch 2269,755,95,0.807
A59183,El-METRO ARD br.2669,761,89,0.819
A59184,EL Alpha Pharma Station St.,703,84,0.673
A59185,PY/Alpha Pharma br.2638,751,76,0.848
A59186,el Alpha Pharma (2),751,76,0.671
A59187,el Alpha Pharma Main Road,761,90,0.702
A59188,El-SUNRISE ARD 04,705,89,0.755
A59189,el Sunrise Ard Station St.,705,89,0.775
A59190,PY/SUNRISEE ARD Branch 2,709,74,0.859
A59191,el Sunrise Ard Mall894,714,84,0.669
A59192,PH Sunrise Ard 04536,718,94,0.741
A59193,el SUNRISE ARD (2),718,94,0.704
A59194,PH SunriseA rd br.2,730,102,0.801
A59195,el Sunrise Ard Station St.,731,77,0.662
A59196,el Sunrise Ard,753,82,0.866
A59197,Ph/sunrise-A,704,93,0.777
A59198,sunrise Branch 2,704,93,0.758
A59199,sunrise,707,80,0.903
A59200,PY/Sunrise 011,709,75,0.995
A59201,el Sunrise Branch 1,709,75,0.748
A59202,PH Sunrise-A,736,89,0.936
A59203,el Sunrisee br.2,736,89,0.978
A59204,Ph/Sunrise 6th Zone,768,89,0.849
A59205,El-Sunrise Main Road265,769,82,0.656
A59206,El-Sunrise 6t Zone,769,82,0.756
A59207,PY/AL NOZHA Station St.,708,87,0.895
A59208,PY/AL NOZHA,715,85,0.681
A59209,el al nozha 04,735,82,0.894
A59210,PH al nozha 6th Zone,735,82,0.799
A59211,Al Nozha Branch 1448,747,84,0.771
A59212,al nzoha-A979,747,84,0.813
A59213,Ph/AL AMAL ARD Branch 2,704,94,0.663
A59214,Al Amal Ard br.2,704,94,0.658
A59215,EL al amal ard269,705,90,0.623
A59216,PH al amal ard Main Road,714,85,0.895
A59217,Al Amal Ard-A,717,86,0.658
A59218,AL AMAL AR-A,719,91,0.836
A59219,PY/Al Amal Ard Main Road,753,83,0.99
A59220,PY/AL AMAL ARD (2),759,90,0.843
A59221,Al Amal Ard br.2,759,90,0.804
A59222,El-Health Gate Ard Mall,705,91,0.731
A59223,PY/HEALTH GATE ARD (2),705,91,0.836
A59224,health gate ard br.251,733,88,0.884
A59225,PY/Health Gate Ard 6th Zone417,752,82,0.735
A59226,El Faraby Zayed 04,731,78,0.959
A59227,Ph/el faraby zayed,738,86,0.846
A59228,El Faraby Zayed-A,760,83,0.949
A59229,EL FARABY ZAYED Station St.,760,83,0.637
A59230,el alpha pharma 6th Zone,739,89,0.91
A59231,el ALPHA HPARMA-A,739,89,0.826
A59232,el Alpha Parma 04,753,84,0.719
A59233,EL alpha pharma 6th Zone,753,84,0.795
A59234,PY/alpha pharma Mall,762,101,0.936
A59235,EL ALPHA PPHARMA Station St.385,762,101,0.96
A59236,Ph/Alpha Pharma Branch 1240,770,95,0.686
A59237,PH El Shifa Ard-A,713,67,0.753
A59238,PY//El Shifa Ard br.2,723,104,0.634
A59239,El-el shifa ard Braanch 1,726,96,0.984
A59240,el EL SHIFA ARD (2),736,90,0.974
A59241,El Shifa Ard,763,87,0.863
A59242,El-El Shifa Ard222,763,87,0.755
A59243,El Hokam aArd 011,700,87,0.922
A59244,El Hkoama Ard-A,700,87,0.758
A59245,El-EL HOKAMA ARD400,722,102,0.875
A59246,el El Hokama Ard-A,728,89,0.869
A59247,El-el hokama ard Main Road,739,90,0.834
A59248,El-el hokama ard-A,739,90,0.622
A59249,el El Hokama Ard Main Road,746,88,0.94
A59250,el El Hokama Ard (2)109,746,88,0.634
A59251,PH el hokamaa ard,749,70,0.898
A59252,El-El Hokama Ard Branch 2568,750,90,0.994
A59253,el hokama ard-A992,750,90,0.892
A59254,PH Union Pharm Shubra br.2418,712,85,0.832
A59255,UNION PHARM SHUBRA Main Road,712,85,0.707
A59256,UNION PHARM SHUBRA,717,87,0.898
A59257,union pharms hubra 04,717,87,0.699
A59258,El-Union Pharm Shubra,740,77,0.96
A59259,EL Union Pharm Shubra 6th Zone,740,77,0.644
A59260,Ph/union pharm shubra,741,90,0.952
A59261,Union Pharm Shubra 011,741,90,0.684
A59262,PY/UNION PHARM SUHBRA (2),742,84,0.967
A59263,PH UNION PHARM SHUBRA,746,89,0.629
A59264,Unnion Pharm Shubra Branch 1,746,89,0.693
A59265,UNION PHARM SHUBRA,752,83,0.79
A59266,El-Pharma Plus Ard Branch 149,704,95,0.969
A59267,ELp harma plus ard Branch 2781,723,105,0.663
A59268,PY/Pharma Plus Ard Main Road,723,105,0.672
A59269,EL Pharma Plus Ard-A,724,81,0.692
A59270,el PHARMA PLUS ARD Station St.,737,99,0.707
A59271,Ph/pharma plu sard,737,99,0.826
A59272,el Pharma Plus Ard Branch 2899,743,85,0.931
A59273,Ph/pharma plus ard Mall,743,85,0.863
A59274,pharma plus ard Mall,748,105,0.779
A59275,El-Pharma Plus Ard Main Road194,748,105,0.959
A59276,Ph/pharma plus ard (2),759,91,0.662
A59277,Pharma Plus Ard,759,91,0.919
A59278,PY/STAR CARE ARD-A,707,81,0.787
A59279,PH STAR CARE ARD Station St.,713,68,0.736
A59280,El-Star Care Ard 04,713,68,0.85
A59281,EL Star Care Ard (2),716,88,0.622
A59282,PH Star Care Ard-A,716,88,0.645
A59283,el Star Care Ard Branch 2,723,106,0.943
A59284,Star Care Ard Branch 2,723,106,0.985
A59285,Ph/Star Care Ard,728,90,0.846
A59286,el star careard-A,728,90,0.861
A59287,El-Star Care Ard,756,89,0.867
A59288,Star Care Ard Mall,756,89,0.685
A59289,EL star care ard,757,85,0.925
A59290,STAR CARE ARD-A,757,85,0.937
A59291,Ph/Star Care Ard 011,760,84,0.973
A59292,El-Star Care Ard Station St.690,760,84,0.821
A59293,EL el baraka obour 011,721,96,0.876
A59294,el baraka obour Mall,722,103,0.901
A59295,Ph/el baraka obour,722,103,0.728
A59296,el baraka obour 6th Zone,725,83,0.933
A59297,el El Baraka Oboour br.2,725,83,0.753
A59298,Ph/El Barkaa Obour Branch 2,738,87,0.796
A59299,EL el baraka obour Main Road,764,93,0.949
A59300,El-el baraka obour Branch 1,765,71,0.928
A59301,El Baraka Obour Mall,765,71,0.897
A59302,el baraka obour br.2,767,79,0.907
A59303,El-dr medhat nozha-A,749,71,0.744
A59304,Dr Medhat Nozha 011,757,86,0.708
A59305,PY/dr medhat nozha-A,757,86,0.763
A59306,PY/Dr Medhat Nozha Mall611,758,94,0.876
A59307,Dr Medhat Nozha 6th Zone,763,88,0.995
A59308,DR MEDHAT NOZHA-A,764,94,0.94
A59309,el el zahraa obour,704,96,0.805
A59310,elEL ZAHRAA OBOUR,704,96,0.873
A59311,EL ZAHRAA OBOUR 6th Zone253,716,89,0.816
A59312,El Zahraa Obour,729,81,0.867
A59313,El Zahraa Obour,729,81,0.638
A59314,El Zahraa Obour 6th Zone,731,79,0.63
A59315,PH EL ZAHRAA OBOUR319,738,88,0.953
A59316,EL EL ZAHRAA OBOUR Branch 1,768,90,0.704
A59317,EL El Zahraa Obour br.2,768,90,0.923
A59318,El-EL ZAHRAA OBOUR 04438,770,96,0.724
A59319,el ALPHA PHAARMA BANHA,702,84,0.665
A59320,El-Alpha Pharma Banha Main Road,714,86,0.939
A59321,Ph/alpha pharma banha br.2,714,86,0.689
A59322,Ph/alpha pharma banha,744,88,0.628
A59323,ALPHA PHARMA BNHA Branch 1,758,95,0.686
A59324,el GREEN LEAF HELWAN,714,87,0.918
A59325,GREEN LEAF HELWAN Station St.521,714,87,0.963
A59326,PY/GREEN LEAF HELWWAN 04,716,90,0.641
A59327,Green Leaf Helwan Station St.,716,90,0.951
A59328,el Green Leaf Helwan 6th Zone,727,83,0.684
A59329,GREEN LEAF HELWAN br.2,727,83,0.78
A59330,Green Leaf Helwan-A,728,91,0.764
A59331,Ph/GREEN LEAF HELWAN br.2,728,91,0.875
A59332,GREEN LEAF HELWAN-A,731,80,0.924
A59333,Ph/green leaf helwan Branch 2,751,77,0.824
A59334,EL Green Leaf Helwan Branch 1,751,77,0.76
A59335,Ph/Green Leaf Helwan 04,770,97,0.905
A59336,El-Green Leaf Helwan (2),770,97,0.835
A59337,PH El Zahraa737,701,89,0.922
A59338,El-el zahraa Station St.,709,76,0.992
A59339,El Zahraa847,720,78,0.643
A59340,Ph/El Zahraa Main Road,722,104,0.804
A59341,el El Zahraa Main Road952,723,107,0.961
A59342,PH El Zahraa Mall,767,80,0.682
A59343,El-El Zahraa br.2,767,80,0.99
A59344,PY/health gate obour Main Road,707,82,0.655
A59345,EL Health Gate Obuor 011,707,82,0.87
A59346,PH Health Gate Obour Branch 1,708,88,0.901
A59347,Ph/HEALTH GATE OBOUR Mall,714,88,0.708
A59348,el health gate obour Mall,714,88,0.953
A59349,PH Haelth Gate Obour 011,720,79,0.84
A59350,el Health Gate Obour 6th Zone,768,91,0.909
A59351,el health gatee obour,769,83,0.787
A59352,PH HEALTH GATE OBOUR407,769,83,0.949
A59353,El Zahraa Boulak 6th Zone,703,85,0.754
A59354,El Zahraa Boulak 011,703,85,0.695
A59355,el El Zahraa Boulak Branch 1,709,77,0.936
A59356,el zahraa boulak 04,709,77,0.979
A59357,PY/El Zahraa Boulak br.2,738,89,0.895
A59358,el EL ZAHRAABOULAK Mall,739,91,0.761
A59359,El Zahraa Boulak (2),739,91,0.774
A59360,P/hel zahraa boulak (2),743,86,0.883
A59361,el EL ZAHRAA BOULAK 04786,743,86,0.645
A59362,El Zahraa Boulak 04,750,91,0.952
A59363,Ph/EL ZAHRAA BOULAK Station St.,753,85,0.744
A59364,El Zahraa Boulak-A,758,96,0.797
A59365,Ph/El Zahraa Boulak-A,758,96,0.767
A59366,angel 04166,708,89,0.868
A59367,EL Angel-A326,708,89,0.942
A59368,ANGEL,711,86,0.697
A59369,El-ANGEL Station St.,711,86,0.983
A59370,ANEGL br.2861,713,69,0.667
A59371,PH Angel Main Road,719,92,0.784
A59372,Angel Mall739,724,82,0.835
A59373,E Angel,726,97,0.704
A59374,EL Angel,726,97,0.637
A59375,el angel br.2,729,82,0.693
A59376,PH Angel,729,82,0.937
A59377,El-angel-A,732,89,0.938
A59378,Mira Boulak Station St.,714,89,0.794
A59379,Mira Boulak Branch 1384,735,83,0.882
A59380,MIRA BOULAK Main Road,735,83,0.84
A59381,EL Miar Boulak 6th Zone72,746,90,0.643
A59382,Mira Boulak 0011511,746,90,0.921
A59383,mira boulak 04,758,97,0.879
A59384,Mira Boulak br.2,758,97,0.951
A59385,el EEbn Sina Boulak 04,701,90,0.628
A59386,EbnSina Boulak Mall,701,90,0.737
A59387,Ph/Ebn Sina Boulak011,715,86,0.813
A59388,Ebn Sina Boulak Branch 1,715,86,0.683
A59389,PH Ebn Sina Boulak Mall,720,80,0.919
A59390,EL Ebn Sina Boulak Branch 2,743,87,0.686
A59391,PY/Ebn Sina Boulak,746,91,0.997
A59392,Ebn Sina Booulak,765,72,0.768
A59393,Ph/Ebn Sina Boulak br.2,765,72,0.708
A59394,Ph/Ebn Sina Boulak Branch 1,770,98,0.738
A59395,Life Line Boulak,707,83,0.888
A59396,EL LIFE LINE BOULAK-A791,750,92,0.874
A59397,el Life Line Boulak,750,92,0.702
A59398,Life Line Boulak644,753,86,0.72
A59399,Sunrise Boulak Branch 1,716,91,0.638
A59400,Sunrise Boulak,728,92,0.751
A59401,Ph/sunriseboulak,743,88,0.979
A59402,PY/Sunrise Boulak 011,743,88,0.835
A59403,NILE CARE DOKKI,716,92,0.808
A59404,el nile care dokki Branch 2,716,92,0.722
A59405,El-Nile Care Dokki Branch 2,717,88,0.775
A59406,EL Nile Care Dokki Branch 1,721,97,0.771
A59407,El-Nile Care Dokki Main Road,734,82,0.715
A59408,El-NILE CARE DOKKI Branch 2,734,82,0.624
A59409,el Nile Care Dokki Branch 2,769,84,0.655
A59410,Union Pharm Boulak Mall,735,84,0.764
A59411,Ph/Union Pharm Boulak 011,735,84,0.695
A59412,UNION PHARM BOULAK br.2,740,78,0.716
A59413,el UNION PHARM BUOLAK,750,93,0.749
A59414,Union Pharm Boulak Branch 2,759,92,0.778
A59415,Union Pharm Boulak317,759,92,0.973
A59416,el Union Pharm Boulak-A,760,85,0.966
A59417,Ph/union pharm boulakM all,760,85,0.884
A59418,PY/Union Pharm Boulak 6th Zone,762,102,0.623
A59419,Union Pharm Boulak (2),762,102,0.74
A59420,Ph/golden care Mall,700,88,0.905
A59421,PY/GOLDEN CARE Station St.,700,88,0.904
A59422,golden care Mall619,703,86,0.83
A59423,EL Golden Care 011415,708,90,0.86
A59424,el GOLDEN CARE Branch 1,748,106,0.761
A59425,El-Golden Care Branch 1795,760,86,0.928
A59426,El-Golden Care Branch 1,760,86,0.848
A59427,Golden Care Branch 1,770,99,0.682
A59428,PH Star Care,709,78,0.637
A59429,EL star care Main Road,715,87,0.711
A59430,PY/Star Care Mall,751,78,0.89
A59431,PY/STAR CARE 04,751,78,0.909
A59432,STAR CARE Branch 2,753,87,0.72
A59433,el STAR CARE Main Road,759,93,0.765
A59434,PH STAR CARE br.2,759,93,0.705
A59435,el Life Line Boulak Mall,760,87,0.926
A59436,PH Life Line Boulak Branch 2,764,95,0.808
A59437,El-Life Line Boulak 011919,764,95,0.835
A59438,Life Line Boulak Branch 2,766,102,0.793
A59439,LIFE LINE BOULAK240,767,81,0.666
A59440,City Care Boulak Main Road,702,85,0.876
A59441,el City Care Boulak Main Road,702,85,0.779
A59442,el City Care Boulak Mall,708,91,0.727
A59443,city care boulak,731,81,0.659
A59444,El-City Care Boulak br.2,731,81,0.671
A59445,El-CITY CARE BOULAK 011,745,93,0.996
A59446,city care boulak Sation St.,747,85,0.738
A59447,EL CITY CARE BOLAK,747,85,0.912
A59448,PH city care boulak,762,103,0.691
A59449,Ph/Union Pharm Agami,739,92,0.793
A59450,EL UNION PAHRM AGAMI Main Road,739,92,0.649
A59451,el Union Pharm Agami743,752,84,0.699
A59452,PY/Union Pharm Agammi 011,766,103,0.659
A59453,SALAMTEK BOULAK653,720,81,0.954
A59454,Salamtek Boulak Station St.,720,81,0.957
A59455,PH SALAMTEK BOULAK,743,89,0.674
A59456,PY/SALAMTEK BOULAK Branch 1,743,89,0.879
A59457,PH Salamtek Boulak 011,757,87,0.626
A59458,salamtek boulak Main Rad,757,87,0.95
A59459,Mira Boulak,702,86,0.944
A59460,mira boulak Branch 2,717,89,0.742
A59461,PY/mira boulak575,722,105,0.722
A59462,EL MiraBoulak 6th Zone,722,105,0.68
A59463,PH MIRA BULAK 04,723,108,0.724
A59464,Mira Boulak586,726,98,0.772
A59465,EL Mia Boulak,726,98,0.827
A59466,mira boulka Branch 1865,746,92,0.923
A59467,PY/Mira BBoulak br.2,746,92,0.994
A59468,mira boulak (2),747,86,0.777
A59469,union pharm br.2,717,90,0.661
A59470,UNION PHARM Mall,717,90,0.647
A59471,Union Pharm 011,727,84,0.883
A59472,Ph/Union Pharm Branch 1,727,84,0.726
A59473,Union Pharm673,748,107,0.826
A59474,el UNION PHARM-A,758,98,0.647
A59475,PH Union Pharm Main Road,758,98,0.933
A59476,Ph/Union Phamr 011374,770,100,0.645
A59477,STAR CARE MAADI,702,87,0.669
A59478,Star Care Maadi 6thZone,710,100,0.917
A59479,Ph/Star Care Maadi-A,710,100,0.714
A59480,PY/Star Care Maadi,716,93,0.959
A59481,Star Care Maadi 011487,729,83,0.906
A59482,EL STAR CARE MAADI Main Road,729,83,0.848
A59483,el Star Care Maadi,735,85,0.978
A59484,Star Care Maadi br.2,759,94,0.849
A59485,Ph/Star Care Maadi 011,764,96,0.773
A59486,star care maadi Station St.,764,96,0.955
A59487,Ph/City Care Nozha Main Road,702,88,0.677
A59488,el City Care Nzoha,728,93,0.787
A59489,el City Care Nozha-A10,728,93,0.905
A59490,City Care Nozha 6th Zone,739,93,0.673
A59491,City Care Nozha Sation St.,750,94,0.893
A59492,PH CITY CARE NOZHA Station St.,753,88,0.81
A59493,PY/city care nzoha-A,766,104,0.872
A59494,EL CITY CARE NOZHA Main Road,766,104,0.915
A59495,El Faraby Boulak,720,82,0.794
A59496,PH El Faraby Boulak Branch 2,724,83,0.867
A59497,El Faraby Boulak Branch 1,727,85,0.655
A59498,el El Faraby Boulak Mall,727,85,0.911
A59499,El-El Faraby Boulak Main Road341,734,83,0.97
A59500,el El Faraby Boulak 04,746,93,0.982
A59501,el el faraby boulak Branch 1,746,93,0.642
A59502,PY/EL FARABY BOULAK Branch 2,753,89,0.67
A59503,EL FARABY BOULAK,753,89,0.801
A59504,EL FARABY BOULAK 6th Zone,767,82,0.642
A59505,El Faraby Boulak (2),767,82,0.897
A59506,PH ellite Branch 1,711,87,0.707
A59507,PY/Elite-A,711,87,0.976
A59508,el ELITE Branch 1,724,84,0.632
A59509,el Elite Branch 2,732,90,0.87
A59510,El-Elite-A,736,91,0.848
A59511,el eilte br.2,736,91,0.725
A59512,PY/Elite,743,90,0.725
A59513,el Elite,743,90,0.793
A59514,El-elite Branch 1,744,89,0.633
A59515,Elite 011,744,89,0.691
A59516,PH ELITE-A,748,108,0.92
A59517,PYElite-A,765,73,0.903
A59518,Golden Cae 6th Zone,706,72,0.985
A59519,el golden care br.2,713,70,0.676
A59520,Golden Care Branch 2,713,70,0.893
A59521,PY/Golden Care Branch 1,722,106,0.883
A59522,Golden Care 101,722,106,0.92
A59523,el GOLDEN CARE br.2410,732,91,0.803
A59524,PH Golden Care Mall,732,91,0.749
A59525,golden care,734,84,0.77
A59526,golden care Main Road,734,84,0.71
A59527,el Golden Cre 04,740,79,0.763
A59528,PH GOLDE CARE,753,90,0.89
A59529,El-Golden Care Mall,753,90,0.858
A59530,EL golden care Station St.,767,83,0.873
A59531,PH Golden Care 04,767,83,0.729
A59532,El-dr medhat imbab Station St.,710,101,0.804
A59533,el Dr Medhat Imbaba 04,710,101,0.666
A59534,PY/Dr Medhat Imbaba Mall,712,86,0.858
A59535,dr medhat imbaba Station St.,715,88,0.903
A59536,El-Dr Medhat Imbaba br.2,715,88,0.747
A59537,Dr Medhat Imbaba br.2,716,94,0.754
A59538,PY/Dr Medhat Imbaba Branch 2,716,94,0.674
A59539,PH drm edhat imbaba br.2,723,109,0.806
A59540,Dr Medhat Imbaba Main Road,723,109,0.637
A59541,Dr Medhat Imbaba 04956,725,84,0.938
A59542,eldr medhat imbaba,725,84,0.662
A59543,EL Dr Medhat Imbaba br.2,741,91,0.647
A59544,EL EL ZAHRAA BOULAK (2),702,89,0.709
A59545,El Zahraa Boulak Statio nSt.,702,89,0.716
A59546,PY/el zahraa boulak 6th Zone,708,92,0.634
A59547,Ph/El Zahraa Boulak (2),709,79,0.916
A59548,PH El Zahraa Boulak938,753,91,0.766
A59549,el el zahraa boulak Branch 1,760,88,0.727
A59550,El-AL AMAL,702,90,0.764
A59551,Ph/la amal Main Road,702,90,0.976
A59552,AL AMAL6 th Zone,710,102,0.727
A59553,el al amal-A,722,107,0.707
A59554,EL ALA MAL (2)112,722,107,0.64
A59555,el Al Aml Station St.,726,99,0.772
A59556,AL AMAL,726,99,0.967
A59557,Al Amal br.2842,754,92,0.624
A59558,AL MAAL,754,92,0.99
A59559,EL Al Amal (2),760,89,0.894
A59560,PY/AL AMAL Branch 2,760,89,0.911
A59561,Al Amal Branch 2,765,74,0.902
A59562,EBN SINA Main Road,702,91,0.693
A59563,EBN SINA 6th Zone,724,85,0.841
A59564,PY/ebn sina Branch 1,740,80,0.903
A59565,Salamtek Haram,700,89,0.955
A59566,EL Salamtek Haram br.2,700,89,0.893
A59567,Ph/salamtek haram 04,709,80,0.989
A59568,PH SALAMTEK HARAM Main Road,709,80,0.621
A59569,SALAMTEK HARAM Branch 1805,726,100,0.79
A59570,salamtek haram 6th Zone,726,100,0.68
A59571,SALAMTEK HARAM Branch 1,741,92,0.864
A59572,Ph/salamtek haram 04,755,96,0.799
A59573,el SALAMTEK HARAM,757,88,0.69
A59574,Salamtek Haram,757,88,0.651
A59575,Salamtek Haram 6th Zone,769,85,0.735
A59576,PY/salamtek haram Main Road,769,85,0.629
A59577,el ALPHA PHARMA ZAYED Branch 1,707,84,0.917
A59578,el Alpha Phrama Zayed br.2,707,84,0.838
A59579,el Alpha Pharma Zayed Station St.,717,91,0.62
A59580,El-alpha pharma zayed Mall,718,95,0.73
A59581,Alpha Pharma Zayeed 6th Zone,718,95,0.887
A59582,EL Alpha Pharma Zayed,722,108,0.623
A59583,El-Alpha Pharma Zayed,723,110,0.651
A59584,Alpha Pharma Zayed Branch 2,723,110,0.712
A59585,PY/alpha pharma zayed 04,736,92,0.818
A59586,Ph/Alpha Pharma Zayed,736,92,0.993
A59587,Ph/Alpha Pharma Zayed 04,749,72,0.633
A59588,PY/ALPHA PHARMA ZAYED (2),751,79,0.809
A59589,EL MISR Branch 2,722,109,0.678
A59590,PHM isr,729,84,0.926
A59591,Misr559,731,82,0.879
A59592,MISR,731,82,0.89
A59593,Misr (2)126,738,90,0.67
A59594,P/YMISR 6th Zone,740,81,0.918
A59595,Misr Mall723,744,90,0.999
A59596,El-Misr-A,744,90,0.802
A59597,MISR Mall,755,97,0.895
A59598,PY/MISR,755,97,0.873
A59599,Sunrise (2),705,92,0.941
A59600,PY/SUNRISE Main Road,705,92,0.646
A59601,sunrise Station St.,711,88,0.683
A59602,SUNIRSE br.2,712,87,0.835
A59603,EL Sunrise aMll,715,89,0.74
A59604,SUNRISEE Branch 2,715,89,0.848
A59605,SUNNRISE,726,101,0.779
A59606,PY/SUNRISE 011,726,101,0.868
A59607,Ph/sunrise Branch 2,733,89,0.676
A59608,el Sunrise Mall,754,93,0.909
A59609,Sunrise Main Road,760,90,0.932
A59610,El-al amal mrag Main Road,701,91,0.772
A59611,el Al Amal Marg 04,701,91,0.624
A59612,PY/Al Amal Marg 04,705,93,0.924
A59613,PH AL AMAL MARG Mall758,705,93,0.744
A59614,al amal marg br.2,724,86,0.801
A59615,El-al amal marg,724,86,0.62
A59616,El-al amal marg 6th Zone,727,86,0.713
A59617,el AL AMAL MARG-A,727,86,0.797
A59618,EL al amal marg 04,733,90,0.685
A59619,AL AMAL MARG Mall,733,90,0.642
A59620,PY/Al Amal Marg 6th Zone,756,90,0.678
A59621,el Al Amal Marg,756,90,0.81
A59622,Ph/AL AMAL MARG Branch 2,757,89,0.697
A59623,El-city care Braanch 1,707,85,0.976
A59624,el City Care 011,707,85,0.817
A59625,CITY CARE423,708,93,0.67
A59626,PY/City Care br.2,709,81,0.807
A59627,City Care Mall,709,81,0.687
A59628,El-City Care Mall,736,93,0.938
A59629,PH CITY CARE 011,736,93,0.913
A59630,PY/City Care-A,749,73,0.913
A59631,al nozha boulak Branch 1,700,90,0.752
A59632,el Al Noozha Boulak,700,90,0.982
A59633,El-Al Nozha Boulak Station St.,723,111,0.932
A59634,el al nnozha boulak,723,111,0.84
A59635,PH Al Nozha Boulak Main Road,759,95,0.701
A59636,Al Nozha Boulak (2),764,97,0.654
A59637,El-El Zahraa-A,710,103,0.885
A59638,elel zahraa 04,725,85,0.735
A59639,El-E Zahraa Mall359,748,109,0.984
A59640,PY/R MEDHAT BOULAK Branch 2,712,88,0.72
A59641,PY/DR MEDHAT BOULAK br.2,716,95,0.735
A59642,Dr Medhat Boulak,716,95,0.87
A59643,el dr medhat boulak-A,754,94,0.756
A59644,Ph/Dr Medhat Boulak Mall,754,94,0.913
A59645,dr medhat boulak,766,105,0.666
A59646,Dr Medhat Boulak 6th Zone,767,84,0.865
A59647,El-Dr Medhat Boulak Mall,767,84,0.807
A59648,Blue Wave Boulak 011,701,92,0.87
A59649,PY/Blue Wave Boulak 2),708,94,0.9
A59650,El-Blue Wave Boulak,708,94,0.851
A59651,BLUE WAAVE BOULAK 6th Zone,712,89,0.854
A59652,El-BLUE WWAVE BOULAK,727,87,0.943
A59653,el Blue Wave Boulak Mall,727,87,0.958
A59654,blue wave boulak Station St.,734,85,0.797
A59655,Ph/blue wave boulak Station St.,766,106,0.846
A59656,Ph/Blue Wave Boulak 04644,766,106,0.896
A59657,PY/Green Leaf Branch 2,701,93,0.893
A59658,EL Green Leaf-A,701,93,0.86
A59659,green leaf br.2919,703,87,0.791
A59660,green leaf-A825,703,87,0.872
A59661,El-Green Leaf-A,710,104,0.912
A59662,el green leaf br.2,758,99,0.764
A59663,el Pharma Plus Dokki 04,702,92,0.904
A59664,El-Pharma Plus Dokki190,702,92,0.897
A59665,Pharma Plus Dokki,708,95,0.981
A59666,PHARMA PLUS DOKKI Mall,708,95,0.836
A59667,el Pharma Plus Dokki Station St.,711,89,0.689
A59668,EL Pharma Plus Dokki Branch 1,724,87,0.995
A59669,EL pharma plus dokki,724,87,0.635
A59670,Ph/PHARMA PLUS DOKKI Mall,735,86,0.768
A59671,pharma plus dokki Mall,735,86,0.845
A59672,Ph/El Shifa Dokki Station St.,703,88,0.987
A59673,EL El Shifa Dokki Branch 1,710,105,0.963
A59674,el shifa ddokki (2),723,112,0.912
A59675,el EL SHIFA DOKKI Branch 1,723,112,0.838
A59676,El Shiifa Dokki,729,85,0.933
A59677,PH El Shifa Dokki Branch 2,729,85,0.72
A59678,PY/star care oct city,729,86,0.813
A59679,El-star cae oct city Branch 1,729,86,0.877
A59680,Star Caer Oct City br.2,743,91,0.868
A59681,PH Star Care Oct City 6th Zone,743,91,0.646
A59682,STAR CARE OCT CITY Main Road,754,95,0.911
A59683,Ph/El Shifa Agami,701,94,0.804
A59684,El-El Shifa Agami 011770,701,94,0.925
A59685,el El Shifa Agami Mall,709,82,0.651
A59686,el shifa agami-A,709,82,0.662
A59687,El Shifa Agami-A54,722,110,0.993
A59688,Ph/El Shifa Agami Mall,730,103,0.982
A59689,PY/el shifa agami-A,736,94,0.915
A59690,PY/EL SHIFA AGAMI,736,94,0.886
A59691,PH El Shifa Agami,739,94,0.996
A59692,EL SHIFA AGAMI Mall,739,94,0.917
A59693,PY/El Shifa Agami br.2,743,92,0.791
A59694,el EL SHIF AGAMI491,743,92,0.823
A59695,el El Shifa Agami-A,759,96,0.743
A59696,el Hope,711,90,0.967
A59697,Hope Main Road,711,90,0.913
A59698,PH hhope (2),712,90,0.968
A59699,EL HOPE Branch 2,712,90,0.813
A59700,EL Hope,715,90,0.961
A59701,PH Hope,715,90,0.9
A59702,PH Hope Branch 1,717,92,0.83
A59703,PY/HOPE 6th Zone,739,95,0.979
A59704,el hope-A,739,95,0.976
A59705,Ph/sunrise faisal (2),712,91,0.715
A59706,El-Sunrise Faisal (2),712,91,0.683
A59707,Sunrise Faisal Branch 1,719,93,0.735
A59708,el Sunrrise Faisal-A,719,93,0.75
A59709,PY/Sunrise Fasial 6th Zone,748,110,0.72
A59710,Sunrise Faisal Station St.,748,110,0.769
A59711,PY/usnrise faisal Main Road365,759,97,0.898
A59712,Ph/Sunrise Faisal (2),759,97,0.714
A59713,El-OMEGA DOKKI 6th Zone,716,96,0.724
A59714,PH omega dokki Station St.,716,96,0.974
A59715,el Omega Dokki 6th Zone,718,96,0.975
A59716,el Omega Dokki Main Road,718,96,0.626
A59717,El-Omega Dokki 011,729,87,0.895
A59718,PY/omega dokki Station St.,729,87,0.805
A59719,EL Omega Dokki br.2,735,87,0.627
A59720,PY/Omega Dokki Branch 1,770,101,0.876
A59721,Ph/Pharma Plus Square 011,707,86,0.995
A59722,El-Pharma Plus Square,707,86,0.677
A59723,Pharma Plus Square 011422,730,104,0.764
A59724,PH PHARMA PLUS SQUAR 011,749,74,0.807
A59725,PH Pharma Plus Square br.2,749,74,0.694
A59726,EL Pharma Plus Square br.2,757,90,0.744
A59727,El-pharma plus square,766,107,0.696
A59728,Ph/pharma plus square Mall,766,107,0.837
A59729,EL SALAMTEK DOKKI 011,702,93,0.707
A59730,salamtek dokki Branch 1362,710,106,0.674
A59731,EL SALAMTEK DOKKI 6th Zone,710,106,0.845
A59732,SALAMTEK DOKKI br.2,722,111,0.931
A59733,SALAMTEK DOKKI Mall,722,111,0.744
A59734,Ph/Salamtek Dokki br.2,725,86,0.658
A59735,Salamtek Dokki 04,739,96,0.816
A59736,Salamtek Dokki-A629,739,96,0.993
A59737,EL salamtek dokki 04,745,94,0.858
A59738,Salamtek Dokki (2),745,94,0.972
A59739,Ph/SALAMTEK DOKKI,754,96,0.892
A59740,PH salamtek dokki,762,104,0.751
A59741,Ph/Salamtek Dokki Branch 1,762,104,0.82
A59742,el FAMILY DOKKI 6th Zone,712,92,0.88
A59743,EL Family Dokki Branch 2,727,88,0.813
A59744,EL Family Dokki Main Road,738,91,0.761
A59745,PY/FAMILY DOKKI 6th Zone,738,91,0.679
A59746,EL Family Dokki Station St.,748,111,0.905
A59747,PY/FAMILY DOKKI (2),757,91,0.801
A59748,Famiy Dokki Main Road395,761,91,0.908
A59749,Family Dokki 011411,761,91,0.723
A59750,EL misr Mall,703,89,0.829
A59751,MISSR 6th Zone,703,89,0.693
A59752,PYY/Misr,712,93,0.693
A59753,Misr 04,721,98,0.802
A59754,EL Misrr Mall,735,88,0.725
A59755,EL misr Branch 1,748,112,0.973
A59756,el MISR 6th Zone,748,112,0.948
A59757,PH misr 04,768,92,0.766
A59758,Misr 6th Zone,768,92,0.811
A59759,Misr Main Road,770,102,0.811
A59760,el OMEGA DOKKI,710,107,0.627
A59761,PY/Omega Dokki Branch 2717,752,85,0.937
A59762,Ph/omega dokki Branch 2,752,85,0.926
A59763,PY/OMEGA DOKKI 011,758,100,0.9
A59764,PY/LIFE LINE DOKKI 011,712,94,0.874
A59765,El-life line dokki br.2,712,94,0.742
A59766,Ph/LIFE LINE DOKKI Station St.,751,80,0.92
A59767,life line doki,751,80,0.996
A59768,life line dokki Station St.,756,91,0.694
A59769,Ph/life line dokki,769,86,0.72
A59770,Ph/Life Line Dokki Brach 1782,769,86,0.68
A59771,EL Omega Nozha Bracnh 2,708,96,0.994
A59772,OMEGA NOZHA Branch 1,708,96,0.954
A59773,El-OMEGA NOZHA Main Road,718,97,0.925
A59774,Omega Nozha,766,108,0.721
A59775,Blue Wave Dokki Main Road,707,87,0.678
A59776,PH Blue Wave Dokki Mall,707,87,0.782
A59777,EL BLUE WAVE DOKKI Branch 1,738,92,0.634
A59778,El-BLUE WAVE DOKKI,738,92,0.718
A59779,PH Blue Wave Dokki 6th Zone923,743,93,0.903
A59780,BLUE WAVE DOKKI 6th Zone,743,93,0.734
A59781,el Blue Wave Dokki 011,745,95,0.658
A59782,EL Blue Wave Dokki br.2,745,95,0.709
A59783,PH BLUE WAVE DOKKI Branch 2,749,75,0.673
A59784,PH Blue Wave Dokki Main Road,759,98,0.783
A59785,el BLUE WAVE DOKKI (2),765,75,0.765
A59786,Blue Wave Dokki-A,765,75,0.704
A59787,PH PHARMA PLUS833,713,71,0.869
A59788,PH Pharma Plus Main Road,733,91,0.723
A59789,EL phrma plus br.2733,733,91,0.819
A59790,PY/PHARMA PLUS Branch 2,761,92,0.877
A59791,el Hope Dokki Main Road,701,95,0.808
A59792,Ph/Hope Dokki (2),701,95,0.827
A59793,PY/HOPE DOKKI Main Road,722,112,0.704
A59794,PH Hope Dokki,734,86,0.868
A59795,El-HOPE DOKKI 04301,734,86,0.961
A59796,EL Hoppe Dokki-A,756,92,0.902
A59797,El-HOPE DOKKI br.2,762,105,0.938
A59798,ALPHA PHARMA br.2457,705,94,0.78
A59799,Alpha Pharma 04,705,94,0.641
A59800,El-Alpha Pharma-A604,724,88,0.887
A59801,El-ALPHA PHARMA,733,92,0.862
A59802,Alpha Pharma 04,733,92,0.981
A59803,El Hokama Faisal,706,73,0.837
A59804,EL HOKAMA FAISAL br.2,706,73,0.689
A59805,PH El Hokama Faisal Main Road,709,83,0.658
A59806,EL HOKAMA FAISAL Main Road,709,83,0.65
A59807,EL HOKAMA FAISAL Mall683,721,99,0.881
A59808,El Hokama Faisal Mall,722,113,0.708
A59809,el El Hokama Faisal Mall,742,85,0.893
A59810,PH El Hokama Faisal807,742,85,0.958
A59811,PY/el hokama faisal,749,76,0.994
A59812,Ph/El Hokama Faisal br.2126,749,76,0.758
A59813,el hokama faisal,755,98,0.828
A59814,El Hokama Faisal Mall,755,98,0.638
A59815,Sunrise 6th Zone,705,95,0.852
A59816,SUNRISE (2),727,89,0.872
A59817,Sunrise Station St.,729,88,0.857
A59818,El-sunrise Station St.,743,94,0.933
A59819,Sunrise-A,743,94,0.808
A59820,PY/sunrise 04,745,96,0.887
A59821,sunrise,758,101,0.896
A59822,PH El Shifa Dokki 6th Zone,725,87,0.848
A59823,el shifadokki Mall871,730,105,0.859
A59824,Ph/EL SHIFA DOKKI Branch 2,730,105,0.808
A59825,Ph/El Shifa Dokki 011,737,100,0.98
A59826,El-EL SHIFA DOKKI 04,765,76,0.849
A59827,PH El Shifa Dokki Mall,765,76,0.75
A59828,Sunrise Station St.101,725,88,0.818
A59829,PH Sunrise Mall182,725,88,0.951
A59830,el Sunrise Branch 1,745,97,0.963
A59831,sunrise515,745,97,0.975
A59832,PH Sunris Branch 212,757,92,0.764
A59833,el city care imbaba,720,83,0.629
A59834,el City Care Imbaba Mall,720,83,0.86
A59835,city care imbaba-A,724,89,0.894
A59836,PH City Care Imbaba,744,91,0.921
A59837,Ph/City Care Imbaba,744,91,0.859
A59838,EL SHIFA,705,96,0.902
A59839,El Shifa Mall,709,84,0.809
A59840,El Shifa 011422,709,84,0.9
A59841,Ph/EL SHIFA Mall,710,108,0.851
A59842,EL E LSHIFA 011,720,84,0.956
A59843,PY/El Shifa Mall943,727,90,0.968
A59844,el shifa Mall,735,89,0.773
A59845,Ph/El Shifa,735,89,0.821
A59846,EL EL SHIFA Branch 1,737,101,0.676
A59847,EL EL SHIFA Station St.,737,101,0.732
A59848,E El Shifa Main Road601,744,92,0.672
A59849,El Shifa Main Road919,744,92,0.624
A59850,nile care maadi Main Road,719,94,0.715
A59851,NILE CARE MAADI (2),758,102,0.702
A59852,Nile Care Maadi 6th Zone,758,102,0.683
A59853,PY/NILE ARE MAADI-A,764,98,0.623
A59854,PY/El Nasr Dokki,711,91,0.757
A59855,el EL NAS DOKKI,711,91,0.946
A59856,PH El Nasr Dokki-A,712,95,0.673
A59857,Ph/EL NASR DOKKI br.2398,720,85,0.92
A59858,el El Nasr Dokki,720,85,0.774
A59859,El Nasr Dokki 6th Zne,735,90,0.725
A59860,el nasr dokki (2),741,93,0.815
A59861,El Nasr Dokki,741,93,0.753
A59862,PY/El Hokama Marg br.2,706,74,0.913
A59863,el hokama marg Station St.862,709,85,0.627
A59864,Ph/El Hokama Marg 011,729,89,0.848
A59865,el hokama marg br.2,742,86,0.644
A59866,PH el hokama marg,750,95,0.629
A59867,HOPE Station St.,736,95,0.857
A59868,Ph/HOPE br.2,753,92,0.884
A59869,Hope,753,92,0.828
A59870,el HOPE Main Road,755,99,0.928
A59871,el Hope (2),755,99,0.68
A59872,el hope (2)51,767,85,0.692
A59873,Ph/Hope (2),767,85,0.701
A59874,ANGEL,715,91,0.81
A59875,Angel Main Road,715,91,0.731
A59876,angel,719,95,0.937
A59877,ANGEL,719,95,0.872
A59878,PY/Angel,745,98,0.774
A59879,ANGEL br.2,757,93,0.929
A59880,El-Angel-A,765,77,0.706
A59881,Ph/angle (2),765,77,0.931
A59882,Al Amal Dokki,718,98,0.788
A59883,El-Al Amal Dokki,718,98,0.696
A59884,Al Amal Dokki Station St.331,741,94,0.886
A59885,Al Amal Dokki Main Road,741,94,0.929
A59886,PH Al Amal Dokki,742,87,0.65
A59887,Al Amal Dokki 6th Zone,742,87,0.947
A59888,PY/al amal dokki Station St.,762,106,0.995
A59889,AL AMAL DOKKI-A,769,87,0.76
A59890,PH Pharma Plus Dokki 04,720,86,0.883
A59891,Ph/pharma plus dokki Station St.,727,91,0.758
A59892,Ph/PHARMA PLUS DOKKI (2),727,91,0.716
A59893,PH Pharma Plus Dokki Station St.,762,107,0.768
A59894,El-pharma plus dokki 04,762,107,0.807
A59895,EL El Hokama Dokki-A,708,97,0.936
A59896,el EL HOKAMA DOKKI Main Road,708,97,0.957
A59897,Ph/El Hokama Dokki,730,106,0.8
A59898,EL HOKAMA DOKKI Station St.,730,106,0.962
A59899,EL HOKAMA DOKKI Branch 1,744,93,0.944
A59900,el El Hokama Dokki,759,99,0.758
A59901,el El Hokama Dokki br.2,759,99,0.908
A59902,PH Blue Wave br.2,705,97,0.976
A59903,PH blue wave,709,86,0.94
A59904,Blue Wave (2)71,709,86,0.758
A59905,Blue Wave,713,72,0.687
A59906,Ph/Blue Wave,724,90,0.754
A59907,Blue Wave 6th Zone565,742,88,0.79
A59908,PY/Blue Wave Mall385,756,93,0.648
A59909,BLUE WAVE Station St.,757,94,0.801
A59910,Ph/bluewave Station St.,757,94,0.761
A59911,El-Staar Care Dokki (2),710,109,0.812
A59912,star care dokki 011,710,109,0.752
A59913,Sta Care Dokki 6th Zone134,711,92,0.705
A59914,STAR CARE DOKKI 04,711,92,0.732
A59915,Star Care Dokki Branch 1,731,83,0.76
A59916,Star Care Dokki Branch 2997,731,83,0.678
A59917,Star Care Dokki Branch 1,734,87,0.676
A59918,Ph/Starr Care Dokki Main Road,734,87,0.801
A59919,Ph/Star Care Dokki-A,743,95,0.857
A59920,Star Care Dokki Mall,744,94,0.633
A59921,Ph/Satr Care Dokki-A,744,94,0.783
A59922,EL Star Care Dokki (2),759,100,0.989
A59923,PH Star Care Dokki 011,759,100,0.64
A59924,DR MDHAT AGAMI br.2,705,98,0.896
A59925,el DR MEDHAT AGAMI 6th Zone,705,98,0.747
A59926,EL Dr Medhat Agami Main Road,706,75,0.918
A59927,El-dr medhat agami 04,706,75,0.763
A59928,Ph/DR MEDHAT AGAMI 011,723,113,0.767
A59929,PH DR MEDHAT AGAMI 6th Zone,726,102,0.959
A59930,Ph/Dr Medhat Agami 04,726,102,0.901
A59931,PH DR MEDHAT AGAMI,746,94,0.872
A59932,Dr Medhat AAgami,746,94,0.737
A59933,Dr Medhat Agami (2),762,108,0.648
A59934,PY/Dr Medhat Agami (2),762,108,0.778
A59935,El-dr medhat agami Branch 2,766,109,0.8
A59936,Ell-AL AMAL DOKKI br.2,703,90,0.694
A59937,PY/AL AMAL DOKKI Mall,703,90,0.692
A59938,Ph/al amal dokki Branch 1,712,96,0.636
A59939,AL AMAL DOKKI 011,722,114,0.755
A59940,PY/Al Amal Dokki Main Road,726,103,0.683
A59941,al amal dokki,726,103,0.751
A59942,El-al amal dokki 6th Zone,727,92,0.765
A59943,AL AMAL DOKKI Branch 2,728,94,0.902
A59944,El-Al Amal Dokki Station St.,732,92,0.8
A59945,PH al amal dokki 6th Zone242,732,92,0.647
A59946,El Hokama Dokki Branch 1,708,98,0.848
A59947,El-EL HOKAMA DDOKKI Branch 2,757,95,0.775
A59948,ElHokama Dokki Main Road,764,99,0.915
A59949,El Hokama Dokki(2),764,99,0.961
A59950,EL HOKAMA DOKKI,767,86,0.98
A59951,ebn sina br.2,710,110,0.784
A59952,ebn sina55,710,110,0.719
A59953,ebn sina70,716,97,0.745
A59954,el ebn sina,716,97,0.923
A59955,PY/Ebn Sina 011,719,96,0.657
A59956,Ebn Sina 011,719,96,0.976
A59957,EL Ebn Sina,728,95,0.94
A59958,Ph/Ebn Sina Mall,734,88,0.936
A59959,Ebn Sina535,735,91,0.625
A59960,ebn sina 6th Zone,755,100,0.904
A59961,el Ebn Sina Mall,755,100,0.914
A59962,Ph/Ebn Sina Station St.,760,91,0.867
A59963,Ph/ELITE DOKKI Branch 1,709,87,0.795
A59964,PY/ELITE DDOKKI 011,743,96,0.677
A59965,el Elite Dokki (2),743,96,0.688
A59966,PY/ELITE DOKKI-A,745,99,0.657
A59967,EL Elite Doki 011,753,93,0.999
A59968,Elite Dokki,753,93,0.76
A59969,EL elite dokki,755,101,0.744
A59970,elite dokki (2)657,755,101,0.632
A59971,PH Pharma Plus Dokki,712,97,0.622
A59972,PH Pharma Plus Dokki br.228,712,97,0.842
A59973,Pharma Plus Dokki,722,115,0.89
A59974,pharma plus dokki 6th Zone,722,115,0.774
A59975,PH Pharma Plus Dokki br.2291,729,90,0.706
A59976,PH pharma plus dokki,751,81,0.977
A59977,PH PHARMA PLUS DOKKI,753,94,0.945
A59978,Ph/Pharma Plus Dokki 04,753,94,0.885
A59979,PH Pharma Plus Dokki Branch 297,756,94,0.723
A59980,ELL Pharma Plus Dokki,756,94,0.933
A59981,PH Pharma Plus Dokki br.2,763,89,0.825
A59982,Ph/pharma plus dokki Main Road,768,93,0.809
A59983,el pharma plu dokki,768,93,0.952
A59984,Ph/ALPHA PHARRMA699,707,88,0.855
A59985,alpha pharma Branch 1,713,73,0.812
A59986,PY/Alpha Pharma Brnach 2,734,89,0.674
A59987,PY/alpha pharma-A,736,96,0.963
A59988,EL Alpha Pharma Branch 2,767,87,0.761
A59989,PY/El SShifa,708,99,0.917
A59990,el EL SHIFA,726,104,0.955
A59991,EL SHIFA,726,104,0.65
A59992,PY/el shifa 6th Zone,741,95,0.942
A59993,PY/EL SHIFA Branch 2,750,96,0.952
A59994,El Shifa Mall,758,103,0.728
A59995,PH EL SHIFA 6th Zone,758,103,0.715
A59996,PY/EL SHIFA Branch 1,769,88,0.728
A59997,PH Misr r.2510,707,89,0.873
A59998,Misr Mall353,707,89,0.87
A59999,EL Misr 04,723,114,0.825
A60000,Ph/iMsr,723,114,0.695
A60001,misr604,747,87,0.702
A60002,Ph/Misr (2),766,110,0.748
A60003,PY/misr Station St.843,766,110,0.7
A60004,PH seha first marg,701,96,0.825
A60005,Seha First Marg,701,96,0.8
A60006,Ph/Seha First Marg Station St.,705,99,0.72
A60007,EL SEHA FIRST MARG 011112,705,99,0.776
A60008,seha firstm arg 011,716,98,0.734
A60009,SEHA FIRST MARG 6th Zone,759,101,0.735
A60010,EL Seha First Marg12,759,101,0.765
A60011,Seha First Marg,762,109,0.68
A60012,EL STAR CARE Mall,708,100,0.718
A60013,El-Star Care Main Road,744,95,0.868
A60014,Ph/Star Care Branch 2,744,95,0.942
A60015,PY/STAR CAARE,761,93,0.989
A60016,PH Star Care Mall,761,93,0.631
A60017,Ph/star are 011,768,94,0.827
A60018,City Care Square br.2,706,76,0.779
A60019,PH city care square Stationn St.,731,84,0.924
A60020,PH city care square Mall761,731,84,0.988
A60021,PH city care square (2)113,745,100,0.948
A60022,PY/city care square Branch 1,745,100,0.719
A60023,PH city care square-A,756,95,0.793
A60024,el city care square,756,95,0.633
A60025,PH metro dokki br.2,703,91,0.714
A60026,E-lmetro dokki 04,718,99,0.761
A60027,Ph/MetroDokki-A,725,89,0.755
A60028,el metro dokki br.2,725,89,0.731
A60029,el metro dokki,749,77,0.893
A60030,Metro Dokki br.2267,753,95,0.853
A60031,PY/Metro Dokki-A,768,95,0.665
A60032,el nsar obour Station St.,706,77,0.864
A60033,el nasr obour 04,762,110,0.98
A60034,El Nasr Obur,762,110,0.984
A60035,el El Nasr Obour-A,765,78,0.797
A60036,El Nasr Obour 04,765,78,0.657
A60037,PY/Care 24 Seven Dokki Branch 1,700,91,0.848
A60038,PH Care 24 Seven Dokki870,700,91,0.791
A60039,el Care 24 Seven Dokkki Main Road,757,96,0.72
A60040,CARE 24 SEVEN DOKKI ranch 1,757,96,0.702
A60041,Ph/Care 24 Seven Dokki 6th Zone,762,111,0.794
A60042,PY/Dr Medhat 6th Zone,706,78,0.885
A60043,Ph/dr medhat 04,716,99,0.673
A60044,EL DR MEDHAT639,726,105,0.92
A60045,Ph/DR MEDHAT 6th Zone,726,105,0.811
A60046,PH DR MEDHAT203,727,93,0.706
A60047,dr mmedhat,729,91,0.99
A60048,el Dr Medhat Branch 2,729,91,0.721
A60049,PH Dr edhat 04,739,97,0.913
A60050,El-dr medhat Branch 1,758,104,0.887
A60051,el DR MEDHAT-A,766,111,0.9
A60052,dr medhat (2),766,111,0.641
A60053,el el baraka dokki ranch 1756,705,100,0.73
A60054,PYE/L BARAKA DOKKI-A,705,100,0.697
A60055,EL el baraka dkoki,714,90,0.771
A60056,E BARAKA DOKKI Station St.,723,115,0.639
A60057,EL BARAKA DOKKI,723,115,0.629
A60058,PH El Nasr OctC ity,701,97,0.731
A60059,PY/el nasr oct city,701,97,0.767
A60060,PY/El Nasr Oct City Branch 1,726,106,0.709
A60061,El Nasr Oct City Branch 2,736,97,0.875
A60062,EL El Nasr Oct City Branch 2,753,96,0.702
A60063,El-El Nasr Oct City Main Road,753,96,0.948
A60064,EL Ebn Sina Shubra Main Road,735,92,0.638
A60065,Ph/EBN SINA SHUBRA 011,763,90,0.948
A60066,El-EBN SINA SHUBRA Main RRoad,763,90,0.65
A60067,El-Ebn Sina Shbra br.2,769,89,0.836
A60068,Nile Care Imbaba94,704,97,0.66
A60069,Ph/Nile Care Imbaba,704,97,0.753
A60070,NILE CARE IMBABA 6th Zone,707,90,0.685
A60071,El-nile care imbaba Mall,714,91,0.893
A60072,El-Nile Care Imbaba Branch 1,714,91,0.776
A60073,el nile care imbaba Station St.780,722,116,0.815
A60074,El-Nile Care Imbaba Main Road,724,91,0.827
A60075,EL Nile Care Imbaba br.2851,770,103,0.936
A60076,PY/Nile Care Imbaba Main Road,770,103,0.892
A60077,BLUE WAVE DOKKI,709,88,0.931
A60078,PY/blue wave dokki601,718,100,0.94
A60079,Ph/bule wave dokki,724,92,0.857
A60080,El-blue wave dokki 6th Zone,724,92,0.907
A60081,El-Blue Wave Dokki (2),736,98,0.673
A60082,Ph/blue wave dokki 011,736,98,0.999
A60083,blue wave dokki br.2,743,97,0.921
A60084,blue wave dokki,743,97,0.847
A60085,EL blue wave dokki Station St.911,751,82,0.838
A60086,el BLUE WAVE DOKKI Branch 1,757,97,0.94
A60087,el blue wave dokki Main Road,757,97,0.621
A60088,BLUE WAVE DOKKI br.2,761,94,0.859
A60089,EL Blue WWave Dokki47,761,94,0.853
A60090,EL Nile Care Dokki 04,702,94,0.644
A60091,Nile Care Dokki,708,101,0.817
A60092,PH nile care dokki Branch 1,728,96,0.983
A60093,Ph/nile care dokki-A,728,96,0.868
A60094,Nile Care Dokki 6tth Zone,732,93,0.825
A60095,Nile Care Dokki,736,99,0.807
A60096,El-nile care dokki Main Road,753,97,0.949
A60097,Ph/Nile Care Dokki 011,756,96,0.906
A60098,E-lStar Care-A,732,94,0.972
A60099,Ph/STAR CARE Branch 1,742,89,0.711
A60100,El-STAR CARE 6th Zone,763,91,0.965
A60101,PH Star Care,763,91,0.702
A60102,PH Angel Marg Mall,710,111,0.889
A60103,PY/angel marg br.2,710,111,0.932
A60104,Angel Marg Branch 2522,711,93,0.768
A60105,ANGEL AMRG 04,711,93,0.679
A60106,Angel Marg,720,87,0.955
A60107,E-lsalamtek 6th Zone447,700,92,0.755
A60108,Salamtek 04,700,92,0.796
A60109,Salamtek Branch 1,705,101,0.776
A60110,PH Salamtek 011,705,101,0.889
A60111,Saalamtek 04,714,92,0.791
A60112,El-salamtek,729,92,0.761
A60113,EL salamtek Mall648,729,92,0.781
A60114,P/salamtek 04,751,83,0.835
A60115,Hoe Haram Mall,714,93,0.714
A60116,EL Hope Haram 04,722,117,0.731
A60117,PH hope haam 04950,722,117,0.799
A60118,P Hhope haram,732,95,0.895
A60119,EL hope haram 6th ZZone,734,90,0.968
A60120,Ph/hope haram (2),735,93,0.819
A60121,HOPE HARAM Main Road,735,93,0.768
A60122,el shifa dokki-A824,700,93,0.979
A60123,el El Shifa Dokki 04,720,88,0.789
A60124,PY/el shifa dokki Station St.,720,88,0.647
A60125,Ph/EL SHIFA DOKKI Branch 2,722,118,0.746
A60126,el shifa dokki Mall,722,118,0.781
A60127,PY/EL SHIFA DOKKIStation St.928,752,86,0.792
A60128,EL EL SHIFA DOKKI,752,86,0.819
A60129,Ph/E SHIFA DOKKI 6th Zone,756,97,0.76
A60130,Ph/El Shifa Dokki Branch 2435,756,97,0.79
A60131,Union Phharm,700,94,0.677
A60132,PY/uunion pharm 04443,751,84,0.817
A60133,el Union Pharm-A840,757,98,0.791
A60134,union pharm-A,759,102,0.845
A60135,El-Union Pharm Main Road,759,102,0.874
A60136,union pharm Branch 1,765,79,0.7
A60137,Union Pharm 04,765,79,0.663
A60138,Ph/UNION PHARM97,768,96,0.758
A60139,PH UNION PHARM,768,96,0.793
A60140,MIRA MAADI 6th Znoe,738,93,0.817
A60141,PH Mira Maadii (2),747,88,0.756
A60142,mira madai 6th Zone,747,88,0.984
A60143,mira maadi 011428,752,87,0.903
A60144,Ph/Health Gate 04,708,102,0.733
A60145,el Health Gate Branch 2553,708,102,0.877
A60146,El-health gate 04850,712,98,0.891
A60147,PH HEALTH GATE,712,98,0.909
A60148,Health Gate Branch 1,713,74,0.8
A60149,EL Health Gate Branch 1,713,74,0.788
A60150,PH health gate br.2,739,98,0.739
A60151,EL health gate-A,739,98,0.678
A60152,el Health Gate 6th Zone,749,78,0.721
A60153,PY/health gtae Branch 2,749,78,0.642
A60154,health gate br.2,759,103,0.74
A60155,Elite Dokki 011,714,94,0.999
A60156,PY/Elite Dokkii-A,747,89,0.654
A60157,el ELITE DOKKI 04,749,79,0.826
A60158,PH Elite Dokki Branch 2,749,79,0.894
A60159,el Elite Dokki,751,85,0.825
A60160,PY/ELITE DOKKI Mall,751,85,0.746
A60161,PH Elite Dokki br.2,761,95,0.795
A60162,el Eite Dokki Mall685,768,97,0.828
A60163,Elite Dokki 6th Zone,768,97,0.787
A60164,el Elite Dokki Branh 1,769,90,0.723
A60165,El-UNIONP HARM BANHA Branch 2,709,89,0.862
A60166,UNION PHARM BANHA-A,709,89,0.909
A60167,EL union pharm banha br.2,715,92,0.835
A60168,EL Union Pharm Banha br.2,728,97,0.981
A60169,Union Pharm Banha,728,97,0.887
A60170,EL UNION PHARM BANHA 04,735,94,0.93
A60171,UNION PHARM BANHA br.2,767,88,0.701
A60172,El-union pharm banha Branch 2,770,104,0.669
A60173,El-Union Pharm Banha-A,770,104,0.642
A60174,PH BETTER IFE Mall,711,94,0.78
A60175,better life 04,711,94,0.647
A60176,el Bettter Life br.2,724,93,0.778
A60177,el better life 6th Zone,726,107,0.679
A60178,better life-A,734,91,0.654
A60179,el Salamtek Faisal 011,702,95,0.859
A60180,salamte kfaisal-A,702,95,0.875
A60181,el Salamtek Faisal Station St.,707,91,0.929
A60182,salamtek faisal,735,95,0.83
A60183,El-Salamtek Faisal Barnch 111,748,113,0.68
A60184,PH E Nasr718,723,116,0.852
A60185,El-EL NAASR (2),723,116,0.666
A60186,Ph/El Nasr,726,108,0.772
A60187,El Nasr 6th Zone,731,85,0.628
A60188,EL el nasr Branch 1,731,85,0.985
A60189,El Nasr-A,749,80,0.69
A60190,elEl Nasr 6th Zone,763,92,0.83
A60191,Ph/EL NASR Branch 1,768,98,0.857
A60192,PY/Sunrise Dokki 04,733,93,0.785
A60193,EL uSnrise Dokki Station St.534,758,105,0.659
A60194,Ph/sunrise dokki Station St.,758,105,0.794
A60195,El-Sunrise Dokki-A,767,89,0.865
A60196,EL sunrise dokki Main Road,767,89,0.706
A60197,Ph/El Faraby Branch 1,706,79,0.896
A60198,el el faraby (2),706,79,0.679
A60199,PH e faraby,712,99,0.761
A60200,El Faraby190,712,99,0.823
A60201,PH El Faraby Station St.,724,94,0.97
A60202,Ph/el faraby,724,94,0.801
A60203,EL FARABY 04,734,92,0.684
A60204,el faraby Main Road,734,92,0.787
A60205,el El Faraby Branch 1,735,96,0.642
A60206,PY/el faraby Branch 1441,735,96,0.796
A60207,Ph/el faraby,743,98,0.898
A60208,El-EL FARABY Branch 2665,743,98,0.966
A60209,City Care Faisal 011,705,102,0.735
A60210,CITY CARE FAISAL Station St.,705,102,0.844
A60211,City Care Faisal Main Road,721,100,0.983
A60212,Ph/City Care Faisal,745,101,0.653
A60213,PH city care faisal Barnch 1540,748,114,0.83
A60214,City Care Faisa lBranch 1,762,112,0.933
A60215,City Care Faisal,762,112,0.791
A60216,el Misr Oct City-A,701,98,0.9
A60217,Ph/Misr Oct City 04,706,80,0.904
A60218,Misr Oct City,707,92,0.622
A60219,El-Misr Oct City Branch 1,707,92,0.694
A60220,EL MISR OCT CITY-A,725,90,0.9
A60221,MISR OCT CITY Station St.,737,102,0.7
A60222,misr oct city 011,739,99,0.861
A60223,misr oct city 04,740,82,0.753
A60224,Misr Oct City Branch 1,742,90,0.695
A60225,Misr Oct City011,742,90,0.919
A60226,Life Lien Dokki Station St.795,701,99,0.813
A60227,EL Life Line Dokki 011,701,99,0.723
A60228,Ph/life line dokki,704,98,0.992
A60229,Life Line DDokki br.2,704,98,0.804
A60230,El-Life Line Dokki,716,100,0.707
A60231,PH life line dokki Station St.321,717,93,0.765
A60232,PY/LIFE LINE DOKKI 6th Zone,721,101,0.628
A60233,Ph/Life Line Dokki br.2,721,101,0.668
A60234,life line dokki Mall,739,100,0.678
A60235,El-Life Line Dokki,739,100,0.727
A60236,LIFE LINE DOKKI171,751,86,0.991
A60237,Life Line Dokki Mall,758,106,0.898
A60238,Ph/Life Line Dokki,758,106,0.887
A60239,el shifa oct city br.2981,706,81,0.811
A60240,el El Shifa Oct City 011730,715,93,0.741
A60241,El Shifa Oct City Main Road,737,103,0.644
A60242,El Shifa Oct City Main Road,743,99,0.922
A60243,Al Nozha Marg 04,744,96,0.889
A60244,al nozha marg 011,744,96,0.784
A60245,EL Al Nozha Marg,745,102,0.774
A60246,al nozha marg-A,753,98,0.729
A60247,Al Nozha Marg Station St.213,760,92,0.974
A60248,El-AL NOZHA MARG (2),770,105,0.738
A60249,Ph/Al Nozha Marg 011,770,105,0.857
A60250,El-El Zahraa Dokki,705,103,0.774
A60251,Ph/El Zahraa Dokki Mall,717,94,0.995
A60252,EL ZAHRAA DOKKI (2)842,717,94,0.857
A60253,EL El Zahraa Dokki 011,732,96,0.892
A60254,Ph/EL ZAAHRAA DOKKI Branch 1,736,100,0.889
A60255,EL el zahraa dokki Branch 2,736,100,0.969
A60256,El-El Zahraa Dokki (2),744,97,0.881
A60257,Ph/EL ZAHRAA DOKKI,744,97,0.646
A60258,PH el zahraa dokki Main Road,747,90,0.776
A60259,El-el zahraa dokki 6th Zone198,768,99,0.949
A60260,AL AMAL DOKK IBranch 1855,718,101,0.73
A60261,El-Al Amal Dokki,730,107,0.823
A60262,Al Amal Dokki 04,732,97,0.973
A60263,PY/Al AmalDokki 04,733,94,0.64
A60264,PY/Al Amal Dokki Main Road58,733,94,0.739
A60265,EL Al Amal Dokki Mall,734,93,0.833
A60266,AL AMAL DOKKI br.2,743,100,0.703
A60267,al amal dokki (2),743,100,0.841
A60268,Ph/Al Amal Dokki Mall,757,99,0.879
A60269,Ph/al amal dokki6 th Zone,757,99,0.968
A60270,Ph/health gate dokki 6th Zone,705,104,0.733
A60271,Ph/Health Gate Dokki,710,112,0.733
A60272,PY/Health Gate Dokki,713,75,0.952
A60273,EL health gate dokki 6th Zone480,713,75,0.73
A60274,PH Health Gate Dokki,723,117,0.729
A60275,Health Gate Dokki 011352,723,117,0.624
A60276,Ph/Health Gaate Dokki,730,108,0.893
A60277,Health Gate Dokki-A,746,95,0.93
A60278,Health Gate Dokki,746,95,0.694
A60279,Health Gate Dokki 6th Zone,759,104,0.808
A60280,HEALTH GATE DOKKI Staton St.,763,93,0.903
A60281,EL Health Gate Dokki Mall,763,93,0.764
A60282,EL Al Amal Dokki,703,92,0.643
A60283,Ph/AL AMAL DOKKI,706,82,0.884
A60284,Al Amal Dokki Mall,711,95,0.953
A60285,EL AAl Amal Dokki (2),711,95,0.711
A60286,PH Al Amal Dokki Mall,749,81,0.925
A60287,PH Al Amal Dokki br.2,749,81,0.656
A60288,el el hokama Main Road,723,118,0.745
A60289,El-el hokama 6th Zone,723,118,0.765
A60290,El-EL HOKAMA Mall,732,98,0.759
A60291,el el hokama,732,98,0.824
A60292,PY/El Hokama br.2,735,97,0.837
A60293,PY/EL HOKAMA Mall,753,99,0.883
A60294,el El Hokama-A,762,113,0.755
A60295,El Hokama,762,113,0.71
A60296,El-El Hokama Mall,768,100,0.699
A60297,El-El Hokama-A,768,100,0.71
A60298,EL El Tourath Dokki Branch 1158,721,102,0.818
A60299,PY/el tourath dokki (2),721,102,0.851
A60300,EL El Tourath Dokki 04,728,98,0.986
A60301,PH El Tourath Dokki 011,731,86,0.96
A60302,El Tourath Dokki,731,86,0.675
A60303,Ph/EL TOURATH DOKKI Branch 178,732,99,0.731
A60304,el tourath dokki Mall201,732,99,0.782
A60305,PH El Tourath Dokki 011,737,104,0.633
A60306,EL TOURATH DOKKI Station St.737,752,88,0.835
A60307,el tourath dokki Branch 2,752,88,0.79
A60308,PH el oturath dokki 04,758,107,0.789
A60309,El Tourath Dokki (2),759,105,0.688
A60310,PH Salamtek Branch 1,707,93,0.718
A60311,SALAMTEK955,707,93,0.982
A60312,Ph/Salamtek,740,83,0.679
A60313,Ph/Salamtek Branch 1,741,96,0.792
A60314,EL salamtek br.2,741,96,0.77
A60315,Ph/SALAMTEK Branch 1,749,82,0.881
A60316,EL salamtek Station St.,749,82,0.656
A60317,SALLAMTEK640,759,106,0.828
A60318,PY/Salamtek-A,759,106,0.807
A60319,PY/ssalamtek442,766,112,0.91
A60320,Ph/Salamtek 6th Zone,766,112,0.935
A60321,SALAMTEK Branch 2,769,91,0.772
A60322,EL El Nasr-A,703,93,0.848
A60323,EL el nasr-A,707,94,0.9
A60324,Ph/El Nasr Main Road352,741,97,0.992
A60325,El-el nas 04,741,97,0.867
A60326,PH El Nasr Main Road,746,96,0.979
A60327,PY/El Nasr,746,96,0.713
A60328,EL El Nasr br.2,764,100,0.952
A60329,EL Alpha Pharma Dokki Station St.,700,95,0.806
A60330,PY/alpha harma dokki,722,119,0.805
A60331,Ph/ALPHA PHARMA DOKKI577,722,119,0.961
A60332,El-Alpha Pharma Dokki 011,732,100,0.995
A60333,PY/Alpha Pharma Dokki Station St.,732,100,0.959
A60334,Alpha Pharma Dokki Branch 1,735,98,0.889
A60335,el Alpha Pharma Dokki-A886,735,98,0.764
A60336,Alpha Pharma Dokki 6th Zone,762,114,0.736
A60337,el alpha pharma dokki 04,769,92,0.853
A60338,Golden Care Dokki,718,102,0.682
A60339,PH GOLDEN CARE DOKKI Branch 1,735,99,0.926
A60340,El-GOLDEN CARE DOKKI Main Road,747,91,0.816
A60341,golden care dokki Branch 2,752,89,0.863
A60342,PY/GOLDEN CARE DOKKI Main Raod,754,97,0.966
A60343,Golden Care Dokki Station St.,754,97,0.72
A60344,El-GOLDEN CARE DOKKKI 04,763,94,0.937
A60345,Star Care Dokki-A,720,89,0.85
A60346,PH star care dokki 04,738,94,0.995
A60347,star care dokki 6th Zone,748,115,0.718
A60348,el Star Care Dokki br.2,758,108,0.914
A60349,Star Care Dokki Branch 2924,770,106,0.997
A60350,Ph/star care dokki Main Road,770,106,0.663
A60351,PY/Life Line Maadi,703,94,0.942
A60352,PH LIFE LIN EMAADI 6th Zone,743,101,0.628
A60353,PH Life Line Maadi,764,101,0.983
A60354,El-Life Line Maadi Main Road,764,101,0.811
A60355,EL LIFE LINE MADI Branch 2,767,90,0.863
A60356,El-LIFE LINE MAADI,767,90,0.808
A60357,Life Line Maadi-A,768,101,0.692
A60358,PH Life Line Maadi Station St.554,768,101,0.715
A60359,El-SILVER CARE OBOUR Mall,707,95,0.821
A60360,el SILVER CARE OBOUR 011,707,95,0.934
A60361,PY/Silver Care Oour 04,714,95,0.92
A60362,El-silver caree obour Main Road355,737,105,0.677
A60363,silver care obour Main Road,737,105,0.842
A60364,el silver cre obour,766,113,0.716
A60365,PY/Silver Care Obour Main Road,766,113,0.956
A60366,el Star Caare Dokki,704,99,0.807
A60367,Ph/star care dokki Main Road,704,99,0.906
A60368,Ph/Star Carre Dokki Station St.,714,96,0.798
A60369,EL Star Care Dokki,740,84,0.994
A60370,El-STAR CARE DOKKI Main Road,763,95,0.933
A60371,STAR CARE DOKKI br.2,768,102,0.911
A60372,El-Star Care Dokki,768,102,0.766
A60373,el zahraa Main Road,702,96,0.823
A60374,Ph/EL ZAHRAA Mall473,716,101,0.827
A60375,EL ZAHRAA br.2800,727,94,0.766
A60376,EL ZAHRAA,742,91,0.728
A60377,el lE Zahraa (2)155,743,102,0.638
A60378,Ph/EL ZAHHRAA,749,83,0.673
A60379,Ph/El Zahra abr.2,750,97,0.829
A60380,El-El Zahhraa Mall,750,97,0.721
A60381,EL ZAHRAA-A,761,96,0.9
A60382,PH EL ZAHRAA Branch 1,761,96,0.749
A60383,El-El Faraby Dokki 04,718,103,0.797
A60384,El-El Faraby Dokki Main Road,718,103,0.79
A60385,PH El Faraby Dokki 04,723,119,0.871
A60386,el faraby dokki Station St.780,723,119,0.874
A60387,Ph/El Faraby Dokki,724,95,0.712
A60388,Ph/EL FARABY DOKKI Station St.,724,95,0.899
A60389,el faraby dokki 04351,732,101,0.935
A60390,EL FARABY DOKKI Main Road,732,101,0.883
A60391,EL EL FARABY DOKKI 04,743,103,0.765
A60392,El Faraby Dokki Branch 1,745,103,0.747
A60393,Ph/El Faraby Dokki-A,745,103,0.637
A60394,El Faraby Dokki-A87,746,97,0.908
A60395,el ffaraby dokki,749,84,0.644
A60396,el El Faraby Dokki (2),749,84,0.717
A60397,el tourath,758,109,0.655
A60398,PH El Tourath 011,758,109,0.721
A60399,Ph/El Tourath br.2268,760,93,0.661
A60400,el EL TOURATH Branch 2,760,93,0.668
A60401,el tourath Branch 1,761,97,0.988
A60402,el tourath 6th Zone,761,97,0.738
A60403,El-metro Branch 2,700,96,0.77
A60404,Metro 6th Zone,700,96,0.95
A60405,EL Metro Branch 1,718,104,0.728
A60406,PY/Metro Branch 2,718,104,0.9
A60407,Ph/Metro,729,93,0.977
A60408,el Metro (2)471,729,93,0.967
A60409,PY/metro br.2,749,85,0.929
A60410,metro 011,749,85,0.684
A60411,EL Angel Dokkki,712,100,0.981
A60412,Ph/ANGEL DOKKI 6th Zone,712,100,0.671
A60413,PH Angel Dokkki 6th Zone,740,85,0.878
A60414,PY/Angel Dokki Main Road,748,116,0.966
A60415,angel dokki Station St.,751,87,0.91
A60416,Angel Dokki (2),751,87,0.871
A60417,El Baraka Smouhaa 6th Zone,704,100,0.845
A60418,el baraka smouha806,704,100,0.643
A60419,El Baraka Smouha,723,120,0.79
A60420,EL BARAKA SMOUHA 6th Zone,723,120,0.959
A60421,El Baraka Smouha Branch 1703,725,91,0.638
A60422,PH El Baraka Smouha,725,91,0.77
A60423,Ph/EL BARAKA SMOUHA (2),731,87,0.649
A60424,El Baraka Smouha 011,731,87,0.962
A60425,El Barakka Smouha Branch 2,741,98,0.739
A60426,PY/el baraka smouha 6th Zone918,749,86,0.891
A60427,EL BARAKA SMOUHA Mall,749,86,0.939
A60428,El Hokama-A,714,97,0.76
A60429,EL HOKAMA507,714,97,0.99
A60430,el El Hookama br.2,716,102,0.693
A60431,PH EL HOKAMA (2),734,94,0.707
A60432,Ph/EL HOKAMA,747,92,0.848
A60433,EL HOKAMA Branch 2991,765,80,0.773
A60434,OMEGA REHAB VIEW Mall,741,99,0.725
A60435,el Omeg Rehab View 04,743,104,0.882
A60436,Ph/OMEGA REHAB VIEW br.2,744,98,0.621
A60437,OMEGA REHAB VIEW (2),744,98,0.94
A60438,Ph/Omega Rehab View,746,98,0.984
A60439,EL omega rehab view,746,98,0.908
A60440,Omega Rehab View br.261,748,117,0.726
A60441,PH OMEGA REHAB VIE WBranch 2,752,90,0.632
A60442,El-Omega Rehab View Branch 1523,760,94,0.743
A60443,El-omega rehab view Station St.,760,94,0.7
A60444,el OMEGA REHAB VIEW (2),770,107,0.892
A60445,el Nile Care Dokki Mall,713,76,0.882
A60446,El-Nile Care Dokki,730,109,0.969
A60447,nile care dokki 6th Zone,733,95,0.879
A60448,Ph/Nile Care Dokki-A,733,95,0.816
A60449,nile care dokki Station St.,748,118,0.745
A60450,El-ELITE DOKKI Mall387,708,103,0.629
A60451,PH elite dokki Station St.,729,94,0.947
A60452,Ph/Elite Dokki Station St.,730,110,0.914
A60453,ellite dokki-A,732,102,0.769
A60454,PY/elite dokki Branch 2,732,102,0.919
A60455,EL ELITE DOKKI Mall,750,98,0.835
A60456,Elite Dokki Branch 1,750,98,0.82
A60457,PH Elite Dokki Main Road546,754,98,0.696
A60458,PY/Elite Dokki Main oRad409,754,98,0.705
A60459,EL Elite Dokki Branch 1,761,98,0.856
A60460,elite dokki Mall,761,98,0.715
A60461,Ph/Elite Dokki Station St.764,765,81,0.985
A60462,PH Al Amal-A409,715,94,0.903
A60463,Ph/al aaml-A,715,94,0.966
A60464,PY/AL MAAL Branch 1,725,92,0.705
A60465,PH a lamal Mall,725,92,0.718
A60466,el Al Amal br.2,726,109,0.772
A60467,PY/Al Amal Station St.,726,109,0.655
A60468,al aml 011,727,95,0.959
A60469,Al Amla 011,750,99,0.963
A60470,PY/Al Amal 011179,750,99,0.931
A60471,PY/Al Amal Station St.,754,99,0.998
A60472,el Al Amal br.2,765,82,0.922
A60473,PY/al amal 011,765,82,0.966
A60474,Ph/al amal 6th Zone,768,103,0.86
A60475,PY/Star Care Marg Branch 1,712,101,0.714
A60476,PY/star care marg 04,713,77,0.797
A60477,el star care marg Bracnh 1,718,105,0.706
A60478,EL Star Care Marg Branch 2,718,105,0.765
A60479,PY/star care marg,735,100,0.872
A60480,star care marg,735,100,0.665
A60481,STAR CARE MARG,747,93,0.777
A60482,el Misr Branch 1,705,105,0.626
A60483,Misr Mall,705,105,0.711
A60484,el misr Statio nSt.756,724,96,0.668
A60485,MISR 6th Zone,724,96,0.889
A60486,MISR Station St.64,733,96,0.893
A60487,El-Misr,733,96,0.911
A60488,misr-A,745,104,0.91
A60489,MISR 6th Zone,750,100,0.796
A60490,misr 04,755,102,0.766
A60491,PY/Green Leaf Dokki Station St.,754,100,0.754
A60492,El-Green Leaf Dokki Station St.130,757,100,0.791
A60493,El-Green Leaf Dokki Branch 2,768,104,0.684
A60494,El-GREEN LEAF DOKKI,768,104,0.763
A60495,El Baraka (2),719,97,0.95
A60496,Ph/EL BARAKA br.2,720,90,0.786
A60497,EL El Baraka-A,731,88,0.825
A60498,el el baraka Station St.,768,105,0.995
A60499,EL El Baraka br.2117,768,105,0.88
A60500,el Life Line Agami Mall,706,83,0.934
A60501,PY/LIFE LINEE AGAMI 04,717,95,0.954
A60502,EL Life Line Agami31,717,95,0.846
A60503,PH Life Line Agami 04,757,101,0.676
A60504,LIFE LINE AGAMI,768,106,0.755
A60505,el Blue Wave Branch 2,718,106,0.656
A60506,El-blue wave Braanch 2,718,106,0.798
A60507,el blue wave (2),720,91,0.729
A60508,EL Bleu Wave Mall,720,91,0.971
A60509,el Blue Wave 04,739,101,0.755
A60510,el BLUE WAVE 04,744,99,0.635
A60511,Ph/blue wvae Branch 1,744,99,0.952
A60512,EL blue wave Branch 1,749,87,0.978
A60513,Blue Wave br.2,756,98,0.856
A60514,Ph/BLUE WAVE,756,98,0.924
A60515,Ph/LUE WAVE-A,757,102,0.993
A60516,Blue Wave Statin St.,758,110,0.777
A60517,Ph//Al Amal Branch 1,705,106,0.979
A60518,PH Al AmalStation St.,717,96,0.825
A60519,EL Al Amal Branch 1,737,106,0.69
A60520,AL AMAL-A,737,106,0.851
A60521,PY/al amal (2),738,95,0.969
A60522,El-al amal-A,738,95,0.811
A60523,el Family (2),719,98,0.81
A60524,PY/famliy br.2241,719,98,0.888
A60525,PY/family,721,103,0.662
A60526,FAMILY Mall,736,101,0.893
A60527,PY/family (2),740,86,0.861
A60528,PY/Family,740,86,0.742
A60529,FAMILY 04,743,105,0.747
A60530,EL family-A,743,105,0.95
A60531,El-Family Branch 1316,749,88,0.621
A60532,EL FAMMILY221,749,88,0.944
A60533,el Family 6th Zone,760,95,0.978
A60534,El-Family br.2,767,91,0.964
A60535,Family 6th Zone,767,91,0.63
A60536,DRR MEDHAT IMBABA 6th Zone,703,95,0.922
A60537,PY/Dr Medhta Imbaba (2),704,101,0.665
A60538,Ph/Dr Medhat Imbaba-A,704,101,0.931
A60539,EL Dr Medhhat Imbaba 011,705,107,0.746
A60540,el DR MEDHAT IMBABA580,705,107,0.665
A60541,EL Dr Medhat Imbaba 011,749,89,0.971
A60542,Dr Medhat Imbaba 011937,749,89,0.802
A60543,Ph/dr medhat imbaba 04,758,111,0.657
A60544,dr medat imbaba (2),759,107,0.952
A60545,EL Dr Medhat Imbaba,763,96,0.91
A60546,LifeL ine Main Road,735,101,0.764
A60547,PH life line,735,101,0.892
A60548,LIFE LINE (2),738,96,0.891
A60549,PH Life Line 011,763,97,0.688
A60550,Lie Line br.2,763,97,0.863
A60551,Life Line br.2,769,93,0.693
A60552,life line 011,769,93,0.953
A60553,el al aamal maadi,738,97,0.955
A60554,El-Al Amal Maadi,738,97,0.998
A60555,PH AL AMAL MAADI 011,760,96,0.774
A60556,Pha/l amal maadi (2),760,96,0.694
A60557,AL AMAL MAADI,764,102,0.88
A60558,EL al amal maadi749,764,102,0.948
A60559,PY/BETTER LIFE-A,742,92,0.862
A60560,EL BETTER LIFE (2)175,757,103,0.791
A60561,Ph/Better LLife,757,103,0.885
A60562,PY/better life,764,103,0.697
A60563,PH Better Life 011,764,103,0.686
A60564,El-El Zahraa Main Road,705,108,0.919
A60565,El Zhraa,705,108,0.738
A60566,PHH el zahraa Mall,722,120,0.741
A60567,Ph/El Zahraa Main Road,722,120,0.87
A60568,el El Zahraa br.2,740,87,0.674
A60569,El Zahraa Sttation St.,743,106,0.964
A60570,EL El Zahraa (2),746,99,0.78
A60571,PH EL ZAHRAA 04,746,99,0.774
A60572,el zahraa,748,119,0.834
A60573,EL el zahraa,748,119,0.766
A60574,PH El Zahraa Maall,752,91,0.679
A60575,El Zahraa,754,101,0.768
A60576,El Zahraa Branch 1914,754,101,0.697
A60577,El-Star Care Square Mall,708,104,0.772
A60578,El-Star Care Square Branch 1,708,104,0.79
A60579,Star Care Square,719,99,0.691
A60580,EL Star Care Square 6th Zone,719,99,0.807
A60581,star care square Branch 2,724,97,0.679
A60582,EL Star Care Square Main Road,732,103,0.919
A60583,Star Care Square Branch 1,737,107,0.906
A60584,El-star care square Mall,755,103,0.653
A60585,El-Star Cre Square,764,104,0.65
A60586,Phh/Star Care Square Branch 1,766,114,0.989
A60587,EL Omega Station St.881,704,102,0.813
A60588,EL OMEGA,727,96,0.971
A60589,P/omega,727,96,0.926
A60590,OMEGA6th Zone,751,88,0.761
A60591,P Omega,764,105,0.679
A60592,Omega Mall,764,105,0.881
A60593,PY/OMEGA Main Road188,770,108,0.917
A60594,El-SUNRISEF AISAL (2)576,714,98,0.961
A60595,SUNRISE FAISSAL Mall,714,98,0.812
A60596,sunrise faisal br.2,720,92,0.964
A60597,sunrise faisal800,720,92,0.679
A60598,Ph/sunrise faisal (2),743,107,0.819
A60599,Ph/sunrise faisal Branch 1183,743,107,0.672
A60600,Sunrise Faisal Main Road,746,100,0.902
A60601,PH Sunrise Faisal Main Road,762,115,0.656
A60602,PY/SUNRISE FAISAL Branch 2,762,115,0.628
A60603,Sunrise Faisal,763,98,0.687
A60604,Sunrise Faisal,767,92,0.984
A60605,omega 04,706,84,0.66
A60606,omega,725,93,0.97
A60607,EL Omega-A,725,93,0.826
A60608,El-omega Station St.,744,100,0.683
A60609,el Omega,755,104,0.905
A60610,EL Omega Branch 2,761,99,0.967
A60611,el Omega217,761,99,0.653
A60612,PH Ebn Sina br.2,715,95,0.714
A60613,EBN SIINA,715,95,0.851
A60614,Ebn Sina 011,721,104,0.634
A60615,EBN SINA Mall,721,104,0.721
A60616,PH Ebn Sina,723,121,0.877
A60617,EBN SINA-A,726,110,0.735
A60618,PY/Ebn Sina 04,726,110,0.908
A60619,PH EBN SINA Main Road,735,102,0.712
A60620,el Ebn Sina147,736,102,0.716
A60621,Ph/EbnS ina-A538,736,102,0.968
A60622,Ph/Ebn Sina Branch 1812,739,102,0.693
A60623,ebn isna,752,92,0.75
A60624,Hope Faisal 011,714,99,0.738
A60625,Hope Faisal Station St.,719,100,0.804
A60626,PY/Hope Faisal Mall,719,100,0.694
A60627,el HPE FAISAL Branch 1,721,105,0.703
A60628,Ph/Hope Faisal Main Road,721,105,0.672
A60629,PY/HOPE FAISAL Mall98,725,94,0.743
A60630,el Hope Faisal,725,94,0.641
A60631,Hope Faisal 011,735,103,0.777
A60632,Ph/hope faisal (2),740,88,0.657
A60633,El-HOPE FAISAL 6th Zone,740,88,0.962
A60634,El-Hope Faisal Mall,765,83,0.938
A60635,EL HOPE FAISAL (2),765,83,0.886
A60636,EL angel faisal Branch 2,726,111,0.891
A60637,ANGEL FAISAL-A,726,111,0.735
A60638,Angel Faisal,735,104,0.862
A60639,Angel Faisal 011,753,100,0.836
A60640,PH ANGEL FAISAL 6th Zone,757,104,0.885
A60641,El-Angel Faisal 04,757,104,0.846
A60642,El-Angel Faisal 6th Zone,767,93,0.655
A60643,PH Angel Faisal,767,93,0.771
A60644,ANGEL FAISAL 011523,770,109,0.695
A60645,angel faisal,770,109,0.75
A60646,EL ZAHRAA 011510,713,78,0.712
A60647,EL ZAHRA 011,713,78,0.934
A60648,EL el zahraa,719,101,0.983
A60649,PH lE Zahraa,719,101,0.647
A60650,EL el zahraa,727,97,0.855
A60651,EL E Zahraa,727,97,0.848
A60652,Life Line 011,713,79,0.711
A60653,life line (2),736,103,0.754
A60654,PY/LIFE LINE 04,743,108,0.834
A60655,Life Line 04,749,90,0.787
A60656,EL GREEN LEAF HELWAN Branch 2861,727,98,0.959
A60657,El-Green Leaf Helwan (2),727,98,0.969
A60658,el Green Leaf Helwan Station St.,739,103,0.81
A60659,Ph/Green Leaf Helwan Branch 1,739,103,0.962
A60660,grene leaf helwan782,762,116,0.869
A60661,green leaf helwan,768,107,0.839
A60662,GREEN LEAF HELWAN 6th Zone,768,107,0.706
A60663,El-EL ZAHRAA FAISAL (2),707,96,0.903
A60664,El-el zahraa faisal Mall,715,96,0.704
A60665,El-El Zahraa Faisal 011,734,95,0.726
A60666,PH El Zahraa Faisal-A,734,95,0.672
A60667,EL ZAHRAA FAISAL Main Road,748,120,0.973
A60668,PH El Zahraa Faisal Branch 2,748,120,0.69
A60669,el zahraa faisal Main Road,757,105,0.961
A60670,El-EL ZAHRAA FAISAL br.2,757,105,0.94
A60671,El-EL ZAHHRAA FAISAL 6th Zone,763,99,0.695
A60672,Ph/El Zahraa Faisal 04185,763,99,0.943
A60673,el zahraa faisal Station St.,768,108,0.875
A60674,EL El Zahraa Faisal 011,768,108,0.75
A60675,EL ebn sina (2),752,93,0.751
A60676,Ebn Sina br.284,752,93,0.746
A60677,El-ebn sina rBanch 1,757,106,0.694
A60678,Ebn Sina Main Road,757,106,0.887
A60679,El-Ebn Sna,758,112,0.742
A60680,ebn sina Branch 2,758,112,0.671
A60681,PH Ebn Sina (2),769,94,0.975
A60682,Ph/Ebn Sina Main Road,769,94,0.925
A60683,Angel Smouha,709,90,0.998
A60684,PH Angel Smouha Mai nRoad,709,90,0.97
A60685,Angel Smouha br.2,711,96,0.905
A60686,Angel Smouha br.2,716,103,0.877
A60687,angel smouha 6th Zone469,716,103,0.891
A60688,EL ANGEL SMOUHA 6th Zone,717,97,0.693
A60689,PY/Angl Smouha 6th Zone,717,97,0.763
A60690,ANGEL SMOUHA,728,99,0.757
A60691,ANGEL SOMUHA190,738,98,0.799
A60692,El-angel smouha,740,89,0.741
A60693,EL Angel Smouha br.2,740,89,0.705
A60694,el Angel Smmouha-A,745,105,0.865
A60695,NILE CARE 04,724,98,0.647
A60696,PY/Nile Care Station St.,730,111,0.818
A60697,el Nile Care br.2,743,109,0.681
A60698,EL NILE CARE (2)688,768,109,0.754
A60699,nilec are-A,768,109,0.761
A60700,PH life line obour,704,103,0.679
A60701,life line obour-A,716,104,0.624
A60702,Life Line Obour Station St.,716,104,0.76
A60703,el Life Line Obour6 th Zone,718,107,0.856
A60704,ell ife line obour Branch 1,732,104,0.729
A60705,PH Life Line Obour Branch 1,732,104,0.988
A60706,el Life Line Obour 6th Zone,737,108,0.868
A60707,EL Life Line Obour 6th one,741,100,0.997
A60708,Life Lne Obour 011806,768,110,0.783
A60709,PY/seha first obour Station St.,725,95,0.968
A60710,EL SEHA IRST OBOUR-A365,732,105,0.783
A60711,PH Seha First Obour Mall,738,99,0.706
A60712,STAR CARE Station St.155,708,105,0.726
A60713,PH STAR CARE Main Road110,716,105,0.633
A60714,el star care 011,716,105,0.767
A60715,el STAR CARE (2)858,730,112,0.668
A60716,Star Care-A,730,112,0.871
A60717,PH Star Care 6th Zone,749,91,0.637
A60718,el STAR CARE,749,91,0.672
A60719,STAR CARE 6th Zone,758,113,0.97
A60720,EBN SINA FAISAL Branch 2,710,113,0.842
A60721,el Ebn Sina Faisal 6th Zone195,710,113,0.897
A60722,ebn sina faisal Statio nSt.,761,100,0.955
A60723,EL EBN SSINA FAISAL,765,84,0.657
A60724,Ph/Ebn Sina Faisal,765,84,0.804
A60725,el Hope Faisal Main Road461,710,114,0.665
A60726,hope faisal,722,121,0.976
A60727,PY/Hpoe Faisal 011,722,121,0.707
A60728,Hope Faisal840,733,97,0.74
A60729,El-hope faisal,733,97,0.836
A60730,El-Hope Fasial,739,104,0.81
A60731,El-hope faisal Station St.,739,104,0.934
A60732,Ph/HOPE FAISAL 04,741,101,0.64
A60733,El-Al Amal744,702,97,0.898
A60734,PH Al Amal 6th Zone,704,104,0.689
A60735,A AMAL,715,97,0.968
A60736,EL AL AMAL Branch 2,715,97,0.871
A60737,A AMAL-A,722,122,0.926
A60738,AL AMAL 0425,722,122,0.747
A60739,PY/Al Amal,734,96,0.735
A60740,EL AL AMAL,737,109,0.923
A60741,EL Al Amal,762,117,0.751
A60742,El-Ebn Sina-A322,720,93,0.735
A60743,El-Ebn Sina 04,720,93,0.69
A60744,El-Ebn Sina,736,104,0.704
A60745,PH EBN SINA,736,104,0.9
A60746,Ebn Siina br.2,737,110,0.95
A60747,Ebn Sina Statoin St.,737,110,0.767
A60748,Ebn Sina br.2,739,105,0.747
A60749,ebn sina 011,739,105,0.834
A60750,EL metro obour-A,715,98,0.693
A60751,Ph/Metro Obour 011,720,94,0.934
A60752,PY/Metro Obour Mall,720,94,0.819
A60753,el metro obour,733,98,0.658
A60754,Ph/metro obour Station St.,733,98,0.994
A60755,Metro Obour,743,110,0.88
A60756,Metro Obour Branch 2,769,95,0.888
A60757,EL Life Line Nozha 04,711,97,0.753
A60758,Life Line Nozhha br.2,711,97,0.636
A60759,PY/life line nozha Branch 1,723,122,0.812
A60760,PH Life Line Nozha,723,122,0.905
A60761,Ph/life line nozha Main Road,731,89,0.94
A60762,Life Line Nozha 6th ZZone857,733,99,0.885
A60763,life line nozha,743,111,0.905
A60764,golden care Main Road,726,112,0.818
A60765,PH Golden Care 6th Zone,726,112,0.849
A60766,PH Golden are 6th Zone243,729,95,0.79
A60767,el Golden Care 04,758,114,0.83
A60768,el golden care br.2,758,114,0.687
A60769,elite Main Road,705,109,0.882
A60770,Elite Mall,715,99,0.966
A60771,el ELITE 04,720,95,0.994
A60772,el elite Braanch 1,720,95,0.955
A60773,Ph/Elite Mall,735,105,0.708
A60774,elite-A,735,105,0.911
A60775,EL Elite br.2,744,101,0.928
A60776,EL Elite Branch 2,744,101,0.725
A60777,Elite (2),748,121,0.815
A60778,Elite,748,121,0.735
A60779,ELITE,758,115,0.984
A60780,elite Mall,758,115,0.699
A60781,Ph/ELITE Station St.,770,110,0.718
A60782,STAR CARE OBOUR,705,110,0.627
A60783,star care obour327,728,100,0.713
A60784,El-Star Care Obour,728,100,0.723
A60785,star care obour,736,105,0.844
A60786,PH Star Care Obour 011112,738,100,0.75
A60787,star care obour Branch 1140,744,102,0.692
A60788,Star Care Obour Mall,750,101,0.839
A60789,El-star care obour Main Road554,750,101,0.838
A60790,PY/Star Carre Obour-A,761,101,0.756
A60791,El-Ebn Sina Nozha Branch 2,703,96,0.813
A60792,el Ebn Sina Nozha Mall,715,100,0.68
A60793,PH Ebn Sina Nozha 6th Zone,715,100,0.992
A60794,Ph/EBN SINA NOZHA 011448,757,107,0.98
A60795,Ebn Sina Nozha,757,107,0.856
A60796,EL al nozhafaisal (2),707,97,0.748
A60797,Al Nozha Faisal,707,97,0.87
A60798,Al Nozha Faisal Mall,711,98,0.82
A60799,Al Nohza Faisal,726,113,0.758
A60800,PH al nozha faisal Branch 2172,726,113,0.828
A60801,EL AL NOZHA FAISAL Branch 2,736,106,0.949
A60802,Ph/Al Nozha Faisal,736,106,0.743
A60803,PH Al oNzha Faisal 011,738,101,0.642
A60804,el Al Nozha Faisal Branch 2,738,101,0.937
A60805,el AL NOZHA FAISSAL,739,106,0.646
A60806,Ph/AL NOZHA FAISAL 011273,741,102,0.625
A60807,El-al nozha faisal-A,744,103,0.632
A60808,El-ElZ ahraa Faisal 6th Zone155,714,100,0.723
A60809,el zahraa faisal Station St.,728,101,0.686
A60810,Ph/EL ZAHRAA FAISAL,745,106,0.78
A60811,El Zahraa Faisal Branch 1,745,106,0.636
A60812,EL EL ZAHRAA FAISAL 04,752,94,0.849
A60813,el el zahraa faisal389,759,108,0.668
A60814,el El Zahraa Faisal (2),759,108,0.939
A60815,el faraby 011,710,115,0.639
A60816,EL FARABY,710,115,0.633
A60817,EL FARABY674,713,80,0.752
A60818,ElF araby 011,713,80,0.724
A60819,EL FARABY Mall72,714,101,0.835
A60820,el el faraby Mlal,714,101,0.766
A60821,Ph/El Faraby br.2,722,123,0.913
A60822,PH El Faraby Mall,722,123,0.857
A60823,PY/EL FARABY (2),750,102,0.873
A60824,PH El Faraby Station St.,750,102,0.637
A60825,el faraby,762,118,0.832
A60826,elf araby,762,118,0.767
A60827,el AL NOZHA FAISAL,707,98,0.763
A60828,Al Nozha aFisal,717,98,0.809
A60829,EL al nozha faisal 6th Zone,717,98,0.675
A60830,PY/Al Nozha Faisal (2),723,123,0.827
A60831,EL al nozha faisal,723,123,0.624
A60832,EL Al Nozah Faisal507,729,96,0.638
A60833,al nozha faisal,729,96,0.628
A60834,PH al nozha faisal Branch 1,736,107,0.781
A60835,PH Al Nozha Faisal 04,736,107,0.622
A60836,al nozha faisal Station St.,737,111,0.867
A60837,Al Nozha Faisal (2),737,111,0.733
A60838,EL al nozha fiasal,762,119,0.941
A60839,PY/HOPE SHUBRA br.2585,711,99,0.74
A60840,hope hsubra,711,99,0.767
A60841,PY/Hope Shubra,757,108,0.982
A60842,El-HOPE SHUBRA Mall,757,108,0.827
A60843,El-Hope Shubra,767,94,0.703
A60844,el El Tourath Rehab View br.2,703,97,0.765
A60845,PY/El Tourath Rehab View Mall,715,101,0.999
A60846,EL El Tourath Rehab View (2),715,101,0.711
A60847,EL TOURATH REHAB VIEW Branch 2,752,95,0.898
A60848,Ph/El Hokama Nozha 04,709,91,0.828
A60849,PH El Hokmaa Nozha (2),728,102,0.801
A60850,el hokama nozha,731,90,0.964
A60851,El-El Hokama Nozha Station St.,731,90,0.699
A60852,el hokama nozha-A,733,100,0.977
A60853,EL El Hokama Nozha Main Road,749,92,0.678
A60854,el el hokama nozha 04622,749,92,0.864
A60855,Misr Faisal (2),704,105,0.893
A60856,EL misr faisaal 011301,704,105,0.794
A60857,Ph/MISR FAISAL-A,713,81,0.693
A60858,e MISR FAISAL (2),739,107,0.782
A60859,Misr Faisal 011,739,107,0.823
A60860,PY/MISR FAISAL (2),741,103,0.871
A60861,PH misr faisal,747,94,0.946
A60862,MISR FAISAL Statino St.,760,97,0.734
A60863,el Misr Fiasal,760,97,0.674
A60864,PH Misr Faisal (2),768,111,0.641
A60865,EL EL HOKAMA OCT CITY,708,106,0.793
A60866,PhE/l Hokama Oct City-A,723,124,0.648
A60867,el hokama oct ciity Mall578,735,106,0.665
A60868,el hokama oct city Mall,737,112,0.864
A60869,el EL HOKAMA OCT CITY Mall382,737,112,0.792
A60870,EL HOKAMA OCT CITY br.2,738,102,0.825
A60871,El Hokama Oct City br.2,747,95,0.662
A60872,Ph/El Hokama Oct City Station St.,756,99,0.924
A60873,PY/El Hokama Oct City 011232,756,99,0.792
A60874,PH Star Care Dokki-A,724,99,0.901
A60875,PH Star Care Dokki,724,99,0.817
A60876,El-Star Care Doki486,751,89,0.931
A60877,PH TSAR CARE DOKKI-A,751,89,0.806
A60878,PH star care dokki Station St.,757,109,0.877
A60879,METRO FAISAL Station St.,701,100,0.633
A60880,PY/METRO FAISAL 6th Zone,709,92,0.648
A60881,Meto Faisal-A,709,92,0.879
A60882,El-metro faisal-A501,718,108,0.784
A60883,EL metro faisal 04,728,103,0.712
A60884,EL Metro Faisal-A948,728,103,0.647
A60885,metro faisal 04,730,113,0.915
A60886,el Metro Faisal br.2,730,113,0.961
A60887,Mero Faisal,738,103,0.656
A60888,Mtro Faisal,768,112,0.623
A60889,Metro Fasial,768,112,0.831
A60890,NILE CARE 6th Zone,705,111,0.779
A60891,NILE CARE br.2,725,96,0.896
A60892,Ph/nile care Station St.,725,96,0.804
A60893,NILE CARE Mall,755,105,0.708
A60894,El-Nile Care br.2183,755,105,0.99
A60895,Ph/INLE CARE br.2,757,110,0.998
A60896,el NILE CARE br.2,757,110,0.799
A60897,PH nile care 04,763,100,0.846
A60898,El-Nile Care-A164,763,100,0.645
A60899,el Al Nozha 04,700,97,0.928
A60900,Al Noozha Main Road,707,99,0.959
A60901,AL NOZHA881,707,99,0.623
A60902,AL NOZHA 6th Zone,712,102,0.972
A60903,El-Al Nozha Station St.,759,109,0.903
A60904,Ph/AL NOZHA Branch 1,712,103,0.885
A60905,el AL NOZHA Branch 2,712,103,0.829
A60906,al nozha Mall,725,97,0.741
A60907,Al Nozha,725,97,0.667
A60908,Ph/Al Nozha StationS t.,744,104,0.971
A60909,AL NOZHA,744,104,0.954
A60910,AL NOZHA-A,753,101,0.878
A60911,Ph/AL NNOZHA,753,101,0.956
A60912,EL Al Nozha 04,763,101,0.799
A60913,Al Nozha Station St.,766,115,0.832
A60914,Al Nozha Branch 2,766,115,0.651
A60915,PH golden care Branch 1,702,98,0.646
A60916,GOLDEN CARE Branch 1,706,85,0.882
A60917,El-Goldenn Care 011,706,85,0.904
A60918,golden acre-A,716,106,0.979
A60919,Ph/glden care 011,716,106,0.914
A60920,el Golden Care 6th Zone,724,100,0.874
A60921,El-Golden Care (2),724,100,0.798
A60922,PY/Golden Care-A,728,104,0.719
A60923,EL Golden Care Station St.,770,111,0.912
A60924,PY/Golden Care 6th Zone,770,111,0.965
A60925,Seha First Mall,702,99,0.702
A60926,SEHA FIRST Branch 2,702,99,0.971
A60927,El-Seha First,719,102,0.896
A60928,Ph/SEHA FIRST,736,108,0.936
A60929,El-SEHA FIRST15,736,108,0.712
A60930,El-seeha first,737,113,0.851
A60931,EL Seha FFirst br.2,737,113,0.985
A60932,Seha First 04597,755,106,0.972
A60933,PH Seha First,761,102,0.918
A60934,seha first296,768,113,0.861
A60935,PY/Metro Nozha Mall,703,98,0.704
A60936,Metro Nozha Mall,703,98,0.675
A60937,METRO NOZHA 04,706,86,0.738
A60938,PH Metro Nozha,720,96,0.644
A60939,el Metro Nozha,732,106,0.9
A60940,Metro Nozha (2),732,106,0.717
A60941,Star Care Faisal,701,101,0.811
A60942,PY/Star Cae Faisal,701,101,0.829
A60943,El-Star Care Faisal Branch 1,724,101,0.649
A60944,el Star Care Faisal-A,736,109,0.824
A60945,PY/Star Care Faisal,741,104,0.907
A60946,el star are faisal,741,104,0.962
A60947,Ph/star care faisal br.2,744,105,0.738
A60948,Star Care Faisal,760,98,0.853
A60949,Ph/EBN SINA Branch 2,704,106,0.736
A60950,el EBN SINA 04,704,106,0.777
A60951,Ebn Sina br.2702,717,99,0.656
A60952,Ebn Sian 011,717,99,0.922
A60953,El-ebn sina (2),756,100,0.673
A60954,EL Ebn Sina,756,100,0.661
A60955,PY/Elite Banha Branch 2,711,100,0.772
A60956,El-Elite Banha Branch 2,711,100,0.649
A60957,elite banha-A748,726,114,0.921
A60958,Ph/Elite Banha (2)540,734,97,0.92
A60959,PH Elite Banha Station St.894,752,96,0.715
A60960,EL Elite Banha 04423,765,85,0.899
A60961,El-elite banha Main Road,765,85,0.759
A60962,el ELITE BANHA409,767,95,0.87
A60963,EL Misr Smouha Main Road,703,99,0.828
A60964,el MISR SMOUHA Branch 1,703,99,0.698
A60965,PH Misr Smouha Station St.,713,82,0.769
A60966,Misr Smouha-A,752,97,0.714
A60967,misr smouuha,761,103,0.682
A60968,PY/misr smouha Station St.,767,96,0.743
A60969,El-Misr Smouha br.2,767,96,0.979
A60970,Ph/El Tourath (2),709,93,0.765
A60971,Ph/EL TOURATH Mall,709,93,0.623
A60972,EL TOURATH,722,124,0.703
A60973,Ph/El Tourath Branch 2,722,124,0.862
A60974,E lTourath Branch 1,728,105,0.958
A60975,El Tourath (2)576,728,105,0.796
A60976,Ph/El Tourrath 011,746,101,0.865
A60977,PY/EL TOURATH (2),756,101,0.778
A60978,PY/Green Leaf 04,709,94,0.915
A60979,Ph/Green Leaf 011,743,112,0.661
A60980,PY/green leaf Branch 1,743,112,0.679
A60981,EL Green Leaf Main Road532,745,107,0.741
A60982,ElG-reen Leaf,745,107,0.963
A60983,PY/GREEN LEAF 6th Zone,746,102,0.758
A60984,El-Green Leaf br.2,746,102,0.832
A60985,el GREEN LEAF 04,763,102,0.94
A60986,El Baraka Faisal Branch 2,711,101,0.706
A60987,el baraka faisal 011,711,101,0.849
A60988,el El Baraka Faisal 011,717,100,0.673
A60989,E LEl Baraka Faisal br.2339,717,100,0.933
A60990,EL BARAKA FAISAL Stattion St.,721,106,0.71
A60991,EL BARAKA FAISAL487,735,107,0.919
A60992,El Baraka Faisal Mall,735,107,0.931
A60993,el star care agami Brancch 1190,701,102,0.958
A60994,PH Star Care Agami Mall,701,102,0.631
A60995,star care agami,702,100,0.948
A60996,Star Care Agami Station St.,702,100,0.973
A60997,Star Car Agami,704,107,0.793
A60998,STAR CARE AGAMI 04,704,107,0.671
A60999,El-STAR CARE AGAMI 011,740,90,0.748
A61000,STAR CARE AGAMI,748,122,0.726
A61001,star care agami 04695,748,122,0.94
A61002,Ph/Star Care Agami491,749,93,0.681
A61003,Star Care Agami Branch 116,750,103,0.799
A61004,PY/STAR CARE AGAMI,750,103,0.836
A61005,Ebn Sina Faisal 011,708,107,0.735
A61006,El-Ebn Sina Faisal Main Road,708,107,0.798
A61007,Ph/ebn sina faisal br.2546,720,97,0.972
A61008,Ebn Sina Faisal 6th Zone44,720,97,0.676
A61009,PY/Ebn Sina Faisal 6th Zone,726,115,0.805
A61010,PY/Ebn Sina Faisal 04,726,115,0.936
A61011,EBN SINA FAISAL 6th Zone841,728,106,0.916
A61012,ebn sina faisal 04,744,106,0.63
A61013,el EbnS ina Faisal br.2,756,102,0.705
A61014,PY/Ebn Sina Faisal 011,756,102,0.664
A61015,EL ebn sina faisal Mall,762,120,0.937
A61016,EL ebn sina faisal 011,762,120,0.677
A61017,PH Ebn Sina Faisal Station St.,764,106,0.973
A61018,EL Seha First 2)922,705,112,0.767
A61019,SEHA FIRST,708,108,0.697
A61020,Ph/SEHA FIRST,724,102,0.727
A61021,el El Baraka Mall192,704,108,0.96
A61022,El Baraka aMll,705,113,0.723
A61023,El Baraka,705,113,0.65
A61024,El Baraka Statoin St.,719,103,0.742
A61025,el baraka,721,107,0.796
A61026,EL EL BARAKA Branch 2,721,107,0.703
A61027,el baraka-A,733,101,0.886
A61028,PY/El Baraka br.2,744,107,0.812
A61029,el baraka Branch 1,757,111,0.764
A61030,ELL El Baraka Station St.,767,97,0.964
A61031,El Baraka Branch 2,767,97,0.735
A61032,PH Green Lefa 011,704,109,0.881
A61033,green leaf 04,704,109,0.974
A61034,ElG-reen Leaf 011,720,98,0.678
A61035,el Green Leaf,720,98,0.734
A61036,PH green leaf Branch 2,723,125,0.64
A61037,PY/Green Leaf 04,723,125,0.843
A61038,El-green leaf Station St.,743,113,0.631
A61039,Green Leaf Station St.,743,113,0.828
A61040,Silver Carre br.2,704,110,0.779
A61041,EL silver care Station St.,704,110,0.684
A61042,el silver care,728,107,0.885
A61043,PY/Silver Care (2)465,734,98,0.702
A61044,el SILVER CARE Station St.,734,98,0.976
A61045,el Golden Care 011866,710,116,0.713
A61046,Ph/Golden Care 6tth Zone701,710,116,0.707
A61047,EL GOLDEN CARE br.2,711,102,0.625
A61048,el Gloden Care Mall61,727,99,0.896
A61049,golden care Mall,727,99,0.815
A61050,Golden Care,739,108,0.648
A61051,golden cre,751,90,0.719
A61052,golden care Branch 1,760,99,0.779
A61053,Golden Care Branch 2,760,99,0.741
A61054,PH Alpha Pharma Station St.,700,98,0.663
A61055,El-alpha pharma Branch 2152,703,100,0.868
A61056,el ALPHA PHARMA (2),703,100,0.732
A61057,EL alpha pharma,719,104,0.928
A61058,ALPHA PHARMA 04,727,100,0.637
A61059,El-Alpha Pharma br.2,727,100,0.894
A61060,alpha pharma 04349,730,114,0.708
A61061,EL ALPHA PHARMA 011,730,114,0.788
A61062,PH Alpha Pharma (2),770,112,0.996
A61063,EL Pharma Plus Main Road,735,108,0.966
A61064,El-Pharma Plus (2),735,108,0.969
A61065,EL phara plus-A,755,107,0.927
A61066,pharma plus Mall,765,86,0.674
A61067,PH PHARMA PLUS br.2,765,86,0.737
A61068,PHARMA PLUS Mall,768,114,0.662
A61069,PH Pharma Plus,768,114,0.996
A61070,EL Pharma Plus Main Road,710,117,0.837
A61071,el pharma plus,715,102,0.759
A61072,El-PHARMA PLUS Station St.,717,101,0.73
A61073,Pharma Plus Mall,746,103,0.937
A61074,EL pharma plus Branch 1,755,108,0.861
A61075,PH Pharma Plus (2),756,103,0.672
A61076,EL pharma plus Station St.,756,103,0.994
A61077,PH Phrama Plus 04,770,113,0.752
A61078,PH angel Branch 1,702,101,0.675
A61079,Angel-A,702,101,0.653
A61080,PY/ANGEL Main Road,733,102,0.803
A61081,ANGELL br.2,733,102,0.65
A61082,PH ANGEL Station St.,739,109,0.918
A61083,Angel 011,739,109,0.625
A61084,El-agel,759,110,0.73
A61085,PH Angel,759,110,0.967
A61086,PH Seha FirstF aisal Branch 2,712,104,0.844
A61087,Ph/Seha First Faisal br.2,731,91,0.799
A61088,Seha First Faisal,752,98,0.683
A61089,el SEHA FIRST FAISL-A,752,98,0.662
A61090,El-seha first faisal 04,761,104,0.632
A61091,PH Seha First Faisal br.2,761,104,0.983
A61092,PY/seha first faisal219,763,103,0.67
A61093,el seha first faisal Mall,764,107,0.863
A61094,EL Mira Faisal,703,101,0.701
A61095,el mira faisal,722,125,0.648
A61096,El-mira faisal Station St.,722,125,0.964
A61097,Mira Faisal Station St.,727,101,0.83
A61098,El-Mira Faisal,727,101,0.692
A61099,Mira Faisal Mai nRoad,753,102,0.85
A61100,PH SILVER CARE HARAM 6th Zone,707,100,0.914
A61101,el silver care haram Station St.,720,99,0.638
A61102,EL silver care haram Branch 2,720,99,0.956
A61103,Ph/Silver Care Hara m(2),739,110,0.653
A61104,PH Silver Care Haram Main Road,740,91,0.715
A61105,Silver Care Haram Station St.,763,104,0.825
A61106,El-Silver Care Haram br.2,763,104,0.92
A61107,Ph/alpha pharma Station St.,718,109,0.648
A61108,EL alpha pharma (2),720,100,0.665
A61109,ALPHA HPARMA,720,100,0.989
A61110,ALPHAP HARMA-A,728,108,0.935
A61111,el Alpha Pharm a(2),728,108,0.839
A61112,Alph aPharma,738,104,0.993
A61113,PY/Alpha Pharma Main Road,738,104,0.743
A61114,ALPHA PHARMA Mall812,740,92,0.787
A61115,el Alpha Pharma788,740,92,0.662
A61116,ALPHA PHARMA,760,100,0.83
A61117,P/YALPHA PHARMA Mall,760,100,0.761
A61118,el ALPHA PHARMA (2),701,103,0.961
A61119,Ph/Alpha Pharma br.2,701,103,0.906
A61120,El-Alpha Pharma 04,710,118,0.869
A61121,PY/Alpha Pharma 6th Zone,720,101,0.715
A61122,EL alpha pharma,721,108,0.742
A61123,ALPHA PHARMA 6th Zone,739,111,0.823
A61124,Alpha Pharma Branch 2188,742,93,0.929
A61125,el Alpha Pharma-A,742,93,0.934
A61126,PH alpha pharma,747,96,0.623
A61127,alpha pharma 6th Zone,747,96,0.94
A61128,EL Alpha Phamra Main Road,765,87,0.679
A61129,Angel Faisal br.2,713,83,0.772
A61130,El-angl faisal,713,83,0.978
A61131,el Angel Faisal-A,723,126,0.761
A61132,PH ANGEL FAISAL,728,109,0.804
A61133,angel fisal-A,728,109,0.709
A61134,PY/Angel Faisal 6th Zone,739,112,0.876
A61135,angel faisal Branch 1,739,112,0.755
A61136,angel faisal Branch 1,753,103,0.838
A61137,PH Angel Faisal Main Road,753,103,0.962
A61138,angel faisal Main Road,762,121,0.919
A61139,angel faisal 04,762,121,0.642
A61140,Ph/green leaf agami br.2,725,98,0.914
A61141,PH GREEN LEAF AGAMI373,725,98,0.702
A61142,el GREEN LEAF AGAMI,729,97,0.743
A61143,green leaf agami br.2,738,105,0.885
A61144,Green Leaf Agami Branch 1,738,105,0.952
A61145,EL GREEN LEAF AGAMI Branch 1,742,94,0.642
A61146,GREEN LEAF AGAMI 011,745,108,0.958
A61147,FAMIL FAISAL Branch 2,734,99,0.989
A61148,PY/family faisal Station St.,761,105,0.683
A61149,Family Faisal 04,761,105,0.667
A61150,Family Faisal Branch 186,766,116,0.809
A61151,el Union Pharm Faisal 04649,702,102,0.816
A61152,Union Pharm Faisa-A,723,127,0.779
A61153,PY/Union Pharm Faisal br.2,735,109,0.669
A61154,Ph/Union Pharm Faisal,756,104,0.893
A61155,Ph/STAR CARE HELWAN 011647,745,109,0.626
A61156,star care helwan 011756,746,104,0.959
A61157,star care helwan Mall,746,104,0.713
A61158,EL star care helwan,754,102,0.751
A61159,Ph/Star Care Helwan Branch 2,754,102,0.906
A61160,Ph/STAR CARE REHAB VIEW Mall,708,109,0.908
A61161,el Star Care Rehab View,715,103,0.97
A61162,star care rehab view Station St.,715,103,0.661
A61163,STAR CARE REHAB VIEW Branch 2,717,102,0.904
A61164,PY/STAR CARE REHAB VIEW-A,717,102,0.818
A61165,el Star Care Rehab View Main Road127,738,106,0.805
A61166,el star care rehab view Mall,742,95,0.997
A61167,STAR CARE REHAB VIEW,744,108,0.718
A61168,PY/Star Care Rehab View428,744,108,0.803
A61169,star care rehab view,746,105,0.687
A61170,PY/GREEN LEAF Main Road,702,103,0.729
A61171,el GREEEN LEAF Main Road,707,101,0.722
A61172,El-green leaf,707,101,0.678
A61173,Ph/Green Leaf 04,715,104,0.711
A61174,el Green Leaf Branch 2,715,104,0.965
A61175,PY/Green Leaf,727,102,0.649
A61176,El-Green Leaf (2),727,102,0.654
A61177,PH Green Leaf Branch 2,729,98,0.774
A61178,GREEN LEAF br.2,729,98,0.978
A61179,Ph/green leaf,740,93,0.642
A61180,EL Green Leaf 04,740,93,0.657
A61181,Ph/GREEN LEAF Station St.,747,97,0.993
A61182,green leaf 6th Zone,747,97,0.916
A61183,Ph/Green Laf (2),762,122,0.755
A61184,El-GREEN LEAF,762,122,0.737
A61185,Ph/Omega 6th Zone,712,105,0.97
A61186,omega (2),712,105,0.831
A61187,e lOMEGA 011,716,107,0.799
A61188,Ph/omega br.2,716,107,0.683
A61189,PY/OMEGA Main Road,729,99,0.714
A61190,EL Omega Branch 1,729,99,0.742
A61191,Omega Branch 1,733,103,0.695
A61192,Omega504,733,103,0.733
A61193,el omega Branch 1,738,107,0.864
A61194,el Omega-A,738,107,0.678
A61195,PY/OMEGA Mall,769,96,0.865
A61196,el omega Station St.,769,96,0.658
A61197,el BLUE WAVE SHURA,713,84,0.925
A61198,El-blue wave shubra Branch 1,738,108,0.675
A61199,Ph/blue wave suhbra br.2885,748,123,0.633
A61200,PH Blue Wave Shubra Station St.828,748,123,0.953
A61201,PH BLUE WAVE SHUBRA Mall,752,99,0.922
A61202,El-BLUE WAVE SHUBRA Mall,752,99,0.69
A61203,El-Blue Wave Shubra (2),758,116,0.646
A61204,El-BlueWave Shubra,764,108,0.691
A61205,EL Blue Wave Shubra Mall,767,98,0.82
A61206,Ebn Sina,726,116,0.723
A61207,El-ebn sina,728,110,0.65
A61208,PH ebn sina br.2,731,92,0.833
A61209,E-lebn sina 011370,745,110,0.921
A61210,el ebn sina Mall27,745,110,0.927
A61211,Ebn Sina br.2,754,103,0.649
A61212,PY/AL NOZZHA SQUARE,718,110,0.631
A61213,PH AL NOZHA SQUARE-A,719,105,0.747
A61214,PY/al nozha squae Mall,719,105,0.858
A61215,El-Al Nozha Square Branch 2,724,103,0.9
A61216,El-al nozha square50,724,103,0.787
A61217,al nozha square Branch 1,728,111,0.829
A61218,Al Nozha Square 04,734,100,0.994
A61219,El-Al Nozha Square 04,734,100,0.695
A61220,ElAl Nozha Square 6th Zone,735,110,0.766
A61221,Al Nozha Squarre-A,735,110,0.83
A61222,PH al nozha square br.2,756,105,0.816
A61223,Ph/Al Nozha Sqare Branch 2,756,105,0.694
A61224,AL NOZHA SQUARE Branch 2516,760,101,0.721
A61225,EL Al Nozha Square Mall,760,101,0.956
A61226,El-LIFE LINE FAISAL,702,104,0.677
A61227,EL Life Line Faisal Station tS.,702,104,0.782
A61228,Life Line Faisal,728,112,0.686
A61229,PY/Life Line Faisal 6th Zoone,728,112,0.658
A61230,El-Life Line Faisal Main Road,729,100,0.621
A61231,PY/life line faisal 011,741,105,0.882
A61232,PH LIFE LINE FAISAL Main Road,751,91,0.679
A61233,life line faisal br.2,751,91,0.793
A61234,LIFE LINE FAISSAL br.2,755,109,0.729
A61235,EL life line faisal,755,109,0.719
A61236,PH LIFE LINE FAISAL,764,109,0.832
A61237,EL LIFE LINE FAISAL Main Road,764,109,0.713
A61238,Ph/LIFE LINE FAISAL Mall,765,88,0.827
A61239,PYlife line faisal 04,765,88,0.787
A61240,EL BARAKA,717,103,0.645
A61241,PH el baraka Station St.310,743,114,0.873
A61242,PY/el baraka (2),746,106,0.661
A61243,Ph/EL BARAKA Mall,770,114,0.623
A61244,PY/el baraka,770,114,0.644
A61245,family,717,104,0.634
A61246,el family 011,717,104,0.669
A61247,Ph/family,738,109,0.629
A61248,FAMILY-A484,738,109,0.661
A61249,El-family 04,740,94,0.861
A61250,el family br.2,740,94,0.911
A61251,PH FAMILY 04,763,105,0.695
A61252,El-family 011,763,105,0.671
A61253,E-lAlpha Pharma 011,706,87,0.918
A61254,Alpha Pharma Mall,706,87,0.876
A61255,Alpha Pharma 04,731,93,0.987
A61256,EL ALPHA PHARMA 04,731,93,0.729
A61257,PH Alpha Pharma261,737,114,0.809
A61258,Ph/Alpha Pharma 6th Zone701,742,96,0.93
A61259,el el shifa faisal (2)692,707,102,0.825
A61260,EL SHIFA FAISAL Branch 2,735,111,0.739
A61261,el shifa faisal (2),764,110,0.759
A61262,EL el shifa faisal 04,769,97,0.994
A61263,PH El Shifa Faisal Station St.,769,97,0.759
A61264,METRO REHAB VIEW,712,106,0.943
A61265,El-Metro Rehab View,712,106,0.822
A61266,El-METRO REHAB VIEW Branch 2,742,97,0.677
A61267,el Metroo Rehab View Branch 1,767,99,0.685
A61268,el Metro Rehab View MMall643,767,99,0.685
A61269,Ph/El Tourath Smouha 011,718,111,0.696
A61270,PH EL TOURATH SMOUHA 6th Zone,718,111,0.85
A61271,PH el tourath smouha,719,106,0.876
A61272,PH El Tourath Smouha Station St.,725,99,0.833
A61273,el tourath smouha 04,725,99,0.894
A61274,El-El Zahraa (2),719,107,0.623
A61275,el EL ZAHRAA Branch 1,719,107,0.965
A61276,ElZahraa,724,104,0.943
A61277,PY/el zahraa Branch 2760,724,104,0.978
A61278,PY/EL ZAHRAA 6th Zone,732,107,0.946
A61279,PY/Ell Zahraa,733,104,0.814
A61280,el zahraa Branch 1,760,102,0.786
A61281,El-El Zahraa 011,760,102,0.959
A61282,PH EL ZAHRAA Mall,762,123,0.959
A61283,EL SEHA FIRST FAISAL Branch 1,711,103,0.766
A61284,SEHA FIRST FAISAL Branch 1,711,103,0.92
A61285,seha firstt faisal-A,738,110,0.659
A61286,PY/Seha First Faisal 011,738,110,0.958
A61287,Ph/SEHA FIRST FAISAL Branch 2,739,113,0.899
A61288,El-Seha First Faisal (2),749,94,0.68
A61289,Seha First Faisal Main Road548,763,106,0.993
A61290,PH seha first faisal 6th Zone,763,106,0.942
A61291,El-seha first faisal br.2,768,115,0.626
A61292,seha first faisal (2),769,98,0.93
A61293,Life Line306,700,99,0.881
A61294,PY/life line Station St.,716,108,0.722
A61295,El-Life Line br.2831,716,108,0.974
A61296,el Life Line (2),718,112,0.926
A61297,el LIFE LINE,725,100,0.813
A61298,el LIFE LINE,725,100,0.78
A61299,Ph/Life Line 6th Zone,728,113,0.909
A61300,el Life Line 04287,728,113,0.703
A61301,life line Branch 1,764,111,0.723
A61302,El-Life Line Branch 2,767,100,0.707
A61303,El-life line 011358,767,100,0.639
A61304,el life line Branch 1867,768,116,0.941
A61305,Ph//Life Line Mall,768,116,0.726
A61306,el EL HOKAMA FAISAL 6th Zone252,703,102,0.732
A61307,el hokama faisal br.2,703,102,0.621
A61308,PY/el hokama faisal (2),705,114,0.792
A61309,Ph/EL HOKAMA FAISAL 011,719,108,0.856
A61310,PY/el hkama faisal 04430,719,108,0.871
A61311,el el hokama faisal,735,112,0.897
A61312,EL HOKAMA FAISAL ((2),739,114,0.914
A61313,El-EL HOKAMA FAISAL,739,114,0.933
A61314,PH El Hokama Faisal 011,749,95,0.89
A61315,el EL HOKAMA FAISAL Mall,758,117,0.702
A61316,El-El Hokama Faisal-A551,764,112,0.825
A61317,El-Silver Care Rehab View495,705,115,0.632
A61318,el Silver Care Rehab View Station St.,718,113,0.712
A61319,Silver Care Rehab View Mall,755,110,0.971
A61320,el Silver Care eRhab View,757,112,0.844
A61321,el silver care rehab view Mall,760,103,0.976
A61322,Nile Care Oct City 6th Zone,716,109,0.7
A61323,el Nile Care Oct CCity,717,105,0.671
A61324,el Nile Care Oct City br.2286,717,105,0.898
A61325,PH Nile Care Oct City Mall,732,108,0.698
A61326,el nile care oct city 011,732,108,0.668
A61327,el NILE CARE OCT CITY Main Road575,745,111,0.953
A61328,el nile care oct city Branch 1,745,111,0.627
A61329,el Nile Care Oct City Station St.,770,115,0.882
A61330,EL SHIFA SMOUHA-A,715,105,0.69
A61331,el El Shifa Smouha,715,105,0.904
A61332,El Shifa Smouha,723,128,0.91
A61333,EL SHIFA SMOUHA (2),730,115,0.735
A61334,Ph/el shifa smouha Station St.,739,115,0.809
A61335,El Shifa Smouha Main Road,741,106,0.979
A61336,PY/el shifa smouha,761,106,0.933
A61337,el silver care faisal 011,702,105,0.702
A61338,el Silver Care Faisal,727,103,0.626
A61339,silver care faisal108,728,114,0.698
A61340,el Silver Care Faisal,728,114,0.786
A61341,EL silver carefaisal,734,101,0.828
A61342,Silver Care Faisal br.2,749,96,0.867
A61343,SILVER CARE FAISAL 6th Zone,751,92,0.629
A61344,el Silver Care Faisal,760,104,0.878
A61345,PY/SILVER CARE FAISAL Main Road,760,104,0.937
A61346,Ph/Health Gate Dokki-A,704,111,0.855
A61347,HEALTH GATE DOKKI 04415,721,109,0.908
A61348,EL Health Gate Dokki-A,730,116,0.649
A61349,EL HEALTH GATE DOKKI br.2,730,116,0.629
A61350,Ph/Health Gate Dokki Mall,737,115,0.718
A61351,health gate dokki Branch 2,737,115,0.925
A61352,Health Gate Dokki 04,745,112,0.659
A61353,Health Gate Dokki Branch 2285,745,112,0.81
A61354,el Health Gate Dokki 6th Zone,752,100,0.928
A61355,HEALTH GATE DOKKI Station St.,752,100,0.661
A61356,el elite montaza,709,95,0.855
A61357,El-Elite Montaza Mall,722,126,0.753
A61358,El-Elit Montaza,724,105,0.939
A61359,el ELITEM ONTAZA Branch 2,724,105,0.762
A61360,PH Elite Montaza 011,734,102,0.761
A61361,El-elite montaza Station St.,735,113,0.746
A61362,Elite Montaza Branch 2,735,113,0.883
A61363,PY/ELITE MONTAZA,737,116,0.968
A61364,ELITE MONTAZA Main Road328,737,116,0.774
A61365,El-Elite Montaza,742,98,0.965
A61366,El-elite montaza Branch 2,769,99,0.683
A61367,el shifa faisal r.2,702,106,0.78
A61368,EL SHIFA FAISAL-A,702,106,0.8
A61369,El SShifa Faisal,709,96,0.844
A61370,EL SHIFA FAISAL Station St.,720,102,0.878
A61371,EL el shifa faisal 6th Zone,720,102,0.85
A61372,el El Shifa Faisal Mall,726,117,0.797
A61373,el El Shifa Faisal 011347,726,117,0.809
A61374,El Shifa Faaisal Main Road,730,117,0.776
A61375,PY/El Shifa Faisal,730,117,0.909
A61376,Ph/El Shifa Faisal Station St.,765,89,0.763
A61377,Ph/Seha Fiirst Mall976,703,103,0.784
A61378,el SEHA FIRST 6th Zone,703,103,0.698
A61379,PH SEHA FIRST Branch 1,712,107,0.913
A61380,Seha First (2),712,107,0.668
A61381,el Seha First 04848,718,114,0.864
A61382,PY/seha first 6th Zone,731,94,0.858
A61383,life line hadayek br.2,704,112,0.722
A61384,life line hadayek Branch 1,704,112,0.639
A61385,PY/life line hadyaek,713,85,0.875
A61386,Life Line Hadayek-A,713,85,0.788
A61387,PH life line hadayek,715,106,0.877
A61388,PY/Life Line Hdaayek Mall,715,106,0.772
A61389,PH LIFE LINE HADAYEK,718,115,0.906
A61390,EL Life Line Hadayek 011,743,115,0.989
A61391,PY/Life Line Hadayek Main Road,743,115,0.964
A61392,Ph/Life Line Hadayek,757,113,0.671
A61393,PH LIFE LINE HADAYEK,762,124,0.819
A61394,Life Line Hadayek Branch 1,768,117,0.717
A61395,Life Line Hadayek,768,117,0.745
A61396,Al Nozha-A644,703,104,0.65
A61397,Al Nozha Branch 2,703,104,0.966
A61398,PH LA NOZHA br.2,708,110,0.949
A61399,Al Nozha,708,110,0.642
A61400,Ph/AL NOZHA-A,718,116,0.832
A61401,Al Nozha Branch 1,718,116,0.718
A61402,PH Al Nozha 04533,725,101,0.778
A61403,Al Nozha Main Road,725,101,0.985
A61404,El-Al Nozha Main Road253,736,110,0.719
A61405,PH al nozha 011771,739,116,0.905
A61406,PY/Al Nozh-aA571,739,116,0.725
A61407,el El Faraby Branch 1,703,105,0.945
A61408,el el faraby br.2,726,118,0.64
A61409,Ph/El Faraby Main Road,741,107,0.97
A61410,El Faraby Branch 2,760,105,0.987
A61411,EL FARABY 011,760,105,0.727
A61412,EL El Fraaby,762,125,0.982
A61413,el el faraby (2)194,762,125,0.626
A61414,ell El Faraby,766,117,0.708
A61415,el El Faraby Main Road,766,117,0.693
A61416,el faraby (2),769,100,0.966
A61417,El Faraby Main Road,769,100,0.967
A61418,EL CARE 24 SEVEN 6th Zone,732,109,0.637
A61419,El-Care 24 Seven Mall,732,109,0.835
A61420,PH care 24 seven Station St.,744,109,0.841
A61421,elCare 24 Seven-A,744,109,0.914
A61422,el Care 24 Seven12,749,97,0.71
A61423,CARE 24 SEVEN br.2,764,113,0.906
A61424,El-golden care hadayyek 04665,710,119,0.648
A61425,PH Golden Care Hadayek 6th Zone,721,110,0.834
A61426,EL Golden Care Hadayek,741,108,0.805
A61427,Ph/Golden Care Hadayek Branch 2,741,108,0.984
A61428,El-golden care hadayek 011788,749,98,0.869
A61429,Golden Care Hadayek Branch 1,749,98,0.712
A61430,PH GOLDEN CARE HADAYEK Mall,765,90,0.635
A61431,GOLDEN CARE HADAYEK 011330,765,90,0.919
A61432,PH GOLDEN CARE HADAYEK br.2292,770,116,0.672
A61433,El-Alpha Pharma Agami br.2,703,106,0.919
A61434,Alpha Pharma Agami Branch 1,705,116,0.729
A61435,alpha pharma agami 04,705,116,0.86
A61436,EL alpha pharma agami,732,110,0.936
A61437,Alpha Pharma Agmi-A484,732,110,0.736
A61438,El-alpha pharma agami Branch 1,734,103,0.697
A61439,El-alpha pharma agami (2),734,103,0.753
A61440,el Silver Care Smouha br.2,702,107,0.935
A61441,silver care smouha Branch 2705,722,127,0.935
A61442,el silver care souha Mall,722,127,0.892
A61443,Silver Care Smouha Branch 2,741,109,0.95
A61444,El-Silver Car Smouha,741,109,0.935
A61445,El-SIILVER CARE SMOUHA br.2,750,104,0.896
A61446,SILVER CARE SMOUHA 04,766,118,0.754
A61447,silver care smouha 04804,766,118,0.981
A61448,SILVER CARE SMOUHA-A,769,101,0.99
A61449,EL Silver Care Smouha Station St.,769,101,0.799
A61450,omega nozha 011,704,113,0.629
A61451,El-Omega Nozha Branch 2995,704,113,0.978
A61452,El-OMEGA NOZHA Station St.,707,103,0.712
A61453,PY/Omega Nozha,707,103,0.812
A61454,El-Omega Nozha,726,119,0.767
A61455,PH Surise 04,720,103,0.808
A61456,Sunrise,720,103,0.951
A61457,PHH SUNRISE br.2,734,104,0.897
A61458,EL SUNISE 04258,734,104,0.658
A61459,Sunrise Mall,739,117,0.991
A61460,Sunrise Station St.,739,117,0.635
A61461,Sunrise Mall,740,95,0.879
A61462,PH Sunrise Branch 1,740,95,0.773
A61463,SUNRISE 6th Zone,741,110,0.992
A61464,SUNRISE 04,748,124,0.897
A61465,Sunrise-A,748,124,0.816
A61466,el El Nasr Hadayek 011,716,110,0.646
A61467,El-El Nasr Hadayek Branch 1,716,110,0.936
A61468,PY/el nasr hadayek 011,733,105,0.758
A61469,EL El Nasr Hadayek 011,737,117,0.99
A61470,EL NASR HADAYEK 6th Zone,737,117,0.977
A61471,PY/el nasr hadayek Branch 1,744,110,0.76
A61472,EL El Nasr Hadaayek br.2,746,107,0.995
A61473,PH el nasr hadayek 04833,746,107,0.702
A61474,PY/el nasr haadayek Branch 2,749,99,0.73
A61475,el el nasr hadayek Station St.,755,111,0.629
A61476,El Faraby Hadayek (2),706,88,0.862
A61477,PY/El Faraby Hadayek,710,120,0.886
A61478,Ph/EL FARABY HADAEYK 04649,710,120,0.694
A61479,EL FARABY HADAYEK 6th Zone,723,129,0.861
A61480,PH El Faraby Hadayek,728,115,0.928
A61481,PY/EL FARABY HADAYEK (2),728,115,0.736
A61482,PH EL FARABY HADAYEK Mall,738,111,0.888
A61483,el faraby hadayek,747,98,0.655
A61484,PH el faraby hadayek br.2,747,98,0.766
A61485,EL FARABY HADAYEK,749,100,0.894
A61486,El-Al Nozha 6th Zone,730,118,0.764
A61487,Al Nozha Branch 2,753,104,0.637
A61488,A NOZHA Mall705,762,126,0.961
A61489,Al Nozhab r.2,762,126,0.777
A61490,El-angel hadayek773,709,97,0.676
A61491,Angel Hadayek,721,111,0.861
A61492,EL angel hadayek Mall,728,116,0.666
A61493,el angel hadayek Mall721,728,116,0.686
A61494,Angel Hadayek 011,737,118,0.905
A61495,EL ANGEL HADAYEK 04,746,108,0.658
A61496,ANGEL HADAYEK Main Road587,746,108,0.869
A61497,PH ANGEL HADAYEK Station St.,759,111,0.792
A61498,El-City Care Rehab View,709,98,0.727
A61499,Ph/City Care Rehab View Main Road,720,104,0.666
A61500,City Care Rehab View-A,720,104,0.873
A61501,city car rehab view Main Road209,727,104,0.654
A61502,el CITY CARE REHAB VIEW-A,727,104,0.722
A61503,city care rehab view,752,101,0.625
A61504,City Care Rehab View 011,752,101,0.629
A61505,El-City Care Hadayek857,709,99,0.817
A61506,EL City Care Hadayek 04,713,86,0.95
A61507,ciity care hadayek,717,106,0.78
A61508,PY/City Care Hadayek Branch 2,736,111,0.834
A61509,City Care Hadayek,736,111,0.772
A61510,Ph/City Care Hadayek,754,104,0.886
A61511,EL City Care Hadayek Branch 2,754,104,0.735
A61512,PH Cityy Care Hadayek Main Road,761,107,0.624
A61513,Ph/city care hadayek Station St.,761,107,0.917
A61514,City Care Hadayek br.2,763,107,0.807
A61515,CITY CARE HADAYEK-A520,763,107,0.899
A61516,City Care Hadayek,764,114,0.978
A61517,City Care Hadayek Mall,764,114,0.624
A61518,el Seha First (2)619,700,100,0.884
A61519,EL seha first Station St.,700,100,0.928
A61520,EL seha first,706,89,0.758
A61521,el Seha First Station St.,713,87,0.881
A61522,SEHA FIRST br.2,716,111,0.851
A61523,Seha First 6th Zone327,729,101,0.987
A61524,PY/Seha First Mall,755,112,0.94
A61525,EL Seha First,761,108,0.639
A61526,PY/seha first,761,108,0.86
A61527,EL Seha First 04,762,127,0.927
A61528,Ph/Seha First (2),762,127,0.649
A61529,EL LIFE LINE-A,705,117,0.853
A61530,PY/Life Line Branch 2,705,117,0.812
A61531,El-LIFE LINE (2),736,112,0.623
A61532,Ph/Life Line Main Road,736,112,0.769
A61533,EL LIFE LINE Station St.,756,106,0.892
A61534,PY/Life Line Branch 2,756,106,0.677
A61535,PH Life Line Station St.,769,102,0.971
A61536,El-life line-A,769,102,0.742
A61537,pharma pus hadayek Main Road,704,114,0.739
A61538,Pharma Plus Hadayek Main Road,723,130,0.809
A61539,PHARMA PLUS HADAYEK Mall,727,105,0.679
A61540,PHARMMA PLUS HADAYEK br.2,727,105,0.932
A61541,PHRAMA PLUS HADAYEK br.2,731,95,0.896
A61542,El-PHARMA PLUS HADAYEK Station St.,731,95,0.627
A61543,Pharma Plus Hadayek,742,99,0.749
A61544,PHPHARMA PLUS HADAYEK 6th Zone,742,99,0.705
A61545,PY/pharma plus hadayek-A,748,125,0.768
A61546,Pharma Plus Hadayek Branch 1,748,125,0.948
A61547,EL Pharma Plus Hadayek Main Road,761,109,0.684
A61548,PHARMA PLUS HADAYEK,770,117,0.725
A61549,el pharma plu shadayek-A,770,117,0.663
A61550,DR MEDHAT HADAYEK-A,709,100,0.965
A61551,EL Dr Medhat Hadayek,709,100,0.949
A61552,PY/DR MEDHAT HADAYEK Branch 1,719,109,0.835
A61553,El-dr medhat hadayek Station St.,719,109,0.629
A61554,Dr Medhat Hadayek (2),742,100,0.751
A61555,El-dr medhat hadayek 04,742,100,0.781
A61556,dr medat hadayek,743,116,0.936
A61557,EL DR MEDHAT HADAYEK Mall,745,113,0.684
A61558,el El Tourath Hadayek br.2,700,101,0.713
A61559,EL EL TOURATH HADAYEK,700,101,0.827
A61560,PH EL TOURATH HADAYEK Mall,705,118,0.9
A61561,El-EL TOURATH HADAYEK Mall,712,108,0.762
A61562,El-El Tourath Hadayek 011,712,108,0.709
A61563,EL El Tourath Hadayek br.2,713,88,0.882
A61564,Ph/El Tourath Hadayek (2),737,119,0.964
A61565,Ph/EL TOURATH HADAYEK,737,119,0.844
A61566,Ph/El Tourath Hadayek292,740,96,0.708
A61567,el El Tourath Hadayek-A,740,96,0.865
A61568,EL TOURATH HADAYEK Station St.,744,111,0.751
A61569,el tourath hadayek Branch 1,744,111,0.798
A61570,el tourath hadayek Branch 1352,764,115,0.962
A61571,EL El Tourath Hadayek br.2,764,115,0.949
A61572,el Metro Hadayek Station St.,716,112,0.981
A61573,el Metro Hadayek Mall,716,112,0.81
A61574,metro hadayek 011,733,106,0.929
A61575,EL METRO HADAYEK,733,106,0.688
A61576,El-Metro Hadayek Station St.,751,93,0.905
A61577,el FAMILY HADAYEK,723,131,0.989
A61578,Ph/FAMILY HADAYEK128,724,106,0.833
A61579,EL Family Hadayek,732,111,0.946
A61580,FAMILY HADAYEK 04463,743,117,0.931
A61581,P/YFamily Hadayek,760,106,0.789
A61582,AL AMAL SQUARE,711,104,0.844
A61583,PY/al amal squar e04,734,105,0.956
A61584,AL AMAL SQUARE,742,101,0.889
A61585,PH Al Amal Square 011,761,110,0.675
A61586,al amal square 6h Zone,761,110,0.81
A61587,EL El Nasr Haram,704,115,0.944
A61588,el nasr haram,704,115,0.734
A61589,EL NASR HARAM Main Road,708,111,0.923
A61590,El-El Nasr Haram,708,111,0.846
A61591,PY/EL NASR HARAM-A,739,118,0.843
A61592,EL el nasr haram 011203,744,112,0.709
A61593,el nasr haram,745,114,0.967
A61594,El-el nasr haram Branch 1,757,114,0.654
A61595,El Nasr Haram,757,114,0.677
A61596,Ph/El Tourath Hadayek 011,717,107,0.684
A61597,El Tourath Hadayek,717,107,0.699
A61598,El Tourath Hadayek Station St.,727,106,0.691
A61599,PH El Tourath Hadayek 6th Zone308,727,106,0.92
A61600,Ph/EL TOURATH HADAYEK-A,747,99,0.914
A61601,PY/El Tourath Hadayek,747,99,0.772
A61602,Ph/EL TOURATH HADAYEK,760,107,0.732
A61603,PH EL TOURATH HADAYEK Branch 1,705,119,0.731
A61604,El Tourath Hadayek 04,705,119,0.655
A61605,el tourath hadayek-A,713,89,0.728
A61606,El Tourath Hadayek 04462,733,107,0.69
A61607,el tourath hadayek,733,107,0.9
A61608,el tourath hadayek Branch 2,736,113,0.924
A61609,PH el tourrath hadayek Mall,736,113,0.863
A61610,EL TOUURATH HADAYEK,743,118,0.927
A61611,El Tourath Hadayek,752,102,0.937
A61612,el el tourath hadayek Branch 2,752,102,0.971
A61613,EL el tourath hadayek Maall,754,105,0.639
A61614,el tourath hadayek Branch 2194,766,119,0.636
A61615,EL el tourath hadayek,766,119,0.869
A61616,El-Gren Leaf 011,743,119,0.653
A61617,El-Green Lea-fA,743,119,0.857
A61618,EL GREEN LEAF,744,113,0.849
A61619,Ph/Green Leaf,744,113,0.743
A61620,Ph/Green Leaf-A,747,100,0.868
A61621,Ph/green leaf br.2,747,100,0.897
A61622,Ph/green leaf Mall,749,101,0.772
A61623,El-green leaf 6th Zone,749,101,0.637
A61624,PY/Green Leaf Mall,759,112,0.728
A61625,El-Green Leaf 6th Zone,759,112,0.621
A61626,GREEN LEAF 6th Zone82,766,120,0.8
A61627,GREEN LEAF br.2,766,120,0.822
A61628,PH green leaf,769,103,0.789
A61629,El-Green Leaf 011,769,103,0.877
A61630,EL Sunrise Obour-A,741,111,0.784
A61631,el Sunrise Obour Branch 2,741,111,0.669
A61632,el SUNRISE OBOUR 011,743,120,0.845
A61633,Suunrise Obour Main Road,747,101,0.885
A61634,PY/sunrise obour 6th Zone879,753,105,0.684
A61635,PY/Sunrise Obour,753,105,0.728
A61636,sunrise obour 011,765,91,0.691
A61637,PY/PHARMA PLUS SQUARE Brannch 1,710,121,0.881
A61638,El-PHARMA PLUS SQUARE-A427,710,121,0.832
A61639,Ph/pharma plus square,731,96,0.973
A61640,el PHARMA PLUS SQUARE (2),731,96,0.792
A61641,PY/PHARMA PLUS SQUARE Main Road989,742,102,0.858
A61642,el Pharma Plus Square (2),747,102,0.747
A61643,el PHARMA PLUS SQUARE 011,748,126,0.717
A61644,pharma plus squareBranch 1,749,102,0.99
A61645,Ph/CITY CARE HADAYEK Main Road,713,90,0.661
A61646,el City Care Hadayek,734,106,0.797
A61647,City Care Hadayek,734,106,0.931
A61648,Ph/City Care Hadayek Station St.,748,127,0.673
A61649,PH City Care Hadayek Mall,748,127,0.68
A61650,PH City Care Hadayekk 6th Zone250,762,128,0.918
A61651,Seha First Mall,719,110,0.623
A61652,PY/Seha First Mall,727,107,0.813
A61653,SEHA FIRST 6th Zone,735,114,0.856
A61654,El-Seha First 04,745,115,0.684
A61655,PY/SEHA FIRST Station St.,745,115,0.809
A61656,Seha First,760,108,0.912
A61657,Ph/SEHA FIRST,760,108,0.897
A61658,SEHA FIRST 011,770,118,0.839
A61659,EL life line imbaba,714,102,0.852
A61660,el Life Line Imbaba,714,102,0.657
A61661,PH Life Line Imbaba,717,108,0.998
A61662,Life Line Imbaba Main Road,717,108,0.72
A61663,EL Life Line Imbaba,739,119,0.627
A61664,Ph/Life Line Imbaba,740,97,0.935
A61665,PH lfe line imbaba,747,103,0.805
A61666,lfe line imbaba Branch 1,764,116,0.991
A61667,EL golden care Branch 1,749,103,0.918
A61668,Golden Care (2)860,752,103,0.726
A61669,el golden care (2)771,752,103,0.795
A61670,PH golden care Branch 1,754,106,0.885
A61671,golden care,754,106,0.646
A61672,PH el tourath (2),700,102,0.711
A61673,Ell Tourath,706,90,0.742
A61674,El-El Tourath,706,90,0.841
A61675,El Tourath r.2,713,91,0.834
A61676,el tourath Main Road,732,112,0.661
A61677,El Tourath,750,105,0.929
A61678,el city care Mall280,701,104,0.908
A61679,Ph/city care 011879,701,104,0.639
A61680,PY/CITY CARE 011,707,104,0.935
A61681,city care Branch 2,746,109,0.729
A61682,el city care br.2,746,109,0.658
A61683,El-Omega-A,726,120,0.734
A61684,omega Mall,726,120,0.942
A61685,EL OMEGA806,748,128,0.943
A61686,el Omega Station St.,748,128,0.661
A61687,Omega-A132,750,106,0.768
A61688,Omega (2),762,129,0.796
A61689,Omega Branch 1,762,129,0.976
A61690,El Barakaa 04,705,120,0.877
A61691,PY/El Baraka 011,705,120,0.783
A61692,EL BARAKA Mall,713,92,0.905
A61693,EL BARAKA 011,713,92,0.901
A61694,El-El Baraka336,722,128,0.711
A61695,EL BARAKA Main Road,723,132,0.903
A61696,E lBaraka Mall,723,132,0.958
A61697,EL BARAKA Branch 1,736,114,0.978
A61698,El Baraka Main Road,736,114,0.745
A61699,Ph/el baraka Main Road564,747,104,0.963
A61700,el el baraka Branch 1,747,104,0.746
A61701,EL BARAKA 04,749,104,0.697
A61702,Ph/El Baraka-A,760,109,0.959
A61703,El-Blue Wave Hadayek 011285,720,105,0.992
A61704,Blue Wave Hadayek 6th Zone,721,112,0.66
A61705,Blue Wave Hadayek 6th Zone,721,112,0.99
A61706,El-BLUE WAVE HAADYEK-A,724,107,0.628
A61707,el BLUE WAVE HADAYEK 6th Zone723,737,120,0.65
A61708,PY/blue wave hadayek,737,120,0.953
A61709,el Blue Wave Hadayek Branch 1,739,120,0.874
A61710,Ph/Blue Wave Hadayek Branch 2,739,120,0.885
A61711,Blue Wave Hadayek 6th Zone,747,105,0.641
A61712,Ph/BLUE WAVE HADAYEK Branch 1,765,92,0.881
A61713,PY/BLUE WAVE HADAYEK883,770,119,0.804
A61714,Union Pharm Branch 1,707,105,0.653
A61715,el union phaarm 011,731,97,0.629
A61716,Union Pharm (2),731,97,0.745
A61717,UNION PHARM,765,93,0.838
A61718,UNION PHARM,765,93,0.736
A61719,EL BLUE WAVE ZAYED Branch 2,704,116,0.966
A61720,EL Blue Wave Zayed-A,732,113,0.691
A61721,PY/Blue Wave Zayed (2),732,113,0.989
A61722,PY/Blue Wave Zayed Mall,741,112,0.898
A61723,blue wave zayed Branch 2,741,112,0.853
A61724,EL blue wave zayed br.2,742,103,0.943
A61725,El-Blue Wave Zayed,742,103,0.961
A61726,el Blue Wave Zayed 011,748,129,0.976
A61727,EL blue wave zayed 04307,748,129,0.758
A61728,Ph/lue Wave Zayed-A,765,94,0.708
A61729,BLUE WAVE ZYED,765,94,0.976
A61730,PH blue wave zayed-A,768,118,0.856
A61731,Silver Care (2),719,111,0.786
A61732,EL SILVER CARE br.2,732,114,0.7
A61733,el Silver Care,741,113,0.727
A61734,Ph/Silver Care-A,741,113,0.714
A61735,El-Silver Care,742,104,0.794
A61736,silver cae 04,742,104,0.882
A61737,El-SILVER CARE-A,744,114,0.825
A61738,PH metro haram 6th Zone,703,107,0.878
A61739,PH Metro Haram Branch 1,703,107,0.918
A61740,EL metro haram,717,109,0.641
A61741,METRO HARAM br.2,717,109,0.634
A61742,PH Metro Harma 6th Zone,721,113,0.998
A61743,Ph/Metro Haram Branch 2,723,133,0.929
A61744,el Metro Haram (2),729,102,0.906
A61745,Ph/metro haram Branch 2,729,102,0.866
A61746,Metro Haram (2),759,113,0.933
A61747,Silver Care Haram Mall,722,129,0.952
A61748,El--Silver Care Haram 6th Zone,722,129,0.728
A61749,PH silver care haram Branch 2,737,121,0.851
A61750,PH Silver Care Haram 04,737,121,0.815
A61751,silvr care haram br.2,741,114,0.988
A61752,PH silver care haram 6th Zone,769,104,0.942
A61753,PH ebn sina shubra th Zone,721,114,0.963
A61754,EL Ebbn Sina Shubra Branch 2,734,107,0.981
A61755,Ph/Ebn Sina Shubra Branch 2,734,107,0.765
A61756,El-EBN SINA SHUBRA 6th Zone,758,118,0.81
A61757,EL enb sina shubra Mall,758,118,0.643
A61758,EL stra care,718,117,0.663
A61759,STAR CARE 04,725,102,0.799
A61760,STAR CARE 04,725,102,0.967
A61761,el star care,734,108,0.879
A61762,Star Care898,734,108,0.771
A61763,El-Star Care Branch 1,753,106,0.921
A61764,Ph/Star Care 6th Zone,753,106,0.626
A61765,PH ELITE REHAB VIEW,706,91,0.804
A61766,El-ELITE REHAB VIEW 011,706,91,0.699
A61767,Elite Rehab View706,725,103,0.809
A61768,Elite Rehab View,725,103,0.642
A61769,EL ELITE REHAB VIEW,758,119,0.642
A61770,PH Elite Rehab View-A,758,119,0.687
A61771,PY/seha first haram,721,115,0.828
A61772,EL Seha First Harm br.2,721,115,0.78
A61773,El-SEHA FIRST HARAM Branch 1,726,121,0.865
A61774,el Seha First Haram-A,726,121,0.944
A61775,El-Seha First Haram515,737,122,0.892
A61776,EL seha first haram,743,121,0.87
A61777,Seha First Haram (2)96,749,105,0.704
A61778,SEHA IRST HARAM (2),749,105,0.902
A61779,El-SEHA FIRST HARAM274,767,101,0.991
A61780,EL El Baraka Branch 1910,732,115,0.62
A61781,PH El Baraka 6th Zone,737,123,0.765
A61782,EL EL BARAKA Branch 1,737,123,0.901
A61783,El Baraka Branch 1,744,115,0.74
A61784,El-el baraka Station St.,755,113,0.953
A61785,El-metro square Mall189,725,104,0.96
A61786,PY/Metro Square Branch 2,746,110,0.803
A61787,EL Metro Square,750,107,0.974
A61788,metro square Branch 2,762,130,0.757
A61789,PY/Metro Square Branch 2,762,130,0.677
A61790,Misr Banha-A364,715,107,0.989
A61791,El-misr banha 6th Zone,724,108,0.976
A61792,El-Misr Banha br.2,724,108,0.622
A61793,PH MISRBANHA Station St.,749,106,0.726
A61794,el misr banha-A,749,106,0.634
A61795,MISR BANHA,767,102,0.934
A61796,PH Nile Care Dokki 011,703,108,0.801
A61797,NILE CARE DOKKI Station St.,718,118,0.793
A61798,PY/Nile Care Dokki,718,118,0.723
A61799,El-Nile Care Dokki Mall741,727,108,0.928
A61800,EL NILE CARE DOKKI Branch 2,741,115,0.9
A61801,NILE CARE DOKKI 04,746,111,0.63
A61802,El-Nile Care Dokki (2)351,746,111,0.634
A61803,el Nile Care Dokki Station St.219,755,114,0.804
A61804,el nile care dokki-A,755,114,0.877
A61805,PH nile care dokki 04,765,95,0.81
A61806,Ph/NILE CARE DKOKI 04,765,95,0.983
A61807,EL Better Life Haram Branch 2,701,105,0.836
A61808,PY/better life haram (2),721,116,0.671
A61809,Better Life Haram 6th Zone,725,105,0.803
A61810,el Better Life Haram 04,732,116,0.974
A61811,Ph/better life haram,732,116,0.868
A61812,EL BETTER LIFE HARAM (2),743,122,0.829
A61813,Ph/Better Life Haram 6th Zone,743,122,0.723
A61814,EL better life haram,757,115,0.871
A61815,el better life haram Branch 2,757,115,0.825
A61816,better life haram-A,768,119,0.981
A61817,El-el zahraa haram,700,103,0.836
A61818,PY/el zahraa haram,729,103,0.946
A61819,El-el zahraa haaram (2),729,103,0.631
A61820,el el zahraa haram,741,116,0.776
A61821,EL el zahraa haram Branch 1,741,116,0.99
A61822,el zahraa haram Main Road,770,120,0.709
A61823,EL omega 011,727,109,0.721
A61824,Oemga,727,109,0.697
A61825,EL OMEGA,732,117,0.946
A61826,el Omega Branch 2,734,109,0.666
A61827,Omega-A438,752,104,0.668
A61828,El-alpha pharma montaza Mall,707,106,0.64
A61829,PY/alpha pahrma montaza Main Road177,707,106,0.94
A61830,el ALPHA PHARMA MONTAZA,709,101,0.957
A61831,El-ALPHA PHARMA MONTAZA982,725,106,0.728
A61832,el ALPHA PHARMA MONTAZA624,725,106,0.805
A61833,Ph/Alpha Pharma Montaza Mall884,739,121,0.87
A61834,el alpha pharma montaza Branch 1,739,121,0.712
A61835,PH Alpha Pharma Montaza Main Road,746,112,0.907
A61836,Alpha Pharma Montaza br.2958,746,112,0.947
A61837,Alpha Pharma Montaza 0439,749,107,0.66
A61838,Alpha Pharma Montaza,749,107,0.86
A61839,EL Alpha Pharma Montaza Main Road,768,120,0.828
A61840,PH Alpha PPharma Branch 2,701,106,0.773
A61841,ALPHA PHARMA Mall,702,108,0.761
A61842,AlphaPharma Mall,704,117,0.626
A61843,PH Alpha Pharma 6th Zone,710,122,0.804
A61844,Alpha Pharma Branch 1,717,110,0.655
A61845,El-ALPHA PHARMA Station St.,717,110,0.631
A61846,EL alpha pharma-A,719,112,0.623
A61847,PH Alpha Pharma,719,112,0.831
A61848,El-Apha Pharma (2),744,116,0.693
A61849,PY/ALPHA PHARMA,744,116,0.806
A61850,PH alpha pharma,768,121,0.638
A61851,PH Alpha Pharma (2)747,768,121,0.935
A61852,El-el shifa,717,111,0.623
A61853,PH EL SIFA-A,717,111,0.715
A61854,PY/El Shifa br.2,722,130,0.701
A61855,Ph/el shifa 011,739,122,0.739
A61856,Ph/EL SHIFA,739,122,0.829
A61857,Ph/EL SHFA808,742,105,0.899
A61858,PH EL SHIFA,742,105,0.995
A61859,EL El Shifa Mall701,753,107,0.831
A61860,EL el shifa,753,107,0.821
A61861,El-el shifa,765,96,0.822
A61862,PY/El Zahraa Banha 011,743,123,0.696
A61863,PY/EL ZAHRAA BANHA br.2894,743,123,0.71
A61864,El Zahraa Banha566,759,114,0.788
A61865,el zahraa banha Station St.,765,97,0.821
A61866,PH alpha pharma haram br.2,706,92,0.968
A61867,Alpha Pharma Haram,718,119,0.884
A61868,PY/ALPHA PHARMA HARAM Branch 2,718,119,0.911
A61869,Ph/Alhpa Pharma Haram Mall,746,113,0.911
A61870,ALPHA PHARMA HARAM,758,120,0.864
A61871,EL MOEGA,709,102,0.801
A61872,PY/OMEAG (2),718,120,0.773
A61873,Omeag 011,725,107,0.721
A61874,PH Silver Care 04,701,107,0.935
A61875,Ph/Silver Care Main Road,701,107,0.818
A61876,silvercare,708,112,0.861
A61877,el SILVER CARE 6th Zone,715,108,0.806
A61878,El-Siver Care 04,731,98,0.629
A61879,SILVER CARE Branch 1,731,98,0.88
A61880,PH silveer care,752,105,0.822
A61881,Ph/SILVER CARE882,759,115,0.766
A61882,silver care Mall660,768,122,0.698
A61883,Silver Care Branch 2,768,122,0.713
A61884,Silvr Care Station St.,770,121,0.882
A61885,PH SILVER CARE 011,770,121,0.729
A61886,PH omega br.2,703,109,0.968
A61887,PY/Omega Mall,703,109,0.952
A61888,PH Omega220,707,107,0.703
A61889,omega Station St.,707,107,0.802
A61890,Omega (2)152,726,122,0.634
A61891,omega,726,122,0.798
A61892,el Omega,728,117,0.724
A61893,El-Omega br.2,739,123,0.973
A61894,el Omega,744,117,0.725
A61895,El-nile care helwan Station St.,742,106,0.948
A61896,PH nile care helwan Mall,743,124,0.909
A61897,PH Nile Care elwan Branch 1,744,118,0.848
A61898,EL nile care helwan Station St.,744,118,0.845
A61899,Nile Care Helwan Station St.238,751,94,0.63
A61900,Nile Care Helwan (2)468,751,94,0.981
A61901,nile care helwan Mall,753,108,0.633
A61902,Nile Care Helwan (2),753,108,0.994
A61903,el Nile Care Helwan-A,757,116,0.814
A61904,PY/Nile Care Helwan60,757,116,0.709
A61905,NILE CAE HELWAN Main Road,758,121,0.789
A61906,EL Nile Care Hellwan-A,758,121,0.963
A61907,Ph/SEHA FIRST DOKKI-A,703,110,0.763
A61908,seha first dokki,703,110,0.945
A61909,Ph/Seha First Dokki br.2,708,113,0.832
A61910,PY/seha first dokki Branch 1,708,113,0.889
A61911,el SEHA FIRST DOKKI Station St.,710,123,0.703
A61912,El-Seha First Dokki 011,710,123,0.915
A61913,Seha First Dokki-A71,727,110,0.791
A61914,SEHA FIRST DOKKI Station St.,727,110,0.799
A61915,PY/sehafirst dokki Branch 1,733,108,0.911
A61916,Ph/seha first dokki,751,95,0.975
A61917,ELITE Branch 1767,701,108,0.633
A61918,PH Elite,701,108,0.641
A61919,PY/Elite 011,716,113,0.636
A61920,PY/elite,716,113,0.663
A61921,Ph/ELITE-A,730,119,0.863
A61922,Ph/elite 011,730,119,0.673
A61923,PY/Elite,732,118,0.832
A61924,PY/Elite Mall,732,118,0.956
A61925,ELITE Mall,744,119,0.9
A61926,EL Elite Mlal,744,119,0.865
A61927,elite 04,748,130,0.622
A61928,PH ELITE Station St.,752,106,0.701
A61929,PH Health Gate aram,709,103,0.728
A61930,PY/health gate haram 011,711,105,0.641
A61931,el health gate haram,737,124,0.742
A61932,EL Health Gate Haram 6th Zone,737,124,0.714
A61933,Ph/Health Gate Haram Branch 2,767,103,0.625
A61934,el Star Care Zayed (2),722,131,0.708
A61935,EL star are zayed 011,722,131,0.663
A61936,EL star care zayedbr.2,723,134,0.967
A61937,PH star care zayed189,724,109,0.663
A61938,el star care zayed br.2,724,109,0.722
A61939,El-Star Care Zayed,728,118,0.693
A61940,PH Star Care Zayed,728,118,0.647
A61941,STAR CARE ZAYED,733,109,0.748
A61942,star care zayed Main oRad,738,112,0.972
A61943,Ph/ebn sina haram Station St.,721,117,0.941
A61944,Ebn Sina Haram Branch 2,721,117,0.839
A61945,ebn sina haram Branch 2,722,132,0.93
A61946,PY/EBN SINA HARAM (2),735,115,0.857
A61947,PY/ebn sina haram Branch 1,737,125,0.918
A61948,Ebn Sina Haram,737,125,0.928
A61949,El-Ebn Sina Haraam Main Road,740,98,0.664
A61950,el Ebn Sina Haram,756,107,0.767
A61951,El-ebn sina haram,756,107,0.881
A61952,PY/ebn sina haram 6th Zone,768,123,0.792
A61953,PH Ebn Sina Haram-A349,768,123,0.916
A61954,PH BETTER LIFE 04,714,103,0.715
A61955,Better LifeMall,721,118,0.802
A61956,PH Better Life Branch 2,721,118,0.873
A61957,PY/Beter Life Station St.,725,108,0.679
A61958,PY/Better Life (2),754,107,0.861
A61959,Better Lfie (2),754,107,0.665
A61960,El-BETTER LIFE Branch 1,760,110,0.699
A61961,El-Better Life,763,108,0.806
A61962,Ph/Better Life,763,108,0.74
A61963,Ph/bbetter life,769,105,0.645
A61964,EL better life Main Road,770,122,0.672
A61965,PY/Better Life Branch 2,770,122,0.871
A61966,PH EBN SINA HARAM104,709,104,0.858
A61967,Ebn Sina Haram SStation St.,723,135,0.667
A61968,PY/ebn sina haram,742,107,0.812
A61969,ebn sina haram 011,742,107,0.699
A61970,PH Ebn Sina Haram 6th Zone,758,122,0.687
A61971,EL seha first nozha Station St.,712,109,0.996
A61972,Seha First Nozha Branch 1,712,109,0.677
A61973,El-Seha Firrst Nozha126,733,110,0.958
A61974,seha first nozha,733,110,0.993
A61975,EL Seha First Nozha,751,96,0.951
A61976,Seha First Nozha br.2,753,109,0.989
A61977,SEHA FIRST NOZHA 6th Zone,753,109,0.821
A61978,El-Seha First Nozha Branch 2,762,131,0.863
A61979,Seha First Nozha,770,123,0.771
A61980,METRO HARAM Station St.,738,113,0.897
A61981,El-Metro Haram Main Road,765,98,0.955
A61982,Ph/Metro Haram 6th Zone,766,121,0.805
A61983,metro haram,766,121,0.966
A61984,Misr Mall,700,104,0.925
A61985,el Misr Station St.,708,114,0.928
A61986,Misr Branch 1,710,124,0.926
A61987,Ph/misr Branch 2,710,124,0.783
A61988,Misr Branch 2,746,114,0.811
A61989,Ph/Green Leaf Branch 2,701,109,0.791
A61990,el GREEN LEAF 6th Zone824,701,109,0.944
A61991,Green Leaf 6th Zone,723,136,0.665
A61992,El-green leaf,723,136,0.846
A61993,el Green Leaf Branch 2,725,109,0.977
A61994,Ph/GREEN LEAF,738,114,0.949
A61995,Ph/green eaf,739,124,0.884
A61996,Ph/Green Leaf Branch 2,747,106,0.628
A61997,GREENL EAF 04,747,106,0.672
A61998,Green Leaf Main Road,749,108,0.833
A61999,El-GREEN LEAF 011,749,108,0.83
A62000,EL Green Leaf Main Road,757,117,0.677
A62001,PY/rgeen leaf-A,757,117,0.628
A62002,PH Care 24 Seven Branch 150,704,118,0.748
A62003,EL Care 24 Seven 011,704,118,0.778
A62004,care 24 seven Main Road983,714,104,0.935
A62005,EL Care 24 Seven Station St.,714,104,0.627
A62006,Care 24 Seven,723,137,0.818
A62007,PY/Care 24 Seven,757,118,0.712
A62008,PH Care 24 Seven 04,757,118,0.818
A62009,El-Family,716,114,0.857
A62010,FAMILY 6th Zone,716,114,0.935
A62011,el Family Brach 1,719,113,0.888
A62012,Ph/family 011,720,106,0.874
A62013,FAMILY941,724,110,0.643
A62014,EL Family Mall,764,117,0.794
A62015,PY/SehaFirst Obour Branch 1,700,105,0.756
A62016,seha first obour,700,105,0.936
A62017,EL SEHA FIRST OBOUR,716,115,0.636
A62018,EL Seha First Obour Branch 2,716,115,0.999
A62019,el SEHA FIRST OBOUR Mall,718,121,0.661
A62020,SEHA FIRST OBOUR,718,121,0.769
A62021,Seha First Obour 6thh Zone,721,119,0.841
A62022,EL seha first obour,727,111,0.835
A62023,el SEHA FIRST OBOUR br.2401,746,115,0.826
A62024,PH seha first obour 04416,749,109,0.624
A62025,PY/Seha First Obour Branch 2,749,109,0.91
A62026,El-Seha First Obour 6th Zone,765,99,0.71
A62027,Seha First Obour Station St.,765,99,0.723
A62028,Merto,700,106,0.795
A62029,P/metro,720,107,0.889
A62030,PY/Metro 011,720,107,0.99
A62031,el Merto 011,727,112,0.836
A62032,PH Metro,727,112,0.76
A62033,Ph/Metro 04,770,124,0.673
A62034,Metro 6th Zone,770,124,0.937
A62035,PH el hokama Main Road,721,120,0.808
A62036,el EL HOKAMA 04,721,120,0.97
A62037,El Hokama rb.2,739,125,0.643
A62038,Ph/El Hokama Main Road551,739,125,0.83
A62039,PH EL HOKAMA Station St.,756,108,0.678
A62040,PY/El Hokama br.2613,760,111,0.892
A62041,EL El Hokama Mall,760,111,0.929
A62042,PY/El Hokama (2),767,104,0.895
A62043,EL EL HOKAMA 6th Zone,712,110,0.953
A62044,PY/El Hokama,717,112,0.647
A62045,El Hokama Station St.,717,112,0.671
A62046,El Hokama Branch 2,727,113,0.966
A62047,El Hokama 6th Zone,727,113,0.713
A62048,El Hokama Branch 2,738,115,0.653
A62049,PY/El Shifa Mall,705,121,0.934
A62050,El Shifa Branch 2,705,121,0.716
A62051,El Shifa 04,711,106,0.857
A62052,el EL SHIFA 6th Zone,711,106,0.764
A62053,El Shifa Branch 1,734,110,0.847
A62054,El-El Shifa Branch 2,738,116,0.831
A62055,Golden Care Haram,704,119,0.967
A62056,Golden Care Haram Branch 1484,715,109,0.823
A62057,Golden Care Haram 011,715,109,0.735
A62058,Golden Care Haram 04,732,119,0.821
A62059,Golden Care Haram Station St.,732,119,0.833
A62060,PH Golden Care Haram Station St.,738,117,0.677
A62061,EL golden care haram-A,738,117,0.755
A62062,PY/Golden Care Haram 6th Zone,740,99,0.623
A62063,Golden Care Harma Branch 1,740,99,0.995
A62064,Golden Care Haram br.2,743,125,0.633
A62065,El-golden car eharam 04,743,125,0.634
A62066,PY/GOLDEN CARE HARAM Mall,744,120,0.74
A62067,el Golden Care Haram Mall,744,120,0.896
A62068,el silver care(2),726,123,0.757
A62069,El-Silver Care 6th Zone,726,123,0.677
A62070,EL SILVER CRAE Branch 1,730,120,0.993
A62071,El-Silver Care,730,120,0.752
A62072,PY/Silver Care br.2726,735,116,0.84
A62073,El-SILVER CARE 011,735,116,0.739
A62074,EL Silver Care 0011620,736,115,0.923
A62075,silver care,744,121,0.991
A62076,silver care,745,116,0.852
A62077,PH Silver Care br.2,748,131,0.921
A62078,Ph/SILVER CARE Branch 2,748,131,0.92
A62079,PH Silver Care 6th Zone,761,111,0.849
A62080,el zahraa793,714,105,0.841
A62081,EL ZAHRAA Branch 1,722,133,0.852
A62082,El Zahraa Station St.,722,133,0.664
A62083,PY/El Zahraa br.2,727,114,0.856
A62084,PH El Zahraa,727,114,0.806
A62085,el zahraa ain Road,728,119,0.835
A62086,EL ZAHRAA 04,728,119,0.747
A62087,El-El Zahraa Branch 2,730,121,0.631
A62088,El Zahraa Mall,730,121,0.687
A62089,Ph/el zahraa,737,126,0.786
A62090,PY/El Zahraa (2),737,126,0.867
A62091,EL el zahraa Branch 2,743,126,0.901
A62092,El Zahraa 6th Zone,751,97,0.721
A62093,PH golden care haram Branch 1,700,107,0.777
A62094,El-golden care haram,700,107,0.873
A62095,Golden Care Haram Branch 2,720,108,0.972
A62096,Golden Care Haram br.2,720,108,0.658
A62097,Ell-Golden Care Haram,722,134,0.771
A62098,PH Golden Care Haram 6th Zone,722,134,0.82
A62099,PH golden care haram Main Road984,731,99,0.897
A62100,El-Golden Care Haram Branch 2843,743,127,0.845
A62101,Golden Care Haram,759,116,0.886
A62102,el GOLDEN CARE HARAM Main Road,762,132,0.733
A62103,EL golden care haram (2),762,132,0.702
A62104,El-GOLDEN CARE HARAM879,763,109,0.675
A62105,El-Golden Care Haram Mall,763,109,0.68
A62106,EL salamtek-A,706,93,0.931
A62107,El-Salamtek,713,93,0.799
A62108,Ph/Salamtek Branch 2,713,93,0.952
A62109,salamtek Branch 2,730,122,0.792
A62110,SALMATEK,736,116,0.7
A62111,Salamtek Branch 2,736,116,0.724
A62112,PY/salamtek br.2,743,128,0.804
A62113,salamtek 04,764,118,0.962
A62114,El-Nile CareHaram,731,100,0.971
A62115,nile care haram 011,737,127,0.921
A62116,Nile Care Haram Station St.,753,110,0.952
A62117,el NILE CARE HARAM 011,756,109,0.932
A62118,PY/Nile CCare Haram178,769,106,0.788
A62119,EL nile care haram Main Road,769,106,0.762
A62120,PH star care rehab view Mall,715,110,0.982
A62121,EL Star Care Rehab View,734,111,0.658
A62122,El-Star Care Rehab View Main Road,748,132,0.64
A62123,Star Care Rehab View (2),748,132,0.996
A62124,star care rehab view,751,98,0.669
A62125,El-star care rehab view,753,111,0.673
A62126,el Star Care Rehab View 011,753,111,0.758
A62127,EL STAR CARE REHAB VIEW br.2174,759,117,0.716
A62128,El-Star Care Rehab View 01192,759,117,0.76
A62129,El-star care rehab view Branch 2,763,110,0.901
A62130,Star Care RRehab View 011,763,110,0.63
A62131,el HEALTH GATE HARAM,723,138,0.911
A62132,El-Health Gate Haram bbr.2,728,120,0.768
A62133,PY/Health Gate Haram br.2,728,120,0.862
A62134,Ph/Heaalth Gate Haram 04,742,108,0.781
A62135,el health gate haram bbr.2,742,108,0.652
A62136,EL Health Gate Haram Branch 2,753,112,0.76
A62137,el Health Gate Haram 011,764,119,0.976
A62138,HEALTH GATE HARAM br.2,765,100,0.99
A62139,Ph/HEALTH GATE AHRAM Branch 278,765,100,0.965
A62140,PY/El Baraka Haram (2),717,113,0.79
A62141,el El Baraka Haram Branh 2,721,121,0.78
A62142,Ph/el baraka haram 011,728,121,0.951
A62143,EL El Baraka Haram (2),728,121,0.99
A62144,El Baraka Haram Station St.,770,125,0.837
A62145,PH BLUE WAVE OBOUR-A,712,111,0.814
A62146,EL Blue Wave Obour,712,111,0.775
A62147,el BLUE WAVE OBOUR Mall,718,122,0.793
A62148,EL Blue Wave Obour 011,759,118,0.627
A62149,PH BLUE WAVE OBOUUR 6th Zone,759,118,0.903
A62150,Seha First Square 6th Zone,705,122,0.746
A62151,el SEHA FIRST SQUARE br.2,712,112,0.651
A62152,Ph/SEHA FIRST SQUARE 04,713,94,0.966
A62153,Ph/Seha First Square 04,722,135,0.756
A62154,PH Seha Fisrt Square,722,135,0.811
A62155,PH Seha First Square-A,731,101,0.683
A62156,EL Seha First Square Branch 2,742,109,0.628
A62157,Ph/Seha First Square (2)819,742,109,0.868
A62158,SEHA FIRST SQUARE Main Road902,768,124,0.909
A62159,el SEHA FIRST SQUARE 6th Zone,768,124,0.773
A62160,El hifa Agami 011,701,110,0.983
A62161,EL SHIFA AGAMI,701,110,0.868
A62162,PY/El Shifa Agami,717,114,0.9
A62163,Ph/El Shifa Agami455,718,123,0.962
A62164,ElE-l Shifa Agami 6th Zone,719,114,0.748
A62165,EL SHIFA AGAMI br.2,742,110,0.623
A62166,PY/EL SHIFA AGAMI,748,133,0.991
A62167,Ph/El Shifa Agami (2),759,119,0.832
A62168,el UNION PHARM HARAM Mall,705,123,0.782
A62169,El-Union Pharm HaramS tation St.,720,109,0.997
A62170,PY/UNION PHARM HARAM 011753,722,136,0.879
A62171,El-Union Pham Haram 011,722,136,0.722
A62172,Ph/Union Pharm Haram,726,124,0.944
A62173,Ph/Union Pharm Haram 04,732,120,0.8
A62174,Ph/Union Pharm Haram250,737,128,0.622
A62175,Ph/union pharm hara mMall,737,128,0.907
A62176,PY/UNION PHARM HARAM br.2,762,133,0.827
A62177,PH Green Lea fHaram Mall,701,111,0.945
A62178,el green leaf haram,701,111,0.77
A62179,el Green Leaf Haram,711,107,0.986
A62180,Green Leaf Haram br.2,739,126,0.828
A62181,Ph/Green Leaf Haram Station St.681,739,126,0.988
A62182,GREEN LAEF HARAM383,760,112,0.655
A62183,Green Leaf Haram (2),761,112,0.847
A62184,Green Leaf Haram,761,112,0.945
A62185,PH GREEN LEAF HARAM 6th Zone,767,105,0.697
A62186,el Green Leaf Haram500,767,105,0.991
A62187,El-METRO FAISAL br.2,715,111,0.672
A62188,PH Metro Faisla-A,715,111,0.928
A62189,PY/METRO FAISAL 04725,717,115,0.692
A62190,Ph/metr ofaisal Branch 1340,748,134,0.734
A62191,metro faisal br.2,748,134,0.773
A62192,PH Metro Faisal 04,749,110,0.668
A62193,Metro Faisal Main Road,755,115,0.769
A62194,PH metro faisal 011,755,115,0.855
A62195,metro faisal 011,765,101,0.679
A62196,el Metrro Faisal Branch 2,766,122,0.969
A62197,PH METRO FAISAL,770,126,0.868
A62198,Health Gate Haram Main Road441,701,112,0.809
A62199,EL Health Gate Haram-A,707,108,0.904
A62200,Health Gate Hram (2),734,112,0.893
A62201,El-health gateh aram,734,112,0.853
A62202,Health Gate Harma Mall,739,127,0.897
A62203,Health Gate Haram Branch 1,739,127,0.869
A62204,Health Gate Haram,743,129,0.989
A62205,PY/HEALTH GATE HARAM Branch 1,744,122,0.857
A62206,El-HEALTH GATE HARAM (2),749,111,0.771
A62207,PY/Health Gate Haram 04,764,120,0.844
A62208,el omega Branch 2,712,113,0.851
A62209,Omega Mall,714,106,0.904
A62210,OMEAG (2),714,106,0.991
A62211,EL omega Station St.,745,117,0.861
A62212,El-Omegga Main Road,746,116,0.921
A62213,omega Mall,746,116,0.753
A62214,Omega 011,753,113,0.996
A62215,omega 011,753,113,0.867
A62216,el Omega Station St.985,762,134,0.966
A62217,el Omega (2),762,134,0.717
A62218,PY/omega br.2,768,125,0.653
A62219,Omgea284,768,125,0.817
A62220,LIFE LINE MONTAZA Main Road,714,107,0.791
A62221,PH LIFE LINE MONTAZA Main Road,714,107,0.799
A62222,PH Life Line Montaza Main Road,727,115,0.809
A62223,El-LIE LINE MONTAZA br.2,736,117,0.951
A62224,life line mmontaza 6th Zone,736,117,0.647
A62225,PY/Life Line Montaza br.2351,747,107,0.929
A62226,el Life Line Montaza Station St.,751,99,0.791
A62227,life line montza-A,751,99,0.851
A62228,PY/life line montaza 011,753,114,0.837
A62229,PH life line montaza,766,123,0.914
A62230,pharma plus helwan Branch 1,727,116,0.885
A62231,Pharma Plus Helwan 011,727,116,0.76
A62232,PHARMA PLUS HELWAN-A552,736,118,0.984
A62233,Ph/pharma plus helwan,738,118,0.722
A62234,Al Amal Haram 011118,701,113,0.762
A62235,Al AAmal Haram 04,701,113,0.756
A62236,EL Al Amal Haram Mall,717,116,0.641
A62237,Al Amal Haram br.2,717,116,0.74
A62238,al amal haram (2),720,110,0.927
A62239,PY/Al Amal Haram 011,720,110,0.994
A62240,AL AMAL HELWAN Station St.,703,111,0.753
A62241,al amal helwan,734,113,0.834
A62242,PH Al Amal Helwan Branch 1,734,113,0.823
A62243,Al Amal Helwan Branch 2,751,100,0.759
A62244,ebn sina Branch 1,714,108,0.942
A62245,Ebn Sina Main Road,714,108,0.827
A62246,el Eb nSina 04,717,117,0.877
A62247,EL Ebn Sina271,731,102,0.859
A62248,el Ebn Sina 04334,734,114,0.984
A62249,Ebn Sina,734,114,0.799
A62250,EL ebn sina br.2,741,117,0.953
A62251,Ebn Sina-A,741,117,0.825
A62252,el ebn sina-A524,743,130,0.681
A62253,Ebn Sina Branch 1,743,130,0.858
A62254,Ph/Ebn Sina-A,759,120,0.749
A62255,Ph/EBN SINA,769,107,0.769
A62256,PH MIRA 04,736,119,0.855
A62257,PH Mira (2),750,108,0.957
A62258,PY/mira Main Road,750,108,0.721
A62259,El-mira876,753,115,0.685
A62260,Ph/mira,753,115,0.694
A62261,El-MMira,765,102,0.735
A62262,MIRA,765,102,0.803
A62263,El-Pharma Plus br.2,745,118,0.927
A62264,PAHRMA PLUS Main Road243,752,107,0.799
A62265,PY/pharma plus br.2,752,107,0.877
A62266,PH PHARMA PLUS,762,135,0.678
A62267,Ph/Pharma Plus 0468,762,135,0.819
A62268,el nasr Main Road,712,114,0.773
A62269,El Nasr (2)35,715,112,0.637
A62270,El-el nasr (2),742,111,0.724
A62271,PH El Nasr Mall,744,123,0.807
A62272,Ph/EL NASR 04,746,117,0.979
A62273,El NasrBranch 1,746,117,0.741
A62274,PH el nasr Branch 2634,763,111,0.864
A62275,Glden Care Nozha452,702,109,0.629
A62276,Ph/golden care nozha Branch 2539,704,120,0.817
A62277,Golden Care Nozha br.2,704,120,0.98
A62278,Golden Cae Nozha Mall,742,112,0.933
A62279,Silevr Care 011,721,122,0.674
A62280,Silver Care br.2,722,137,0.728
A62281,silver care,722,137,0.932
A62282,PY/Silver Care Main Road,763,112,0.934
A62283,Silver Care-A,763,112,0.79
A62284,EL ELITE HARAM Branch 2914,726,125,0.949
A62285,El-Elite Haram 6th Zone112,735,117,0.882
A62286,PH elitee haram Branch 1,741,118,0.991
A62287,ELITE HARAM744,741,118,0.898
A62288,ELITE HRAM 6th Zone,754,108,0.842
A62289,PY/elite haram Main Road231,754,108,0.972
A62290,PH Elite Haram (2),767,106,0.761
A62291,el Elite Haram 6h Zone,767,106,0.837
A62292,el city care,706,94,0.92
A62293,City Care Mall,706,94,0.721
A62294,EL City Care 04,727,117,0.714
A62295,PH City Care Branch 2,731,103,0.836
A62296,City Care 011,731,103,0.964
A62297,City Care Branch 2,734,115,0.661
A62298,PY/CityCare,738,119,0.94
A62299,Ph/City CareMain Road429,738,119,0.881
A62300,el city care-A,769,108,0.899
A62301,City Care Mai nRoad,769,108,0.646
A62302,Ph/life line haram,719,115,0.873
A62303,PY/LIFE LINE HAARM,719,115,0.804
A62304,Ph/Life Line Haram,736,120,0.809
A62305,LIFE LINE HARAM,736,120,0.703
A62306,El-lfe line haram Branch 1,748,135,0.993
A62307,PY/Life Line Haram Station St.,748,135,0.846
A62308,PY/union pharm imbaba-A,703,112,0.726
A62309,PH UNION PHARM IMBABA Mall,707,109,0.735
A62310,UNION PHARM IMBABA Mall,724,111,0.685
A62311,UNION PHARM IMBABA,744,124,0.67
A62312,Union Pharm Ibmaba-A,748,136,0.675
A62313,Union Pharm Imbaba 011,748,136,0.936
A62314,PH union pharm imbaba 04,764,121,0.641
A62315,Ph/Union Pharm Imbaba,764,121,0.669
A62316,Ph/Union Pharm Imbaba Branch 1997,767,107,0.91
A62317,PH Union Pharm Imbaba Main Road584,767,107,0.709
A62318,PH Blue Wave Branch 1,713,95,0.89
A62319,Blue Wave br.2527,713,95,0.656
A62320,Blue Wave Branch 2,715,113,0.969
A62321,Blue Wave,715,113,0.75
A62322,PY/Blue Wave Mall,720,111,0.655
A62323,Blue Wave Branch 2489,720,111,0.909
A62324,PY/BLUEW AVE Mall,743,131,0.909
A62325,BLUE WAVE-A,767,108,0.914
A62326,blue wave,767,108,0.931
A62327,el blue wave Station St.,770,127,0.902
A62328,PH Blue Wave Haram,706,95,0.956
A62329,El-Blue Wave Haram Main Road275,744,125,0.767
A62330,EL Blue Wave Haram br.2,744,125,0.641
A62331,Blue Wave Haram,749,112,0.67
A62332,el Blue Wave Haram Station St.,757,119,0.631
A62333,Blue Wave Haram Branchh 2,757,119,0.657
A62334,PH BLUE WAVE HARAM 04,766,124,0.749
A62335,Blue Wave Haram,766,124,0.988
A62336,EL Blue Wave Haram,767,109,0.694
A62337,blue awve haram,767,109,0.848
A62338,El-el hokama marg Branch 2,707,110,0.711
A62339,EL HOKAMA MARG,720,112,0.847
A62340,EL el hokama marg781,720,112,0.736
A62341,EL El Hokama Marrg Main Road,731,104,0.783
A62342,El Hokama Marg Mall,731,104,0.984
A62343,PYs/eha first br.2,720,113,0.976
A62344,Ph//Seha First,720,113,0.929
A62345,ELS EHA FIRST 011,728,122,0.961
A62346,seha first-A,728,122,0.658
A62347,seha first,730,123,0.989
A62348,seha first Main Road,730,123,0.756
A62349,el SEHA FIRST,737,129,0.85
A62350,Ph/seha first Main Road,737,129,0.767
A62351,Ph/STAR CARE Branch 1,701,114,0.837
A62352,EL SATR CARE 04,718,124,0.818
A62353,star caree 011199,750,109,0.746
A62354,Ph/star care 04,750,109,0.886
A62355,PH star care 6th Zone,768,126,0.82
A62356,Star Care 011,768,126,0.722
A62357,El Nasr,714,109,0.964
A62358,PY/El Nasr br.2,718,125,0.906
A62359,El Nasr Station St.,718,125,0.77
A62360,El Nasr 011,748,137,0.82
A62361,el EL NASR-A,748,137,0.811
A62362,El-El Nasr,750,110,0.914
A62363,El-El Nasr Branch 1,758,123,0.898
A62364,El-el nasr Branch 2,768,127,0.679
A62365,EL NASR,768,127,0.775
A62366,Ph/El Nasr aMll,769,109,0.842
A62367,Ph/El Nasr 04,769,109,0.688
A62368,Ph/Silver Care Mall,716,116,0.864
A62369,El-silver care-A523,722,138,0.931
A62370,PH silver care Station St.,725,110,0.648
A62371,Silver Care 011,725,110,0.634
A62372,el SILVER CARE,746,118,0.687
A62373,EL Silver Care,746,118,0.62
A62374,PY/Silver Care 04,755,116,0.89
A62375,El-Silver Care (2),763,113,0.845
A62376,EL Silver Care 6th Zone,763,113,0.747
A62377,el El Zahraa,712,115,0.977
A62378,EL el zahraa Statio nSt.,712,115,0.749
A62379,El Zahraa 6th Zone564,737,130,0.834
A62380,El Zahraa-A,739,128,0.903
A62381,el el zahraa,739,128,0.989
A62382,Misr Haram,716,117,0.81
A62383,EL MISR HARRAM Station St.788,740,100,0.957
A62384,Ph/Misr Haram 04,740,100,0.901
A62385,El-Misr Haram,761,113,0.777
A62386,PY/Misr Haram 011,761,113,0.837
A62387,El-el faraby haram Mall,700,108,0.98
A62388,PH EL FARABY HARAM280,700,108,0.95
A62389,El-EL FARABY HARAM Main Road,730,124,0.755
A62390,PY/El Faraby Haram,731,105,0.929
A62391,Ph/El Farabyy Haram (2),770,128,0.683
A62392,Ph/al amal Station St.,700,109,0.826
A62393,PY/Al mAal,700,109,0.625
A62394,PH AL AMALBranch 1,701,115,0.654
A62395,PY/AL AMAL 04,701,115,0.628
A62396,PH Al Amal Mall,705,124,0.912
A62397,Al Amal Main Road,724,112,0.88
A62398,Al Amal 6th Zone,724,112,0.863
A62399,El-Al Amal-A,743,132,0.724
A62400,Al Amal 011,743,132,0.774
A62401,El-golden care haram Branch 1,702,110,0.872
A62402,el Golden Care Haram Mall,702,110,0.714
A62403,GOLDN CARE HARAM Station St.,735,118,0.628
A62404,Golden Care Haram 04,735,118,0.939
A62405,El-GOLDEN CARE HARAM 011714,758,124,0.628
A62406,PH El Shifa Haram Station St.,725,111,0.974
A62407,El-el shif aharam Station St.,725,111,0.937
A62408,EL EL SHIFA HARAM Branch 2430,745,119,0.729
A62409,PH El Shifa Haram-A,753,116,0.723
A62410,PY/El Shifa Haram,757,120,0.883
A62411,El Shifa Haram (2),764,122,0.759
A62412,PY/El Shifa Haram-A420,769,110,0.933
A62413,EL SHIFA HARAM Branch 2,769,110,0.949
A62414,el shifa haram-A,770,129,0.859
A62415,PY/Green Leaf Haram (2),704,121,0.779
A62416,GREEN LEAF HARAM26,716,118,0.754
A62417,el GREEN LEAF HARAM Branch 2,716,118,0.687
A62418,Ph/Green Leaf Haram,719,116,0.623
A62419,Ph/green leaf haram-A350,719,116,0.865
A62420,PH Green Leaf Haram (2),722,139,0.684
A62421,PH Green Leaf Haram,727,118,0.903
A62422,green leaf haram br.2,727,118,0.888
A62423,EL green leaf haram 011,753,117,0.817
A62424,El-EL TOURATH,720,114,0.97
A62425,PH El Tourath,720,114,0.733
A62426,el tourath-A,725,112,0.718
A62427,el El Tourath Main Road,725,112,0.984
A62428,EL El Tourath,742,113,0.878
A62429,e tourath-A,742,113,0.924
A62430,PY/EL TOURATH Main Road,765,103,0.632
A62431,EL El Tourath br.2850,765,103,0.709
A62432,PH Green Leaf Haram 6th Zone,717,118,0.957
A62433,PY/Green Leaf Haram768,717,118,0.785
A62434,Green Leaf Haram Mian Road793,755,117,0.79
A62435,PH Green Leaf HaramStation St.849,764,123,0.625
A62436,EL green leaf haram (2),764,123,0.981
A62437,EL BARAKA MARG,729,104,0.629
A62438,Ph/el baraka marg,750,111,0.824
A62439,Ph/El Baraka Marg Branh 1384,766,125,0.974
A62440,PY/Family Mall,707,111,0.811
A62441,PH Family br.2560,714,110,0.736
A62442,EL Family Branch 1,714,110,0.9
A62443,PY/FAMILY-A,723,139,0.631
A62444,PH FAMILY 6th Zone,723,139,0.88
A62445,PH Family (2),726,126,0.807
A62446,FAMILY 04,743,133,0.777
A62447,PH Family br.2878,749,113,0.816
A62448,PY/FAMILY,749,113,0.653
A62449,SUNRISE HARAM Mall,706,96,0.899
A62450,El-sunrise haram Branch 1,716,119,0.805
A62451,El-SUNRISE HARAM,720,115,0.87
A62452,Sunrise Haram749,724,113,0.799
A62453,Ph/sunrise haram Branch 2941,736,121,0.633
A62454,PY/Sunrise Haram 04,736,121,0.975
A62455,PH Sunrise Haram 011148,739,129,0.664
A62456,El-Sunrise Haram 04,739,129,0.669
A62457,Sunrise Haram Station St.,766,126,0.729
A62458,EL Elite Haram 04,714,111,0.982
A62459,PY/Elite Haram,717,119,0.7
A62460,El-Elite Haram 04,717,119,0.653
A62461,PY/ELITE HARAM Station St.,732,121,0.713
A62462,el better life Station St.,705,125,0.828
A62463,PY/BETTER LIFE-A,705,125,0.709
A62464,PH BETTER LIFE Station St.,707,112,0.638
A62465,Better Life Mall,724,114,0.801
A62466,better lifee (2),756,110,0.818
A62467,Better Life Branch 2,756,110,0.866
A62468,El-Better Life Branch 1,757,121,0.961
A62469,EL al nozha 011,700,110,0.917
A62470,Ph/AL NOHZA-A,712,116,0.866
A62471,EL Al Nozha br.2,712,116,0.67
A62472,EL al nozha Branch 2939,731,106,0.899
A62473,AL NOZHA (2),731,106,0.915
A62474,al nozha,752,108,0.994
A62475,EL nile care oct city Mall,701,116,0.688
A62476,NILE CARE OCT CITY br.2,705,126,0.744
A62477,El-nile care oct city-A,705,126,0.749
A62478,Ph/NILE CARE OCT CITY,707,113,0.825
A62479,el NILE CARE OCT CITY (2)725,715,114,0.982
A62480,PY/Nile Care Oct City 01197,715,114,0.942
A62481,El-Nile Care Oct City Main Road,718,126,0.692
A62482,nile care oct city Station St.,718,126,0.695
A62483,Ph/nile care oct city Branch 1,732,122,0.656
A62484,nile care oct city,734,116,0.781
A62485,EL Nile Care Oct City880,734,116,0.733
A62486,El-metro Branch 2,704,122,0.966
A62487,PY/Metro,707,114,0.88
A62488,Ph/METRO br.2,707,114,0.845
A62489,Ph/metro Branch 2,717,120,0.837
A62490,EL METRO 04,717,120,0.833
A62491,El-Metro997,724,115,0.621
A62492,Ph/Metro Sttaion St.,724,115,0.699
A62493,Ph/metro Station St.,725,113,0.942
A62494,Ph/metro Mall,727,119,0.728
A62495,El-METRO br.2738,738,120,0.939
A62496,PH metro Branch 125,738,120,0.904
A62497,El-Metro,754,109,0.838
A62498,PH EL HOKAMA IMBABA Mall846,723,140,0.884
A62499,EL HOKAMA IMBABA 6th Zone,750,112,0.785
A62500,PH e hokama imbaba Branch 1123,750,112,0.98
A62501,EL HOKAMA IMBABABranch 183,762,136,0.651
A62502,EL UNION PHARM 011537,709,105,0.848
A62503,Union Pharm Branch 1,709,105,0.723
A62504,el UNION PHARM,710,125,0.901
A62505,Ph/Union Pharm 6th Zone,710,125,0.755
A62506,UnionPharm-A,732,123,0.693
A62507,EL UNION PHARM br.2,733,111,0.968
A62508,El-union pharm br.2,733,111,0.878
A62509,union pharm Branch 1,746,119,0.708
A62510,UNION PHARM Branch 2,748,138,0.925
A62511,el UNION PHARM Branch 2,752,109,0.765
A62512,El-Sunrise Imbaba,706,97,0.903
A62513,sunrise imbaba,706,97,0.81
A62514,El-Sunrise Imbaba (2)955,728,123,0.775
A62515,Ph/Sunrise Imbaba 6th Zone,728,123,0.894
A62516,Sunrise Imbaba,738,121,0.955
A62517,Ph/SUNRISE IMBABA500,745,120,0.87
A62518,Ph/Sunrise Imbaba,749,114,0.921
A62519,Sunrise Imbbaa br.2,757,122,0.68
A62520,SUNRISE IMBABA Main Road,766,127,0.755
A62521,PH SURISE IMBABA br.2,767,110,0.95
A62522,PH Sunrise Imbaba Mall405,767,110,0.655
A62523,el hokama imbaba,703,113,0.813
A62524,PH El Hokama Imbaba 6th Zone372,732,124,0.631
A62525,PY/el hokama imbaba,738,122,0.845
A62526,El-EL HOKAMA IMBABA 6th Znoe,738,122,0.884
A62527,EL el hokama imbaba Man Road243,745,121,0.954
A62528,PY/El Hokama Imbba Main Road,761,114,0.71
A62529,el hokama imbaba,761,114,0.896
A62530,El-el hokama imbaba,764,124,0.933
A62531,Ph/Dr Medhat Haram208,704,123,0.939
A62532,PH dr medhat haram (2),704,123,0.969
A62533,EL DR MEDHAT HARAM,710,126,0.807
A62534,EL dr medhat haram Mall,710,126,0.765
A62535,Ph/DR MEDHAT HARAM-A94,719,117,0.755
A62536,El-dr medhat haram131,719,117,0.738
A62537,EL dr medhat haram Main Rad,724,116,0.628
A62538,PH Dr Medhat Haram Mall433,735,119,0.839
A62539,el Dr Medhat Haram 011861,737,131,0.681
A62540,Dr Medhat Haram-A,737,131,0.778
A62541,El-Dr Medhat Haram Main Road,742,114,0.919
A62542,Ph/DR MEDHAT HARAM Branch 2,746,120,0.937
A62543,PH DR MEDHAT HARAM,746,120,0.922
A62544,Ph/Silver Care Rehab View,727,120,0.833
A62545,EL Silver Care Rehab View Branch 1,727,120,0.735
A62546,EL SILVER CARE REHAB VIEW Mall,730,125,0.786
A62547,El-Silver Care Rehab View,754,110,0.874
A62548,PH Silver Care Rehab View Staiton St.,754,110,0.73
A62549,SILVER CARE REHAB VIEW (2),756,111,0.913
A62550,Silver Care Rehab View 04,756,111,0.948
A62551,el nasr agam Branch 1,725,114,0.838
A62552,El Nasr Agami 66th Zone,725,114,0.642
A62553,El Nasr Agami Mall,734,117,0.719
A62554,El-el nasr agami Mall,738,123,0.874
A62555,Ph/el nasr agami 6th Zone,738,123,0.64
A62556,el nasr agami Main Road,761,115,0.922
A62557,El-el nas agami,769,111,0.943
A62558,Ph/el faraby imbaba,705,127,0.835
A62559,EL FARABY IMBABA 6th Zone507,705,127,0.752
A62560,El-EL FARABY IMBABA 011,729,105,0.712
A62561,EL El Faraby Imbaba221,758,125,0.749
A62562,PY/El Faraby Imbaba 04,758,125,0.963
A62563,EL FARABBY IMBABA,770,130,0.964
A62564,PHARMA PLUS IMBABA Branch 2,706,98,0.749
A62565,Pharma Plus Imbaba br.2,707,115,0.821
A62566,Ph/pharma plus ibmaba 011,707,115,0.925
A62567,Pharma Plus Imbaba (2),717,121,0.621
A62568,El-Pharma Plus Imbaba Branch 2,719,118,0.775
A62569,El-pharma plus imbaba Branch 1,719,118,0.826
A62570,el Pharam Plus Imbaba,738,124,0.874
A62571,PY/pharma plus imbaba Main Road,742,115,0.917
A62572,Pharma Plus Imbaba Statin St.,753,118,0.678
A62573,el tourath shubra,704,124,0.865
A62574,el E Tourath Shubra,704,124,0.866
A62575,el tourath shubra Branch 2,713,96,0.945
A62576,El Tourath Shubra,713,96,0.98
A62577,El Tourath Shubra Main Road,724,117,0.762
A62578,EL El Tourath Shubra Main Road699,729,106,0.882
A62579,El-el tourath shubra Branch 1,730,126,0.845
A62580,E lTourath Shubra (2),730,126,0.958
A62581,E LEl Tourath Shubra,731,107,0.647
A62582,Ebn Sina Branch 1,703,114,0.701
A62583,Ebn Sina-A453,714,112,0.765
A62584,PY/ebn sina 04,714,112,0.985
A62585,El-Ebn Sinaa 011,721,123,0.639
A62586,PH Ebn Sina,721,123,0.629
A62587,PY/ebn sina,749,115,0.917
A62588,El-EBN SIAN (2),749,115,0.701
A62589,EL ebn sina Mall,757,123,0.695
A62590,el EBN SINA br.2727,757,123,0.731
A62591,EL EBN SINA br.2,768,128,0.743
A62592,EL salamtek 011,706,99,0.78
A62593,SALAMTEK,738,125,0.914
A62594,PY/SALAMTEK (2),738,125,0.797
A62595,Salamtek,754,111,0.759
A62596,Ph/salamtek382,756,112,0.82
A62597,Ph/Salamtek (2),765,104,0.976
A62598,el El Shifa Imbaba 04660,704,125,0.815
A62599,Ph/EL SHIFA IMBABA975,704,125,0.799
A62600,PH El Sihfa Imbaba Station St.623,730,127,0.69
A62601,El-EL SHIFA IMBABA-A677,730,127,0.738
A62602,PH l shifa imbaba Branch 1,733,112,0.825
A62603,EL El Shifa Imbaba Braanch 2,742,116,0.731
A62604,Ph/El Shifa Imbaba,742,116,0.759
A62605,EL SHIFA IMBABA Branch 2,744,126,0.753
A62606,el el shifa imbaba439,744,126,0.798
A62607,El Shifa Imbaba86,755,118,0.843
A62608,el shifa imbaba br.2,755,118,0.964
A62609,PH el shifa imbaba Main Road,769,112,0.957
A62610,PH EL SHIFA IMBABA 011106,769,112,0.978
A62611,HOPE IMBABA-A,717,122,0.664
A62612,PY/Hope Imbaba 6th Zone,717,122,0.733
A62613,PY/hope imbaba Main Road,726,127,0.622
A62614,PH hope iimbaba (2),748,139,0.81
A62615,HOPE IMBABA,748,139,0.989
A62616,El-Hope Imbba,766,128,0.631
A62617,Ph/hope imbaba,766,128,0.629
A62618,Ph/Hope Imbaba Branch 2,768,129,0.682
A62619,el El Faraby,701,117,0.779
A62620,Ph/El Faraby 6th Zone922,708,115,0.766
A62621,EL FARRABY,729,107,0.972
A62622,PH El Faraby 04,734,118,0.666
A62623,El Faraby,763,114,0.758
A62624,EL E lFaraby105,763,114,0.746
A62625,el EL FARABY 011,770,131,0.713
A62626,EL el faraby 011,770,131,0.884
A62627,PY/Alpha hParma Imbaba Mall,733,113,0.797
A62628,PY/ALPHA PHARMA IMBABA Main Road262,733,113,0.743
A62629,Ph/alpha pharma imabba Main Road,740,101,0.646
A62630,alpha pharma imbaba Station St.,755,119,0.746
A62631,Ph/alpha pharma imbaba Branch 1,755,119,0.976
A62632,El Baraka Faisal 04,703,115,0.813
A62633,EL BARAKA FAISAL,703,115,0.784
A62634,El Baraka Faisal,708,116,0.853
A62635,PY/El Baraka Faisal,708,116,0.943
A62636,el El Baraka Faisal 6th Zone,722,140,0.763
A62637,el ELB ARAKA FAISAL (2),722,140,0.636
A62638,EL El Barraka Faisal (2),736,122,0.844
A62639,El Baraka Faisal,756,113,0.659
A62640,Ph/EL BARAKA FAISAL 04,757,124,0.78
A62641,PH El Baraka Faisal 011,757,124,0.749
A62642,El Baraka Faisal-A,758,126,0.951
A62643,El Baraka Faisal,758,126,0.829
A62644,EL BAARKA FAISAL 6th Zone,759,121,0.951
A62645,el El Baraka Faisal Station St.,759,121,0.644
A62646,Angel Imbaba Station St.463,736,123,0.894
A62647,ANGEL IMBABA 6th Zone,736,123,0.795
A62648,EL ANGEL IMBABA Main Road,739,130,0.808
A62649,EL ANGEL IMBABA Mall,753,119,0.873
A62650,el ANGEL IMBABA 6th Zone,753,119,0.939
A62651,Ph/Ebn Sina 6th Zone,717,123,0.7
A62652,Ph/EBN SINA Branch 2,726,128,0.668
A62653,Ph/Ebn Sina (2),726,128,0.873
A62654,P/YEbn Sina919,729,108,0.663
A62655,PH Ebn Sina 6th Zone,729,108,0.847
A62656,ebn snia,765,105,0.99
A62657,EBN SINA 6th Zone,765,105,0.988
A62658,Ebn Sina Main Road,768,130,0.828
A62659,Ebn Sina (2),768,130,0.669
A62660,Ph/Ebn Sina Obour,731,108,0.942
A62661,El-Ebn Sina Obour Bracnh 2,731,108,0.76
A62662,EL Ebn Sina Obour,748,140,0.683
A62663,ebn sina obour Main Road,748,140,0.751
A62664,El-Ebn Sina Obour 011,750,113,0.688
A62665,PY/EBN SINA OBOUR 6th Zone364,753,120,0.624
A62666,Ebn Sina Obour Main Road,753,120,0.903
A62667,EBN SINA OBOUR Branch 2,765,106,0.7
A62668,el Ebn Sina Obour 011,765,106,0.879
A62669,PY/ebn sina obour Branch 1,767,111,0.751
A62670,ebn sina obour (2),767,111,0.964
A62671,el el nasr shubra (2),706,100,0.667
A62672,EL el nasrr shubra,726,129,0.943
A62673,EL NASR SHUBRA687,731,109,0.865
A62674,EL NASR SHUBRA939,739,131,0.723
A62675,El Nasr Shubra-A,742,117,0.871
A62676,Ph/el nasr shubra Main Road,742,117,0.649
A62677,PH EL NASR SHUBRA br.2,750,114,0.8
A62678,el Union Pharm Imbaba 011,711,108,0.669
A62679,el UNION PHARM IMBABA,729,109,0.831
A62680,Ph/UNION PHARM IMBABA 04,729,109,0.756
A62681,EL UNION PHARM IMBABA 6th Zone,731,110,0.664
A62682,el Union Pharm Imbaba-A,731,110,0.891
A62683,UNION PHARM IMBABA,743,134,0.663
A62684,EL UNION PHARM IMBABA Branch 2,745,122,0.916
A62685,el Union Pharm Imbaba-A,745,122,0.773
A62686,PH Union Pharm Imbaba br.2,764,125,0.942
A62687,Union Pharm Imbaba Main Road,764,125,0.91
A62688,UNION PHARM IMBABA Branch 142,765,107,0.72
A62689,Life Line,720,116,0.662
A62690,Life Line,744,127,0.91
A62691,Life Line Station St.,745,123,0.627
A62692,El-Life ine-A,745,123,0.993
A62693,PY/LIFE LINE 04316,756,114,0.847
A62694,Life Line Branch 1,756,114,0.745
A62695,PH Lifee Line 6th Zone,765,108,0.692
A62696,EL life line br.2,765,108,0.839
A62697,PY/Blue Wave Mall,707,116,0.905
A62698,El-Blue Wave,707,116,0.847
A62699,PH blue wave,715,115,0.691
A62700,El-Blue Wave,723,141,0.941
A62701,Blue Wave Station St.,732,125,0.888
A62702,PH Blue Wave (2)445,742,118,0.975
A62703,el Better Life Imbaba Branch 1,715,116,0.697
A62704,el Better Life Imbaba-A764,722,141,0.66
A62705,Better Life Imbaba Mall,722,141,0.887
A62706,PH Better Life Imbaba 011,724,118,0.738
A62707,EL Better Life Imbaba Main oad,735,120,0.871
A62708,EL Better Life Imbaba 04,735,120,0.72
A62709,EL Better Life Imbaba Branch 1,737,132,0.769
A62710,Better Life Imbaba 6th Zone,744,128,0.703
A62711,better life imbab aMall,744,128,0.78
A62712,PY/BETTER LIFE IMBABA929,751,101,0.987
A62713,better life imbaba 6th Zone,758,127,0.827
A62714,El-El Hokama Shubra,705,128,0.66
A62715,Ph/El Hokama Shubra br.2,705,128,0.861
A62716,PY/El Hokama Shhubra 6th Zone,741,119,0.749
A62717,El Hokama Shubra Branch 1,741,119,0.755
A62718,El Hokama Shubra Station St.,747,108,0.909
A62719,EL HOKAMA SHUBRA Main Road,747,108,0.937
A62720,El Hokama Shubra,763,115,0.808
A62721,EL El Hokama Shubra 04,763,115,0.64
A62722,SILVER CARE AGAMI 04,731,111,0.76
A62723,Ph/SILVER CARE AGAMI 04,757,125,0.634
A62724,El-silver care agami,757,125,0.956
A62725,SILVER CARE AGAMI 11,758,128,0.899
A62726,El-Silver Care Agami (2),758,128,0.653
A62727,silver care agami-A,763,116,0.649
A62728,el Misr Imbaba Branch 2,703,116,0.928
A62729,PY/misr imbaba Banch 2,703,116,0.862
A62730,misr imbaba br.2,713,97,0.792
A62731,EL Misr Imbaba,714,113,0.816
A62732,EL misr imbaba Mall,733,114,0.703
A62733,MISR IMBABA 011,733,114,0.885
A62734,el Misr Imbaba (2)238,737,133,0.961
A62735,Misr Imbaba-A,737,133,0.859
A62736,misr mbaba Branch 2,744,129,0.795
A62737,Misr Imbaba br.2,747,109,0.791
A62738,Misr Imbaba (2),747,109,0.689
A62739,PY/Seha First Branch 1857,706,101,0.868
A62740,el Seha First,707,117,0.964
A62741,EL Seha First Station St.139,707,117,0.815
A62742,EL SEHA FIRST br.2,710,127,0.708
A62743,El-shea first 011,712,117,0.682
A62744,EL Seha First Main Road,745,124,0.62
A62745,Seha First 6th Zone,745,124,0.708
A62746,Seha First 011485,746,121,0.933
A62747,Seha First Station St.,746,121,0.953
A62748,Seha First Branch 2,761,116,0.883
A62749,Pharma Plus Imbaba Station St.,705,129,0.973
A62750,El--PHARMA PLUS IMBABA-A,707,118,0.748
A62751,PH Pharma Plus Imbaba Main Road,707,118,0.882
A62752,PH PHARMA PLUS IMBABA,743,135,0.907
A62753,EL Phrma Plus Imbaba Mall,743,135,0.82
A62754,PHARMA PLUS IMBABA,760,113,0.675
A62755,Pharma Plus Imbaaba Mall,760,113,0.672
A62756,EL El Tourath Imbaba Main Road,712,118,0.842
A62757,PH El Tourath Imbaba 011,716,120,0.699
A62758,El-el tourath imbaba 04,716,120,0.643
A62759,Ph/el tourath imbaba (2),722,142,0.94
A62760,Ell-El Tourath Imbaba (2),739,132,0.645
A62761,Ph/EL TOURATH IMBABA 011,749,116,0.914
A62762,EL TOURATH IMBABA br.2,749,116,0.752
A62763,dr medhat imbaba,726,130,0.738
A62764,PY/dr medhat imbaba 01145,726,130,0.931
A62765,el dr medhat imbaba,727,121,0.758
A62766,DR MEDHAT IMBABA 04,730,128,0.941
A62767,EL dr medhat imbaba 6th Zone,737,134,0.783
A62768,El-Dr Medhat Imbaba 6th Zone,742,119,0.863
A62769,EL DR MEDHAT IMBABA Branch 2,753,121,0.77
A62770,el dr medht imbaba 011,753,121,0.815
A62771,PH Dr Medhat Imbaba 6th Zone,763,117,0.747
A62772,PH SILVER CARE MAADI,715,117,0.889
A62773,Ph/SILVER CARE MAADI 6th Zone,715,117,0.692
A62774,PH Siler Care Maadi-A,731,112,0.765
A62775,el SILVER CARE MAADI,769,113,0.769
A62776,PY/SILVER CARE MAADI Main Road,769,113,0.897
A62777,el El Tourath Haram,705,130,0.665
A62778,El Tourath Haram (2)346,705,130,0.973
A62779,EL El Tourath Haram Main Road356,709,106,0.694
A62780,el tourath haram (2),709,106,0.741
A62781,PY/el tourath haram 04,746,122,0.823
A62782,El-El Tourath Haram Mall,757,126,0.902
A62783,El Tourath Haram (2),757,126,0.848
A62784,EL EL BARAKA NOZHA Mall,726,131,0.736
A62785,PH El Baraka Nozha,726,131,0.733
A62786,PY/EL BARAKA NOZHA 6th Zone,755,120,0.831
A62787,el bbaraka nozha Branch 2,755,120,0.821
A62788,El-EL BARAKA NOZHA-A,768,131,0.8
A62789,El-El Baraka Nozha,768,131,0.629
A62790,PHBlue Wave Helwan,722,143,0.632
A62791,Blue Waev Helwan,750,115,0.723
A62792,PY/Blue Wave Helwan Branch 2,764,126,0.621
A62793,EL BLUE WAVE HELWAN (2),764,126,0.626
A62794,El-EL BARAKA FAISAL 6th Zone504,701,118,0.663
A62795,Ph/El Baarka Faisal br.2,723,142,0.694
A62796,EL EL BARAKA FAISAL (2)472,726,132,0.912
A62797,E El Baraka Faisal Mall,730,129,0.682
A62798,El-El araka Faisal Branch 2270,730,129,0.692
A62799,EL BRAKA FAISAL Branch 1,741,120,0.894
A62800,PH el baraak faisal 04,741,120,0.832
A62801,El Baraka Faisal 04,744,130,0.724
A62802,El-El Baraka Faisal Branch 2,744,130,0.697
A62803,El Baraka Faisal Branch 1,748,141,0.76
A62804,Ph/El Baraka Faisal 04,748,141,0.657
A62805,el baraka faisal-A,768,132,0.63
A62806,EL Sunrise (2),708,117,0.703
A62807,el sunrise Mall,709,107,0.726
A62808,Ph/SUNRISE-A,712,119,0.737
A62809,Ph/Sunrisse-A717,732,126,0.669
A62810,el Sunrise 2(),732,126,0.816
A62811,Sunrise br.2,738,126,0.908
A62812,Snurise,738,126,0.687
A62813,El-Sunrise th Zone849,749,117,0.945
A62814,sunrise 6th Zone837,762,137,0.882
A62815,PY/Sunrise-A,762,137,0.905
A62816,STAR CAR EIMBABA Mall,713,98,0.65
A62817,STAR CARE IMBABA Branch 2,713,98,0.869
A62818,PY/star care imbaba Mall,724,119,0.973
A62819,Ph/Star Care Imbaba br.2,730,130,0.68
A62820,stra care imbaba,730,130,0.64
A62821,Star Care Imbaba Main Road,746,123,0.742
A62822,PH star care imbaba Main Road,746,123,0.947
A62823,sta rcare imbaba,768,133,0.742
A62824,el Nile Care Imbaba Branch 1,704,126,0.874
A62825,NILE CARE IMBABA,724,120,0.71
A62826,NILE CARE IMBABA,724,120,0.763
A62827,NILE CARE IMBABA (2),750,116,0.8
A62828,PY/Nile Care Imbaba (2),758,129,0.973
A62829,PH MIRA Station St.,700,111,0.706
A62830,EL MIRA,700,111,0.883
A62831,El-MMira621,728,124,0.784
A62832,PH mira-A,728,124,0.747
A62833,Ph/Mira br.2,740,102,0.886
A62834,Mira Branhc 2,753,122,0.695
A62835,mira Mall,753,122,0.885
A62836,PY/Mira (2),754,112,0.718
A62837,PY/Mira 011258,754,112,0.845
A62838,MIRA Branhc 2171,760,114,0.659
A62839,PY/El Zahraa Montaza,702,111,0.843
A62840,el EL ZARAA MONTAZA,707,119,0.701
A62841,EL ZAHRAA MONTAZA br.2,707,119,0.845
A62842,EL ZAHRAA MONTAA 6th Zone,739,133,0.768
A62843,PH El Zahraa Montaza,741,121,0.97
A62844,El Zahraa Montaza (2),741,121,0.696
A62845,El Zahraa Montaza 6th Zone431,763,118,0.845
A62846,EL El ZahraaM ontaza,763,118,0.723
A62847,el STAR CARE IMBABA,709,108,0.764
A62848,PH star care imbaba,709,108,0.939
A62849,PH STAR CARE IMBABA Branch 1971,710,128,0.917
A62850,PY/star care imaba,734,119,0.776
A62851,Star Care Imbaba229,734,119,0.991
A62852,el star care imbaba Main Road,736,124,0.948
A62853,Star Care Imbaba Branch 1,736,124,0.646
A62854,El-STAR CARE IMBABA,745,125,0.647
A62855,Star Care Imbaba Main Road,753,123,0.825
A62856,Star Care Imbaba 011,753,123,0.745
A62857,star car imbaba614,755,121,0.691
A62858,E LSTAR CARE IMBABA-A,761,117,0.874
A62859,El-Star Care Imbaba (2),761,117,0.738
A62860,el SUNRISE MAADI,709,109,0.808
A62861,Sunrise Maadi (2),709,109,0.712
A62862,PY/Sunrise Maadi Mall,719,119,0.933
A62863,el sunrise maadi,734,120,0.924
A62864,Care 24 Seven Imbaba-A,707,120,0.76
A62865,el Care 24 Seven Imbaba Main Road,709,110,0.724
A62866,EL CCare 24 Seven Imbaba 011,709,110,0.874
A62867,EL Care 24 Seven Imbaba,713,99,0.696
A62868,care 24 seven imbaba,720,117,0.76
A62869,El-CARE 24 SEVEN IMBABA 011241,721,124,0.809
A62870,Ph/Care 24 Seven Imbaba-A,721,124,0.755
A62871,Care 24 Seven Imbaba Station St.,727,122,0.716
A62872,EL Care 24 Seven Imbaba,743,136,0.711
A62873,Care 24 Seven Imbaba,748,142,0.908
A62874,PH Golden Care Smouha Station St.,717,124,0.75
A62875,Ph/golden care smouha br.2,717,124,0.868
A62876,PH golden care smouha 6th ZZone,728,125,0.812
A62877,Golden Care Smouha,728,125,0.989
A62878,el Golden Care Smouha,762,138,0.901
A62879,EL Hope Imbaba 6th Zone272,721,125,0.787
A62880,PH hope imbaba Branch 1,733,115,0.677
A62881,Ph/hope imbaba Branch 2,749,118,0.936
A62882,HOPE IMBABA Branch 1,749,118,0.984
A62883,Ph/HOPE IMBABA 6th Zone,764,127,0.971
A62884,El-hope zayed 04,719,120,0.667
A62885,Hope Zayed (2),719,120,0.8
A62886,PY/hope zayed 04,727,123,0.763
A62887,PY/OPE ZAYED (2)897,727,123,0.656
A62888,HOPE ZAYD 04,752,110,0.944
A62889,hope zayed 04,752,110,0.739
A62890,PH HOPE ZAYED (2),754,113,0.67
A62891,PH hope zayed 6th Zone,758,130,0.716
A62892,PH Hope Zayed (2),758,130,0.779
A62893,PY/Green Leaf Helwan Branch 2,719,121,0.949
A62894,El-green leaf helwan br.2,719,121,0.906
A62895,Ph/Green Leaf Helwan (2),730,131,0.874
A62896,El-green leaf helwan71,739,134,0.683
A62897,PH BETTER LIFE MOHANDESSIN,709,111,0.852
A62898,El-BETTER LIFE MOHANDESSIN,710,129,0.641
A62899,El-better life mohandessin 011,718,127,0.782
A62900,PH better life mohandessin Mall,718,127,0.72
A62901,PH better lfe mohandessin,734,121,0.862
A62902,el Better Life Mohandessin Station St.,735,121,0.801
A62903,PH BEETTER LIFE MOHANDESSIN Branch 1,744,131,0.822
A62904,BETTER LIFE MOHANDESSIN Branch 1,744,131,0.705
A62905,Betterr Life Mohandessin 04,748,143,0.852
A62906,PH Better Life Mohandessin Branch 1,754,114,0.787
A62907,PH BETTER LIFE MOHANDESSIN975,754,114,0.796
A62908,EL Ebn Sina-A,700,112,0.683
A62909,Ph/ebn sina Branch 1832,707,121,0.666
A62910,ell ebn sina-A,707,121,0.844
A62911,Ebn Sna Branch 2,717,125,0.714
A62912,Ph/Ebn Sina Main Road,719,122,0.766
A62913,Ph//Ebn Sina 6th Zone,722,144,0.983
A62914,EL EBN SINA (2)401,731,113,0.959
A62915,El-nile care rehab view Main Road,701,119,0.76
A62916,El--Nile Care Rehab View br.2,701,119,0.64
A62917,nile care rehab view,719,123,0.981
A62918,e Nile Care Rehab View 011,719,123,0.676
A62919,PH nile care rehab view-A,760,115,0.755
A62920,EL Nile Caare Rehab View 6th Zone545,760,115,0.83
A62921,PY/al amal mohandessin-A,720,118,0.964
A62922,el Al Amal Mohandessin br.2,720,118,0.925
A62923,AL AMAL MOHANDESSIN Station St.,739,135,0.794
A62924,El-al amal mohandessin Mall526,741,122,0.641
A62925,alamal mohandessin Branch 1,747,110,0.886
A62926,PY/al amal mohandessin Main Road,749,119,0.879
A62927,AlA mal Mohandessin Branch 1308,749,119,0.848
A62928,al amal mohandessin Branch 1,752,111,0.796
A62929,EL NASR MOHANDESSIN Main Road,730,132,0.889
A62930,El NasrMohandessin Station St.,730,132,0.837
A62931,El-el nasr mohhandessin,736,125,0.962
A62932,EL ASR MOHANDESSIN Branch 1,736,125,0.847
A62933,EL EL NASR MOHANDESSIN br.2,737,135,0.826
A62934,El Nasr Mohandessin br.2,737,135,0.68
A62935,EL el nasr mohandessin Main Road,739,136,0.722
A62936,PY/El Nasr Mohandessin 04,739,136,0.703
A62937,Ph/el nasr mohandessin Mall,740,103,0.694
A62938,PY/El Nasr Mohandessin Branch 1,740,103,0.735
A62939,Ph/El Nasr Mohandessin 011,747,111,0.727
A62940,el EL NASR MOHANDESSIN Branch 1,747,111,0.77
A62941,El Nasr Mohandessin Main Road,762,139,0.738
A62942,PY/AL AMAL,700,113,0.797
A62943,PY/Al Amal Station St.,736,126,0.702
A62944,PY/AL AMAL Branch 1,757,127,0.774
A62945,Ph/Al Amal,757,127,0.744
A62946,AL AMAL 6th Zone,758,131,0.757
A62947,el Al Amal 6h Zone,760,116,0.773
A62948,el Union Pharm Mohandessin Mall,702,112,0.717
A62949,Ph/Union Pharm Mohandessin 011,702,112,0.839
A62950,UNION PHARM MOHANDESSIN 011,703,117,0.63
A62951,Union Pharm Mohandessin Branch 2,703,117,0.985
A62952,EL Union Pharrm Mohandessin Branch 2,720,119,0.718
A62953,El-Union Pharm Mohandessin 6th Zone,737,136,0.958
A62954,EL Union Pharm Mohandessin,739,137,0.747
A62955,El-UNION PHARM MOHANDESSIN Branch 1,757,128,0.851
A62956,el Union Pharm Mohandessin 6th Zone,757,128,0.671
A62957,UNION PHARM MOHANDESSIN-A,761,118,0.688
A62958,PY/Dr Medhat Oct City Branch 1,703,118,0.934
A62959,Dr Medhat Oct City 011,704,127,0.736
A62960,Dr Medhat Oct City Branch 1,704,127,0.948
A62961,DR MEDHAT OCT CITY Main Road,715,118,0.837
A62962,Dr Medhat Oct City-A173,727,124,0.945
A62963,PH dr medhat oct city 6th Zone,751,102,0.679
A62964,el Dr Medhat Oct City Main Road,751,102,0.997
A62965,El-DR MEDHAT OCT CITY,763,119,0.951
A62966,PY/El Tourath 6th Zone,712,120,0.837
A62967,PH EL TOURATH Branch 1,744,132,0.872
A62968,El Tourath 011,762,140,0.946
A62969,El-pharma plus dokki 011,717,126,0.785
A62970,Pharma Plus Dokki Branchh 1,734,122,0.876
A62971,El-Pharma Plus Dokki Branch 2,745,126,0.739
A62972,pharma plus dokki,752,112,0.805
A62973,Pharma Pls Dokki Main Road,752,112,0.979
A62974,PH hParma Plus Dokki br.2,754,115,0.671
A62975,PH Pharma Plus Dokki ranch 1,764,128,0.977
A62976,el Pharma Plus Dokki,769,114,0.624
A62977,el Pharma Plus Dokki 6th Zone853,769,114,0.744
A62978,BetterL ife Mohandessin,708,118,0.647
A62979,EL Better Life Mohandessin,746,124,0.808
A62980,el BETTER LIFE MOHANDESSIN Station St.,754,116,0.888
A62981,EL Better Life Mohandessin,754,116,0.948
A62982,better life mohandessin Branch 2,769,115,0.881
A62983,PH Life Line Rehab View,726,133,0.859
A62984,LIFE LINE REHAB VIEW 011,726,133,0.638
A62985,Life Line Reab View Station St.,759,122,0.803
A62986,Ph/Life Line Rehab View Branch 2,759,122,0.947
A62987,Life Line Rehab View 011,760,117,0.993
A62988,El-life line rehab view Main Road,760,117,0.92
A62989,el Angel Mohandessin 6th Zone,706,102,0.929
A62990,EL ANGEL MOHANDESSIN Mall,706,102,0.804
A62991,PH ANGEL MOHANDESSIN-A,716,121,0.787
A62992,el Angel Mohandessin Main Road,718,128,0.806
A62993,PH Angel Mohandessin Brancch 1,734,123,0.676
A62994,PH ANGGEL MOHANDESSIN br.2,734,123,0.849
A62995,EL Angel Mohandessin br.2,742,120,0.783
A62996,PY/angel mohandessin-A,742,120,0.826
A62997,el AGNEL MOHANDESSIN Branch 2,748,144,0.793
A62998,Angel Mohandessin,748,144,0.888
A62999,El-Angel Mohandessin Mall,749,120,0.802
A63000,Angel Mohandessin-A,750,117,0.672
A63001,PY/PHARMA PLUS 011,706,103,0.948
A63002,Ph/pharma plus (2),706,103,0.778
A63003,ElPharma Plus,709,112,0.662
A63004,PHARMA PLUS,709,112,0.894
A63005,PY/Pharma Plus Branch 2,712,121,0.774
A63006,el PHARMA PLUS 04,712,121,0.646
A63007,el PHARMA PLUS Branch 2710,715,119,0.879
A63008,Ph/Pharma Plus 011,719,124,0.712
A63009,Pharmaa Plus,719,124,0.992
A63010,pharma plus,729,110,0.742
A63011,PH pharma plus br.2,756,115,0.958
A63012,EL Pharma Plus (2),756,115,0.636
A63013,EL salaamtek haram Station St.,700,114,0.923
A63014,PY/salamtek haram Mall,700,114,0.868
A63015,PH SALAMTEK HARAM 011,705,131,0.748
A63016,El-salamtek haram br.2,705,131,0.648
A63017,El-Salamtek Haram,718,129,0.654
A63018,PY/salamtek haram Branch 1,718,129,0.856
A63019,El-SALAMTEK HARAM,732,127,0.937
A63020,Salamtek Haram Branch 2,732,127,0.682
A63021,PH salamtek haram br.2,733,116,0.62
A63022,SALAMTEK HARAM br.2,757,129,0.812
A63023,Salamtek Haram ((2),757,129,0.758
A63024,PH MISR NOZHA-A,700,115,0.913
A63025,misr nozha,707,122,0.892
A63026,el Misr Nozha Branch 2697,710,130,0.835
A63027,el MISR NOZHA,711,109,0.852
A63028,Misr Nozha Branch 2,711,109,0.953
A63029,El-Misr Nozha,725,115,0.959
A63030,Ph/MISR NOZHA Branch 2,725,115,0.899
A63031,PH MISR NOZHA Branch 2,733,117,0.904
A63032,el el baraka shubra Station St.,702,113,0.929
A63033,PY/El Baraaka Shubra,703,119,0.767
A63034,PY/el baraka shubra Branch 2546,703,119,0.707
A63035,el El Baraka Shubra,712,122,0.682
A63036,El Baraka Shubra br.2459,715,120,0.792
A63037,PH EL BARAKA SHUBRA Station St.405,726,134,0.863
A63038,PH EL BARAKA SHUBRA br.2,748,145,0.943
A63039,EL El Baraka Shubra 011,748,145,0.87
A63040,Ph/EL BARAKA SHUBRA 011,750,118,0.807
A63041,El--El Baraka Shubra Branch 2,750,118,0.87
A63042,El Baraka Shubra (2),751,103,0.748
A63043,Ph/SILVER CARE MOHANDESSIN-A,709,113,0.798
A63044,EL SILVER CARE MOHANDESSIN Station St.,716,122,0.688
A63045,EL silver care mohandessin br.2,727,125,0.64
A63046,Ph/Silver Care Mohandessin (2)945,727,125,0.628
A63047,EL Silver Care Mohandessin 6th Zone,729,111,0.917
A63048,El-SILVER CARRE MOHANDESSIN,729,111,0.794
A63049,Silver Care Mohandessin 011,757,130,0.763
A63050,SILVER CARE MOHANDESSIN Mall,757,130,0.703
A63051,EL Silver Care Mohandessin 6th Zone,767,112,0.645
A63052,SILVER CARE MOHANDESSIN 011,770,132,0.842
A63053,Al Nozha Montaza Main Road68,701,120,0.656
A63054,AL NOZHA MONTAZA103,701,120,0.795
A63055,AL NOZHA MONTAZA Main Road,705,132,0.732
A63056,Al Nozha Montaza Branch 1506,735,122,0.685
A63057,El-Al Nozha Montaza 011,749,121,0.662
A63058,EL Al Nozhha Montaza,751,104,0.925
A63059,EL Al Nozha Montaza Brranch 1,751,104,0.803
A63060,PH Al Nozha Montaza,756,116,0.835
A63061,PH Al Nozha Montaza 6th Zone,756,116,0.88
A63062,El-AL NOZHA MONTAZA Main Road,760,118,0.872
A63063,EL al nozha montaza Branch 1,765,109,0.93
A63064,PY/Al Nozha Montaza (2),765,109,0.626
A63065,El-health gate mohandessin Sttation St.,701,121,0.723
A63066,EL Health Gate Mohandessin Branch 2,701,121,0.913
A63067,EL HEALTH GATE MOHANDESSIN Branch 1,709,114,0.761
A63068,elH EALTH GATE MOHANDESSIN Station St.,722,145,0.879
A63069,el Health Gate Mohandessin-A897,759,123,0.981
A63070,Ph/Health Gate Mohandessin (2),768,134,0.769
A63071,health gate mohandessin 6th Zone,768,134,0.815
A63072,el baraka Mall,716,123,0.879
A63073,EL BARAKA-A,723,143,0.722
A63074,el EL BARAKA 6th Zone,723,143,0.709
A63075,PY/El Baraka,730,133,0.987
A63076,El Baraka Station St.300,743,137,0.848
A63077,El Baraka 011,743,137,0.667
A63078,Ph/nile care mohandessin Station St.,703,120,0.995
A63079,nile care mohandessin 04,713,100,0.887
A63080,nile care mohandessin Mall,713,100,0.902
A63081,PY/NILE CARE MOHANDESSIN,745,127,0.708
A63082,NILE CARE MOHANDESSIN Branch 2,748,146,0.899
A63083,Nile Cre Mohandessin,748,146,0.831
A63084,GREEN LEAF MOHANDESSIN Main Road,703,121,0.931
A63085,El-Green Leaf Mohandessin,703,121,0.654
A63086,EL Green Leaf Mohandessin Main Road,721,126,0.882
A63087,Ph/Green Leaf Mohandessin,741,123,0.945
A63088,El-GREEN LEAF MOHANDESSIN 6th Zoone,741,123,0.982
A63089,green leaf mohandessin 04,757,131,0.972
A63090,Ph/green leaf mohandessin,765,110,0.647
A63091,Elite Shhubra,703,122,0.672
A63092,El-Elite Shubra Mall,705,133,0.714
A63093,EL elite shubra Branch 2429,705,133,0.992
A63094,elite shubra,718,130,0.801
A63095,Ph/ELITE SHUBRA,718,130,0.69
A63096,Ph/Elite Shubra br.2,723,144,0.731
A63097,Ph/elite shubra 011,745,128,0.907
A63098,PY/Elite Shubra 011,747,112,0.943
A63099,PY/ELITE SHUBRA,747,112,0.889
A63100,el Eltie Shubra br.2,760,119,0.759
A63101,el Elite Shubra (2),766,129,0.85
A63102,PY/OMEGA SMOUHA Main Road,709,115,0.703
A63103,El-omega smouha Branch 2831,710,131,0.75
A63104,PH OMEGA SMOUHA Main Road,710,131,0.866
A63105,Omega Smouha-A,723,145,0.769
A63106,El-Omega Smouah br.2,765,111,0.703
A63107,Omega mouha (2),765,111,0.941
A63108,EL omega smouha 04,770,133,0.994
A63109,Golden Care Mohandessin Main oad,709,116,0.779
A63110,PY/golden care mohandessin Branch 1134,716,124,0.99
A63111,Ph/Golden Care Moahndessin 04,716,124,0.91
A63112,El-Golden Care Mohandessin Mall,761,119,0.85
A63113,Goldenn Care Mohandessin,765,112,0.892
A63114,el Nile Care Mall,710,132,0.831
A63115,el nile care Main Road,710,132,0.682
A63116,Ph/Nile Care,718,131,0.858
A63117,Ph/NILE CARE,721,127,0.905
A63118,PH NILE CARE,721,127,0.785
A63119,NILE CARE820,723,146,0.697
A63120,nile car e(2),725,116,0.795
A63121,PY/Nile Care Branch 1,732,128,0.767
A63122,EL Nile Care,737,137,0.649
A63123,Nile Care,743,138,0.9
A63124,PH Nile Care (2),743,138,0.765
A63125,EL golden care banha br.2,705,134,0.776
A63126,EL Golden Care Banha Branch 1,713,101,0.854
A63127,Golden Care Banha,715,121,0.826
A63128,Golden Care Banha Branch 1,715,121,0.993
A63129,Golden Care Banha Branch 1153,716,125,0.985
A63130,PH golden carre banha 011,716,125,0.962
A63131,golden care banha (2),744,133,0.636
A63132,Golden Cae Banha,744,133,0.785
A63133,PH GOLDEN CARE BANHA Main Road,746,125,0.703
A63134,golden care bannha431,750,119,0.768
A63135,el elite-A,705,135,0.96
A63136,el Elite,740,104,0.637
A63137,El-Elite,741,124,0.746
A63138,ellite,741,124,0.969
A63139,PY/LEITE715,757,132,0.744
A63140,El-Elite Branch 1,758,132,0.793
A63141,PY/ELITE Station St.,758,132,0.854
A63142,El-ELITE 011378,759,124,0.918
A63143,EL elite Main Road,759,124,0.732
A63144,P Helite Mall,763,120,0.953
A63145,PY/misr maadi 6th Zone674,713,102,0.909
A63146,msr maadi,729,112,0.694
A63147,EL Misr Maadi,737,138,0.935
A63148,EL Misr Maadi 04,737,138,0.963
A63149,PhMisr Maadi Station St.,756,117,0.798
A63150,PY/Car 24 Seven Maadi br.2,713,103,0.877
A63151,Ph/CARE 24 SEVEN MAADI (2),713,103,0.629
A63152,el care 24 sven maadi (2),722,146,0.71
A63153,CARE 24 SEVEN MAADI 04,722,146,0.687
A63154,care 24 seven maadi 6th Zone,728,126,0.945
A63155,PY/care 24 seven maadi (2),728,126,0.99
A63156,care 24 seven maadi,740,105,0.733
A63157,care 24 seven maadi Branch 1,740,105,0.829
A63158,care 24 seven maadi 6th Zone,758,133,0.844
A63159,CARE 24 SEVEN MAADI (2),759,125,0.701
A63160,Green Leaf,700,116,0.713
A63161,GREEN LEAF Branch 1,703,123,0.898
A63162,EL green leaf br.2,711,110,0.734
A63163,el GREEN LEAF (2),720,120,0.819
A63164,PH green leaf,727,126,0.821
A63165,PY/green leaf (2),727,126,0.913
A63166,gren leaf,734,124,0.897
A63167,green leaf,734,124,0.758
A63168,E LGreen Leaf Main Road,737,139,0.722
A63169,LIFE LINE Branch 1,705,136,0.8
A63170,Ph/Life Line (2),711,111,0.654
A63171,El-Life Line-A,715,122,0.723
A63172,El-LIFE LINE Branch 1,739,138,0.767
A63173,EL life line Branch 1,752,113,0.784
A63174,PY/Life iLne,756,118,0.765
A63175,LIFE LINE Branch 2233,756,118,0.796
A63176,EL LIFE LINE Branch 270,760,120,0.822
A63177,PH life line 04909,770,134,0.983
A63178,El-Seha First Main Road,702,114,0.879
A63179,El-SEHA FIRST Branch 2418,702,114,0.958
A63180,El-Seha First br.228,709,117,0.625
A63181,seha first 04725,727,127,0.779
A63182,El-SEHAF IRST 011,728,127,0.947
A63183,EL SEHA FIRST,728,127,0.828
A63184,Seha First Branch 2,761,120,0.699
A63185,PY/Seha First184,761,120,0.762
A63186,El-seha first 04,765,113,0.755
A63187,Ph//Seha First Branch 2,765,113,0.914
A63188,el Seha First 6th Zone,766,130,0.79
A63189,PY/Seha First,766,130,0.88
A63190,Union Pharm Haram br.2,712,123,0.859
A63191,Ph/Union Pharm Haram Station St.,712,123,0.626
A63192,el Union Pharm Haram137,736,127,0.955
A63193,UNION PHARM HARAM br.2,736,127,0.76
A63194,union pharm haram Branch 2,741,125,0.905
A63195,Union Pharm Haram Main Road,757,133,0.798
A63196,PH Union Pharm Haram222,757,133,0.864
A63197,Union Pharm Haram,765,114,0.863
A63198,el Union Pharm Haram 04,765,114,0.89
A63199,Ph/Health Gate,709,118,0.796
A63200,EL Health Gate Station St.,709,118,0.882
A63201,El-HEALTH GATE (2),714,114,0.843
A63202,El-Health Gate Branch 1,714,114,0.804
A63203,El-Health Gate Branch 2,730,134,0.676
A63204,El-HEALTH GATE (2),739,139,0.911
A63205,Ph/Health Gate tation St.,761,121,0.97
A63206,Health Gate br.2632,763,121,0.69
A63207,Ph/Care 24 Seven Shubra,715,123,0.759
A63208,EL care 24 seven shubra 04180,717,127,0.769
A63209,PY/care 24 seve shubra Branch 1,717,127,0.734
A63210,EL CARE 24 SEVEN SHUBRA,742,121,0.924
A63211,el Care 24 Seven Shubra br.2,748,147,0.652
A63212,Care 24 Seven Shubra 011576,748,147,0.689
A63213,PH CARE 24 SEVEN SHUBRA Branch 2739,749,122,0.643
A63214,El-CARE 24 SEVEN SHUBRA (2)195,749,122,0.873
A63215,PY/Care 24 Seven Shubra (2),768,135,0.869
A63216,PY/care 24 seven shubra 011405,768,135,0.705
A63217,Alpha Pharma Mohandessin Main Road,700,117,0.891
A63218,ALPHA PHHARMA MOHANDESSIN (2),704,128,0.966
A63219,Ph/ALPHA PHARMA MOHANDESSIN Station St.,760,121,0.679
A63220,el Al Amal Mohandessin Branch 1,702,115,0.931
A63221,El-Al Aal Mohandessin 011,718,132,0.69
A63222,Al Amal Mohandessin Mall,718,132,0.855
A63223,PH Al Amal Mohandessin Statio nSt.,732,129,0.808
A63224,AL AMAL MOHANDESSIN 011,740,106,0.833
A63225,al amal mohandessin Station St.919,740,106,0.739
A63226,PH Al Amal Mohandessin,750,120,0.633
A63227,Al Amal Mohandessin Branch 1,750,120,0.828
A63228,Ph/Al Amal Mohandessin( 2),752,114,0.644
A63229,PY/Al Amal Mohandessin br.2,756,119,0.625
A63230,PY/AL AMAL MOHANDEESSIN Station St.,766,131,0.646
A63231,misr marg Branch 1,708,119,0.943
A63232,misr marg,714,115,0.732
A63233,EL Misr Marg Mall,770,135,0.964
A63234,PY/misr marg Main Road,770,135,0.661
A63235,EL Union Pharm br.2,730,135,0.672
A63236,PH union pharm br.2,730,135,0.934
A63237,UNION PHARM (2),751,105,0.983
A63238,Ph/Union Pharm,751,105,0.749
A63239,Union Pharm Branch 1,752,115,0.831
A63240,Ph/UNION PHARM-A,752,115,0.752
A63241,PY/UNION PHARM Station St.,757,134,0.814
A63242,El-Union Pharm Braanch 1956,757,134,0.631
A63243,Ph/Angel Station St.572,705,137,0.661
A63244,angel,705,137,0.986
A63245,EL angel-A,706,104,0.852
A63246,PY/Angel Branch 1,706,104,0.904
A63247,ANGEL296,723,147,0.821
A63248,EL Angel Branch 1,747,113,0.879
A63249,Anegl Branch 2,747,113,0.744
A63250,PH ANGEL 011,752,116,0.934
A63251,Angel Station St.,752,116,0.749
A63252,el hope mohandessin959,724,121,0.841
A63253,hope mohandessin Station St.,729,113,0.797
A63254,hope mohandessin Branch 2,759,126,0.812
A63255,PY/Hope Mohandessin 011348,759,126,0.935
A63256,Salamtek Mohandessin-A,703,124,0.942
A63257,PH Salamtek Mohandessin Main Road,724,122,0.739
A63258,PH salamtek mohadnessin Branch 2,770,136,0.837
A63259,PY/HEALTH GATE MARG,702,116,0.892
A63260,PH HEALTH GATE MARGb r.2,702,116,0.631
A63261,Ph/health gate marg 011353,704,129,0.969
A63262,HEALTH GATE MARG,705,138,0.677
A63263,EL healtth gate marg 6th Zone,705,138,0.703
A63264,HEALTH GATE MARG-A,726,135,0.69
A63265,el health gate marg br.2,726,135,0.72
A63266,HEALTH GATE MARG (2),736,128,0.803
A63267,Heath Gate Marg 6th Zone,762,141,0.909
A63268,Health Gate Marg Mall,764,129,0.682
A63269,EL Health Gate Marg Branch 2,764,129,0.72
A63270,Sunrise 04579,701,122,0.786
A63271,Ph/Sunrise 04396,701,122,0.92
A63272,el SUNRISE 04,706,105,0.872
A63273,PH Snurise402,713,104,0.979
A63274,Sunrise Mall,720,121,0.922
A63275,PH sunrise Branch 1,736,129,0.9
A63276,PY/SUNRISE,739,140,0.73
A63277,PH Sunrise-A,739,140,0.801
A63278,PY/Sunrise Branch 1,742,122,0.781
A63279,Ph/Sunrise,756,120,0.973
A63280,Ph/Sunrise (2),756,120,0.86
A63281,UNION PHARM MOHANDESSIN Station St.,710,133,0.655
A63282,PH UNION PHARM MOHANDESSIN Mall559,724,123,0.95
A63283,UNION PHARM MOHANDESSIN 04,744,134,0.88
A63284,EL Union Pharm Mohandessin,760,122,0.892
A63285,El-union pharm mohandessin 011,760,122,0.937
A63286,el Hope br.2,713,105,0.967
A63287,PH Hope Station St.,713,105,0.948
A63288,el hope (2),722,147,0.783
A63289,HOPE Main Road,729,114,0.868
A63290,El-Hope-A,729,114,0.8
A63291,PY/Hope (2),740,107,0.829
A63292,HOPE Station St.,749,123,0.643
A63293,Ph/Hope 011391,750,121,0.655
A63294,Ph/hope Mall,750,121,0.707
A63295,EL Hope Mall,763,122,0.624
A63296,El-HOPE-A733,769,116,0.994
A63297,Ph/hope 6th Zone,769,116,0.621
A63298,SEHA FIRST SHUBRA br.2758,734,125,0.659
A63299,Ph/SEHA FIRST SHUBRA,738,127,0.764
A63300,PH SEHA FIRST SHBURA 04,738,127,0.848
A63301,El-seha first shubra br.2,740,108,0.964
A63302,EL Seha First Zayed tation St.903,705,139,0.833
A63303,SEHA FIRST ZAYED,707,123,0.815
A63304,el Seha First Zayed BBranch 2,728,128,0.868
A63305,EL Seha First Zayed-A,728,128,0.858
A63306,Phseha first zayed 04,731,114,0.741
A63307,PH SEHA FIRST ZYED,731,114,0.801
A63308,SehaF irst Zayed932,764,130,0.985
A63309,seha first zayed Branch 2,764,130,0.633
A63310,Ph/Seha First Zayed,769,117,0.964
A63311,EL Seha First Zayed Main Road363,769,117,0.655
A63312,El-golden care588,710,134,0.839
A63313,Ph/Golden Care Mall245,710,134,0.687
A63314,el GOLDEN CARE Branch 1,724,124,0.882
A63315,Golden Care671,724,124,0.728
A63316,PH Golden Care (2)571,728,129,0.834
A63317,El-golden care 011,728,129,0.733
A63318,El-golden care Branch 2,733,118,0.845
A63319,GOLDE CARE br.2,733,118,0.635
A63320,Ph/golden care,736,130,0.702
A63321,Golden Care,736,130,0.636
A63322,GOLDEN CARE Main Road,741,126,0.763
A63323,PH GOLDEN CARE Mall,755,122,0.983
A63324,Golden Care 011,763,123,0.733
A63325,El-Golden Care Station St.,763,123,0.901
A63326,EL BARAKA 6th Zone,704,130,0.938
A63327,PH El Baraka-A190,713,106,0.71
A63328,PY/EL BARAKA (2),736,131,0.636
A63329,el braka 011,736,131,0.928
A63330,PH El Baraka 011,740,109,0.734
A63331,PY/EEl Baraka Station St.,753,124,0.661
A63332,El Baraka Mall,753,124,0.791
A63333,PY/El Baraka Mall703,757,135,0.896
A63334,el El Baraka (2),762,142,0.685
A63335,PH El Baraka 04,762,142,0.841
A63336,EL EL HOKAMA MONTAZA,712,124,0.828
A63337,EL HOKAAMA MONTAZA br.2,712,124,0.626
A63338,EL EL HOKAMA MONTAZA-A187,717,128,0.701
A63339,el el hokama montaza Station St.,744,135,0.992
A63340,El-Seha FirstB ranch 1,706,106,0.74
A63341,seha first 011,716,126,0.704
A63342,seha first 011,716,126,0.713
A63343,SEHA FIRST998,728,130,0.739
A63344,PH Seha First,728,130,0.763
A63345,Seha First 6th one,741,127,0.81
A63346,Ph/seha first Branch 2959,741,127,0.631
A63347,Seha First Main Road,742,123,0.651
A63348,el seha first 6th Zone,747,114,0.926
A63349,El-Seha First,747,114,0.925
A63350,PH Seha First,754,117,0.943
A63351,Seeha First Branch 2833,754,117,0.907
A63352,PY/Seha First Branch 261,767,113,0.664
A63353,better life mohandessin Main Road,707,124,0.952
A63354,better life mohandessin-A,707,124,0.686
A63355,Ph/better life mohandessin,733,119,0.781
A63356,Ph/better life mohandessin449,733,119,0.79
A63357,Better Life Mohandessin 6th Zone,755,123,0.88
A63358,BETTER LIFE MOHANDESSIN Mall,755,123,0.815
A63359,Ph/better life mohandessin 6th Zone,757,136,0.9
A63360,El-better life mohandessin Mall,765,115,0.87
A63361,Better Life Mohandessin Mall,765,115,0.802
A63362,EL better life (2),725,117,0.871
A63363,better life 011,749,124,0.747
A63364,PY/Better Life Mall,749,124,0.994
A63365,BETTER LIFE,757,137,0.72
A63366,Better Life Mall,757,137,0.894
A63367,BETTER LIFE 011,769,118,0.93
A63368,el METRO-A,704,131,0.673
A63369,Meetro Main Road721,704,131,0.922
A63370,el METRO Branch 1,719,125,0.844
A63371,PH Metro,733,120,0.94
A63372,El-Metro,744,136,0.717
A63373,EL Metro 6th Zone,744,136,0.838
A63374,El-Metro 6th Zone,751,106,0.845
A63375,Ph/METRO Branch 2950,751,106,0.863
A63376,Ph/Metro Mall,763,124,0.754
A63377,union pharm nozha Main Road,716,127,0.73
A63378,EL Union Pharm Nozha Branch 2,723,148,0.949
A63379,Ph/Union Pharm Nozha 04742,723,148,0.849
A63380,El-union pharm nozha Branch 1,730,136,0.789
A63381,Union Pharm Nozha 011402,730,136,0.636
A63382,PY/Union Pharm Nozha,740,110,0.772
A63383,El-Union Pharm Nozhha (2),741,128,0.847
A63384,EL Union Pharm Nozha Staation St.81,741,128,0.806
A63385,Union Pharm Nozah Main Road,744,137,0.659
A63386,Union Pharm Nozha Main Road,761,122,0.873
A63387,EL union pharm nozha Mall,762,143,0.874
A63388,el tourath mohandessin 011,700,118,0.68
A63389,El Tourath Mohandessin Branch 1,700,118,0.634
A63390,El-el tourath mohanessin 04,706,107,0.741
A63391,El Tourath Mohandessin br.2,735,123,0.695
A63392,El-EL TOURATH MOHANDESSIN-A,736,132,0.954
A63393,PH EL TOURATH MOHANDESSIN Mall,753,125,0.76
A63394,el USNRISE,705,140,0.648
A63395,El-Sunrise 011,721,128,0.759
A63396,PY/SUNRISE,729,115,0.718
A63397,PH SUNRISE Main Road,729,115,0.652
A63398,PY/SUNRISE,751,107,0.738
A63399,PY/Sunrise Station St.122,752,117,0.682
A63400,SUNRISE 6th Zone,752,117,0.688
A63401,EL SUNNRISE,753,126,0.868
A63402,Ph/sunrise Branch 1,763,125,0.749
A63403,Hope,710,135,0.884
A63404,El--hope,713,107,0.995
A63405,hope br.2,713,107,0.831
A63406,hope,754,118,0.917
A63407,Ph/hope Main Road193,754,118,0.71
A63408,Ph/Silver Care Smouha Mall,701,123,0.751
A63409,Phsilver care smouha Station St.411,701,123,0.822
A63410,PY/SILVER CARE SMOUHA,703,125,0.967
A63411,silver care smouha 6th Zone,708,120,0.831
A63412,El-SILVER CARE SMOUHA,708,120,0.69
A63413,silver care smouha 04,729,116,0.974
A63414,PY/SILVER CARE SMOUHA Main Road,731,115,0.954
A63415,silve rcare smouha,731,115,0.685
A63416,PH SILVER CARE SMOUA br.2,741,129,0.823
A63417,El-SILVER CARE SMOUHA,741,129,0.666
A63418,Silver Care Smouha Main Road,757,138,0.859
A63419,silver care smouha Mall,757,138,0.776
A63420,sunrise faisal,711,112,0.847
A63421,PY/Sunrise Faisal,711,112,0.839
A63422,Sunrise Faisal 6th Zone,744,138,0.978
A63423,Sunrise Faaisal,744,138,0.764
A63424,Sunrise Faisal Mall,748,148,0.675
A63425,Sunrise Faisal 011,748,148,0.725
A63426,PH SUNRISE FAISAL 011,761,123,0.933
A63427,Sunrise Faisal 04,761,123,0.892
A63428,PY/SUNRISE AISAL Branch 1,762,144,0.744
A63429,El-sunrise faisal Main Road,762,144,0.651
A63430,SUNRISE FAISAL Branch 1,767,114,0.784
A63431,PH usnrise faisal Branch 2,767,114,0.656
A63432,Ph/sunrise faisal,770,137,0.632
A63433,Ph/SUNRISE FAIAL 011,770,137,0.999
A63434,EL el hokama mohandessin,712,125,0.818
A63435,el EL HOKAMA MOHANDESSIN,712,125,0.779
A63436,El-el hokama mohandessin 6th Zone832,725,118,0.797
A63437,el hokama mohandessin br.2,728,131,0.811
A63438,EL el hokama mohandessin,728,131,0.755
A63439,PY/Ebn Sina br.2,706,108,0.951
A63440,PH EB SINA 011,721,129,0.667
A63441,ebn sina,729,117,0.802
A63442,Ebn Sina br.2161,735,124,0.866
A63443,PH Ebn Sina-A,735,124,0.755
A63444,el El Hokama,723,149,0.901
A63445,El-EL HOKAMA Branch 2,728,132,0.953
A63446,PH EL HOKAMA br.2,740,111,0.717
A63447,better life 011995,701,124,0.983
A63448,better life Main Road,707,125,0.866
A63449,better life Station St.,707,125,0.953
A63450,Ph/better life 04,718,133,0.913
A63451,Better Life-A,730,137,0.885
A63452,PH BETTER LIFE Branch 2,746,126,0.712
A63453,el Better Life,746,126,0.831
A63454,EL BETTER LIFE Main Road,760,123,0.871
A63455,PH Better Life,760,123,0.89
A63456,PH al amal,723,150,0.927
A63457,el AL AMAL,758,134,0.957
A63458,al amal639,765,116,0.855
A63459,Pharma Plus Mohandessin,706,109,0.693
A63460,PY/pharma plus mohandessin,711,113,0.684
A63461,Pharma Plus Mohandessin,714,116,0.748
A63462,Ph/Pharma Plus Mohandessin 6th Zone,720,122,0.767
A63463,EL PHARMA PLUS MOHAANDESSIN (2)272,722,148,0.833
A63464,PHARMA PLUS MOHANDESSIN,734,126,0.804
A63465,pharma plus mohandessin333,744,139,0.791
A63466,PYpharma plus mohandessin 04,744,139,0.879
A63467,pharma plusmohandessin,751,108,0.65
A63468,Ph/El Zahraa Helwan Branch 1728,707,126,0.947
A63469,el lE Zahraa Helwan,707,126,0.628
A63470,Ph/El Zahraa Helwan 011,713,108,0.775
A63471,EL ZAHRAA HELWAN (2),741,130,0.729
A63472,EL El Zahraa Helwan Mall,742,124,0.685
A63473,El-el zahraa helwan Mall,760,124,0.783
A63474,El Zahraa Helwan 6th Zone,760,124,0.694
A63475,el City Care (2),701,125,0.923
A63476,EL city caare195,708,121,0.683
A63477,city care (2),726,136,0.884
A63478,city care,726,136,0.829
A63479,PY/CITY CARE,737,140,0.951
A63480,city care,737,140,0.704
A63481,EL City Cae Main Road,750,122,0.74
A63482,City Care 04,761,124,0.863
A63483,ebn sina dokki Mall899,706,110,0.682
A63484,el ebn sina dokki 04,706,110,0.675
A63485,EL EBN SINA DOKKI (2),714,117,0.921
A63486,EL EBN SINA DOKKI Mall,724,125,0.643
A63487,PH Ebn Sina Dokki Branch 1,745,129,0.812
A63488,Ebn Sina Dokki 011,745,129,0.747
A63489,Ph/EBN SINA DOKKI 04,748,149,0.739
A63490,Ebn Sina Dokki Branch 1,748,149,0.741
A63491,EBN SINA DOKKI Station St.,753,127,0.621
A63492,PH SUNRISE 6th Zone,712,126,0.989
A63493,EL SUNRISEB ranch 2,716,128,0.919
A63494,Sunirse445,716,128,0.622
A63495,PY/SUNRISE Banch 1,724,126,0.963
A63496,PY/UNRISE-A,724,126,0.836
A63497,PH SUNRISE 6th Zone804,734,127,0.812
A63498,PH SUNRISE br.2,734,127,0.675
A63499,snurise (2),753,128,0.705
A63500,ELs unrise (2),753,128,0.638
A63501,Sunrise Main Road,757,139,0.688
A63502,El-Sunrise-A786,760,125,0.661
A63503,Ph/seha first 011,701,126,0.652
A63504,SEHA FIRST Main Road,706,111,0.804
A63505,El-SEHA FIRST,712,127,0.985
A63506,Ph/seha first (2),712,127,0.815
A63507,Seha First,716,129,0.748
A63508,SEHA FIRST,721,130,0.938
A63509,seha first Brnch 1137,721,130,0.869
A63510,Ph/Seha First 04,727,128,0.851
A63511,PH Seha First Branch 2,736,133,0.953
A63512,PH seha firs t011,741,131,0.931
A63513,El-Seha First 011,741,131,0.833
A63514,el better life mohandessin Brach 2,707,127,0.637
A63515,Better Life Mohandessin 04,707,127,0.626
A63516,El-better life mohandessin 6th Zone,711,114,0.795
A63517,better life mohandessin Mall,736,134,0.972
A63518,EL Better Life Mohandessin,736,134,0.848
A63519,PY/BETTER LIFE MOHANDESSIN 011,740,112,0.883
A63520,El-HOPE MAADI Branch 2,702,117,0.64
A63521,EL HOPE MAADI 011,702,117,0.792
A63522,PY/HOPE MAADI Branch 2,706,112,0.892
A63523,PH hope maadi,706,112,0.951
A63524,PY/Hope Maadi 04,720,123,0.964
A63525,PH Hope Maadi Barnch 2,749,125,0.625
A63526,PH HopeM aadi br.2,749,125,0.662
A63527,HOPE MAADI 011,758,135,0.675
A63528,PH Phama Plus Mohandessin Station St.,712,128,0.784
A63529,El-Pharma Plus Mohandessin Main Road281,718,134,0.717
A63530,El-PHARMA PLUS MOHANDESSIN Main Road,718,134,0.722
A63531,PHARMA PLUS MOHANDESSIN,731,116,0.809
A63532,PY/Phaarma Plus Mohandessin (2),758,136,0.895
A63533,PY/PHARMA PLUS MOHANDESSIN 6th Zone,764,131,0.833
A63534,Phara Plus Mohandessin Mall,766,132,0.99
A63535,NILE CARE MOHANDESSIN,737,141,0.85
A63536,Nile Care Mohandessin br.262,744,140,0.884
A63537,El-NILE CARE MOHNADESSIN br.2,770,138,0.784
A63538,EL Nile Care Mohandessin (2),770,138,0.874
A63539,El-Misr Main Raod544,707,128,0.965
A63540,Misr (2),707,128,0.99
A63541,Ph/misr Branch 2,719,126,0.694
A63542,Ph/misr 04,719,126,0.984
A63543,MISR br.2,725,119,0.722
A63544,Misr Station St.,725,119,0.862
A63545,Misr Branch 110,744,141,0.961
A63546,PY/MISR Mall,760,126,0.878
A63547,El-MISR Main Road,760,126,0.756
A63548,El-misr Mall,767,115,0.669
A63549,Union Pharm anha (2),716,130,0.948
A63550,PH unionpharm banha Branch 1,718,135,0.983
A63551,UNION PHARM BANHA Main Road,727,129,0.706
A63552,el Union Pharm Banah br.276,727,129,0.893
A63553,El-union pharm banha,730,138,0.823
A63554,UNION PHARM BANHA br.2,747,115,0.765
A63555,PH UNION PHARM BANHA-A,750,123,0.657
A63556,PY/Union Pharm Banha-A,761,125,0.817
A63557,PY/UNION PHARM BANHA,761,125,0.96
A63558,UNION PHARM BANHA Mall,766,133,0.703
A63559,Staar Care Mohandessin Branch 2,702,118,0.674
A63560,PH Star Care Mohandessin Station St.,702,118,0.7
A63561,El-STAR CARE MOHANDESSIN Branch 2,723,151,0.767
A63562,Ph/STAR CARE MOHANDESSIN 6th Zoone,723,151,0.818
A63563,El-STAR CARE MOHANDESSIN 04,740,113,0.927
A63564,Star Care Mohandessin 011,750,124,0.807
A63565,Ph/STAR CARE MOHANDESSIN (2)453,750,124,0.743
A63566,PH star care mohandeessin,755,124,0.694
A63567,PH hope mohandessin-A,718,136,0.745
A63568,Hope Mohandessin 011,718,136,0.741
A63569,Hope Mohandessin,725,120,0.685
A63570,HOPE MOHANDESSIN 6th Zone,732,130,0.802
A63571,hope mohandessin Mall,746,127,0.793
A63572,hope mohandessin (2),751,109,0.904
A63573,el Hope Mohandessin Branch 2,751,109,0.72
A63574,EL DR MEDHAT OCT CITY Station St.,701,127,0.968
A63575,PY/dr medhat oct city 011,701,127,0.906
A63576,el Dr Medhat Oct City 6th Zone,720,124,0.74
A63577,PH Dr MedhatO ct City (2),720,124,0.696
A63578,DR MEDHAT OCT CITY 011,721,131,0.663
A63579,el DR MEDHAT OCT CITY,725,121,0.798
A63580,Ph/DR MEDHAT OT CITY (2),725,121,0.797
A63581,DR MEDHAT OCT CITY br.2,733,121,0.975
A63582,dr medhat oct cityy (2),739,141,0.847
A63583,dr medhat oct city Branch 2,761,126,0.758
A63584,EL d rmedhat oct city Branch 2,766,134,0.714
A63585,SALAMTEK MAADI550,703,126,0.711
A63586,salamtek maadi,703,126,0.673
A63587,EL SALAMTEK MAADI Main Road,726,137,0.678
A63588,SALAMTEK MAADI430,727,130,0.876
A63589,el Salamtek Maadi Station St.,744,142,0.678
A63590,PY/salamtek maadi 6th Zone,744,142,0.979
A63591,PY/Salamtek Maadi 04,750,125,0.654
A63592,El-salamtek maadi Main Road,765,117,0.968
A63593,SALAMTEEK MAADI,765,117,0.854
A63594,El-El Nasr Mohandessin 04762,724,127,0.796
A63595,El Nasr Mohandessin 04,724,127,0.829
A63596,EL NASR MOHANDESSIN-A269,744,143,0.949
A63597,el nasr mohandessin Mall,747,116,0.853
A63598,El Nasr Mohandessin 04,748,150,0.866
A63599,El-el nasr mohandessin 011,748,150,0.878
A63600,Ph/El Nasr Mohandessin (2),749,126,0.677
A63601,El-EL NASR MOHANDESSIN 011,755,125,0.86
A63602,El Nasr Mohandessin0 4,755,125,0.697
A63603,PY/El Nasr Mohandessin br.2,765,118,0.681
A63604,Misr Branch 1,701,128,0.854
A63605,Misr,701,128,0.954
A63606,El-Misr-A576,702,119,0.894
A63607,PH missr (2)40,702,119,0.676
A63608,MISR all,705,141,0.874
A63609,El-Misr (2),712,129,0.986
A63610,El-Misr Branch 2,712,129,0.785
A63611,Misr Brancch 2500,716,131,0.703
A63612,EL Misr Branc 1,748,151,0.702
A63613,Phm/isr,748,151,0.841
A63614,El-Misr br.2,751,110,0.942
A63615,misr790,769,119,0.643
A63616,EL MISR br.2654,769,119,0.765
A63617,Ph/Nile Care Faisal Branch 2,706,113,0.834
A63618,NILE CARE FAISAL,706,113,0.934
A63619,el NILE CARE FAISAL,711,115,0.724
A63620,Ph/nile care faisal Branch 1,755,126,0.87
A63621,el El Shifa Branch 1140,726,138,0.912
A63622,El Shifa-A,726,138,0.977
A63623,PY/El Shifa br.2315,761,127,0.758
A63624,ELL EL SHIFA br.2,761,127,0.893
A63625,el shifa 04,763,126,0.739
A63626,el health gate marg-A909,707,129,0.734
A63627,el Health Gtae Marg,709,119,0.949
A63628,health gate marg,710,136,0.717
A63629,el health gate marg,710,136,0.816
A63630,Health Gate Marg 011615,713,109,0.962
A63631,PY/Health Gate Marg762,717,129,0.822
A63632,EL Health Gate Marg Main Road,728,133,0.897
A63633,PY/health gate marg 04,763,127,0.804
A63634,El-health gate dokki Branch 2,703,127,0.687
A63635,health gate dokki Branch 2,703,127,0.9
A63636,el HEALTH GATE OKKI 011,715,124,0.647
A63637,PY/HEALTH GATE DOKKI 6th Zone,715,124,0.647
A63638,PH Health Gate Dokki Mall,719,127,0.684
A63639,El-Health Gate Dokki Branch 2,719,127,0.689
A63640,EL Health Gate Dokki Station St.,729,118,0.972
A63641,Health Gate Dokki Branch 1,729,118,0.744
A63642,Health Gate Dokki (2),745,130,0.724
A63643,PY/health gate dokki Branch 1,745,130,0.622
A63644,ebn sina mohandessin-A,715,125,0.66
A63645,PY/Ebn Sina Mohandessin (2),719,128,0.63
A63646,EBN SINA MOHNADESSIN 6th Zone,719,128,0.642
A63647,PY/Ebn Sina Mohandessin br.2,730,139,0.705
A63648,Ph/Angel Mohandessin 04,700,119,0.67
A63649,Angel Moandessin Mall,700,119,0.919
A63650,EL Angel Mohandessin 04,703,128,0.795
A63651,Angel Mohandessin,712,130,0.863
A63652,PH AAngel Mohandessin-A,712,130,0.778
A63653,ANGEL MOHANDESSI 011,718,137,0.723
A63654,PY/Angel Mohandessin Branch 2,749,127,0.938
A63655,Angel Mohandessin Station St.588,749,127,0.707
A63656,PY/ANGEL MOHANDESSIN 011,764,132,0.799
A63657,elunion pharm mohandessin Station St.,723,152,0.875
A63658,PH union pharm mohandessin0 4,751,111,0.814
A63659,union pharm mohandessin Mall,751,111,0.763
A63660,Ph/Unoin Pharm Mohandessin Branch 2,767,116,0.803
A63661,Ph/PHARMA PLUS MOHANDESSIN 6th Zone,709,120,0.945
A63662,PHARMA PLUS MOHANDESSIN-A,709,120,0.688
A63663,El-pharm aplus mohandessin (2),728,134,0.623
A63664,El-Pharma Plus Mohandessin Station St.,728,134,0.822
A63665,PH PHARMA PLUS MOHANDESSIN Station St.,730,140,0.69
A63666,PHARMA PLUS MOHANDESSIN,730,140,0.891
A63667,Ph/green leaf,728,135,0.693
A63668,EL Green Leaf (2),737,142,0.695
A63669,PY/Green Leaf Station St.311,740,114,0.764
A63670,P/YGREEN LEAF br.2,758,137,0.734
A63671,El-Green Leaf (2),758,137,0.868
A63672,EL green leaf (2)714,765,119,0.64
A63673,Green Leaf Branch 1796,765,119,0.681
A63674,Sunrise Mohandessin (2),724,128,0.824
A63675,El-SUNRISE MOHANDESSIN-A,724,128,0.861
A63676,Sunrise Mohandessin Main Road,726,139,0.855
A63677,El-Sunrise Mohandessin 6th Zone,726,139,0.938
A63678,SUNRISE MOHANDESSIN,733,122,0.711
A63679,Life Line Obour SStation St.,706,114,0.738
A63680,Life Line Obour (2),725,122,0.85
A63681,LIFE LINE OBOUR (2),731,117,0.68
A63682,el Life Line Obour (2)295,731,117,0.719
A63683,life line obur,746,128,0.672
A63684,Life Line Obour,748,152,0.663
A63685,Life Line Obour (2),753,129,0.912
A63686,PY/LIE LINE OBOUR,759,127,0.904
A63687,PY/Life Line Obour,759,127,0.78
A63688,FAMILY,705,142,0.861
A63689,Family Branch 2,710,137,0.842
A63690,family 011,710,137,0.834
A63691,EL FAMILY 011,716,132,0.686
A63692,PY/Family Main Road,716,132,0.905
A63693,El-Faimly-A,734,128,0.777
A63694,Ph/Family Branch 2,734,128,0.724
A63695,FAMILY Branch 1151,742,125,0.703
A63696,FAMILY Main Road,761,128,0.813
A63697,Ph/Family (2),761,128,0.718
A63698,el GOLDEN CARE MAADI Mall,714,118,0.62
A63699,Golden Care Maadi,714,118,0.73
A63700,PY/GOLDEN CARE MAADI (2),730,141,0.713
A63701,EL golden care maadi 04,730,141,0.805
A63702,PY/golden care maadi Mall,738,128,0.723
A63703,PY/golde ncare maadi Mall,747,117,0.953
A63704,El-Golde Care Maadi Branch 2,747,117,0.705
A63705,El-GOLDEN CARE MAADI Mall,767,117,0.943
A63706,GOLDEN CARE MAADI 6th Zone,767,117,0.775
A63707,Ph/Health Gate,708,122,0.636
A63708,E health gate br.2784,708,122,0.705
A63709,El-Health Gate,727,131,0.729
A63710,PY/health gate Branch 1,730,142,0.887
A63711,Health Gate 011668,730,142,0.952
A63712,HEALTH GATE br.2,736,135,0.969
A63713,EL Health Gate Branch 2,736,135,0.894
A63714,PY/Health Gate,744,144,0.682
A63715,El-health gate Station St.,753,130,0.931
A63716,Ph/health gate Main Road,761,129,0.891
A63717,el HEALTH GATE Branch 1,764,133,0.967
A63718,el dr medhat,708,123,0.865
A63719,EL dr medhat 6th Zone,714,119,0.816
A63720,DR MEDHAT Statio St.,714,119,0.988
A63721,EL Dr Medht Branch 1212,735,125,0.787
A63722,EL Dr Meddhat (2),746,129,0.998
A63723,el dr medhta-A,746,129,0.733
A63724,PH Dr Medhat 011,770,139,0.768
A63725,P Hlife line obour (2),721,132,0.775
A63726,El-Life Line Obour Mall,721,132,0.636
A63727,PH life line obour Station St.,723,153,0.86
A63728,El-Life Line Obour Branch 1,727,132,0.717
A63729,P/Life Line Obour Mall,730,143,0.905
A63730,EL Life Liine Obour 011640,733,123,0.993
A63731,PY/life line obour 04,741,132,0.696
A63732,PY/Life Line Obour832,741,132,0.945
A63733,el life lnie obour 04,765,120,0.79
A63734,PH Life Line Obour Branch 1,767,118,0.976
A63735,PH EL HOKAMA SHEIKH Main Road592,745,131,0.943
A63736,PH el hokama sheikh Branch 1,745,131,0.863
A63737,El Hokama Sheikh 011,760,127,0.638
A63738,El Hokama Sheikh 011,767,119,0.943
A63739,Ph/el hokama sheikh Branch 1,767,119,0.727
A63740,El Hokama Sheikh-A,770,140,0.741
A63741,El-el hokama sheikh 6th Zone,770,140,0.851
A63742,PY/ANGEL Mall,703,129,0.685
A63743,PY/angel Branch 2,703,129,0.715
A63744,Angel Main Road,728,136,0.983
A63745,Angel,754,119,0.666
A63746,PH angel Station St.,754,119,0.817
A63747,PY/Angel-A,760,128,0.924
A63748,angel Branch 2,760,128,0.643
A63749,El-Angel 6th Zone644,763,128,0.825
A63750,El-angel Branch 2,769,120,0.843
A63751,union pharm 011,705,143,0.987
A63752,union pharm-A,732,131,0.668
A63753,el UNION PHARM Branch 1,736,136,0.685
A63754,PY/Union Pharm Station St.,736,136,0.725
A63755,PH Union Pharm Mall,750,126,0.972
A63756,PY/Union Phaarm 0450,752,118,0.803
A63757,PY/Union Pharm340,752,118,0.898
A63758,unino pharm,754,120,0.645
A63759,Ph/Union Pharm Main Road,756,121,0.819
A63760,Ph/PHARMA LUS284,701,129,0.989
A63761,Ph/Pharma Plus,701,129,0.842
A63762,PH pharma pllus 04,707,130,0.761
A63763,EL Pharma Plus 6thh Zone,718,138,0.746
A63764,EL Pharma Plus (2),724,129,0.834
A63765,El-Pharma Plus Main Road771,724,129,0.979
A63766,pharma plus,737,143,0.629
A63767,Pharma Puls 011384,747,118,0.898
A63768,EL ZAHRAA SQUARE (2),702,120,0.984
A63769,PY/EL ZAHRAA SQUARE br.2,702,120,0.841
A63770,el zahraa sqaure Station St.,712,131,0.929
A63771,Ph/el zahraa square 04,712,131,0.78
A63772,El Zahraa Square-A567,715,126,0.783
A63773,El Zahraa Square Branch 1,722,149,0.767
A63774,PH El Zahraa Square Branch 1,735,126,0.767
A63775,PY/el zahraa square Sation St.,741,133,0.984
A63776,El Zahraa Square Mall,765,121,0.715
A63777,EL el zahraa square (2),765,121,0.944
A63778,El-EL ZAHRAA SQUARE Mall,768,136,0.837
A63779,PY/sunrise marg 6th Zone,723,154,0.91
A63780,EL Sunrise Marg (2),723,154,0.999
A63781,el Sunrise Marg Branch 1,747,119,0.662
A63782,sunrise marg Main Road,769,121,0.876
A63783,EL al amal sheikh Mall,704,132,0.761
A63784,P al amal sheikh,706,115,0.643
A63785,El-AL AMAL SHIEKH 6th Zone,706,115,0.857
A63786,Al Amal Sheikh 04,714,120,0.749
A63787,Ph/Al Aaml Sheikh-A,714,120,0.825
A63788,PY/Al Amal Sheikh Main Road,742,126,0.997
A63789,EL AL AMAL SHEIKH-A,747,120,0.839
A63790,al amal sheikh Branch 2354,753,131,0.999
A63791,el al amal sheikh Branch 2,753,131,0.681
A63792,al amal sheikh,769,122,0.876
A63793,PH Elite Oct City Station St.,704,133,0.686
A63794,Elite Oct City Main Road,704,133,0.964
A63795,Elite Oct City 6th Zone,705,144,0.753
A63796,ELITE OCT CITY (2),705,144,0.7
A63797,El-Elite Oct City Branch 2,722,150,0.659
A63798,ELITE OCT CITY Branch 1875,722,150,0.741
A63799,El-ELITE OCT CITY,723,155,0.858
A63800,Elite Oct City890,723,155,0.85
A63801,Elite Oct City Mall,741,134,0.843
A63802,elite oct city 04,764,134,0.734
A63803,PY/Elitee Oct City715,764,134,0.816
A63804,Ph/ell zahraa,711,116,0.898
A63805,El-EL ZAHRAA Station St.,711,116,0.999
A63806,EL El Zahraa 04,747,121,0.683
A63807,PH El Zahraa br.2,747,121,0.963
A63808,el zhraa-A,756,122,0.987
A63809,El Zahraa-A,756,122,0.776
A63810,El Zahraa (2),760,129,0.949
A63811,PY/EL ZAHRAA-A,763,129,0.648
A63812,el zahraa 04,763,129,0.669
A63813,Green Leaf Imbaab 04,724,130,0.801
A63814,el Green Leaf Imbaba 6th Zone,727,133,0.97
A63815,PH GREEN LEAF IMBABA Main Road,732,132,0.828
A63816,el green leaf imbaba Station St.,732,132,0.886
A63817,PH Green Leaf Imbaba Branch 1,744,145,0.706
A63818,PH green leaff imbaba Mall,744,145,0.845
A63819,El-Green Leaf Imbaba Branch 1,760,130,0.864
A63820,PY/green leaf imbaba (2),760,130,0.759
A63821,ell green leaf imbaba,761,130,0.718
A63822,Green Leaf Imbaba rBanch 2,761,130,0.805
A63823,Ph/Mira Sheikh,703,130,0.726
A63824,EL mia sheikh,703,130,0.743
A63825,Mira hSeikh-A,719,129,0.932
A63826,MIRA SHEIKH 6th Zone,719,129,0.885
A63827,El-mira sheikh (2),725,123,0.661
A63828,el Mira Sheikh 01182,725,123,0.982
A63829,el MIRA SHEIKH Mall,730,144,0.726
A63830,el Mira Sheikh,730,144,0.707
A63831,El-Mira Sheikh,743,139,0.757
A63832,PY/Mira Sheikh 2(),748,153,0.67
A63833,Mira Sheikh 011891,748,153,0.849
A63834,Mira Sheikh 04,751,112,0.633
A63835,PH MMIRA SHEIKH 04,764,135,0.882
A63836,Ph/Al Amal Sheikh Station St.,702,121,0.978
A63837,El-Al Amal Sheikh-A,713,110,0.995
A63838,el Al Amal Sheikh (2),713,110,0.81
A63839,el al amal sheikh br.2,716,133,0.948
A63840,El-Al Amal Sheikh113,733,124,0.729
A63841,Al Amal Sheikh Branch 2,735,127,0.858
A63842,al amal sheikh,737,144,0.964
A63843,PH Al Amal Sheikh Station St.,737,144,0.853
A63844,el al amal sheikh br.2,739,142,0.762
A63845,Al Amal Sheikh Station St.,739,142,0.775
A63846,star care sheikh Branch 1,712,132,0.997
A63847,Ph/STAR CARE SHEIKH Main Road761,759,128,0.978
A63848,star care sheikh Main Road,762,145,0.813
A63849,el Star Care Sheikh63,762,145,0.717
A63850,El-STAR CARE SHEIKH358,763,130,0.841
A63851,El-star care sheikh Branch 1813,763,130,0.925
A63852,EL El Faraby Rehab View br.2,712,133,0.932
A63853,El-EL FARABY REHAB VIEW,713,111,0.712
A63854,El-EL FARABY REHAB VIEW Branch 2,713,111,0.998
A63855,el faraby rehab view 04,720,125,0.857
A63856,el el faraby rehab view Station St.,720,125,0.812
A63857,EL EL FARABY REHAB VIEW Branch 1,723,156,0.743
A63858,el faraby rehab view,723,156,0.692
A63859,Ph/el faraby rehab view Branch 2691,726,140,0.733
A63860,PY/EL FAARBY REHAB VIEW 6th Zone,728,137,0.995
A63861,el faraby rehab view Mall,731,118,0.815
A63862,PY/El Faraby Rehab View 04159,744,146,0.911
A63863,PH El Faraby Reha bView 04738,744,146,0.863
A63864,Omega Maadi,714,121,0.636
A63865,PY/Omega Maadi 6h Zone672,714,121,0.918
A63866,OMEGA MAADI,765,122,0.718
A63867,el Omega Maadi Branch 1,765,122,0.905
A63868,Ph/Omega Maadi br.2,769,123,0.979
A63869,El-OMEGA MAADI 6th Zone47,769,123,0.943
A63870,PY/SALAMTEK,711,117,0.96
A63871,PH Salamtek Station St.,720,126,0.737
A63872,PH salamtek Branch 2159,720,126,0.768
A63873,PY/Salamtek,738,129,0.661
A63874,Salamtek0 4,738,129,0.961
A63875,salamtek,741,135,0.915
A63876,PY/Salamtek Station St.894,756,123,0.783
A63877,EL Salamtek,756,123,0.867
A63878,P Salamtek,765,123,0.849
A63879,green leaf sheikh (2),719,130,0.898
A63880,El-green leaf sheikh,742,127,0.687
A63881,el GREE NLEAF SHEIKH,742,127,0.819
A63882,GREEN LEAF SHEIKH (2),756,124,0.808
A63883,Green Leaf Sheikh,756,124,0.779
A63884,EL Green Leaf Sheikh 6th Zone,757,140,0.691
A63885,El-GREEN LEAF SHEIKH,769,124,0.787
A63886,El Zahraa Nozha612,714,122,0.695
A63887,el El Zahraa Nozha532,724,131,0.932
A63888,Ph/El Zahraa Nozha Station St.,740,115,0.975
A63889,EL El Zahraa Nozha Branch 1,755,127,0.624
A63890,CARE 24 SEVEN SHEIKH-A,708,124,0.953
A63891,el Care 24 Seven Sheikh Mall,708,124,0.862
A63892,PH Care 24 Seven Sheikh 6th Zone,710,138,0.916
A63893,El-care 24 seven sheikh Station St.,721,133,0.908
A63894,el Care 24 Seven Sheik Main Road,721,133,0.721
A63895,Care 24 Seven Sheikh Main Road,726,141,0.879
A63896,EL Care 24 Seven Sheikh Station St.899,748,154,0.799
A63897,EL family br.2,711,118,0.891
A63898,PY/family,713,112,0.997
A63899,Ph/Family Branch 1,713,112,0.716
A63900,FAMILY-A,718,139,0.996
A63901,PY/family-A748,718,139,0.794
A63902,PH FAMILY 011,720,127,0.799
A63903,FAMILY br.2,720,127,0.832
A63904,PY/family,744,147,0.842
A63905,PH Fmaily 04,746,130,0.659
A63906,PY/FAMILY br.2,746,130,0.787
A63907,family Main Road,749,128,0.886
A63908,PY/Family Main Road,762,146,0.642
A63909,el Family,762,146,0.927
A63910,El-el zahraa br.2,709,121,0.816
A63911,el El Zahraa Branch 1,722,151,0.848
A63912,El Zahraa Station St.,724,132,0.892
A63913,El Zahraa BBranch 1,724,132,0.94
A63914,Alpha Pharma 6th Zone,706,116,0.765
A63915,PY/Alpha Pharma 04,706,116,0.893
A63916,PY/alpha phharma 6th Zone,729,119,0.772
A63917,El-Alpha Phharma,742,128,0.851
A63918,Ph/Alpha Pharma 04,752,119,0.7
A63919,alpha pharma br.2,752,119,0.945
A63920,el City Care,701,130,0.829
A63921,El-City Care (2),701,130,0.924
A63922,City Care,714,123,0.773
A63923,PY/city care,714,123,0.958
A63924,El-city care Station St.,738,130,0.772
A63925,Ph/CITY CRE,740,116,0.804
A63926,el City Care Mall,743,140,0.908
A63927,PH CITY CARE 04,744,148,0.943
A63928,Cit yCare,744,148,0.972
A63929,City Care br.2,756,125,0.846
A63930,City Care,756,125,0.669
A63931,PH City Care Branch 1,769,125,0.955
A63932,El-Green Leaf Faisal-A91,705,145,0.789
A63933,el Green Leaf Faisal (2),705,145,0.96
A63934,el Green Leaf Faisal Branch 2,708,125,0.783
A63935,PY/Green Leaf Faisal (2),708,125,0.695
A63936,Ph/green leaf faisal Station St.,713,113,0.937
A63937,el green leaf faisal Branch 1,714,124,0.633
A63938,el GREEN LEAF FAISAL Mainn Road,714,124,0.665
A63939,El-Green Leaf Faisl Branch 1,722,152,0.975
A63940,PY/GREEN LEAF FAISAL 04,726,142,0.961
A63941,GREEN LEAF FAISAL-A,737,145,0.936
A63942,el pharma plus sheikh 04,702,122,0.764
A63943,el PHARMA PLUS SHEIKH,702,122,0.757
A63944,Ph/Pharma Plus Sheikh,710,139,0.71
A63945,El-Pharma Plus Sheikh 011,712,134,0.852
A63946,PY/PHARMA PLUS SHEIKH Branch 2,714,125,0.86
A63947,PH Pharma Plus Sheikh Main Road44,714,125,0.67
A63948,PY/Pharma Plus Sheikh Branch 1,715,127,0.918
A63949,PHARMA PLUS SHEIKH Brannch 2,715,127,0.888
A63950,Pharma Plus Shheikh,725,124,0.741
A63951,el Pharma Plus Sheikh Branch 2324,726,143,0.798
A63952,Ph/PHARMA PLUS SHEIKH Branch 2,760,131,0.659
A63953,el shifa banha,714,126,0.791
A63954,PH El Shifa Banha 011,717,130,0.692
A63955,el shifa banha Mall289,719,131,0.648
A63956,EL el shifa banha-A,730,145,0.904
A63957,PhEl Shifa Banha Branch 1,733,125,0.842
A63958,El Shifa Banha Branch 2,737,146,0.815
A63959,PY/EL SHIFA BANHA 011,759,129,0.765
A63960,PH Pharma PPlus Sheikh Branch 1210,703,131,0.855
A63961,PH Pharma Plus Sheikh,703,131,0.895
A63962,PH pharma plus sheikh-A,705,146,0.822
A63963,pharma plus shiekh Branch 1,705,146,0.97
A63964,PH Pharma Plus Sheikh Statino St.416,738,131,0.804
A63965,pharma plus sheikh Mall,770,141,0.67
A63966,EL Pharma Plus Sheikh,770,141,0.953
A63967,Ph/Alpha Pharma Agami791,709,122,0.637
A63968,alpha pharma agami (2),709,122,0.918
A63969,el Alpha Pharma Agami-A990,714,127,0.836
A63970,PH Alpha Pharma Agami-A,735,128,0.962
A63971,Alpha Pharm Agami152,737,147,0.755
A63972,EL Alpha Pharma Agami 6th Zone,737,147,0.9
A63973,ALPHA PHARMA AGAMI Main Road,743,141,0.696
A63974,EL Alpha harma Agami,743,141,0.981
A63975,ALPHA PHARMA AGAMI,756,126,0.784
A63976,PYAlpha Pharma Agami,756,126,0.667
A63977,ALPHA PHARMA AGAMI Main Road,764,136,0.725
A63978,EL El Zahraa Station St.,712,135,0.689
A63979,EL ZAHRAA940,734,129,0.907
A63980,PY/EL ZAHRAA 6th Zone,739,143,0.867
A63981,el el zahraa Main Road,739,143,0.749
A63982,El-El aZhraa,748,155,0.75
A63983,El-el zahraa-A921,748,155,0.761
A63984,PY/el zahraa Mall,760,132,0.917
A63985,Ph/El Zahraa 04,766,135,0.914
A63986,El Zahraa 6th Zone,769,126,0.789
A63987,P Hel shifa zayed-A,703,132,0.885
A63988,PY/el shifa ayed Branch 1,703,132,0.939
A63989,El-EL SHIFA ZAYED 011,705,147,0.901
A63990,PH El Shifa Zayed (2),716,134,0.77
A63991,EL SHIFA ZAYED Mall,716,134,0.76
A63992,Ph/El Shifa Zayed 011,754,121,0.771
A63993,el shifa zayed Main Road,763,131,0.829
A63994,EL EL SHIF AZAYED 04,767,120,0.77
A63995,el El Faraby br.2,724,133,0.89
A63996,el faraby-A,737,148,0.893
A63997,PH el faaraby,739,144,0.74
A63998,Ph/El Faraby Branch 1,739,144,0.874
A63999,el faraby,761,131,0.72
A64000,el faraby Branch 1213,767,121,0.919
A64001,el faraby 011,767,121,0.712
A64002,Seha First565,703,133,0.644
A64003,SEHA FIRST Main Road,703,133,0.795
A64004,PH SEHA FIRST,719,132,0.856
A64005,EL SEHHA FIRST Branch 2,719,132,0.905
A64006,SEHA FIRST Branch 1,720,128,0.83
A64007,el shifa Branch 1,704,134,0.822
A64008,EL SHIFA (2),732,133,0.632
A64009,el EL SHIFA Station St.755,737,149,0.647
A64010,El Shifa 04,738,132,0.835
A64011,el EL SHIFA Branch 2,738,132,0.725
A64012,El hSifa Main Road,750,127,0.972
A64013,Misr Branch 2,718,140,0.978
A64014,El-misr,722,153,0.72
A64015,PH Misr br.2,722,153,0.901
A64016,MISR Station St.731,761,132,0.637
A64017,misr 6th Znoe,762,147,0.954
A64018,EL Misr-A903,769,127,0.736
A64019,El Baraka-A,712,136,0.984
A64020,El Baraka 04,712,136,0.697
A64021,EL BARAKA920,719,133,0.975
A64022,PY/el baraka Branch 2,736,137,0.844
A64023,EL EL BARAKA br.2,736,137,0.854
A64024,el BLUE WAVE SHEIKH br.2,705,148,0.932
A64025,Blue Wave Sheikh Station St.372,705,148,0.786
A64026,Blue Wave Sheikh-A,722,154,0.925
A64027,Bule Wave Sheikh 011937,722,154,0.797
A64028,Blue Wave Sheikh Main Road,733,126,0.76
A64029,BLUE WAVE SHEIKH,745,132,0.759
A64030,PH BLUE WAVE SHEIKH 011,755,128,0.623
A64031,PY/BLUE WAVE SHEIKH Mall,766,136,0.72
A64032,el Blue Wave Sheikh (2)707,766,136,0.801
A64033,PH STAR CARE DOKKI97,711,119,0.984
A64034,star care dokki Branch 1,711,119,0.961
A64035,El-STAR CARE DOKKI Mall97,712,137,0.953
A64036,El-sttar care dokki Branch 210,715,128,0.913
A64037,EL Star CCare Dokki Branch 2,728,138,0.862
A64038,Ph/STAR CARE DOKKI,728,138,0.716
A64039,PY/Star Care Dokki,731,119,0.988
A64040,PY/STAR CARE DOKKI Main Road,743,142,0.868
A64041,EL Star Care Dokki Main Road,768,137,0.83
A64042,El-Bteter Life (2),706,117,0.643
A64043,el Better Life Station St.,729,120,0.721
A64044,El-Better Life-A,748,156,0.746
A64045,Ph/better life,762,148,0.802
A64046,PY/Mira Shubra,722,155,0.944
A64047,PY/Mira SShubra-A,722,155,0.956
A64048,PY/mira shubra 04,724,134,0.771
A64049,Ph/mira shubra Mall,724,134,0.812
A64050,el Mira Shubra Station St.,736,138,0.759
A64051,El-Mira Shubra (2),736,138,0.962
A64052,SUNRISE AGAMI Main Road,711,120,0.805
A64053,Ph/sunrise agami,711,120,0.9
A64054,Sunrise Agami,716,135,0.851
A64055,El-SUNRISE AGAMI (2),716,135,0.646
A64056,PH Sunrise Agami (2)507,720,129,0.971
A64057,Sunrise Agami Branch 1,750,128,0.862
A64058,EL Sunrise Agaim Main Road249,762,149,0.885
A64059,sunrise agami Branch 1,762,149,0.758
A64060,el EBN SINA BANHA 011,724,135,0.758
A64061,Ebn Sina Banha (2),724,135,0.865
A64062,El-EBN SINA BANHA (2)132,748,157,0.806
A64063,ebn sina banha Branch 2,768,138,0.654
A64064,PY/EBN ISNA BANHA 6th Zone,768,138,0.784
A64065,Ph/nile care sheikh (2),725,125,0.634
A64066,El-Nile Care Sheikh 6th Zone532,725,125,0.739
A64067,nile care sheikh 011451,728,139,0.987
A64068,El-nile care sheikh31,745,133,0.826
A64069,Ph/NILE CARE SHEIKH Mall,746,131,0.888
A64070,PH nile care sheikh 04929,746,131,0.986
A64071,El-Metro b.r2,700,120,0.893
A64072,El-metro,712,138,0.647
A64073,Metro Mani Road,712,138,0.841
A64074,EL Metro,739,145,0.942
A64075,el METRO 11,744,149,0.761
A64076,Ph/Metro Branch 1,749,129,0.984
A64077,PY/etro Mall,750,129,0.719
A64078,Ph/Metro (2),761,133,0.796
A64079,EL Metro-A,761,133,0.821
A64080,BETTER LIFE SHEKH,718,141,0.652
A64081,better life sheikh Branch 1,730,146,0.826
A64082,Better Life Sheikh-A230,738,133,0.642
A64083,el Better Life Sheikh-A,740,117,0.716
A64084,better life sheikh 011,743,143,0.785
A64085,EL Better Life Sheikh Mall892,743,143,0.697
A64086,Better Life Sheikh-A,760,133,0.82
A64087,PY/Health Gate Sheikkh 6th Zone49,710,140,0.693
A64088,EL Health Gate Sheikh-A,716,136,0.796
A64089,PY/Health Gate Sheikh Branch 2,716,136,0.873
A64090,EL HEALTH GTAE SHEIKH,740,118,0.775
A64091,El-health gate sheikh Main Road,743,144,0.812
A64092,health gate sheikh178,743,144,0.841
A64093,HEALTH GATE SHEIKH Branch 1,745,134,0.771
A64094,health gate sheikh Branch 2,745,134,0.992
A64095,PH Health Gate Sheikh288,753,132,0.903
A64096,Health Gate Sheikh-A,753,132,0.785
A64097,PH HEALTH GATE SHEIKH 6th Zone,761,134,0.996
A64098,Ph/HEALTH GAT ESHEIKH Mall,761,134,0.755
A64099,EL HEALTH GATE SHEIKH Branch 2,763,132,0.75
A64100,PY/Health Gate Sheikh Branch 1,763,132,0.632
A64101,PY/El Baraka Sheikh257,705,149,0.633
A64102,el El Baraka Shheikh 011,705,149,0.992
A64103,El-El Baraka Sheikh Mall,724,136,0.831
A64104,el baraka sheikh br.2,724,136,0.701
A64105,PH El Baraka Sheikh 6th Zone39,740,119,0.687
A64106,E LEl Baraka Sheikh59,740,119,0.944
A64107,El Baraka Shiekh293,761,135,0.664
A64108,EL STAR CARE SHEIKH Branch 2,707,131,0.665
A64109,el Star Care Sheikh,710,141,0.71
A64110,El-star care sheikh Mall,710,141,0.786
A64111,PY/STAR CARE SEIKH,726,144,0.911
A64112,El-STAR CARE SHEIKH 011,747,122,0.67
A64113,EL Seha First Zayed Branch 1,725,126,0.921
A64114,EL SEHHA FIRST ZAYED,725,126,0.761
A64115,PY/SEHAFIRST ZAYED,736,139,0.987
A64116,Ph/SEHA FIRST ZAYED 011,736,139,0.62
A64117,Seha First Zayed,743,145,0.793
A64118,el SEHA FIRST ZAYED344,770,142,0.921
A64119,El-EL ZAHRAA HELWAN 011,711,121,0.669
A64120,Ph/El Zahraa Helwan Station St.,742,129,0.899
A64121,EL El Zahraa Helwan br.2252,742,129,0.853
A64122,EL ZAHRAA HELWAN 6th Zone,768,139,0.969
A64123,el El Zahraa Helwan Main Road,768,139,0.938
A64124,PY/El Zahraa Helwan 6th Zone,770,143,0.918
A64125,Ph/el hokama helwan Main Road,700,121,0.812
A64126,PY/EL HOKAMA HELWAN Brannch 1,703,134,0.786
A64127,El Hokama Helwan 6th Zone,728,140,0.888
A64128,EL EL HKOAMA HELWAN,730,147,0.947
A64129,Ph/el hokama helwan (2),730,147,0.628
A64130,El-El Hokama Helwan br.2,744,150,0.814
A64131,PY/el hokama helwan Branch 2,744,150,0.891
A64132,EL El Hokama Helwan Branch 2,767,122,0.704
A64133,PH NILE CARE HELWAN br.2,700,122,0.701
A64134,NILE CARE HELWAN-A,700,122,0.655
A64135,PH Nile Care Helwan Station St.,701,131,0.887
A64136,EL Nile Care Helwan 6th Zone,701,131,0.965
A64137,El-nile care helwan Main Road627,734,130,0.873
A64138,NILE CARE HELWAN,752,120,0.681
A64139,Nile Care Heelwan Station St.,752,120,0.915
A64140,EL ile care helwan,753,133,0.939
A64141,NIE CARE HELWAN-A768,760,134,0.855
A64142,PH nnile care helwan (2),760,134,0.775
A64143,El-nile care helwan Station St.,769,128,0.796
A64144,nile care helwan 011100,769,128,0.864
A64145,Ph/El Baraka Rehab View 04,726,145,0.888
A64146,EL BARKAA REHAB VIEW,727,134,0.804
A64147,El Baraka Rehab View,727,134,0.772
A64148,El-El Baraka Rehab View,742,130,0.845
A64149,El Baraka Rehab View,742,130,0.805
A64150,EL AL NOZHA SMOUHA Branch 2,720,130,0.881
A64151,Ph/Al Nozha Smouha 04178,720,130,0.672
A64152,EL Al Nozha Smouah (2),740,120,0.921
A64153,EL AL NOZHA SMOUHA,740,120,0.892
A64154,El-AL NOZHA SMOUHA all,766,137,0.908
A64155,AL NOZHA SMOUHA-A,766,137,0.888
A64156,El-ELITE BANHA Mall,730,148,0.817
A64157,PH Elite Banha,730,148,0.832
A64158,PH Elite Banha Branch 1,753,134,0.828
A64159,PY/Elite Banha 04,765,124,0.995
A64160,PH Elite Banha Mall,765,124,0.747
A64161,Family Banha Main Road,703,135,0.776
A64162,PH family banha Main Road,703,135,0.827
A64163,FAMILY BANHA 04,705,150,0.902
A64164,PYF/AMILY BANHA94,705,150,0.716
A64165,PY/Family Banha 011,710,142,0.706
A64166,El-Family Banha 04,710,142,0.822
A64167,Ph/Family Banha,729,121,0.957
A64168,PY/Family Banha Branch 1,741,136,0.979
A64169,Ph/family banha Branch 145,741,136,0.65
A64170,Family Banha 6th Zone,755,129,0.938
A64171,PY/family banha 6th Zone,763,133,0.959
A64172,EL AL NOZHA BANHA Main Road,726,146,0.656
A64173,PHA l Nozha Banha Branch 2,726,146,0.931
A64174,PH Al Nozha anha,737,150,0.989
A64175,Al Nozh Banha99,737,150,0.92
A64176,Al Nozha Banha,751,113,0.905
A64177,PY/AL NOZHA BANHA Branch 1,764,137,0.913
A64178,AL NOZHA BANHA 04,764,137,0.871
A64179,Ph/Health Gate Maadi Branch 1,717,131,0.649
A64180,Health Gate Maadi Station St.474,727,135,0.794
A64181,PH HEALTH GATE MAADI Branch 1,727,135,0.957
A64182,Health Gate Maadi 04,756,127,0.772
A64183,PH EL FARABY,700,123,0.725
A64184,El Faraby 11,708,126,0.711
A64185,el faarby-A,717,132,0.628
A64186,El Faraby br.2,752,121,0.746
A64187,El-El Faraby6 th Zone,760,135,0.821
A64188,El-GREEN LEAF BANHA 011,722,156,0.807
A64189,el Green Leaf Banha Station St.,722,156,0.821
A64190,el GREEN LEAF BANHA 011535,726,147,0.75
A64191,EL GREEN LEAF BANHA Station St.,748,158,0.853
A64192,GREEN LEAF BANHA br.2870,770,144,0.819
A64193,star care square-A,707,132,0.633
A64194,Ph/STAR CARE SQUARE Main Road,707,132,0.946
A64195,Ph/Star Care Square31,711,122,0.724
A64196,Star Care Square Station St.,713,114,0.769
A64197,EL STAR CARE SQUARE 011,713,114,0.73
A64198,star car esquare (2),721,134,0.976
A64199,EL star care square Mall997,722,157,0.907
A64200,STAR CARE SQUARE 011,739,146,0.965
A64201,PH STAR CARE SQUARE (2),739,146,0.718
A64202,STAR CARE SQUARE 011,744,151,0.641
A64203,STAR CARE SQUARE,748,159,0.944
A64204,PH el nasr banha Main Road,709,123,0.654
A64205,PY/El Nasr Banha (2),714,128,0.766
A64206,El-El Nasr Banha (2),719,134,0.793
A64207,El Nasr Banha Main Road,721,135,0.742
A64208,El Nasr Banha (2),721,135,0.818
A64209,PY/El Nasr Banha Branch 2,724,137,0.705
A64210,el El Nasr Banha 04,724,137,0.804
A64211,Ph/El Nasr Banha Branch 1,730,149,0.989
A64212,el El Nasr Banha Branch 2,753,135,0.625
A64213,EL LIFE LINE BANHA Station St.,712,139,0.918
A64214,life line banha Branch 2567,730,150,0.663
A64215,El--LIFE LINE BANHA332,730,150,0.806
A64216,El-Life Line Banha,742,131,0.684
A64217,life line banha br.2,754,122,0.623
A64218,el LIFE LINE BANHA,754,122,0.716
A64219,Life Line Banha Station St.,755,130,0.68
A64220,EL LIFE LINE BANHA (2),755,130,0.683
A64221,el life line banha 011,763,134,0.951
A64222,Life Line Banha Mall,763,134,0.817
A64223,PY/Life Line Banha-A,768,140,0.786
A64224,Metro Banha,702,123,0.95
A64225,metro banha br.2,702,123,0.992
A64226,Metro Banha Branch 2,714,129,0.913
A64227,PY/Metro Banha (2),714,129,0.802
A64228,EL Metro Banha-A,729,122,0.652
A64229,EL metro banha-A,742,132,0.743
A64230,Ph/Metro Banha Branch 1,742,132,0.774
A64231,PY/METRO BANHA438,745,135,0.823
A64232,Metro Bannha (2)12,745,135,0.828
A64233,EL METRO BANHA726,755,131,0.885
A64234,metro banha (2)534,769,129,0.978
A64235,Better Life,724,138,0.84
A64236,EL Better Life Branch 1,724,138,0.712
A64237,Better Life Branch 2,748,160,0.902
A64238,EL Better Life 6th Zone,758,138,0.645
A64239,EL BETTER LIFE 6th Zone891,758,138,0.722
A64240,Better Life Branch 2,765,125,0.737
A64241,EL BETTER LIFE Mall,768,141,0.865
A64242,PH Mira Haram Branch 1,728,141,0.822
A64243,EL mira haram,728,141,0.736
A64244,Mira Haram Branch 1,729,123,0.678
A64245,El-Mira Haram Station St.,737,151,0.745
A64246,EL MIRA HARAM 011,740,121,0.808
A64247,Mira Haram Branch 1,740,121,0.922
A64248,PH MIR HARAM,761,136,0.917
A64249,El-Mira Haram br.2,769,130,0.986
A64250,El-mira haram Main Road,769,130,0.839
A64251,Ph/Elite (2),701,132,0.668
A64252,EL elite,701,132,0.791
A64253,El-ELTE Main Road,708,127,0.746
A64254,Elite-A,708,127,0.747
A64255,EL Elite Main Road,718,142,0.649
A64256,El-Eltie,718,142,0.624
A64257,PH Elite-A,722,158,0.712
A64258,el Elite Main Road,743,146,0.744
A64259,P/YELITE 6th Zone,745,136,0.816
A64260,El-lite Branch 2,758,139,0.736
A64261,ELITE Branch 2,758,139,0.843
A64262,PH Elite 6th Zone294,768,142,0.763
A64263,EL ELITE BBranch 1,768,142,0.91
A64264,PH Silver Care-A,722,159,0.768
A64265,Ph/SILVER CARE 011643,722,159,0.635
A64266,el SILVER CARE Main Road361,725,127,0.942
A64267,Phsilver care 04,725,127,0.662
A64268,EL Silver Cae Main Road102,729,124,0.815
A64269,El-SILVER CARE Station St.,729,124,0.69
A64270,PH SILVER CARE br.2,751,114,0.715
A64271,El-SILVER CARE 6th Zone,751,114,0.638
A64272,EL Sivler Care (2),763,135,0.99
A64273,El-Silver Care 04,763,135,0.886
A64274,SILVER CARE 04,765,126,0.974
A64275,SILVER CARE Main Road,767,123,0.638
A64276,Silver Care,768,143,0.927
A64277,PY/Blue Wave aBnha-A,716,137,0.803
A64278,el Blue Wave Banha br.2,751,115,0.734
A64279,Ph/blue wavebanha,751,115,0.998
A64280,Blue Wave Banha br.2,761,137,0.893
A64281,el BLUE WAVE BANHA Branch 1,761,137,0.943
A64282,PH AL AMAL MARG br.2,705,151,0.709
A64283,el AL AMAL MARG,705,151,0.664
A64284,al amal marg 6th Zone,713,115,0.862
A64285,al amal marg,713,115,0.659
A64286,el Al Amal Marg br.2,714,130,0.935
A64287,PY/Al Amal Marg (2),714,130,0.977
A64288,Ph/Al Ama Marg,716,138,0.713
A64289,El-Al Amal Marg-A,720,131,0.743
A64290,EL al amal marg 6th Zone,720,131,0.86
A64291,EL AL AMAL MARG 011,758,140,0.948
A64292,Ph/Al Amal Marg Main Road,761,138,0.812
A64293,Ph/NILE CARE (2),711,123,0.832
A64294,Ph/Nile Care,711,123,0.973
A64295,EL nie care,732,134,0.683
A64296,PY/nile care-A,732,134,0.843
A64297,EL Nile Care 6th Zone,739,147,0.815
A64298,NILE CARE Mall,739,147,0.869
A64299,Ph/Nile Care 011,744,152,0.977
A64300,el NILE CARE 6th Zone,746,132,0.873
A64301,Nile aCre,750,130,0.856
A64302,El-Nile Care,758,141,0.657
A64303,EL Nile Cre br.2,758,141,0.849
A64304,PhNile Care (2),763,136,0.937
A64305,elnile care,763,136,0.973
A64306,Ph/omega,700,124,0.975
A64307,PY/Omega Main Road,703,136,0.764
A64308,PY/OMEGA 04,711,124,0.798
A64309,omega Bracnh 2,728,142,0.881
A64310,OMEGA Branch 1,728,142,0.759
A64311,PY/OMEGA 011,736,140,0.791
A64312,EL OMEGA,736,140,0.984
A64313,Ph/OMEGABranch 1,737,152,0.824
A64314,PH Omega 011560,759,130,0.757
A64315,PY/OMEGA 011,759,130,0.746
A64316,PY/MISR BANHA br.2,717,133,0.898
A64317,PY/MISR BANHA Station St.,724,139,0.922
A64318,misr banha 011,724,139,0.658
A64319,el Misr Banha 6th Zone,726,148,0.926
A64320,misr banha Station t.,743,147,0.629
A64321,misr banha282,743,147,0.908
A64322,PY/Misr Banha Branch 2,751,116,0.832
A64323,EL Misr Banha Mall,751,116,0.949
A64324,misr banha Branch 1,757,141,0.673
A64325,PH Misr Banha Station St.,757,141,0.69
A64326,Misr Banha 6th Zone,762,150,0.707
A64327,PY/Misr Banha Branch 2,770,145,0.659
A64328,Ph/Family Obour Station St.,715,129,0.678
A64329,el famil obour Main Road,745,137,0.709
A64330,PH Family Obour,752,122,0.958
A64331,Ph/green leaf,712,140,0.968
A64332,PH green leaf Branch 2,712,140,0.892
A64333,el GREEN LEAF,718,143,0.991
A64334,PY/Green Laf,718,143,0.825
A64335,PH GREEN LEAF,741,137,0.927
A64336,PH Green Leaf Branch 1,745,138,0.844
A64337,PY/Anel,703,137,0.653
A64338,angel Station St.,711,125,0.678
A64339,Ph/angel 6th Zone505,711,125,0.677
A64340,PH ANGELL-A,723,157,0.674
A64341,el Angel (2),746,133,0.66
A64342,EL Angel br.2,746,133,0.638
A64343,Ph/Angel (2),754,123,0.715
A64344,AngelMall,754,123,0.697
A64345,EL Anegl Main Road,767,124,0.96
A64346,Angel 04,767,124,0.917
A64347,silver care banha (2),712,141,0.887
A64348,Silver Care Banha Main Road,718,144,0.688
A64349,el Silver Care Banha 04,733,127,0.679
A64350,PH silver care banha Main Road,741,138,0.97
A64351,el silver care banha653,741,138,0.834
A64352,PH al amal 04,723,158,0.65
A64353,EL AL AMAL,727,136,0.754
A64354,PH AL AMAL (2),727,136,0.843
A64355,Al Amal Mall623,734,131,0.881
A64356,al amal Mall,734,131,0.792
A64357,P/Yal amal Main Road,743,148,0.765
A64358,El-Al Amal Mall,743,148,0.921
A64359,El Faraby Banha Branch 1,715,130,0.701
A64360,EL EL FARABY BANHA Main Road,715,130,0.984
A64361,PH el faraby banha (2),717,134,0.765
A64362,el el faraby banha,717,134,0.914
A64363,Ph/EL FARABY BANHA Branch 1,743,149,0.764
A64364,el El Faraby Bnha,743,149,0.933
A64365,Ph/El Faraby Banha br.2,759,131,0.999
A64366,el El Faraby Banha-A,759,131,0.941
A64367,PY/Misr Banha Branch 2,716,139,0.634
A64368,PY/misr banha 011,716,139,0.99
A64369,Misr Banha Mall,727,137,0.659
A64370,Mir Banha,727,137,0.931
A64371,EL Misr Banha Branch 2,736,141,0.829
A64372,Ph/misr banha br.2,736,141,0.762
A64373,PH misr banha br.2,738,134,0.802
A64374,Misr Banha 04,757,142,0.701
A64375,el MISR BANHA 01157,757,142,0.709
A64376,El-MISR BANHA,761,139,0.731
A64377,PH misr banha313,761,139,0.939
A64378,PH El Nasr br.2,706,118,0.677
A64379,El Nasr 6th Zone,706,118,0.696
A64380,el nasr,710,143,0.923
A64381,PH El Nasr,719,135,0.653
A64382,Ph/El Nasr,719,135,0.722
A64383,PH El Nasr-A,740,122,0.66
A64384,El-EL NASR Mall,740,122,0.862
A64385,PY/el nasr Branch 2387,757,143,0.784
A64386,El-lE Nasr Branch 2,768,144,0.656
A64387,PY/EL NASR,768,144,0.63
A64388,el Life Line 011,702,124,0.764
A64389,Ph/Life Line Mall,702,124,0.631
A64390,EL life line,711,126,0.738
A64391,life line,711,126,0.787
A64392,El-Lief Line,715,131,0.956
A64393,life line Branch 1,715,131,0.78
A64394,Life Line Mall,720,132,0.752
A64395,ell Life Line (2)56,720,132,0.67
A64396,EL Life Line 04,733,128,0.967
A64397,el Life Line 011,733,128,0.638
A64398,EL LIE LINE-A,758,142,0.654
A64399,el Nile Care Haram Branch 2,702,125,0.922
A64400,el NILE CARE HARAM 6th Zone,702,125,0.812
A64401,el Nile Care Haram Mall,716,140,0.695
A64402,el Nile Care Haram 011,750,131,0.692
A64403,El-misr shubra Branch 2,712,142,0.93
A64404,PH MISR SHUBRA br.2,712,142,0.665
A64405,misr shubra 011,718,145,0.696
A64406,EL misr shubra Mall479,718,145,0.757
A64407,misr shubra Station St.,736,142,0.655
A64408,El-Misr Shubra Main Road,736,142,0.809
A64409,El-Misr Shubra,745,139,0.967
A64410,misr shubra 04440,752,123,0.672
A64411,el MISR SHUBRA br.2,755,132,0.832
A64412,EL Misr Shubra (2),762,151,0.778
A64413,EL El oHkama Oct City Main Road,701,133,0.729
A64414,PH El Hokama Oct City,717,135,0.835
A64415,Ph/El Hokama Oct City,717,135,0.835
A64416,el el hokama oct city,734,132,0.649
A64417,EL HOKAMA OCT CITY 04,737,153,0.673
A64418,El Hokamaa Oct City,737,153,0.951
A64419,EL HOKAMA OCT CITY br.2,750,132,0.63
A64420,ElHokama Oct City,766,138,0.889
A64421,el hokama otc city Mall,766,138,0.741
A64422,PY/City Care Main Road,705,152,0.936
A64423,EL ity Care 04,705,152,0.952
A64424,el CITY CARE Branch 2,731,120,0.939
A64425,CITY CARE br.2,733,129,0.803
A64426,el City Care Mall699,743,150,0.717
A64427,city care,756,128,0.794
A64428,EL CITY CARE Station St.,756,128,0.984
A64429,PH Elite-A,701,134,0.67
A64430,EL Elite 6th Zone,712,143,0.838
A64431,El-elite-A,734,133,0.866
A64432,el Elite rBanch 1,734,133,0.925
A64433,ELITE Mall,754,124,0.777
A64434,ELITE Branch 2,754,124,0.913
A64435,EL CITY CARE SHUBRA-A,700,125,0.814
A64436,city care shubra,712,144,0.863
A64437,El-city care shubra 6th Zone,717,136,0.713
A64438,CITY CARE SHUBRA (2)822,717,136,0.867
A64439,PY/City Care Shubra-A,736,143,0.792
A64440,PH CITY CARE SHUBRA,736,143,0.969
A64441,CITY CARE SHUBRA 011,744,153,0.985
A64442,el City Care Shubra Main Road,761,140,0.659
A64443,citty care shubra 04,761,140,0.985
A64444,P/hgreen leaf shubra-A250,727,138,0.788
A64445,E green leaf shubra,727,138,0.848
A64446,Ph/GREEN LEAF SHUBRAB ranch 1561,749,130,0.932
A64447,Green Leaf Shubra Station St.784,749,130,0.621
A64448,green leaf shubra 6th Zone,760,136,0.876
A64449,PY/GREEN LEAF SHUBRA 6th Zone,760,136,0.699
A64450,el Seha Fiirst Main Road815,707,133,0.693
A64451,Seha First,707,133,0.869
A64452,EL seha first Station St.,710,144,0.759
A64453,El-Seha First Branch 2,720,133,0.998
A64454,PH SEHA FIRST,736,144,0.987
A64455,El-Seha First-A,736,144,0.655
A64456,seha first-A,750,133,0.922
A64457,Seha First Station St.,750,133,0.978
A64458,PY/SEHA FIRST Mall,753,136,0.697
A64459,Seah First Station St.,753,136,0.703
A64460,El-SEHA FIRST 0011,760,137,0.99
A64461,blue wave Mall,702,126,0.644
A64462,PY/Blue Wave Branch 2,706,119,0.743
A64463,PY/blue wave143,721,136,0.959
A64464,El-Blue Wave,721,136,0.662
A64465,PY/Blue Wave,725,128,0.646
A64466,PYY/BLUE WAVE,725,128,0.814
A64467,PH Blue Wav 011,769,131,0.639
A64468,Ph/blue wave 6th Zone,769,131,0.807
A64469,el ALPHA PHARMA SMOUHA br.2,704,135,0.626
A64470,PH alpha pharma smouha (2),706,120,0.771
A64471,ALPHA PHARMA SMOUHA,710,145,0.911
A64472,PH alpha pharma smouha Branch 1722,715,132,0.851
A64473,Alpha Pharma mSouha 6th Zone197,730,151,0.905
A64474,PY/Alpha Pharma Smouha Main Road,730,151,0.988
A64475,El-Alpha Pharma Smouha175,735,129,0.92
A64476,EL alpha pharma smouha brr.2,748,161,0.794
A64477,Alpha Pharma Smouha br.2,748,161,0.773
A64478,Ph/ALPHA PHARMA SMOUHA Station St.,763,137,0.75
A64479,ALPHA PHARMA SMOUHA-A,763,137,0.965
A64480,el el nasr shubra (2),700,126,0.761
A64481,el nasr shubra 04,700,126,0.978
A64482,PH El Nasr Shubra (2),751,117,0.844
A64483,PY/el nasr shubra,760,138,0.988
A64484,PH El Nasr Shbra br.253,762,152,0.965
A64485,PH care 24 seven shubra 011,717,137,0.878
A64486,care 24 seven shubra,718,146,0.826
A64487,El-care 24 seven shubra Mall223,718,146,0.963
A64488,EL Care 24 Seven Shubra 6th Zone,753,137,0.689
A64489,EL care 24 seven shubra Branch 188,753,137,0.699
A64490,Care 24 Seven Shubra Mall,767,125,0.771
A64491,PH Sunrise Mall,718,147,0.975
A64492,El-sunrise br.2,718,147,0.704
A64493,Sunrise Main Road,735,130,0.655
A64494,PY/sunrise (2),735,130,0.769
A64495,PH Sunrise 011,738,135,0.709
A64496,PY/Sunrise,748,162,0.883
A64497,EL Sunrise Branch 1,748,162,0.867
A64498,Sunrise 04,765,127,0.856
A64499,PY/Sunrise Branch 2,765,127,0.942
A64500,al amal square 04,711,127,0.86
A64501,El-al amal square br.2,711,127,0.789
A64502,El-al amal square-A,714,131,0.978
A64503,Al Amal Square Branch 1,714,131,0.623
A64504,Al Amal Square Main Road,720,134,0.715
A64505,Ph/Al Amal Square 6t hZone,720,134,0.72
A64506,EL Al Amal Square Mall,729,125,0.907
A64507,El-Al Amal Square,742,133,0.941
A64508,El--AL AMAL SQUARE br.2,742,133,0.695
A64509,Omega Banha Main Road492,722,160,0.98
A64510,el OMEGA BANHA,722,160,0.681
A64511,Omega Bannha (2),732,135,0.985
A64512,el OMEGA BANHA Station St.,744,154,0.643
A64513,EL OMEGA BANHA Station St.,744,154,0.977
A64514,el omega banha,754,125,0.823
A64515,El-Omega Banha Mall,758,143,0.953
A64516,PH El Zahraa Shubra,709,124,0.987
A64517,EL el zahraa shubra Branch 1,709,124,0.939
A64518,el El Zahraa Shubra Sattion St.,713,116,0.738
A64519,PY/El Zahraa Shubra,720,135,0.716
A64520,PH El Zahraa Shubra Branch 1,720,135,0.732
A64521,el El Zahraa Shubra Branch 2,730,152,0.972
A64522,Ph/el zahraa shubra732,730,152,0.687
A64523,el EL ZAHRAA SHUBRA Main Road,733,130,0.688
A64524,PY/ElZ ahraa Shubra-A,733,130,0.858
A64525,PH el zahraa shubra 6th Zone,758,144,0.821
A64526,EL El Zahraa Shubra,758,144,0.717
A64527,EL El Zahraa Shubra Mall,762,153,0.769
A64528,PY/El Zahraa Shubra Main Road,763,138,0.872
A64529,El-El Zahra Shubra,763,138,0.78
A64530,Life Line Oct City (2),704,136,0.992
A64531,El-Life Line Oct City 6th Zone,705,153,0.875
A64532,Life Line Oct City br.2,705,153,0.773
A64533,El-Life Line Oct City Main Road347,709,125,0.872
A64534,PY/LIFE LINE OCT CITY Branch 2,748,163,0.815
A64535,Ph/Pharma Plus Shubra-A152,707,134,0.998
A64536,El-pharma plus shubra Station St.,707,134,0.969
A64537,PH Pharma Plus Shubra (2),718,148,0.863
A64538,PHARMA PLUS SHUBRA 6th Zone,721,137,0.938
A64539,El-PHARMA PLUS SHUBAR Main Road318,748,164,0.937
A64540,Ph/Pharma Plus Shubra,748,164,0.993
A64541,El-pharma plus shubra,754,126,0.715
A64542,Ph/Pharma Plus Shubra-A589,754,126,0.805
A64543,PY/Pharma Plus hubra 011,758,145,0.669
A64544,PH PHARMA PLUS SHUBRA 04,761,141,0.635
A64545,EL PHARMA PLUS SHUBRA,761,141,0.746
A64546,EL Salamtek Agami-A,701,135,0.791
A64547,Ph/SALAMTEK AGGAMI (2),701,135,0.829
A64548,PY/salamtek agami Branch 2,726,149,0.779
A64549,PH Salamtek Agami br.2,726,149,0.855
A64550,Ph/Salamtek Agami603,727,139,0.761
A64551,Ph/Salamtek Agami 6th Zone,727,139,0.745
A64552,PY/union pharm helwan 04,711,128,0.781
A64553,PH union pharm helwan 011,711,128,0.707
A64554,Ph/union pharm helwan-A,718,149,0.808
A64555,El-UNION PHARM HELWAN,756,129,0.797
A64556,el UNION PHARM HELWAN (2),756,129,0.66
A64557,Ph/UnionPharm Helwan br.2291,761,142,0.738
A64558,green leaf Branch 2,701,136,0.792
A64559,Ph/green leaf Branch 2,701,136,0.725
A64560,green leaf 04,708,128,0.843
A64561,green leaf (2),721,138,0.881
A64562,PH Green Leaf Branch 2,734,134,0.95
A64563,El-green leaf,743,151,0.772
A64564,El-Green Leaf,743,151,0.749
A64565,Green Leaf (2),747,123,0.942
A64566,Ph/GREEN LEAF Mall,754,127,0.978
A64567,GREEN LEAF (2),756,130,0.896
A64568,Pharma Plus Shubra 04,705,154,0.974
A64569,El-Pharma Plus Shubra Mall,705,154,0.647
A64570,PY/Pharma Plus Shubra144,729,126,0.966
A64571,EL Pharma Plus Shubra,750,134,0.963
A64572,El-pharma plus shubra366,750,134,0.678
A64573,el Pharma Plus Shubra Mall,758,146,0.816
A64574,Pharma Plus Shubra Branch 1,758,146,0.768
A64575,el Dr Medhat hSubra 04,706,121,0.933
A64576,Ph/Dr Medhat Shubra,706,121,0.9
A64577,PH Dr Medhat Shubra 6th Zone,709,126,0.879
A64578,EL Dr Medhat Shubra-A968,709,126,0.804
A64579,Dr Medhat Shubra (2),764,138,0.822
A64580,PH El Shifa (2),704,137,0.757
A64581,El Shfa Main Road,704,137,0.859
A64582,PH El Shifa-A,710,146,0.924
A64583,El-El Shifa Main Road,711,129,0.735
A64584,El Shifa Station St.,712,145,0.771
A64585,el shifa,746,134,0.649
A64586,PY/El Shifa,760,139,0.878
A64587,El ZahraaS hubra 011,708,129,0.752
A64588,E LEl Zahraa Shubra980,709,127,0.69
A64589,Ph/El Zahraa Shubra-A798,709,127,0.772
A64590,El Zahraa Shubra-A,721,139,0.789
A64591,El-el zahraa shubra-A,732,136,0.693
A64592,El Zahraa Shubra Station St.663,741,139,0.905
A64593,el EL ZAHRAA SHUBRA979,741,139,0.701
A64594,PY/El Zahraa Shubra Station St.,748,165,0.785
A64595,el zahraa shubra Mall771,748,165,0.721
A64596,EL El Zahraa Shurba Branch 2,755,133,0.738
A64597,el El Zahraa Shubra (2)507,755,133,0.638
A64598,PH Care 24 Seven 011,715,133,0.675
A64599,Care 24 Seven Branch 1,715,133,0.993
A64600,PY/CARE 24 SEVEN 04,752,124,0.847
A64601,El-Care 24 Seven,752,124,0.934
A64602,el CARE 24 SEVEN-A,756,131,0.673
A64603,El-Dr Medhat Faisal21,729,127,0.627
A64604,PH Dr Medhat Faisal,729,127,0.873
A64605,el Dr Medhat Faisal Station St.,733,131,0.685
A64606,el Dr Medhat Faisal-A241,733,131,0.732
A64607,PH dr medhat faisal Branch 1935,745,140,0.89
A64608,Ph/dr medhat faisal-A,758,147,0.886
A64609,El-DRM EDHAT FAISAL,758,147,0.637
A64610,EL Dr Mdhat Faisal 6th Zone,767,126,0.866
A64611,el DR MEDHAT FAISAL 6th Zone,767,126,0.932
A64612,PY/EL FARABY SHUBRA Branch 1,708,130,0.986
A64613,EL EL FARABY SHUBRA (2),708,130,0.7
A64614,Ph/EL FARABY SHUBRA Mall,711,130,0.763
A64615,El-El Faraby Shubra Mall,711,130,0.848
A64616,PH EL FARABY SHUBRA Staton St.857,717,138,0.936
A64617,EL ARABY SHUBRA 6th Zone,727,140,0.692
A64618,El-EL FARABY SHUBRA,732,137,0.948
A64619,el EL FARABY SHUBRA 04,736,145,0.882
A64620,El-El Faraby Shubra 04670,744,155,0.733
A64621,el El Shia Shubra,737,154,0.955
A64622,PH El ShifaS hubra Mall994,737,154,0.761
A64623,El Shifa Shubra 0011,745,141,0.888
A64624,El-El Shifa Shubra 04,748,166,0.907
A64625,Ph/El Shifa Shubra 04,749,131,0.939
A64626,Ph/el shifa br.2,713,117,0.635
A64627,PH EL SHIFA Station St.194,719,136,0.722
A64628,el El Shifa,723,159,0.712
A64629,El Shifa,723,159,0.773
A64630,El Shifa Main Road,737,155,0.715
A64631,El Shifa793,737,155,0.641
A64632,El Shifa Branch 2,764,139,0.964
A64633,El-El Shifa-A,764,139,0.946
A64634,El-Ebbn Sina Dokki-A,706,122,0.835
A64635,ebn sina dokki 6th Zone,706,122,0.737
A64636,el ebn sina dokki 04,722,161,0.986
A64637,EL Ebn Sina Dokki 6th Zone554,735,131,0.683
A64638,Ph/EBN SINA DOKKI,735,131,0.931
A64639,Ebn Sina Dokki br.2,739,148,0.669
A64640,El-ebn sina dokki,739,148,0.669
A64641,Enb Sina Dokki 6th Zone,743,152,0.948
A64642,PY/EBN SINA DOKKI 6th Zone,743,152,0.977
A64643,PY/EBN SINA DOKKI (2),764,140,0.659
A64644,ebn sina dokki br.231,764,140,0.714
A64645,GOLDEN CARE DOKKI (2),713,118,0.666
A64646,Golden Care Dokki511,753,138,0.952
A64647,Golden Care Dokki Station St.,762,154,0.774
A64648,PY/Union Pharm Main Road,702,127,0.893
A64649,PY/union pharm Branch 227,704,138,0.806
A64650,El-UNION PHARM br.2,713,119,0.743
A64651,PY/Union Pharm-A,716,141,0.932
A64652,PH UNION PHARM-A343,722,162,0.972
A64653,union hparm 6th Zone107,733,132,0.738
A64654,PY/Union Pharm Station St.316,738,136,0.997
A64655,El-UNION PHARM,738,136,0.641
A64656,Union Pharm,755,134,0.657
A64657,EL Seha First Mall,746,135,0.922
A64658,seha first Mall150,749,132,0.621
A64659,El-seha first,753,139,0.77
A64660,PY/EL SHIFA 04403,728,143,0.755
A64661,El Shifa-A,731,121,0.811
A64662,PH El Shifa Mall,731,121,0.82
A64663,PH El Sihfa Mall,733,133,0.943
A64664,El-EEl Shifa 011,733,133,0.672
A64665,EL SHIFA br.2496,734,135,0.701
A64666,EL El Shifa,734,135,0.951
A64667,EL el shifa Branch 2,757,144,0.892
A64668,PY/El Shifa 6th Zone,763,139,0.702
A64669,EL LIFEE LINE Mall,713,120,0.808
A64670,Life Line Station St.,713,120,0.675
A64671,Life Line 6th Zone,730,153,0.848
A64672,Ph/LIFE LINE,730,153,0.843
A64673,Ph/LIFE LINE,738,137,0.637
A64674,El-LIFE LINE,739,149,0.889
A64675,Life Line 011721,739,149,0.967
A64676,life lnie Main Road,765,128,0.805
A64677,PH life line,765,128,0.873
A64678,Al Nozha Shubra Mall,714,132,0.753
A64679,EL al nozha shubra778,719,137,0.67
A64680,P HAl Nozha Shubra Main Road,719,137,0.802
A64681,el al nozha shubra,746,136,0.728
A64682,Al Nozha Shubra645,747,124,0.818
A64683,Al Nozha Shubra 6th Zone543,747,124,0.668
A64684,AL NOZHA SHUBRA (2),757,145,0.826
A64685,EL AL NOZHA SSHUBRA 6th Zone,757,145,0.773
A64686,El-al nozha shubra-A,761,143,0.918
A64687,al noha shubra Mall,761,143,0.659
A64688,El-EL ZAHRAA PH. SHUBRA 2ND br.2,700,127,0.887
A64689,PY/El Zahraa PH. Shubra 2nd,700,127,0.855
A64690,EL el zahraaa ph. shubra 2nd 04,717,139,0.994
A64691,El aZhraa PH. Shubra 2nd 6th Zone,717,139,0.773
A64692,EL ZAHRAA PH. SHUBRA 2ND Mall,721,140,0.657
A64693,PY/el zahraa ph. shubra 2nd 04594,721,140,0.951
A64694,El-el zahraa ph. shubra 2nd 6th Zone,745,142,0.817
A64695,PY/el zahraa ph. shubra 2nd Branch 2,745,142,0.707
A64696,union pharm mohandessin-A,700,128,0.782
A64697,El-UNION PHARM MOHANDESSIN Branch 1103,719,138,0.631
A64698,Union Pharm Mohandessin-A,739,150,0.643
A64699,union pharm mohandessin-A,742,134,0.656
A64700,el Union Pharm Mohandessin993,748,167,0.66
A64701,PY/Union Pharm Mohandessin br.227,755,135,0.709
A64702,UNION PHARM MOHANDESSIN351,757,146,0.779
A64703,EL el hokama ph. obour 2nd,709,128,0.666
A64704,El Hokama PH. Obour 2nd,709,128,0.716
A64705,El-EL HOKAMA PH. OBOUR 2ND Brranch 1,719,139,0.843
A64706,PH el hokama ph. obour 2nd Branch 1,719,139,0.666
A64707,PH El Hokama PH. Obour 2nd Mall233,725,129,0.661
A64708,Ph/el hokama ph. obour 2nd Branch 1,725,129,0.704
A64709,El Hokaama PH. Obour 2nd Branch 2,745,143,0.799
A64710,Ph/El Hokama PH. Obour 2nd 04,745,143,0.759
A64711,El-El Hokama PH. Obour 2nd 04,759,132,0.981
A64712,PY/El Hokama PH. Obour 2nd br.2,761,144,0.838
A64713,elhokama ph. obour 2nd Mall,763,140,0.787
A64714,angel ph. el Main Road,702,128,0.705
A64715,el Angel PH. El Branch 1,747,125,0.763
A64716,PH Angel PH. El 6th Zone,759,133,0.969
A64717,EL Star Care PH. Nasr 2nd244,723,160,0.958
A64718,STAR CARE PH. NASR 2ND br.2,757,147,0.671
A64719,PY/STAR CARE PH. NASR 2ND Mall,764,141,0.656
A64720,star care ph. nasr 2nd 011,764,141,0.824
A64721,Ebn Sina PH.-A,730,154,0.954
A64722,Ebn Sina PH.,730,154,0.985
A64723,EBN SINA PH. 6th Zone,739,151,0.7
A64724,el ebn sina ph. Branch 1,754,128,0.804
A64725,El-ebn ssina ph. Main Road,760,140,0.692
A64726,EL Ebn ina PH. Mall,760,140,0.86
A64727,Ebn Sina PH. (2),763,141,0.766
A64728,PH Ebn Sina PH. Mall809,763,141,0.673
A64729,PH EBN SINA PH.B ranch 2,766,139,0.856
A64730,el Ebn Sina PH. (2),766,139,0.71
A64731,el pharma plus zayed Branch 2,705,155,0.634
A64732,Phrama Plus Zayed Mall,712,146,0.991
A64733,El-Pharma Plus Zayed454,726,150,0.626
A64734,Ph/phrama plus zayed,726,150,0.852
A64735,Pharma Plus Zayed Branch 2378,731,122,0.754
A64736,EL Pharma Plus Zayed (2),731,122,0.796
A64737,Ph/pharma plus zayed35,732,138,0.726
A64738,Pharma Plus Zayed 011,732,138,0.811
A64739,PH Al Amal PH. Mohandessin 2nd 04,704,139,0.966
A64740,PH Al Amal PH. Mohandessin 2nd Mall,705,156,0.917
A64741,PH Al Amal PH. Mohandessin 2nd 011,708,131,0.918
A64742,Al Amal PH. Mohandessin 2nd Branch 2,744,156,0.909
A64743,PH Al Aal PH. Mohandessin 2nd,744,156,0.745
A64744,el Al Amal PH. Mohandessin 2nd Main Road,759,134,0.956
A64745,PY/LIFE LINE PH. SMOUHA 6th Zone,709,129,0.676
A64746,Life Line PH. Smouha 011,709,129,0.648
A64747,PY/Life Line PH. Smouha Stattion St.,715,134,0.917
A64748,el life line ph. smouha 6th Zone,724,140,0.948
A64749,LIFE LINE PH. SMOUHA Main Road574,724,140,0.812
A64750,Life Line PH. Smouha,730,155,0.925
A64751,El-life line ph. smouha Main Road,749,133,0.772
A64752,Ph/Misr PH. br.2,709,130,0.778
A64753,PY/MISR PH. (2),709,130,0.784
A64754,PH Misr PH. 011,716,142,0.979
A64755,MISR PH. Branch 1,721,141,0.646
A64756,PY/misr ph. Mall520,721,141,0.92
A64757,El-MISRP H. Main Road,728,144,0.826
A64758,misr ph. 04,728,144,0.627
A64759,Misr PH.,729,128,0.974
A64760,PH misr ph.-A,733,134,0.783
A64761,PY/misr ph.,756,132,0.75
A64762,Misr PH. Main Road523,702,129,0.909
A64763,MISR PH. Station St.,723,161,0.899
A64764,Ph/misr ph. Mall,727,141,0.816
A64765,EL MISR PH. br.2,727,141,0.886
A64766,Misr PH. 04417,737,156,0.855
A64767,el Misr PH. 04,737,156,0.898
A64768,El-Misr PH. 6th Zone,749,134,0.972
A64769,Misr PH.,750,135,0.934
A64770,El-Misr PH.,752,125,0.808
A64771,Ph/MISR PH. (2),752,125,0.955
A64772,PH Misr PH. Station St.337,759,135,0.887
A64773,PY/Misr PH. Mall,759,135,0.891
A64774,misr ph. haram Main Road,703,138,0.647
A64775,Misr PPH. Haram,703,138,0.775
A64776,misr ph. hara mbr.2,726,151,0.663
A64777,PY/Misr PH. Haram 04,726,151,0.739
A64778,Ph/misr ph. haram br.2,740,123,0.838
A64779,Ph/MISR PH. HARAM Mall,743,153,0.713
A64780,El-Misr PH. Haram Mall,743,153,0.955
A64781,misr ph. haram,759,136,0.738
A64782,El-Misr PH. Haram Branch 2,763,142,0.928
A64783,PH Misr PH. Haram Branch 1908,763,142,0.989
A64784,PY/Sunrise PH. Nasr 2nd Main Road,703,139,0.856
A64785,EL SUNRISE PH. NASR 2ND Mall,703,139,0.962
A64786,EL Sunrise PH. Nasr 2nd Branch 2,712,147,0.73
A64787,Ph/Sunrise PH. Nasr 2nd Main Road,715,135,0.632
A64788,Ph/Sunrise PH. Nasr 2nd Branch 1,736,146,0.74
A64789,SUNRISE PH. NASR 2ND Branch 2,736,146,0.88
A64790,el sunrise ph. nasr 2nd 04,744,157,0.961
A64791,El-Sunrise PH. Nasr 2nd (2),744,157,0.687
A64792,Golden Care PH. Downntown (2)152,722,163,0.83
A64793,PH GOLDEN CARE PH. DOWNTOWN Mall,729,129,0.697
A64794,GOLDEN CARE PH. DOWNTOWN,729,129,0.896
A64795,PH Golden Care PH. Downtown Main Road,735,132,0.913
A64796,Ph/GOLDEN CARE PH. DOWNTOWN (2)424,735,132,0.86
A64797,PH Golden Care PH. Downtown 04,748,168,0.876
A64798,Ph/Golden Care PH. Downtown 011,748,168,0.81
A64799,EL GOLDEN CARE PH. DOWNTOWN (2),753,140,0.669
A64800,GOLDEN CARE PH. DOWNTOWN Station St.88,753,140,0.993
A64801,Golden Care PH. Downtown,755,136,0.658
A64802,Golden Care PH. Downtown (2),770,146,0.811
A64803,PY/Nile Care PH. Main Road,706,123,0.649
A64804,Nile Care PH. Branch 1,706,123,0.852
A64805,PY/nile care ph. Bracnh 1,712,148,0.985
A64806,EL Nile Care PH.,712,148,0.865
A64807,El-NILE CARE PH. Main Road,713,121,0.946
A64808,Ph/Nile Care PH.-A,713,121,0.766
A64809,Nile Care PH. Branch 2,724,141,0.895
A64810,EL Nile Care PH. br.2,738,138,0.956
A64811,PY/nile care ph.-A,738,138,0.909
A64812,Nile Care PH.-A,741,140,0.62
A64813,El-Nile Care PH. Mall,752,126,0.843
A64814,EL NILE CARE H. 04,762,155,0.64
A64815,el nile care ph. 04,762,155,0.806
A64816,PY/Star Care PH. Imbaba 2nd Main Road,746,137,0.985
A64817,el STAR CARE PH. IMBABA 2ND,746,137,0.719
A64818,el star care ph. imbaba 2nd br.2,750,136,0.955
A64819,Ph/STAR CARE PH. IMBABA 2ND Station St.,764,142,0.753
A64820,star care ph. imbaba 2nd br.2,765,129,0.962
A64821,El-sunrise ph. oct city 2nd-A,725,130,0.674
A64822,SUNRISE PH. OCT CITY 2ND Branch 2842,725,130,0.631
A64823,SUNRISE PH. OCT CITY 2ND 011,755,137,0.799
A64824,EL SUNRISE PH. OCT CITY 2ND 6th Zone,755,137,0.827
A64825,El-SUNRISE PH. OCT CITY 2ND,760,141,0.794
A64826,Sunrise PH. Oct City 2nd,760,141,0.744
A64827,El-SUNRISE PH. OCT CITY 2ND-A,770,147,0.755
A64828,Sunrise PH. Oct City 2nd Mall,770,147,0.825
A64829,green leaf ph. haram 2nd 04,703,140,0.947
A64830,green leaf ph. haram 2nd-A,711,131,0.863
A64831,PY/Green Leaf PH. Haram 2nd,711,131,0.795
A64832,Green Leaf PH. Haram 2nd (2),727,142,0.777
A64833,green leaf ph. haram 2nd-A,727,142,0.867
A64834,GREEN LEEAF PH. HARAM 2ND 011,729,130,0.886
A64835,PY/Green Leaf PH. Haram 2nd 011,733,135,0.718
A64836,PH Green Leaf PH. Haram 2nd 04608,766,140,0.67
A64837,el Green Leaf PH. Haram 2nd 6th Zone,766,140,0.835
A64838,el nasr ph. 2nd762,731,123,0.837
A64839,Ph/el nasr ph. 2nd,749,135,0.838
A64840,El Nas PH. 2nd 6th Zone,750,137,0.854
A64841,PY/El Nasr PH. 2nd br.2,758,148,0.932
A64842,el nasr ph. 2nd-A,759,137,0.626
A64843,El Nasr PH. 22nd br.2,759,137,0.94
A64844,EL care 24 seven 2nd (2),710,147,0.754
A64845,EL Care 24 Seven 2nd br.2,736,147,0.856
A64846,PH Care 24 Seven 2nd,736,147,0.844
A64847,El-ACRE 24 SEVEN 2ND Mall994,753,141,0.873
A64848,PH Care 24 Seven 2nd Station St.442,758,149,0.63
A64849,PH CARE 24 SEVEN 22ND 011,762,156,0.955
A64850,EL Carre 24 Seven 2nd Mall,762,156,0.702
A64851,PH Silver Care PH. Smouha (2),712,149,0.784
A64852,SILVER CARE PH. SMOUHA,712,149,0.958
A64853,Ph/silver care ph. smouha (2),735,133,0.95
A64854,PY/Silver Care PH. Smouha Main Road275,735,133,0.724
A64855,ElS-ilver Care PH. Smouha Branch 2,748,169,0.793
A64856,PY/Silver CareP H. Smouha,765,130,0.901
A64857,silver care ph. smouha (2),765,130,0.826
A64858,EL El Nasr PH. 2nd 04,720,136,0.885
A64859,EL el nasr ph. 2nd (2)520,738,139,0.677
A64860,El Nasr PH. 2nd 6th Zone655,756,133,0.846
A64861,EL EL NASR PH. 2ND,756,133,0.93
A64862,el UNION PHARM EL (2),709,131,0.754
A64863,union pharm el Mall,760,142,0.917
A64864,Union Pharm El Branch 1,770,148,0.679
A64865,PH Union Pharm El,770,148,0.907
A64866,PH El Zahraa PH. Station St.,712,150,0.786
A64867,Ph/El ZZahraa PH. 011,718,150,0.669
A64868,ElE-L ZAHRAA PH.,758,150,0.832
A64869,Ph/EL ZAHRAA PH. Branch 2,758,150,0.986
A64870,PH El Zahraa PH. Station St.,759,138,0.661
A64871,EL El Zahraa PH. 011847,759,138,0.996
A64872,el zahraa ph. 6th Zone,770,149,0.937
A64873,Misr PH. Banha 2nd 6th Zone,703,141,0.718
A64874,Ph/Misr PH. Banha 2nd 04127,723,162,0.778
A64875,Ph/Misr PH. Banha 2nd br.2,734,136,0.662
A64876,el ELITE PH. BANHA (2)176,713,122,0.931
A64877,elite ph. banha,716,143,0.622
A64878,Ph/Ellite PH. Banha 04,719,140,0.943
A64879,Ph/Elite PH. Banha,725,131,0.925
A64880,Ph/Elite PH. Banha Branc 1,725,131,0.711
A64881,el Elit ePH. Banha,756,134,0.627
A64882,el elite ph. banha,756,134,0.711
A64883,PY/elite ph. banha Main Road,757,148,0.91
A64884,Elite PH. Banha 011,762,157,0.693
A64885,ELITE PH. BAHNA Main Road,769,132,0.968
A64886,PY/ELITE P. BANHA,769,132,0.766
