visit_id,rep_id,pharmacy_id,visit_date,arrived_at,departed_at,cancelled_flag,stop_index
1,1,1121,01/07/2025,09:22,09:46,0,1
2,1,1113,01/07/2025,09:50,10:04,0,2
3,1,1171,01/07/2025,10:13,10:20,0,3
4,1,1145,01/07/2025,10:26,10:33,0,4
5,1,1346,01/07/2025,10:42,11:04,0,5
6,1,1001,01/07/2025,11:12,11:29,0,6
7,1,1253,01/07/2025,11:39,11:56,0,7
8,1,1401,02/07/2025,09:30,09:45,0,1
9,1,1048,02/07/2025,09:55,10:02,0,2
10,1,1215,02/07/2025,10:09,10:25,0,3
11,1,1217,02/07/2025,10:29,10:41,0,4
12,1,1271,02/07/2025,10:50,11:05,0,5
13,1,1269,02/07/2025,11:09,11:23,0,6
14,1,1202,02/07/2025,11:29,11:57,0,7
15,1,1064,02/07/2025,12:12,12:29,0,8
16,1,1256,02/07/2025,12:33,12:51,0,9
17,1,1028,03/07/2025,09:12,09:25,0,1
18,1,1025,03/07/2025,09:33,09:56,0,2
19,1,1199,03/07/2025,10:00,10:15,0,3
20,1,1320,03/07/2025,10:23,10:38,0,4
21,1,1387,03/07/2025,10:42,11:03,0,5
22,1,1285,03/07/2025,11:09,11:26,0,6
23,1,1183,03/07/2025,11:32,11:50,0,7
24,1,1084,03/07/2025,11:56,12:21,0,8
25,1,1251,03/07/2025,12:26,12:42,0,9
26,1,1422,03/07/2025,12:50,13:01,0,10
27,1,1100,05/07/2025,09:17,09:44,0,1
28,1,1425,05/07/2025,09:48,10:07,0,2
29,1,1092,05/07/2025,10:14,10:33,0,3
30,1,1225,05/07/2025,10:37,10:48,0,4
31,1,1268,05/07/2025,10:52,11:01,0,5
32,1,1307,05/07/2025,11:14,11:30,0,6
33,1,1006,06/07/2025,09:26,09:50,0,1
34,1,1020,06/07/2025,09:54,10:10,0,2
35,1,1077,06/07/2025,10:14,10:22,0,3
36,1,1268,06/07/2025,10:29,10:38,0,4
37,1,1296,06/07/2025,10:42,11:00,0,5
38,1,1164,06/07/2025,11:09,11:33,0,6
39,1,1240,06/07/2025,11:42,12:02,0,7
40,1,1010,06/07/2025,12:08,12:32,0,8
41,1,1013,07/07/2025,09:19,09:29,0,1
42,1,1102,07/07/2025,09:34,09:56,0,2
43,1,1268,07/07/2025,10:01,10:18,0,3
44,1,1181,07/07/2025,10:25,10:41,0,4
45,1,1312,07/07/2025,10:49,10:59,0,5
46,1,1062,07/07/2025,11:06,11:27,0,6
47,1,1015,07/07/2025,11:34,11:57,0,7
48,1,1353,08/07/2025,09:15,09:29,0,1
49,1,1394,08/07/2025,09:33,09:40,0,2
50,1,1002,08/07/2025,09:44,09:58,0,3
51,1,1425,08/07/2025,10:04,10:28,0,4
52,1,1103,08/07/2025,10:35,11:03,0,5
53,1,1387,08/07/2025,11:10,,1,6
54,1,1207,09/07/2025,09:30,09:38,0,1
55,1,1402,09/07/2025,09:44,09:51,0,2
56,1,1326,09/07/2025,09:55,10:13,0,3
57,1,1384,09/07/2025,10:26,10:42,0,4
58,1,1083,09/07/2025,10:48,11:03,0,5
59,1,1185,09/07/2025,11:07,11:26,0,6
60,1,1185,09/07/2025,11:33,11:53,0,7
61,1,1044,09/07/2025,11:57,12:04,0,8
62,1,1260,09/07/2025,12:13,12:29,0,9
63,1,1215,09/07/2025,12:35,12:51,0,10
64,1,1260,10/07/2025,09:07,09:29,0,1
65,1,1361,10/07/2025,09:37,09:51,0,2
66,1,1191,10/07/2025,09:55,10:17,0,3
67,1,1296,10/07/2025,10:22,10:34,0,4
68,1,1233,10/07/2025,10:43,11:07,0,5
69,1,1201,10/07/2025,11:18,11:39,0,6
70,1,1439,10/07/2025,11:50,11:57,0,7
71,1,1073,10/07/2025,12:06,12:26,0,8
72,1,1147,12/07/2025,09:22,,1,1
73,1,1363,12/07/2025,09:37,09:44,0,2
74,1,1113,12/07/2025,09:48,,0,3
75,1,1018,12/07/2025,10:14,10:42,0,4
76,1,1183,12/07/2025,10:47,11:06,0,5
77,1,1114,12/07/2025,11:11,11:18,0,6
78,1,1224,12/07/2025,11:23,11:31,0,7
79,1,1024,12/07/2025,11:40,11:56,0,8
80,1,1246,12/07/2025,12:00,12:12,0,9
81,1,1047,12/07/2025,12:16,12:32,0,10
82,1,1313,13/07/2025,09:08,09:33,0,1
83,1,1267,13/07/2025,09:38,09:51,0,2
84,1,1160,13/07/2025,09:56,10:25,0,3
85,1,1275,13/07/2025,10:33,10:47,0,4
86,1,1431,13/07/2025,10:53,11:11,0,5
87,1,1201,13/07/2025,11:15,11:31,0,6
88,1,1316,13/07/2025,11:35,11:45,0,7
89,1,1408,13/07/2025,11:53,12:06,0,8
90,1,1093,13/07/2025,12:14,12:25,0,9
91,1,1403,14/07/2025,09:16,09:31,0,1
92,1,1134,14/07/2025,09:39,09:48,0,2
93,1,1312,14/07/2025,09:57,10:10,0,3
94,1,1001,14/07/2025,10:15,10:24,0,4
95,1,1402,14/07/2025,10:29,10:44,0,5
96,1,1192,14/07/2025,10:50,11:13,0,6
97,1,1381,15/07/2025,09:24,09:34,0,1
98,1,1233,15/07/2025,09:39,09:53,0,2
99,1,1031,15/07/2025,10:00,10:26,0,3
100,1,1200,15/07/2025,10:31,10:58,0,4
101,1,1081,15/07/2025,11:02,,0,5
102,1,1030,15/07/2025,11:25,11:39,0,6
103,1,1084,16/07/2025,09:33,09:44,0,1
104,1,2805,16/07/2025,09:54,10:08,0,2
105,1,1382,16/07/2025,10:17,10:38,0,3
106,1,1068,16/07/2025,10:42,,0,4
107,1,1110,16/07/2025,11:04,11:27,0,5
108,1,1244,16/07/2025,11:34,11:55,0,6
109,1,1102,16/07/2025,12:02,12:16,0,7
110,1,1026,16/07/2025,12:23,12:37,0,8
111,1,1199,16/07/2025,12:43,13:08,0,9
112,1,1417,16/07/2025,13:12,13:20,0,10
113,1,1048,17/07/2025,09:28,,0,1
114,1,1178,17/07/2025,10:10,10:23,0,2
115,1,1367,17/07/2025,10:30,10:50,0,3
116,1,1352,17/07/2025,10:54,11:05,0,4
117,1,2804,17/07/2025,11:14,11:24,0,5
118,1,1212,17/07/2025,11:29,11:36,0,6
119,1,1079,19/07/2025,09:31,09:46,0,1
120,1,1205,19/07/2025,09:50,10:05,0,2
121,1,1022,19/07/2025,10:12,10:28,0,3
122,1,1327,19/07/2025,10:38,10:53,0,4
123,1,1170,19/07/2025,10:57,11:21,0,5
124,1,1270,19/07/2025,11:28,11:43,0,6
125,1,1352,19/07/2025,11:56,12:14,0,7
126,1,1213,19/07/2025,12:21,12:42,0,8
127,1,1050,19/07/2025,12:46,,0,9
128,1,1187,19/07/2025,12:57,13:04,0,10
129,1,1042,19/07/2025,13:11,13:36,0,11
130,1,1301,20/07/2025,09:27,09:38,0,1
131,1,1301,20/07/2025,09:42,09:49,0,2
132,1,1289,20/07/2025,10:01,10:24,0,3
133,1,1273,20/07/2025,10:32,10:46,0,4
134,1,1101,20/07/2025,10:55,11:02,0,5
135,1,1119,20/07/2025,11:06,11:31,0,6
136,1,1197,20/07/2025,11:40,11:55,0,7
137,1,1061,20/07/2025,11:59,12:12,0,8
138,1,1437,20/07/2025,12:16,12:27,0,9
139,1,1402,21/07/2025,09:11,09:20,0,1
140,1,1024,21/07/2025,09:34,09:47,0,2
141,1,1409,21/07/2025,09:54,10:05,0,3
142,1,1255,21/07/2025,10:14,10:45,0,4
143,1,1402,21/07/2025,10:50,10:57,0,5
144,1,1012,21/07/2025,11:09,11:26,0,6
145,1,1422,22/07/2025,09:21,09:28,0,1
146,1,1031,22/07/2025,09:32,09:43,0,2
147,1,1408,22/07/2025,09:48,09:57,0,3
148,1,1076,22/07/2025,10:02,10:20,0,4
149,1,1391,22/07/2025,10:29,10:36,0,5
150,1,1413,22/07/2025,10:40,10:55,0,6
151,1,1084,22/07/2025,11:03,11:26,0,7
152,1,1340,22/07/2025,11:33,11:52,0,8
153,1,1328,23/07/2025,09:31,09:38,0,1
154,1,2818,23/07/2025,09:44,10:10,0,2
155,1,1210,23/07/2025,10:14,10:27,0,3
156,1,1106,23/07/2025,10:33,,0,4
157,1,1004,23/07/2025,10:44,11:00,0,5
158,1,1242,23/07/2025,11:04,11:18,0,6
159,1,1342,23/07/2025,11:22,11:41,0,7
160,1,1055,23/07/2025,11:47,11:57,0,8
161,1,1267,23/07/2025,12:01,12:18,0,9
162,1,1252,24/07/2025,09:09,09:27,0,1
163,1,1118,24/07/2025,09:34,09:53,0,2
164,1,1223,24/07/2025,09:57,10:06,0,3
165,1,1210,24/07/2025,10:13,10:20,0,4
166,1,1025,24/07/2025,10:27,10:42,0,5
167,1,1353,24/07/2025,10:49,11:11,0,6
168,1,1291,24/07/2025,11:20,11:36,0,7
169,1,1349,24/07/2025,11:43,11:50,0,8
170,1,1278,24/07/2025,11:54,12:19,0,9
171,1,1232,24/07/2025,12:28,12:38,0,10
172,1,1043,24/07/2025,12:42,12:57,0,11
173,1,2812,26/07/2025,09:05,09:19,0,1
174,1,1076,26/07/2025,09:26,09:44,0,2
175,1,1368,26/07/2025,09:49,10:05,0,3
176,1,1252,26/07/2025,10:12,10:19,0,4
177,1,1331,26/07/2025,10:23,10:45,0,5
178,1,1423,26/07/2025,10:55,11:02,0,6
179,1,1259,26/07/2025,11:09,11:32,0,7
180,1,1319,26/07/2025,11:38,11:50,0,8
181,1,1041,26/07/2025,11:54,12:08,0,9
182,1,1337,27/07/2025,09:27,09:47,0,1
183,1,1010,27/07/2025,09:52,10:09,0,2
184,1,1396,27/07/2025,10:17,10:28,0,3
185,1,1438,27/07/2025,10:33,,0,4
186,1,1366,27/07/2025,10:48,11:04,0,5
187,1,1246,27/07/2025,11:09,11:16,0,6
188,1,1401,27/07/2025,11:28,11:42,0,7
189,1,1421,27/07/2025,11:53,12:09,0,8
190,1,1152,27/07/2025,12:23,12:33,0,9
191,1,1133,27/07/2025,12:39,12:46,0,10
192,1,1092,28/07/2025,09:24,09:42,0,1
193,1,1355,28/07/2025,09:47,09:58,0,2
194,1,1125,28/07/2025,10:06,10:29,0,3
195,1,1422,28/07/2025,10:33,10:40,0,4
196,1,1373,28/07/2025,10:49,11:14,0,5
197,1,1352,28/07/2025,11:22,11:38,0,6
198,1,1163,28/07/2025,11:42,12:18,0,7
199,1,1109,28/07/2025,12:22,12:39,0,8
200,1,2804,29/07/2025,09:22,09:30,0,1
201,1,1322,29/07/2025,09:38,09:50,0,2
202,1,1360,29/07/2025,10:00,10:07,0,3
203,1,1351,29/07/2025,10:13,10:36,0,4
204,1,1317,29/07/2025,10:43,,0,5
205,1,1416,29/07/2025,11:13,,1,6
206,1,1081,29/07/2025,11:34,11:48,0,7
207,1,1240,29/07/2025,11:52,12:00,0,8
208,1,1301,29/07/2025,12:06,12:26,0,9
209,1,1269,29/07/2025,12:36,13:00,0,10
210,1,1282,29/07/2025,13:07,13:14,0,11
211,1,1221,30/07/2025,09:32,,0,1
212,1,1187,30/07/2025,09:53,10:03,0,2
213,1,1401,30/07/2025,10:09,10:43,0,3
214,1,1053,30/07/2025,10:47,11:02,0,4
215,1,1135,30/07/2025,11:06,11:15,0,5
216,1,1295,30/07/2025,11:24,11:39,0,6
217,1,1086,30/07/2025,11:52,12:05,0,7
218,1,1061,30/07/2025,12:15,12:35,0,8
219,1,1158,30/07/2025,12:39,12:55,0,9
220,1,1348,31/07/2025,09:14,,0,1
221,1,1281,31/07/2025,09:46,09:58,0,2
222,1,1198,31/07/2025,10:08,10:16,0,3
223,1,1039,31/07/2025,10:20,10:38,0,4
224,1,1025,31/07/2025,10:51,11:06,0,5
225,1,1173,31/07/2025,11:16,11:27,0,6
226,1,1431,31/07/2025,11:33,12:00,0,7
227,1,1211,31/07/2025,12:10,12:23,0,8
228,1,1373,31/07/2025,12:28,12:46,0,9
229,1,1208,02/08/2025,09:14,09:27,0,1
230,1,1188,02/08/2025,09:31,09:50,0,2
231,1,1191,02/08/2025,09:54,10:12,0,3
232,1,1312,02/08/2025,10:20,10:36,0,4
233,1,1160,02/08/2025,10:40,11:08,0,5
234,1,1313,02/08/2025,11:12,11:26,0,6
235,1,1427,03/08/2025,09:18,09:33,0,1
236,1,1413,03/08/2025,09:40,10:11,0,2
237,1,1343,03/08/2025,10:17,10:38,0,3
238,1,1180,03/08/2025,10:48,11:01,0,4
239,1,1004,03/08/2025,11:08,11:34,0,5
240,1,1016,03/08/2025,11:41,11:56,0,6
241,1,1137,03/08/2025,12:06,12:31,0,7
242,1,1255,04/08/2025,09:24,09:44,0,1
243,1,1332,04/08/2025,09:54,10:02,0,2
244,1,2818,04/08/2025,10:09,10:33,0,3
245,1,1187,04/08/2025,10:42,10:49,0,4
246,1,1262,04/08/2025,10:55,11:12,0,5
247,1,1236,04/08/2025,11:17,11:37,0,6
248,1,1115,04/08/2025,11:49,12:11,0,7
249,1,1271,04/08/2025,12:18,12:30,0,8
250,1,1003,05/08/2025,09:20,09:33,0,1
251,1,1405,05/08/2025,09:40,09:57,0,2
252,1,2800,05/08/2025,10:05,10:12,0,3
253,1,1162,05/08/2025,10:23,10:38,0,4
254,1,1143,05/08/2025,10:49,11:02,0,5
255,1,1138,05/08/2025,11:07,11:17,0,6
256,1,1439,05/08/2025,11:23,11:51,0,7
257,1,1117,06/08/2025,09:10,09:17,0,1
258,1,1091,06/08/2025,09:21,09:48,0,2
259,1,1147,06/08/2025,09:52,10:09,0,3
260,1,1240,06/08/2025,10:15,10:43,0,4
261,1,1057,06/08/2025,10:55,11:10,0,5
262,1,1430,06/08/2025,11:16,11:31,0,6
263,1,1279,07/08/2025,09:15,09:32,0,1
264,1,1266,07/08/2025,09:38,09:55,0,2
265,1,1302,07/08/2025,10:00,10:10,0,3
266,1,1121,07/08/2025,10:20,10:46,0,4
267,1,1037,07/08/2025,10:52,11:04,0,5
268,1,1270,07/08/2025,11:11,11:26,0,6
269,1,1390,07/08/2025,11:33,11:55,0,7
270,1,1191,07/08/2025,11:59,12:20,0,8
271,1,1155,07/08/2025,12:32,,0,9
272,1,1403,07/08/2025,12:58,13:12,0,10
273,1,1308,09/08/2025,09:11,09:33,0,1
274,1,1105,09/08/2025,09:37,09:59,0,2
275,1,1387,09/08/2025,10:04,10:27,0,3
276,1,1399,09/08/2025,10:35,10:45,0,4
277,1,1203,09/08/2025,10:49,11:01,0,5
278,1,1380,09/08/2025,11:06,11:22,0,6
279,1,1319,09/08/2025,11:28,11:47,0,7
280,1,1044,09/08/2025,11:51,12:05,0,8
281,1,1126,09/08/2025,12:11,12:34,0,9
282,1,1327,09/08/2025,12:38,13:01,0,10
283,1,1180,10/08/2025,09:18,09:27,0,1
284,1,1273,10/08/2025,09:32,09:53,0,2
285,1,2805,10/08/2025,09:58,10:05,0,3
286,1,1205,10/08/2025,10:09,10:19,0,4
287,1,1264,10/08/2025,10:23,10:40,0,5
288,1,1317,10/08/2025,10:45,11:05,0,6
289,1,1251,11/08/2025,09:16,09:39,0,1
290,1,1048,11/08/2025,09:45,10:16,0,2
291,1,1362,11/08/2025,10:21,10:41,0,3
292,1,1005,11/08/2025,10:46,11:11,0,4
293,1,1068,11/08/2025,11:21,11:35,0,5
294,1,1202,11/08/2025,11:39,12:09,0,6
295,1,1068,11/08/2025,12:17,12:29,0,7
296,1,1115,11/08/2025,12:38,12:53,0,8
297,1,1245,11/08/2025,13:00,13:14,0,9
298,1,1282,12/08/2025,09:33,09:42,0,1
299,1,1405,12/08/2025,09:49,10:16,0,2
300,1,1026,12/08/2025,10:21,10:45,0,3
301,1,1352,12/08/2025,10:54,11:06,0,4
302,1,1342,12/08/2025,11:17,11:29,0,5
303,1,1420,12/08/2025,11:35,11:43,0,6
304,1,1378,12/08/2025,11:58,12:20,0,7
305,1,1381,13/08/2025,09:38,09:45,0,1
306,1,1015,13/08/2025,09:56,10:19,0,2
307,1,1151,13/08/2025,10:25,10:40,0,3
308,1,1100,13/08/2025,10:49,11:14,0,4
309,1,1374,13/08/2025,11:18,11:33,0,5
310,1,1091,13/08/2025,11:40,11:58,0,6
311,1,1342,13/08/2025,12:04,12:28,0,7
312,1,1254,13/08/2025,12:38,12:45,0,8
313,1,1006,13/08/2025,12:51,13:11,0,9
314,1,1004,14/08/2025,09:13,09:32,0,1
315,1,1185,14/08/2025,09:42,10:10,0,2
316,1,1399,14/08/2025,10:14,10:29,0,3
317,1,1109,14/08/2025,10:40,11:05,0,4
318,1,1092,14/08/2025,11:10,11:27,0,5
319,1,1125,14/08/2025,11:31,11:53,0,6
320,1,2814,14/08/2025,11:59,12:22,0,7
321,1,1345,14/08/2025,12:31,12:54,0,8
322,1,1200,16/08/2025,09:08,09:16,0,1
323,1,1200,16/08/2025,09:27,09:47,0,2
324,1,2814,16/08/2025,09:56,10:25,0,3
325,1,1425,16/08/2025,10:29,10:41,0,4
326,1,1098,16/08/2025,10:47,10:57,0,5
327,1,1130,16/08/2025,11:03,11:25,0,6
328,1,1389,16/08/2025,11:30,11:41,0,7
329,1,1361,16/08/2025,11:49,12:20,0,8
330,1,1221,17/08/2025,09:31,10:00,0,1
331,1,1113,17/08/2025,10:06,10:20,0,2
332,1,1197,17/08/2025,10:27,10:38,0,3
333,1,1408,17/08/2025,10:44,10:51,0,4
334,1,1197,17/08/2025,11:00,11:17,0,5
335,1,2814,17/08/2025,11:25,11:44,0,6
336,1,1341,17/08/2025,11:49,12:11,0,7
337,1,1118,17/08/2025,12:22,,0,8
338,1,1208,17/08/2025,12:51,13:16,0,9
339,1,1217,17/08/2025,13:23,13:30,0,10
340,1,1369,18/08/2025,09:07,09:25,0,1
341,1,1205,18/08/2025,09:31,09:38,0,2
342,1,1269,18/08/2025,09:44,,0,3
343,1,1321,18/08/2025,10:06,10:16,0,4
344,1,1137,18/08/2025,10:21,,0,5
345,1,1360,18/08/2025,10:35,10:42,0,6
346,1,1431,18/08/2025,10:49,11:05,0,7
347,1,1214,18/08/2025,11:11,11:27,0,8
348,1,1077,18/08/2025,11:33,11:46,0,9
349,1,1145,18/08/2025,11:56,12:15,0,10
350,1,1042,19/08/2025,09:36,09:57,0,1
351,1,1297,19/08/2025,10:02,10:26,0,2
352,1,1278,19/08/2025,10:30,10:57,0,3
353,1,1409,19/08/2025,11:06,11:14,0,4
354,1,1437,19/08/2025,11:24,11:35,0,5
355,1,1009,19/08/2025,11:41,11:48,0,6
356,1,1373,19/08/2025,11:57,,0,7
357,1,1110,19/08/2025,12:35,12:42,0,8
358,1,1260,19/08/2025,12:55,13:21,0,9
359,1,1134,19/08/2025,13:26,13:33,0,10
360,1,1308,20/08/2025,09:22,09:38,0,1
361,1,1088,20/08/2025,09:45,10:00,0,2
362,1,1391,20/08/2025,10:08,10:19,0,3
363,1,1048,20/08/2025,10:27,10:36,0,4
364,1,1288,20/08/2025,10:41,11:06,0,5
365,1,1310,20/08/2025,11:12,11:34,0,6
366,1,1385,20/08/2025,11:41,11:58,0,7
367,1,1105,20/08/2025,12:04,12:22,0,8
368,1,1048,20/08/2025,12:27,12:45,0,9
369,1,1191,20/08/2025,12:53,13:09,0,10
370,1,1256,21/08/2025,09:12,09:35,0,1
371,1,1103,21/08/2025,09:44,10:01,0,2
372,1,1415,21/08/2025,10:05,10:19,0,3
373,1,1244,21/08/2025,10:25,10:48,0,4
374,1,1137,21/08/2025,10:56,11:07,0,5
375,1,1046,21/08/2025,11:15,11:29,0,6
376,1,1229,23/08/2025,09:29,09:43,0,1
377,1,1371,23/08/2025,09:47,10:02,0,2
378,1,1230,23/08/2025,10:09,10:22,0,3
379,1,1345,23/08/2025,10:31,10:49,0,4
380,1,1045,23/08/2025,10:58,11:13,0,5
381,1,1084,23/08/2025,11:17,11:24,0,6
382,1,1000,23/08/2025,11:29,11:36,0,7
383,1,1300,23/08/2025,11:44,12:05,0,8
384,1,1227,23/08/2025,12:10,12:28,0,9
385,1,1028,23/08/2025,12:33,12:43,0,10
386,1,1108,24/08/2025,09:19,09:32,0,1
387,1,1037,24/08/2025,09:38,09:51,0,2
388,1,1270,24/08/2025,09:56,10:18,0,3
389,1,1190,24/08/2025,10:30,10:46,0,4
390,1,1256,24/08/2025,10:50,11:10,0,5
391,1,1283,24/08/2025,11:17,11:35,0,6
392,1,1436,24/08/2025,11:43,11:54,0,7
393,1,1215,24/08/2025,12:01,12:16,0,8
394,1,1100,24/08/2025,12:20,12:28,0,9
395,1,1170,24/08/2025,12:33,12:49,0,10
396,1,1061,25/08/2025,09:29,09:48,0,1
397,1,1149,25/08/2025,09:56,10:16,0,2
398,1,1400,25/08/2025,10:25,,0,3
399,1,1362,25/08/2025,10:56,11:12,0,4
400,1,1182,25/08/2025,11:23,,0,5
401,1,1039,25/08/2025,11:46,12:14,0,6
402,1,1102,25/08/2025,12:18,12:27,0,7
403,1,1135,25/08/2025,12:35,12:46,0,8
404,1,1344,25/08/2025,12:56,13:03,0,9
405,1,1328,26/08/2025,09:26,09:40,0,1
406,1,1151,26/08/2025,09:51,,0,2
407,1,1320,26/08/2025,10:19,10:35,0,3
408,1,1197,26/08/2025,10:43,10:57,0,4
409,1,1158,26/08/2025,11:03,11:25,0,5
410,1,1214,26/08/2025,11:35,11:50,0,6
411,1,1085,26/08/2025,11:59,12:08,0,7
412,1,1047,27/08/2025,09:26,09:35,0,1
413,1,1433,27/08/2025,09:44,10:02,0,2
414,1,1439,27/08/2025,10:07,10:28,0,3
415,1,1043,27/08/2025,10:32,10:52,0,4
416,1,1366,27/08/2025,11:01,11:08,0,5
417,1,1047,27/08/2025,11:14,11:37,0,6
418,1,1283,27/08/2025,11:42,11:58,0,7
419,1,1272,27/08/2025,12:05,12:12,0,8
420,1,1415,27/08/2025,12:16,12:37,0,9
421,1,1291,28/08/2025,09:15,09:37,0,1
422,1,1181,28/08/2025,09:41,09:57,0,2
423,1,1130,28/08/2025,10:05,10:15,0,3
424,1,1388,28/08/2025,10:19,10:32,0,4
425,1,1286,28/08/2025,10:36,10:59,0,5
426,1,1279,28/08/2025,11:06,11:25,0,6
427,1,1248,28/08/2025,11:31,11:43,0,7
428,1,1439,30/08/2025,09:09,09:30,0,1
429,1,1271,30/08/2025,09:34,10:08,0,2
430,1,1049,30/08/2025,10:13,10:36,0,3
431,1,1265,30/08/2025,10:43,10:56,0,4
432,1,1363,30/08/2025,11:00,11:10,0,5
433,1,1348,30/08/2025,11:14,11:31,0,6
434,1,1244,30/08/2025,11:35,11:47,0,7
435,1,1127,31/08/2025,09:31,09:46,0,1
436,1,1410,31/08/2025,09:51,10:01,0,2
437,1,1422,31/08/2025,10:05,10:12,0,3
438,1,1322,31/08/2025,10:19,10:43,0,4
439,1,1382,31/08/2025,10:53,11:09,0,5
440,1,1325,31/08/2025,11:13,11:37,0,6
441,1,1236,31/08/2025,11:43,11:54,0,7
442,1,1154,31/08/2025,12:04,12:16,0,8
443,1,1171,01/09/2025,09:31,,1,1
444,1,1288,01/09/2025,09:46,,0,2
445,1,1391,01/09/2025,10:20,10:27,0,3
446,1,1087,01/09/2025,10:34,10:59,0,4
447,1,1366,01/09/2025,11:08,11:22,0,5
448,1,1077,01/09/2025,11:26,11:36,0,6
449,1,1371,02/09/2025,09:17,09:37,0,1
450,1,1347,02/09/2025,09:44,10:00,0,2
451,1,1196,02/09/2025,10:04,10:11,0,3
452,1,1383,02/09/2025,10:22,10:29,0,4
453,1,1322,02/09/2025,10:40,10:56,0,5
454,1,1085,02/09/2025,11:06,11:22,0,6
455,1,1422,03/09/2025,09:23,09:44,0,1
456,1,1286,03/09/2025,09:51,10:16,0,2
457,1,1061,03/09/2025,10:20,10:38,0,3
458,1,1178,03/09/2025,10:43,11:09,0,4
459,1,1259,03/09/2025,11:15,11:31,0,5
460,1,1162,03/09/2025,11:41,12:01,0,6
461,1,1405,03/09/2025,12:05,12:16,0,7
462,1,1150,03/09/2025,12:25,12:46,0,8
463,1,1208,04/09/2025,09:31,09:48,0,1
464,1,1343,04/09/2025,10:00,10:26,0,2
465,1,1308,04/09/2025,10:30,11:00,0,3
466,1,1207,04/09/2025,11:04,11:23,0,4
467,1,1037,04/09/2025,11:27,11:34,0,5
468,1,1255,04/09/2025,11:39,,0,6
469,1,1238,04/09/2025,12:13,12:30,0,7
470,1,1242,04/09/2025,12:34,12:52,0,8
471,1,1047,04/09/2025,13:00,13:17,0,9
472,1,1052,04/09/2025,13:27,13:54,0,10
473,1,1068,04/09/2025,13:58,14:09,0,11
474,1,1312,06/09/2025,09:32,,0,1
475,1,1302,06/09/2025,09:47,10:02,0,2
476,1,1015,06/09/2025,10:06,10:25,0,3
477,1,1025,06/09/2025,10:30,,0,4
478,1,1217,06/09/2025,11:08,11:18,0,5
479,1,1327,06/09/2025,11:22,11:42,0,6
480,1,1199,06/09/2025,11:53,12:12,0,7
481,1,1213,06/09/2025,12:20,12:28,0,8
482,1,1022,06/09/2025,12:34,12:41,0,9
483,1,1256,06/09/2025,12:50,13:04,0,10
484,1,2804,07/09/2025,09:14,,0,1
485,1,1357,07/09/2025,09:39,10:04,0,2
486,1,1075,07/09/2025,10:11,10:40,0,3
487,1,2818,07/09/2025,10:48,11:15,0,4
488,1,1331,07/09/2025,11:19,11:38,0,5
489,1,1350,07/09/2025,11:45,12:07,0,6
490,1,1134,07/09/2025,12:11,12:24,0,7
491,1,1305,07/09/2025,12:30,12:40,0,8
492,1,1396,07/09/2025,12:48,13:05,0,9
493,1,1174,07/09/2025,13:17,13:31,0,10
494,1,1422,07/09/2025,13:40,13:47,0,11
495,1,1367,08/09/2025,09:17,09:24,0,1
496,1,2804,08/09/2025,09:31,09:50,0,2
497,1,1092,08/09/2025,10:02,10:23,0,3
498,1,1105,08/09/2025,10:29,10:52,0,4
499,1,1131,08/09/2025,10:58,11:17,0,5
500,1,1166,08/09/2025,11:24,11:41,0,6
501,1,1271,08/09/2025,11:45,12:02,0,7
502,1,1079,08/09/2025,12:07,12:27,0,8
503,1,1199,08/09/2025,12:32,12:44,0,9
504,1,1437,08/09/2025,12:48,,0,10
505,1,1338,08/09/2025,13:07,13:22,0,11
506,1,1215,09/09/2025,09:19,09:35,0,1
507,1,1425,09/09/2025,09:40,09:52,0,2
508,1,1404,09/09/2025,10:01,10:14,0,3
509,1,1021,09/09/2025,10:23,10:52,0,4
510,1,1362,09/09/2025,11:02,11:20,0,5
511,1,2818,09/09/2025,11:27,11:42,0,6
512,1,1023,09/09/2025,11:50,11:57,0,7
513,1,1062,09/09/2025,12:02,12:21,0,8
514,1,1413,10/09/2025,09:30,09:45,0,1
515,1,1212,10/09/2025,09:49,09:56,0,2
516,1,1047,10/09/2025,10:01,10:24,0,3
517,1,1024,10/09/2025,10:29,10:50,0,4
518,1,1357,10/09/2025,10:58,11:09,0,5
519,1,1423,10/09/2025,11:17,11:41,0,6
520,1,1260,10/09/2025,11:47,11:56,0,7
521,1,1204,10/09/2025,12:02,12:16,0,8
522,1,1045,10/09/2025,12:24,12:36,0,9
523,1,1074,11/09/2025,09:20,09:48,0,1
524,1,1377,11/09/2025,09:53,10:10,0,2
525,1,1063,11/09/2025,10:14,10:23,0,3
526,1,1084,11/09/2025,10:29,10:49,0,4
527,1,1360,11/09/2025,10:57,11:15,0,5
528,1,1010,11/09/2025,11:19,11:26,0,6
529,1,1010,11/09/2025,11:34,11:45,0,7
530,1,1361,11/09/2025,11:51,12:07,0,8
531,1,1397,11/09/2025,12:13,12:34,0,9
532,1,1052,13/09/2025,09:30,09:53,0,1
533,1,1430,13/09/2025,09:58,10:10,0,2
534,1,1091,13/09/2025,10:16,10:47,0,3
535,1,1317,13/09/2025,10:51,10:58,0,4
536,1,1349,13/09/2025,11:02,11:21,0,5
537,1,1156,13/09/2025,11:26,11:39,0,6
538,1,1371,13/09/2025,11:49,12:17,0,7
539,1,1432,13/09/2025,12:25,12:48,0,8
540,1,1229,14/09/2025,09:28,09:40,0,1
541,1,1045,14/09/2025,09:44,09:57,0,2
542,1,1092,14/09/2025,10:06,10:25,0,3
543,1,1397,14/09/2025,10:29,10:50,0,4
544,1,1043,14/09/2025,10:57,11:20,0,5
545,1,1183,14/09/2025,11:25,11:46,0,6
546,1,1436,14/09/2025,11:54,12:07,0,7
547,1,1215,14/09/2025,12:11,12:20,0,8
548,1,1332,14/09/2025,12:27,12:37,0,9
549,1,1254,15/09/2025,09:30,09:37,0,1
550,1,1243,15/09/2025,09:42,,0,2
551,1,2812,15/09/2025,10:07,,1,3
552,1,1242,15/09/2025,10:28,10:38,0,4
553,1,1146,15/09/2025,10:45,,0,5
554,1,1210,15/09/2025,11:12,11:24,0,6
555,1,1439,15/09/2025,11:29,11:52,0,7
556,1,1327,15/09/2025,12:04,12:28,0,8
557,1,1296,15/09/2025,12:36,12:53,0,9
558,1,1388,16/09/2025,09:17,09:36,0,1
559,1,1271,16/09/2025,09:46,10:06,0,2
560,1,1438,16/09/2025,10:19,10:29,0,3
561,1,1295,16/09/2025,10:37,10:45,0,4
562,1,1282,16/09/2025,10:49,,1,5
563,1,1035,16/09/2025,11:05,11:14,0,6
564,1,1061,16/09/2025,11:19,11:31,0,7
565,1,1371,16/09/2025,11:35,11:44,0,8
566,1,1439,17/09/2025,09:33,09:42,0,1
567,1,1071,17/09/2025,09:52,10:07,0,2
568,1,1353,17/09/2025,10:11,10:32,0,3
569,1,1126,17/09/2025,10:38,11:06,0,4
570,1,1400,17/09/2025,11:10,11:33,0,5
571,1,2802,17/09/2025,11:38,11:51,0,6
572,1,2805,17/09/2025,12:00,12:12,0,7
573,1,1404,17/09/2025,12:19,12:39,0,8
574,1,1157,17/09/2025,12:53,13:13,0,9
575,1,1295,18/09/2025,09:10,09:17,0,1
576,1,1204,18/09/2025,09:24,09:43,0,2
577,1,1159,18/09/2025,09:47,09:56,0,3
578,1,1203,18/09/2025,10:01,10:11,0,4
579,1,1373,18/09/2025,10:15,10:31,0,5
580,1,1122,18/09/2025,10:37,10:47,0,6
581,1,1359,18/09/2025,10:56,11:17,0,7
582,1,1359,18/09/2025,11:24,11:51,0,8
583,1,2804,18/09/2025,11:56,12:10,0,9
584,1,2804,18/09/2025,12:17,12:32,0,10
585,1,1388,20/09/2025,09:35,09:53,0,1
586,1,1014,20/09/2025,09:57,10:15,0,2
587,1,1078,20/09/2025,10:22,10:29,0,3
588,1,1047,20/09/2025,10:35,11:00,0,4
589,1,1378,20/09/2025,11:05,11:21,0,5
590,1,1103,20/09/2025,11:29,,0,6
591,1,2800,20/09/2025,11:53,12:16,0,7
592,1,1301,20/09/2025,12:25,12:32,0,8
593,1,1195,20/09/2025,12:37,12:44,0,9
594,1,1337,21/09/2025,09:12,09:35,0,1
595,1,1403,21/09/2025,09:39,09:46,0,2
596,1,1437,21/09/2025,09:52,10:07,0,3
597,1,1035,21/09/2025,10:19,10:35,0,4
598,1,1104,21/09/2025,10:44,10:54,0,5
599,1,1195,21/09/2025,10:58,11:11,0,6
600,1,1373,21/09/2025,11:17,11:45,0,7
601,1,1108,21/09/2025,11:56,12:27,0,8
602,1,1164,22/09/2025,09:29,09:36,0,1
603,1,1182,22/09/2025,09:40,10:00,0,2
604,1,1092,22/09/2025,10:06,10:22,0,3
605,1,1113,22/09/2025,10:31,,0,4
606,1,1237,22/09/2025,10:55,11:03,0,5
607,1,1160,22/09/2025,11:07,11:22,0,6
608,1,1114,23/09/2025,09:11,09:18,0,1
609,1,1151,23/09/2025,09:25,09:46,0,2
610,1,1295,23/09/2025,09:51,10:03,0,3
611,1,1116,23/09/2025,10:13,10:30,0,4
612,1,1001,23/09/2025,10:35,11:00,0,5
613,1,1202,23/09/2025,11:04,11:19,0,6
614,1,1107,23/09/2025,11:23,11:45,0,7
615,1,1026,23/09/2025,11:56,12:17,0,8
616,1,1399,23/09/2025,12:21,12:28,0,9
617,1,1340,23/09/2025,12:37,,0,10
618,1,1262,24/09/2025,09:15,09:31,0,1
619,1,1421,24/09/2025,09:38,09:55,0,2
620,1,1094,24/09/2025,10:06,10:34,0,3
621,1,1426,24/09/2025,10:42,10:58,0,4
622,1,1219,24/09/2025,11:06,11:13,0,5
623,1,1118,24/09/2025,11:21,11:43,0,6
624,1,1084,24/09/2025,11:49,12:11,0,7
625,1,1159,24/09/2025,12:17,12:25,0,8
626,1,1439,24/09/2025,12:29,12:47,0,9
627,1,1204,25/09/2025,09:28,09:52,0,1
628,1,1421,25/09/2025,09:58,10:26,0,2
629,1,1013,25/09/2025,10:30,10:37,0,3
630,1,1287,25/09/2025,10:44,10:55,0,4
631,1,1364,25/09/2025,11:01,11:17,0,5
632,1,1305,25/09/2025,11:21,11:44,0,6
633,1,1116,27/09/2025,09:20,09:47,0,1
634,1,1361,27/09/2025,09:56,10:16,0,2
635,1,1152,27/09/2025,10:22,10:31,0,3
636,1,1342,27/09/2025,10:37,11:02,0,4
637,1,1031,27/09/2025,11:08,11:20,0,5
638,1,1017,27/09/2025,11:25,11:34,0,6
639,1,1319,28/09/2025,09:12,,0,1
640,1,1154,28/09/2025,09:47,09:57,0,2
641,1,1144,28/09/2025,10:02,,1,3
642,1,1033,28/09/2025,10:28,10:43,0,4
643,1,1262,28/09/2025,10:48,11:04,0,5
644,1,1277,28/09/2025,11:08,11:25,0,6
645,1,1039,28/09/2025,11:35,11:50,0,7
646,1,1373,28/09/2025,11:55,12:22,0,8
647,1,1078,29/09/2025,09:15,09:24,0,1
648,1,1331,29/09/2025,09:28,09:48,0,2
649,1,1328,29/09/2025,09:57,10:10,0,3
650,1,1298,29/09/2025,10:18,10:38,0,4
651,1,1276,29/09/2025,10:48,10:59,0,5
652,1,1324,29/09/2025,11:11,11:34,0,6
653,1,1361,29/09/2025,11:38,12:00,0,7
654,1,1289,30/09/2025,09:18,09:40,0,1
655,1,1103,30/09/2025,09:44,10:06,0,2
656,1,1144,30/09/2025,10:16,10:28,0,3
657,1,1018,30/09/2025,10:38,10:52,0,4
658,1,1408,30/09/2025,10:57,11:07,0,5
659,1,1431,30/09/2025,11:11,11:24,0,6
660,1,2818,30/09/2025,11:28,11:50,0,7
661,1,1068,30/09/2025,12:03,12:26,0,8
662,1,1425,30/09/2025,12:30,12:39,0,9
663,1,1332,01/10/2025,09:23,09:34,0,1
664,1,1010,01/10/2025,09:39,09:49,0,2
665,1,1278,01/10/2025,09:53,10:13,0,3
666,1,1275,01/10/2025,10:26,10:51,0,4
667,1,1094,01/10/2025,10:57,11:25,0,5
668,1,1230,01/10/2025,11:34,11:51,0,6
669,1,1237,01/10/2025,11:56,12:21,0,7
670,1,1255,01/10/2025,12:28,12:42,0,8
671,1,1308,02/10/2025,09:28,09:42,0,1
672,1,1297,02/10/2025,09:49,10:07,0,2
673,1,1275,02/10/2025,10:14,10:27,0,3
674,1,1016,02/10/2025,10:37,11:03,0,4
675,1,1209,02/10/2025,11:10,11:17,0,5
676,1,1304,02/10/2025,11:22,11:44,0,6
677,1,1327,02/10/2025,11:48,12:00,0,7
678,1,1295,02/10/2025,12:04,12:23,0,8
679,1,1405,02/10/2025,12:27,13:00,0,9
680,1,1275,04/10/2025,09:30,09:53,0,1
681,1,1360,04/10/2025,10:01,10:13,0,2
682,1,1190,04/10/2025,10:22,10:29,0,3
683,1,1157,04/10/2025,10:38,10:54,0,4
684,1,1438,04/10/2025,11:03,11:13,0,5
685,1,1161,04/10/2025,11:22,11:30,0,6
686,1,1371,04/10/2025,11:34,11:48,0,7
687,1,2818,04/10/2025,11:55,12:04,0,8
688,1,1306,04/10/2025,12:08,12:23,0,9
689,1,1233,04/10/2025,12:27,12:42,0,10
690,1,1260,04/10/2025,12:46,13:05,0,11
691,1,1006,05/10/2025,09:28,09:48,0,1
692,1,1301,05/10/2025,09:59,10:06,0,2
693,1,1068,05/10/2025,10:14,10:36,0,3
694,1,1277,05/10/2025,10:44,10:53,0,4
695,1,1127,05/10/2025,10:58,11:05,0,5
696,1,1204,05/10/2025,11:11,,0,6
697,1,1324,05/10/2025,11:47,12:12,0,7
698,1,1015,05/10/2025,12:23,,0,8
699,1,1160,05/10/2025,12:47,13:04,0,9
700,1,1159,05/10/2025,13:08,13:18,0,10
701,1,1247,06/10/2025,09:11,09:26,0,1
702,1,1241,06/10/2025,09:33,09:45,0,2
703,1,1079,06/10/2025,09:50,10:12,0,3
704,1,1205,06/10/2025,10:18,10:33,0,4
705,1,1350,06/10/2025,10:38,10:55,0,5
706,1,1332,06/10/2025,11:03,11:17,0,6
707,1,1310,06/10/2025,11:23,11:43,0,7
708,1,1028,06/10/2025,11:54,12:11,0,8
709,1,1431,06/10/2025,12:20,12:44,0,9
710,1,1311,06/10/2025,12:48,13:15,0,10
711,1,1289,06/10/2025,13:19,13:32,0,11
712,1,1263,07/10/2025,09:13,09:33,0,1
713,1,1297,07/10/2025,09:37,09:55,0,2
714,1,1003,07/10/2025,10:00,10:16,0,3
715,1,1060,07/10/2025,10:25,10:44,0,4
716,1,1163,07/10/2025,10:48,11:13,0,5
717,1,1173,07/10/2025,11:22,11:37,0,6
718,1,1010,07/10/2025,11:41,11:48,0,7
719,1,1093,07/10/2025,11:58,12:05,0,8
720,1,1345,07/10/2025,12:19,12:44,0,9
721,1,1316,08/10/2025,09:22,09:33,0,1
722,1,1378,08/10/2025,09:42,10:04,0,2
723,1,1191,08/10/2025,10:12,10:19,0,3
724,1,1278,08/10/2025,10:28,10:42,0,4
725,1,1094,08/10/2025,10:51,11:05,0,5
726,1,1423,08/10/2025,11:09,11:22,0,6
727,1,1083,08/10/2025,11:26,11:40,0,7
728,1,1104,09/10/2025,09:17,09:24,0,1
729,1,1239,09/10/2025,09:32,09:51,0,2
730,1,1013,09/10/2025,09:55,10:20,0,3
731,1,1279,09/10/2025,10:28,10:45,0,4
732,1,1355,09/10/2025,10:49,11:15,0,5
733,1,1108,09/10/2025,11:19,11:38,0,6
734,1,1287,09/10/2025,11:47,11:56,0,7
735,1,1272,09/10/2025,12:02,12:26,0,8
736,1,1238,11/10/2025,09:15,,1,1
737,1,1094,11/10/2025,09:45,10:01,0,2
738,1,1038,11/10/2025,10:13,10:30,0,3
739,1,1221,11/10/2025,10:36,10:50,0,4
740,1,1161,11/10/2025,10:57,11:13,0,5
741,1,1204,11/10/2025,11:22,11:44,0,6
742,1,1175,11/10/2025,11:51,12:07,0,7
743,1,1122,11/10/2025,12:11,12:24,0,8
744,1,1300,12/10/2025,09:21,,0,1
745,1,1265,12/10/2025,09:42,09:56,0,2
746,1,1239,12/10/2025,10:03,,0,3
747,1,1273,12/10/2025,10:20,10:30,0,4
748,1,1083,12/10/2025,10:37,10:48,0,5
749,1,1160,12/10/2025,10:52,11:20,0,6
750,1,1049,12/10/2025,11:24,11:50,0,7
751,1,1294,13/10/2025,09:32,09:41,0,1
752,1,1092,13/10/2025,09:49,10:17,0,2
753,1,1145,13/10/2025,10:25,10:32,0,3
754,1,1227,13/10/2025,10:39,11:02,0,4
755,1,1101,13/10/2025,11:08,11:15,0,5
756,1,1179,13/10/2025,11:19,11:48,0,6
757,1,1405,13/10/2025,11:53,12:10,0,7
758,1,1327,14/10/2025,09:26,09:45,0,1
759,1,1411,14/10/2025,09:58,10:05,0,2
760,1,2812,14/10/2025,10:14,10:23,0,3
761,1,1006,14/10/2025,10:28,10:47,0,4
762,1,1352,14/10/2025,10:55,,0,5
763,1,1091,14/10/2025,11:18,11:41,0,6
764,1,1380,15/10/2025,09:29,09:47,0,1
765,1,1304,15/10/2025,09:55,10:16,0,2
766,1,1157,15/10/2025,10:20,10:34,0,3
767,1,1419,15/10/2025,10:40,11:11,0,4
768,1,1031,15/10/2025,11:21,11:44,0,5
769,1,1273,15/10/2025,11:51,12:05,0,6
770,1,1145,15/10/2025,12:10,12:17,0,7
771,1,1275,15/10/2025,12:23,,0,8
772,1,1229,15/10/2025,13:03,13:12,0,9
773,1,1191,15/10/2025,13:16,13:43,0,10
774,1,1408,16/10/2025,09:37,09:50,0,1
775,1,1199,16/10/2025,09:54,10:20,0,2
776,1,1178,16/10/2025,10:29,,1,3
777,1,1199,16/10/2025,10:56,11:07,0,4
778,1,1098,16/10/2025,11:14,11:42,0,5
779,1,1295,16/10/2025,11:48,11:55,0,6
780,1,1197,18/10/2025,09:16,09:24,0,1
781,1,1187,18/10/2025,09:28,09:46,0,2
782,1,1350,18/10/2025,09:53,10:18,0,3
783,1,1202,18/10/2025,10:25,10:38,0,4
784,1,1314,18/10/2025,10:42,11:10,0,5
785,1,1349,18/10/2025,11:18,11:37,0,6
786,1,1250,19/10/2025,09:21,09:29,0,1
787,1,1248,19/10/2025,09:33,09:49,0,2
788,1,1413,19/10/2025,09:55,10:13,0,3
789,1,1166,19/10/2025,10:18,10:32,0,4
790,1,1135,19/10/2025,10:39,10:56,0,5
791,1,1426,19/10/2025,11:01,11:13,0,6
792,1,1289,19/10/2025,11:17,11:32,0,7
793,1,1425,19/10/2025,11:38,11:45,0,8
794,1,1279,19/10/2025,11:51,12:09,0,9
795,1,1361,20/10/2025,09:18,09:34,0,1
796,1,1260,20/10/2025,09:38,10:00,0,2
797,1,1279,20/10/2025,10:10,10:23,0,3
798,1,1139,20/10/2025,10:28,10:54,0,4
799,1,1324,20/10/2025,11:02,11:17,0,5
800,1,1409,20/10/2025,11:22,11:38,0,6
801,1,1106,21/10/2025,09:12,09:24,0,1
802,1,1105,21/10/2025,09:31,09:57,0,2
803,1,1220,21/10/2025,10:07,10:16,0,3
804,1,1040,21/10/2025,10:23,10:33,0,4
805,1,1023,21/10/2025,10:43,11:04,0,5
806,1,2805,21/10/2025,11:08,11:16,0,6
807,1,2814,21/10/2025,11:25,,0,7
808,1,1194,21/10/2025,11:43,12:06,0,8
809,1,1075,22/10/2025,09:34,09:57,0,1
810,1,1117,22/10/2025,10:05,10:21,0,2
811,1,1153,22/10/2025,10:30,,1,3
812,1,1133,22/10/2025,10:43,11:00,0,4
813,1,1341,22/10/2025,11:08,11:24,0,5
814,1,1373,22/10/2025,11:28,11:52,0,6
815,1,1178,22/10/2025,11:59,12:17,0,7
816,1,1261,22/10/2025,12:22,,1,8
817,1,1420,22/10/2025,12:47,12:59,0,9
818,1,1009,23/10/2025,09:32,09:52,0,1
819,1,1275,23/10/2025,09:56,10:23,0,2
820,1,1357,23/10/2025,10:27,10:45,0,3
821,1,1183,23/10/2025,10:56,11:12,0,4
822,1,1036,23/10/2025,11:16,11:33,0,5
823,1,1090,23/10/2025,11:40,11:47,0,6
824,1,1087,25/10/2025,09:09,09:28,0,1
825,1,1438,25/10/2025,09:39,09:51,0,2
826,1,1048,25/10/2025,09:55,10:19,0,3
827,1,1363,25/10/2025,10:27,10:55,0,4
828,1,1198,25/10/2025,11:03,11:26,0,5
829,1,1288,25/10/2025,11:38,11:55,0,6
830,1,1291,25/10/2025,12:04,12:16,0,7
831,1,2800,25/10/2025,12:25,12:49,0,8
832,1,1000,25/10/2025,12:55,13:11,0,9
833,1,1371,26/10/2025,09:29,09:40,0,1
834,1,1266,26/10/2025,09:49,,0,2
835,1,1155,26/10/2025,10:00,10:19,0,3
836,1,1108,26/10/2025,10:23,10:34,0,4
837,1,1204,26/10/2025,10:38,10:50,0,5
838,1,1147,26/10/2025,11:00,11:09,0,6
839,1,1163,26/10/2025,11:13,11:32,0,7
840,1,1383,26/10/2025,11:40,11:56,0,8
841,1,1167,26/10/2025,12:01,12:14,0,9
842,1,1269,26/10/2025,12:23,12:39,0,10
843,1,1030,26/10/2025,12:45,13:03,0,11
844,1,1379,27/10/2025,09:09,09:16,0,1
845,1,1362,27/10/2025,09:23,09:45,0,2
846,1,1091,27/10/2025,09:49,10:01,0,3
847,1,1259,27/10/2025,10:09,10:30,0,4
848,1,1307,27/10/2025,10:35,10:52,0,5
849,1,1319,27/10/2025,10:56,11:14,0,6
850,1,1253,27/10/2025,11:20,,0,7
851,1,1116,27/10/2025,11:39,11:53,0,8
852,1,1437,27/10/2025,11:59,12:06,0,9
853,1,1098,27/10/2025,12:13,12:21,0,10
854,1,1179,28/10/2025,09:34,09:41,0,1
855,1,1163,28/10/2025,09:48,10:07,0,2
856,1,1064,28/10/2025,10:11,10:27,0,3
857,1,1085,28/10/2025,10:38,10:55,0,4
858,1,1132,28/10/2025,11:03,11:12,0,5
859,1,1015,28/10/2025,11:20,11:38,0,6
860,1,1110,28/10/2025,11:42,12:08,0,7
861,1,1327,28/10/2025,12:13,12:28,0,8
862,1,1236,28/10/2025,12:37,12:54,0,9
863,1,1260,28/10/2025,12:59,13:24,0,10
864,1,2805,29/10/2025,09:24,09:39,0,1
865,1,1273,29/10/2025,09:47,09:56,0,2
866,1,1061,29/10/2025,10:02,10:27,0,3
867,1,1175,29/10/2025,10:35,11:00,0,4
868,1,1076,29/10/2025,11:04,11:17,0,5
869,1,1331,29/10/2025,11:26,11:48,0,6
870,1,1296,29/10/2025,11:52,11:59,0,7
871,1,1033,29/10/2025,12:09,12:24,0,8
872,1,1280,29/10/2025,12:28,12:40,0,9
873,1,1239,29/10/2025,12:44,13:04,0,10
874,1,1351,29/10/2025,13:16,13:41,0,11
875,1,1203,30/10/2025,09:17,09:24,0,1
876,1,1149,30/10/2025,09:28,09:53,0,2
877,1,1341,30/10/2025,10:03,10:17,0,3
878,1,1237,30/10/2025,10:25,10:45,0,4
879,1,1246,30/10/2025,10:54,11:15,0,5
880,1,1061,30/10/2025,11:27,11:46,0,6
881,1,1277,30/10/2025,11:56,12:03,0,7
882,1,1361,30/10/2025,12:08,12:28,0,8
883,1,1263,30/10/2025,12:36,12:54,0,9
884,1,1342,30/10/2025,12:58,13:16,0,10
885,1,1402,01/11/2025,09:25,09:41,0,1
886,1,1226,01/11/2025,09:47,10:07,0,2
887,1,1081,01/11/2025,10:13,10:24,0,3
888,1,1404,01/11/2025,10:30,10:39,0,4
889,1,1151,01/11/2025,10:51,11:03,0,5
890,1,1345,01/11/2025,11:16,11:31,0,6
891,1,1297,01/11/2025,11:39,12:02,0,7
892,1,1394,02/11/2025,09:27,09:43,0,1
893,1,1313,02/11/2025,09:57,10:10,0,2
894,1,1408,02/11/2025,10:15,10:24,0,3
895,1,1373,02/11/2025,10:37,,0,4
896,1,1207,02/11/2025,10:58,11:17,0,5
897,1,1203,02/11/2025,11:21,11:29,0,6
898,1,1154,02/11/2025,11:38,11:55,0,7
899,1,2814,02/11/2025,11:59,12:21,0,8
900,1,1388,03/11/2025,09:14,09:36,0,1
901,1,1297,03/11/2025,09:40,10:00,0,2
902,1,1425,03/11/2025,10:05,10:18,0,3
903,1,1078,03/11/2025,10:27,10:34,0,4
904,1,1385,03/11/2025,10:41,10:53,0,5
905,1,1191,03/11/2025,11:01,11:21,0,6
906,1,1078,03/11/2025,11:26,11:33,0,7
907,1,1273,03/11/2025,11:41,,0,8
908,1,1391,04/11/2025,09:34,09:43,0,1
909,1,1363,04/11/2025,09:47,09:54,0,2
910,1,1067,04/11/2025,10:02,10:24,0,3
911,1,1313,04/11/2025,10:28,10:39,0,4
912,1,1366,04/11/2025,10:45,10:59,0,5
913,1,1004,04/11/2025,11:07,11:29,0,6
914,1,1374,04/11/2025,11:37,11:57,0,7
915,1,1203,04/11/2025,12:03,12:10,0,8
916,1,1113,04/11/2025,12:15,12:22,0,9
917,1,1388,05/11/2025,09:30,09:47,0,1
918,1,1342,05/11/2025,09:52,10:13,0,2
919,1,1047,05/11/2025,10:22,10:38,0,3
920,1,1350,05/11/2025,10:42,10:50,0,4
921,1,1040,05/11/2025,10:55,11:15,0,5
922,1,1279,05/11/2025,11:24,,0,6
923,1,1259,05/11/2025,11:46,12:05,0,7
924,1,1281,05/11/2025,12:12,12:31,0,8
925,1,1048,06/11/2025,09:26,09:41,0,1
926,1,1031,06/11/2025,09:50,,0,2
927,1,1237,06/11/2025,10:16,10:30,0,3
928,1,1400,06/11/2025,10:37,10:48,0,4
929,1,1226,06/11/2025,10:54,11:12,0,5
930,1,1134,06/11/2025,11:16,11:32,0,6
931,1,1098,06/11/2025,11:39,12:02,0,7
932,1,1175,08/11/2025,09:23,09:49,0,1
933,1,1110,08/11/2025,09:56,10:07,0,2
934,1,1297,08/11/2025,10:13,10:38,0,3
935,1,1016,08/11/2025,10:42,11:06,0,4
936,1,1307,08/11/2025,11:10,11:17,0,5
937,1,1210,08/11/2025,11:25,11:32,0,6
938,1,1286,08/11/2025,11:37,12:07,0,7
939,1,1373,08/11/2025,12:15,12:32,0,8
940,1,1398,08/11/2025,12:41,12:57,0,9
941,1,1196,08/11/2025,13:04,13:17,0,10
942,1,1114,08/11/2025,13:22,13:41,0,11
943,1,1279,09/11/2025,09:09,,0,1
944,1,1077,09/11/2025,09:31,09:50,0,2
945,1,1192,09/11/2025,09:54,10:08,0,3
946,1,1149,09/11/2025,10:14,10:43,0,4
947,1,1359,09/11/2025,10:50,11:03,0,5
948,1,1439,09/11/2025,11:08,11:29,0,6
949,1,1178,09/11/2025,11:37,11:59,0,7
950,1,1002,10/11/2025,09:25,09:37,0,1
951,1,1167,10/11/2025,09:41,10:00,0,2
952,1,1346,10/11/2025,10:04,10:17,0,3
953,1,1215,10/11/2025,10:25,10:37,0,4
954,1,1061,10/11/2025,10:43,10:52,0,5
955,1,1240,10/11/2025,11:01,,0,6
956,1,1428,10/11/2025,11:19,11:46,0,7
957,1,1028,11/11/2025,09:32,09:55,0,1
958,1,1126,11/11/2025,10:02,10:20,0,2
959,1,1067,11/11/2025,10:27,10:45,0,3
960,1,1227,11/11/2025,11:00,11:31,0,4
961,1,1387,11/11/2025,11:35,12:02,0,5
962,1,1058,11/11/2025,12:09,12:38,0,6
963,1,1383,12/11/2025,09:26,09:39,0,1
964,1,1155,12/11/2025,09:50,10:18,0,2
965,1,1130,12/11/2025,10:22,10:29,0,3
966,1,1044,12/11/2025,10:34,10:42,0,4
967,1,1000,12/11/2025,10:51,11:12,0,5
968,1,1427,12/11/2025,11:16,11:37,0,6
969,1,1384,12/11/2025,11:44,11:54,0,7
970,1,1100,12/11/2025,12:00,12:11,0,8
971,1,1175,12/11/2025,12:18,12:34,0,9
972,1,1270,12/11/2025,12:38,12:58,0,10
973,1,2800,13/11/2025,09:27,09:52,0,1
974,1,2805,13/11/2025,09:58,10:07,0,2
975,1,1256,13/11/2025,10:16,10:45,0,3
976,1,1352,13/11/2025,10:50,11:02,0,4
977,1,1320,13/11/2025,11:09,11:27,0,5
978,1,1355,13/11/2025,11:31,11:47,0,6
979,1,1322,13/11/2025,11:59,12:18,0,7
980,1,1266,13/11/2025,12:26,12:54,0,8
981,1,1288,13/11/2025,13:02,13:19,0,9
982,1,1107,13/11/2025,13:23,,0,10
983,1,1246,15/11/2025,09:29,09:43,0,1
984,1,1224,15/11/2025,09:48,10:01,0,2
985,1,1028,15/11/2025,10:05,10:23,0,3
986,1,1303,15/11/2025,10:30,10:38,0,4
987,1,1340,15/11/2025,10:49,11:03,0,5
988,1,1161,15/11/2025,11:11,11:18,0,6
989,1,1099,15/11/2025,11:28,11:43,0,7
990,1,1091,15/11/2025,11:51,12:11,0,8
991,1,1076,15/11/2025,12:18,12:43,0,9
992,1,1107,15/11/2025,12:50,13:12,0,10
993,1,1306,15/11/2025,13:21,13:31,0,11
994,1,1223,16/11/2025,09:20,09:27,0,1
995,1,1079,16/11/2025,09:36,09:54,0,2
996,1,1278,16/11/2025,10:02,10:17,0,3
997,1,1040,16/11/2025,10:24,10:48,0,4
998,1,1050,16/11/2025,10:54,11:07,0,5
999,1,1341,16/11/2025,11:16,11:40,0,6
1000,1,1258,16/11/2025,11:47,12:04,0,7
1001,1,1302,16/11/2025,12:11,12:23,0,8
1002,1,1013,16/11/2025,12:31,12:48,0,9
1003,1,1357,17/11/2025,09:23,09:44,0,1
1004,1,1313,17/11/2025,09:49,,1,2
1005,1,1403,17/11/2025,10:15,10:32,0,3
1006,1,1171,17/11/2025,10:37,10:44,0,4
1007,1,1036,17/11/2025,10:53,11:02,0,5
1008,1,1254,17/11/2025,11:09,11:27,0,6
1009,1,1396,17/11/2025,11:31,11:53,0,7
1010,1,1110,17/11/2025,12:01,12:10,0,8
1011,1,1054,17/11/2025,12:19,12:34,0,9
1012,1,1122,17/11/2025,12:44,12:54,0,10
1013,1,2800,18/11/2025,09:21,09:39,0,1
1014,1,1222,18/11/2025,09:46,10:08,0,2
1015,1,1307,18/11/2025,10:18,10:26,0,3
1016,1,1179,18/11/2025,10:30,10:47,0,4
1017,1,1009,18/11/2025,10:52,11:06,0,5
1018,1,1125,18/11/2025,11:16,11:29,0,6
1019,1,1094,18/11/2025,11:37,11:55,0,7
1020,1,1377,18/11/2025,11:59,12:16,0,8
1021,1,1207,18/11/2025,12:24,12:47,0,9
1022,1,1020,18/11/2025,12:51,13:06,0,10
1023,1,1092,18/11/2025,13:11,13:35,0,11
1024,1,1102,19/11/2025,09:32,09:52,0,1
1025,1,1020,19/11/2025,09:57,10:04,0,2
1026,1,1183,19/11/2025,10:13,,0,3
1027,1,1063,19/11/2025,10:48,11:17,0,4
1028,1,1415,19/11/2025,11:24,11:44,0,5
1029,1,1010,19/11/2025,11:56,,1,6
1030,1,1022,19/11/2025,12:10,12:24,0,7
1031,1,1295,19/11/2025,12:37,12:44,0,8
1032,1,1280,19/11/2025,12:50,12:58,0,9
1033,1,1362,19/11/2025,13:02,13:24,0,10
1034,1,1052,20/11/2025,09:18,09:35,0,1
1035,1,1032,20/11/2025,09:39,09:52,0,2
1036,1,1414,20/11/2025,10:01,10:16,0,3
1037,1,1389,20/11/2025,10:22,10:43,0,4
1038,1,1022,20/11/2025,10:47,10:55,0,5
1039,1,1285,20/11/2025,11:02,11:15,0,6
1040,1,1126,20/11/2025,11:22,11:32,0,7
1041,1,1133,20/11/2025,11:36,11:47,0,8
1042,1,1283,20/11/2025,11:52,12:11,0,9
1043,1,1326,20/11/2025,12:15,12:22,0,10
1044,1,1416,22/11/2025,09:06,09:23,0,1
1045,1,1400,22/11/2025,09:27,09:37,0,2
1046,1,1418,22/11/2025,09:44,,0,3
1047,1,1104,22/11/2025,10:01,10:08,0,4
1048,1,1374,22/11/2025,10:19,10:45,0,5
1049,1,1038,22/11/2025,10:50,11:18,0,6
1050,1,1218,22/11/2025,11:26,11:48,0,7
1051,1,1134,22/11/2025,11:52,12:05,0,8
1052,1,1320,22/11/2025,12:13,12:26,0,9
1053,1,1159,23/11/2025,09:14,09:30,0,1
1054,1,1255,23/11/2025,09:34,09:51,0,2
1055,1,1002,23/11/2025,09:55,10:02,0,3
1056,1,1319,23/11/2025,10:09,10:17,0,4
1057,1,1399,23/11/2025,10:22,10:32,0,5
1058,1,1283,23/11/2025,10:39,10:57,0,6
1059,1,1063,23/11/2025,11:05,11:20,0,7
1060,1,1277,24/11/2025,09:30,09:37,0,1
1061,1,1159,24/11/2025,09:41,09:48,0,2
1062,1,1344,24/11/2025,09:55,10:08,0,3
1063,1,1385,24/11/2025,10:15,10:26,0,4
1064,1,1028,24/11/2025,10:35,10:42,0,5
1065,1,1156,24/11/2025,10:48,11:09,0,6
1066,1,1157,24/11/2025,11:13,11:28,0,7
1067,1,1353,24/11/2025,11:35,11:42,0,8
1068,1,1044,25/11/2025,09:23,09:30,0,1
1069,1,1355,25/11/2025,09:35,10:04,0,2
1070,1,1402,25/11/2025,10:18,10:25,0,3
1071,1,1289,25/11/2025,10:34,10:58,0,4
1072,1,1326,25/11/2025,11:05,11:16,0,5
1073,1,1264,25/11/2025,11:27,11:40,0,6
1074,1,1227,25/11/2025,11:47,11:57,0,7
1075,1,1251,25/11/2025,12:06,12:14,0,8
1076,1,1196,25/11/2025,12:19,12:26,0,9
1077,1,1253,26/11/2025,09:23,09:40,0,1
1078,1,1000,26/11/2025,09:45,,0,2
1079,1,1319,26/11/2025,10:15,10:22,0,3
1080,1,1164,26/11/2025,10:30,10:37,0,4
1081,1,1081,26/11/2025,10:42,11:06,0,5
1082,1,2804,26/11/2025,11:10,11:22,0,6
1083,1,1222,26/11/2025,11:32,11:52,0,7
1084,1,1308,26/11/2025,11:56,12:23,0,8
1085,1,1424,26/11/2025,12:34,12:49,0,9
1086,1,1233,26/11/2025,12:53,13:11,0,10
1087,1,1195,27/11/2025,09:26,09:36,0,1
1088,1,1438,27/11/2025,09:40,09:47,0,2
1089,1,1196,27/11/2025,09:57,10:10,0,3
1090,1,1347,27/11/2025,10:15,10:26,0,4
1091,1,1001,27/11/2025,10:30,10:41,0,5
1092,1,1005,27/11/2025,10:45,10:53,0,6
1093,1,1379,29/11/2025,09:22,09:29,0,1
1094,1,1116,29/11/2025,09:33,09:58,0,2
1095,1,1013,29/11/2025,10:02,10:10,0,3
1096,1,1075,29/11/2025,10:14,10:29,0,4
1097,1,1044,29/11/2025,10:35,10:46,0,5
1098,1,1170,29/11/2025,10:52,11:23,0,6
1099,1,1021,29/11/2025,11:28,11:45,0,7
1100,1,1123,29/11/2025,11:52,11:59,0,8
1101,1,1143,29/11/2025,12:05,12:24,0,9
1102,1,1238,30/11/2025,09:27,09:34,0,1
1103,1,1121,30/11/2025,09:40,09:55,0,2
1104,1,1334,30/11/2025,10:05,10:32,0,3
1105,1,1088,30/11/2025,10:36,10:58,0,4
1106,1,1271,30/11/2025,11:05,11:13,0,5
1107,1,1397,30/11/2025,11:17,11:41,0,6
1108,1,1320,30/11/2025,11:46,12:01,0,7
1109,1,1031,30/11/2025,12:07,12:15,0,8
1110,1,1195,30/11/2025,12:23,12:42,0,9
1111,1,1368,30/11/2025,12:50,13:09,0,10
1112,1,1423,30/11/2025,13:13,13:29,0,11
1113,1,1277,01/12/2025,09:30,09:46,0,1
1114,1,1183,01/12/2025,09:53,10:19,0,2
1115,1,1211,01/12/2025,10:24,10:33,0,3
1116,1,1421,01/12/2025,10:42,10:56,0,4
1117,1,1432,01/12/2025,11:02,11:17,0,5
1118,1,1265,01/12/2025,11:24,11:39,0,6
1119,1,1270,01/12/2025,11:43,11:52,0,7
1120,1,1320,02/12/2025,09:07,09:30,0,1
1121,1,1009,02/12/2025,09:36,09:43,0,2
1122,1,1020,02/12/2025,09:48,10:12,0,3
1123,1,1287,02/12/2025,10:23,10:40,0,4
1124,1,1307,02/12/2025,10:48,11:02,0,5
1125,1,1279,02/12/2025,11:07,11:18,0,6
1126,1,1390,03/12/2025,09:14,09:33,0,1
1127,1,1173,03/12/2025,09:44,09:51,0,2
1128,1,1051,03/12/2025,10:00,10:13,0,3
1129,1,1331,03/12/2025,10:25,10:48,0,4
1130,1,1077,03/12/2025,10:55,11:14,0,5
1131,1,1189,03/12/2025,11:20,11:30,0,6
1132,1,1243,03/12/2025,11:35,11:48,0,7
1133,1,1353,03/12/2025,11:56,12:09,0,8
1134,1,1266,03/12/2025,12:18,12:43,0,9
1135,1,2805,03/12/2025,12:47,13:00,0,10
1136,1,1436,04/12/2025,09:23,09:33,0,1
1137,1,2812,04/12/2025,09:40,09:57,0,2
1138,1,1303,04/12/2025,10:02,,0,3
1139,1,1084,04/12/2025,10:20,,0,4
1140,1,1255,04/12/2025,10:48,11:09,0,5
1141,1,1411,04/12/2025,11:21,11:28,0,6
1142,1,1014,04/12/2025,11:34,11:52,0,7
1143,1,1411,06/12/2025,09:17,09:26,0,1
1144,1,1102,06/12/2025,09:32,09:58,0,2
1145,1,1367,06/12/2025,10:04,10:20,0,3
1146,1,1162,06/12/2025,10:29,10:47,0,4
1147,1,1052,06/12/2025,10:52,11:03,0,5
1148,1,1026,06/12/2025,11:13,11:39,0,6
1149,1,1348,06/12/2025,11:50,12:08,0,7
1150,1,1265,06/12/2025,12:13,12:37,0,8
1151,1,1319,06/12/2025,12:41,13:08,0,9
1152,1,1270,06/12/2025,13:17,13:31,0,10
1153,1,2818,07/12/2025,09:20,09:45,0,1
1154,1,1210,07/12/2025,09:52,09:59,0,2
1155,1,1078,07/12/2025,10:09,10:16,0,3
1156,1,1308,07/12/2025,10:20,10:34,0,4
1157,1,1307,07/12/2025,10:38,,0,5
1158,1,1089,07/12/2025,11:09,11:22,0,6
1159,1,1391,07/12/2025,11:28,11:38,0,7
1160,1,1200,07/12/2025,11:45,,1,8
1161,1,1344,07/12/2025,11:58,12:06,0,9
1162,1,1254,07/12/2025,12:10,12:23,0,10
1163,1,1337,08/12/2025,09:24,09:38,0,1
1164,1,1240,08/12/2025,09:50,10:15,0,2
1165,1,2818,08/12/2025,10:22,10:36,0,3
1166,1,1326,08/12/2025,10:40,10:52,0,4
1167,1,1199,08/12/2025,10:59,11:23,0,5
1168,1,1266,08/12/2025,11:28,11:41,0,6
1169,1,1343,08/12/2025,11:48,12:06,0,7
1170,1,1182,08/12/2025,12:10,12:41,0,8
1171,1,1313,08/12/2025,12:46,13:05,0,9
1172,1,1238,09/12/2025,09:07,09:27,0,1
1173,1,1081,09/12/2025,09:34,09:54,0,2
1174,1,1408,09/12/2025,09:58,10:21,0,3
1175,1,1106,09/12/2025,10:26,10:44,0,4
1176,1,1052,09/12/2025,10:51,11:19,0,5
1177,1,1357,09/12/2025,11:27,11:40,0,6
1178,1,1034,10/12/2025,09:18,09:40,0,1
1179,1,2804,10/12/2025,09:51,,1,2
1180,1,1055,10/12/2025,10:12,10:30,0,3
1181,1,1164,10/12/2025,10:41,10:49,0,4
1182,1,1263,10/12/2025,10:55,11:19,0,5
1183,1,1252,10/12/2025,11:29,11:36,0,6
1184,1,1109,10/12/2025,11:40,11:54,0,7
1185,1,1226,10/12/2025,12:00,12:17,0,8
1186,1,1344,11/12/2025,09:17,09:24,0,1
1187,1,1027,11/12/2025,09:28,09:53,0,2
1188,1,1260,11/12/2025,09:58,10:13,0,3
1189,1,1083,11/12/2025,10:24,10:52,0,4
1190,1,1033,11/12/2025,10:59,11:11,0,5
1191,1,1251,11/12/2025,11:15,11:34,0,6
1192,1,2805,11/12/2025,11:41,11:48,0,7
1193,1,1187,11/12/2025,11:52,11:59,0,8
1194,1,1026,11/12/2025,12:03,12:32,0,9
1195,1,1123,11/12/2025,12:39,12:51,0,10
1196,1,1357,13/12/2025,09:31,09:38,0,1
1197,1,1384,13/12/2025,09:49,09:59,0,2
1198,1,1044,13/12/2025,10:11,10:23,0,3
1199,1,1197,13/12/2025,10:30,10:59,0,4
1200,1,1243,13/12/2025,11:03,11:27,0,5
1201,1,1148,13/12/2025,11:31,11:38,0,6
1202,1,1051,13/12/2025,11:42,12:01,0,7
1203,1,1321,13/12/2025,12:05,12:21,0,8
1204,1,1353,13/12/2025,12:25,12:35,0,9
1205,1,1389,13/12/2025,12:45,12:56,0,10
1206,1,1270,14/12/2025,09:22,09:29,0,1
1207,1,1364,14/12/2025,09:33,09:55,0,2
1208,1,1316,14/12/2025,10:02,10:09,0,3
1209,1,1360,14/12/2025,10:14,10:21,0,4
1210,1,1077,14/12/2025,10:25,10:32,0,5
1211,1,1160,14/12/2025,10:40,10:50,0,6
1212,1,1222,14/12/2025,10:57,11:17,0,7
1213,1,1083,14/12/2025,11:26,11:42,0,8
1214,1,1337,15/12/2025,09:27,09:49,0,1
1215,1,1301,15/12/2025,09:57,10:04,0,2
1216,1,1430,15/12/2025,10:09,10:21,0,3
1217,1,1178,15/12/2025,10:28,10:43,0,4
1218,1,1025,15/12/2025,10:54,11:16,0,5
1219,1,1431,15/12/2025,11:20,11:33,0,6
1220,1,1101,15/12/2025,11:44,11:57,0,7
1221,1,1009,16/12/2025,09:27,09:41,0,1
1222,1,1388,16/12/2025,09:48,10:13,0,2
1223,1,1042,16/12/2025,10:17,10:38,0,3
1224,1,1255,16/12/2025,10:44,11:06,0,4
1225,1,1283,16/12/2025,11:14,11:38,0,5
1226,1,1207,16/12/2025,11:45,11:59,0,6
1227,1,1400,17/12/2025,09:27,09:40,0,1
1228,1,1153,17/12/2025,09:47,09:54,0,2
1229,1,1273,17/12/2025,10:07,10:14,0,3
1230,1,1317,17/12/2025,10:25,10:48,0,4
1231,1,1367,17/12/2025,10:55,11:04,0,5
1232,1,1267,17/12/2025,11:15,11:35,0,6
1233,1,1062,17/12/2025,11:48,11:55,0,7
1234,1,1389,17/12/2025,11:59,12:06,0,8
1235,1,1426,18/12/2025,09:17,09:41,0,1
1236,1,1438,18/12/2025,09:48,09:55,0,2
1237,1,1239,18/12/2025,10:04,10:16,0,3
1238,1,1363,18/12/2025,10:22,10:31,0,4
1239,1,1209,18/12/2025,10:38,10:51,0,5
1240,1,1250,18/12/2025,10:56,11:06,0,6
1241,1,1175,18/12/2025,11:10,11:19,0,7
1242,1,1015,20/12/2025,09:24,09:48,0,1
1243,1,1326,20/12/2025,09:52,09:59,0,2
1244,1,1022,20/12/2025,10:06,10:17,0,3
1245,1,1149,20/12/2025,10:25,10:45,0,4
1246,1,1155,20/12/2025,10:49,11:16,0,5
1247,1,1371,20/12/2025,11:20,11:34,0,6
1248,1,1114,20/12/2025,11:38,11:46,0,7
1249,1,1340,20/12/2025,11:50,,0,8
1250,1,1238,20/12/2025,12:08,12:18,0,9
1251,1,1294,20/12/2025,12:22,12:40,0,10
1252,1,1420,21/12/2025,09:05,,0,1
1253,1,1157,21/12/2025,09:23,09:30,0,2
1254,1,1052,21/12/2025,09:44,10:03,0,3
1255,1,1130,21/12/2025,10:07,10:21,0,4
1256,1,1194,21/12/2025,10:25,10:43,0,5
1257,1,1041,21/12/2025,10:48,11:10,0,6
1258,1,1303,21/12/2025,11:14,11:30,0,7
1259,1,1054,22/12/2025,09:27,09:50,0,1
1260,1,1422,22/12/2025,09:59,10:06,0,2
1261,1,1149,22/12/2025,10:14,10:27,0,3
1262,1,1210,22/12/2025,10:34,10:49,0,4
1263,1,1107,22/12/2025,10:58,11:18,0,5
1264,1,1128,22/12/2025,11:23,11:49,0,6
1265,1,1417,22/12/2025,11:55,12:20,0,7
1266,1,1086,22/12/2025,12:30,12:58,0,8
1267,1,1378,22/12/2025,13:03,13:20,0,9
1268,1,1278,22/12/2025,13:27,13:44,0,10
1269,1,1421,23/12/2025,09:14,09:27,0,1
1270,1,1417,23/12/2025,09:37,09:57,0,2
1271,1,1262,23/12/2025,10:01,,0,3
1272,1,1272,23/12/2025,10:21,10:38,0,4
1273,1,1373,23/12/2025,10:47,10:58,0,5
1274,1,1401,23/12/2025,11:02,11:26,0,6
1275,1,1084,23/12/2025,11:30,11:56,0,7
1276,1,1369,23/12/2025,12:03,12:17,0,8
1277,1,1154,23/12/2025,12:22,12:38,0,9
1278,1,1267,24/12/2025,09:25,09:45,0,1
1279,1,1310,24/12/2025,09:54,,0,2
1280,1,1308,24/12/2025,10:17,10:34,0,3
1281,1,1115,24/12/2025,10:39,11:01,0,4
1282,1,1154,24/12/2025,11:08,11:26,0,5
1283,1,1026,24/12/2025,11:31,11:54,0,6
1284,1,1276,24/12/2025,11:59,12:22,0,7
1285,1,1197,25/12/2025,09:27,09:48,0,1
1286,1,1401,25/12/2025,09:52,10:13,0,2
1287,1,1178,25/12/2025,10:17,10:32,0,3
1288,1,1408,25/12/2025,10:43,10:51,0,4
1289,1,1413,25/12/2025,10:57,11:10,0,5
1290,1,1351,25/12/2025,11:14,11:25,0,6
1291,1,1252,25/12/2025,11:29,11:45,0,7
1292,1,1219,25/12/2025,11:52,11:59,0,8
1293,1,1424,25/12/2025,12:07,12:22,0,9
1294,1,1363,27/12/2025,09:22,09:35,0,1
1295,1,1125,27/12/2025,09:41,10:00,0,2
1296,1,1241,27/12/2025,10:08,10:20,0,3
1297,1,1369,27/12/2025,10:24,10:40,0,4
1298,1,1125,27/12/2025,10:46,11:02,0,5
1299,1,1199,27/12/2025,11:06,11:37,0,6
1300,1,1379,27/12/2025,11:43,12:00,0,7
1301,1,1282,27/12/2025,12:06,12:17,0,8
1302,1,2802,27/12/2025,12:28,12:58,0,9
1303,1,1182,28/12/2025,09:29,09:47,0,1
1304,1,1089,28/12/2025,09:55,10:02,0,2
1305,1,1102,28/12/2025,10:11,10:34,0,3
1306,1,1167,28/12/2025,10:47,11:01,0,4
1307,1,1037,28/12/2025,11:09,11:26,0,5
1308,1,1076,28/12/2025,11:31,11:43,0,6
1309,1,1306,28/12/2025,11:49,12:05,0,7
1310,1,1121,28/12/2025,12:09,12:27,0,8
1311,1,1135,29/12/2025,09:29,09:41,0,1
1312,1,1368,29/12/2025,09:46,10:03,0,2
1313,1,1033,29/12/2025,10:13,10:39,0,3
1314,1,1305,29/12/2025,10:45,11:06,0,4
1315,1,1273,29/12/2025,11:13,11:20,0,5
1316,1,1344,29/12/2025,11:28,11:35,0,6
1317,1,1058,29/12/2025,11:41,12:04,0,7
1318,1,1044,29/12/2025,12:08,12:17,0,8
1319,1,1248,30/12/2025,09:24,09:34,0,1
1320,1,1216,30/12/2025,09:38,09:54,0,2
1321,1,1136,30/12/2025,09:58,10:16,0,3
1322,1,1260,30/12/2025,10:23,10:32,0,4
1323,1,1127,30/12/2025,10:37,10:49,0,5
1324,1,1267,30/12/2025,10:56,11:10,0,6
1325,1,1373,30/12/2025,11:17,11:25,0,7
1326,1,1302,30/12/2025,11:31,11:38,0,8
1327,1,1068,31/12/2025,09:15,09:43,0,1
1328,1,1154,31/12/2025,09:52,10:10,0,2
1329,1,1213,31/12/2025,10:15,10:23,0,3
1330,1,1046,31/12/2025,10:29,10:38,0,4
1331,1,1341,31/12/2025,10:42,10:56,0,5
1332,1,1009,31/12/2025,11:02,11:19,0,6
1333,1,1374,31/12/2025,11:23,11:39,0,7
1334,1,1197,31/12/2025,11:48,11:58,0,8
1335,1,1350,31/12/2025,12:02,12:19,0,9
1336,1,1217,31/12/2025,12:28,12:35,0,10
1337,1,1114,01/01/2026,09:28,09:42,0,1
1338,1,1361,01/01/2026,09:51,10:12,0,2
1339,1,1373,01/01/2026,10:18,10:38,0,3
1340,1,1295,01/01/2026,10:46,11:02,0,4
1341,1,1259,01/01/2026,11:14,11:29,0,5
1342,1,1023,01/01/2026,11:34,11:47,0,6
1343,1,1131,01/01/2026,11:51,12:21,0,7
1344,1,1024,03/01/2026,09:23,09:38,0,1
1345,1,1178,03/01/2026,09:47,10:01,0,2
1346,1,1427,03/01/2026,10:05,,0,3
1347,1,1272,03/01/2026,10:20,10:39,0,4
1348,1,1073,03/01/2026,10:48,11:00,0,5
1349,1,1347,03/01/2026,11:05,11:21,0,6
1350,1,1000,03/01/2026,11:28,11:48,0,7
1351,1,1179,04/01/2026,09:14,09:25,0,1
1352,1,1377,04/01/2026,09:39,09:54,0,2
1353,1,1101,04/01/2026,10:00,10:07,0,3
1354,1,1202,04/01/2026,10:16,10:36,0,4
1355,1,1034,04/01/2026,10:40,10:49,0,5
1356,1,1199,04/01/2026,10:56,11:16,0,6
1357,1,1153,04/01/2026,11:21,11:35,0,7
1358,1,1067,04/01/2026,11:41,11:58,0,8
1359,1,1057,04/01/2026,12:09,12:16,0,9
1360,1,1064,04/01/2026,12:23,12:44,0,10
1361,1,1245,05/01/2026,09:12,09:27,0,1
1362,1,1289,05/01/2026,09:31,09:56,0,2
1363,1,1015,05/01/2026,10:04,10:22,0,3
1364,1,1108,05/01/2026,10:27,10:47,0,4
1365,1,1104,05/01/2026,10:57,11:10,0,5
1366,1,1378,05/01/2026,11:14,11:29,0,6
1367,1,2805,05/01/2026,11:37,11:46,0,7
1368,1,2800,05/01/2026,11:54,12:06,0,8
1369,1,1394,06/01/2026,09:19,09:34,0,1
1370,1,1264,06/01/2026,09:41,09:49,0,2
1371,1,1420,06/01/2026,09:56,10:17,0,3
1372,1,1373,06/01/2026,10:21,10:36,0,4
1373,1,1152,06/01/2026,10:43,11:01,0,5
1374,1,1081,06/01/2026,11:10,11:38,0,6
1375,1,1064,06/01/2026,11:46,12:05,0,7
1376,1,1215,06/01/2026,12:16,12:37,0,8
1377,1,1223,06/01/2026,12:44,13:05,0,9
1378,1,1350,06/01/2026,13:13,13:26,0,10
1379,1,1255,07/01/2026,09:34,,1,1
1380,1,1281,07/01/2026,09:57,10:10,0,2
1381,1,1194,07/01/2026,10:14,10:38,0,3
1382,1,1064,07/01/2026,10:42,10:56,0,4
1383,1,1344,07/01/2026,11:01,11:11,0,5
1384,1,1349,07/01/2026,11:19,11:45,0,6
1385,1,1046,08/01/2026,09:17,09:36,0,1
1386,1,1086,08/01/2026,09:40,10:07,0,2
1387,1,1205,08/01/2026,10:16,10:31,0,3
1388,1,1013,08/01/2026,10:35,10:52,0,4
1389,1,1044,08/01/2026,10:56,11:09,0,5
1390,1,1254,08/01/2026,11:13,11:28,0,6
1391,1,1251,08/01/2026,11:36,12:00,0,7
1392,1,1043,08/01/2026,12:04,12:22,0,8
1393,1,1089,08/01/2026,12:29,12:50,0,9
1394,1,1187,10/01/2026,09:19,09:26,0,1
1395,1,1400,10/01/2026,09:36,09:51,0,2
1396,1,1277,10/01/2026,09:56,10:13,0,3
1397,1,1253,10/01/2026,10:20,10:27,0,4
1398,1,1205,10/01/2026,10:34,10:44,0,5
1399,1,1055,10/01/2026,10:55,,0,6
1400,1,1126,10/01/2026,11:19,11:40,0,7
1401,1,1151,10/01/2026,11:49,12:10,0,8
1402,1,1421,11/01/2026,09:17,09:49,0,1
1403,1,1038,11/01/2026,09:53,10:21,0,2
1404,1,1419,11/01/2026,10:25,10:49,0,3
1405,1,1126,11/01/2026,10:58,11:17,0,4
1406,1,1239,11/01/2026,11:22,11:45,0,5
1407,1,1382,11/01/2026,11:51,12:12,0,6
1408,1,1155,11/01/2026,12:17,12:37,0,7
1409,1,1415,12/01/2026,09:09,09:24,0,1
1410,1,1000,12/01/2026,09:29,09:50,0,2
1411,1,1045,12/01/2026,09:55,10:02,0,3
1412,1,1122,12/01/2026,10:11,10:30,0,4
1413,1,1131,12/01/2026,10:36,10:52,0,5
1414,1,1043,12/01/2026,10:56,11:16,0,6
1415,1,1185,12/01/2026,11:20,11:32,0,7
1416,1,1410,12/01/2026,11:39,12:00,0,8
1417,1,1320,12/01/2026,12:04,,0,9
1418,1,1296,12/01/2026,12:28,12:39,0,10
1419,1,1273,13/01/2026,09:15,09:38,0,1
1420,1,1127,13/01/2026,09:42,,0,2
1421,1,1197,13/01/2026,10:10,10:19,0,3
1422,1,1374,13/01/2026,10:24,10:38,0,4
1423,1,1403,13/01/2026,10:48,,0,5
1424,1,1089,13/01/2026,11:00,11:16,0,6
1425,1,1038,13/01/2026,11:22,11:39,0,7
1426,1,1262,13/01/2026,11:44,12:06,0,8
1427,1,1166,13/01/2026,12:14,12:23,0,9
1428,1,1268,14/01/2026,09:19,09:31,0,1
1429,1,1086,14/01/2026,09:35,09:50,0,2
1430,1,1074,14/01/2026,09:59,10:10,0,3
1431,1,1411,14/01/2026,10:15,10:25,0,4
1432,1,1002,14/01/2026,10:30,10:40,0,5
1433,1,1341,14/01/2026,10:45,,0,6
1434,1,1268,15/01/2026,09:18,09:25,0,1
1435,1,1385,15/01/2026,09:36,09:57,0,2
1436,1,1224,15/01/2026,10:05,,0,3
1437,1,1212,15/01/2026,10:26,,1,4
1438,1,1022,15/01/2026,10:42,10:58,0,5
1439,1,1288,15/01/2026,11:04,,0,6
1440,1,1396,17/01/2026,09:20,09:27,0,1
1441,1,1362,17/01/2026,09:40,09:53,0,2
1442,1,1279,17/01/2026,10:01,10:17,0,3
1443,1,1384,17/01/2026,10:24,10:38,0,4
1444,1,1382,17/01/2026,10:45,10:55,0,5
1445,1,1219,17/01/2026,11:03,11:24,0,6
1446,1,1252,17/01/2026,11:32,11:39,0,7
1447,1,1042,17/01/2026,11:47,12:14,0,8
1448,1,1403,17/01/2026,12:21,12:32,0,9
1449,1,1198,17/01/2026,12:46,,0,10
1450,1,1289,18/01/2026,09:30,09:45,0,1
1451,1,1101,18/01/2026,09:50,09:57,0,2
1452,1,1138,18/01/2026,10:01,10:19,0,3
1453,1,1152,18/01/2026,10:23,10:44,0,4
1454,1,1325,18/01/2026,10:50,11:08,0,5
1455,1,1310,18/01/2026,11:12,11:34,0,6
1456,1,1371,18/01/2026,11:44,11:59,0,7
1457,1,1148,18/01/2026,12:11,12:21,0,8
1458,1,1038,18/01/2026,12:25,12:42,0,9
1459,1,1175,19/01/2026,09:16,09:37,0,1
1460,1,1230,19/01/2026,09:46,09:59,0,2
1461,1,2800,19/01/2026,10:06,10:29,0,3
1462,1,1098,19/01/2026,10:39,10:58,0,4
1463,1,1088,19/01/2026,11:06,11:15,0,5
1464,1,1060,19/01/2026,11:19,11:45,0,6
1465,1,1225,20/01/2026,09:14,09:26,0,1
1466,1,1427,20/01/2026,09:37,09:52,0,2
1467,1,1198,20/01/2026,09:57,10:09,0,3
1468,1,1355,20/01/2026,10:19,10:36,0,4
1469,1,1037,20/01/2026,10:41,11:03,0,5
1470,1,1337,20/01/2026,11:10,11:31,0,6
1471,1,1275,20/01/2026,11:35,11:42,0,7
1472,1,1301,20/01/2026,11:51,12:06,0,8
1473,1,1395,21/01/2026,09:25,,0,1
1474,1,1360,21/01/2026,09:48,09:56,0,2
1475,1,1319,21/01/2026,10:06,10:21,0,3
1476,1,1017,21/01/2026,10:25,,0,4
1477,1,1173,21/01/2026,10:46,10:53,0,5
1478,1,1415,21/01/2026,11:01,11:23,0,6
1479,1,1307,21/01/2026,11:27,11:50,0,7
1480,1,1409,21/01/2026,11:59,12:10,0,8
1481,1,1149,21/01/2026,12:16,12:38,0,9
1482,1,1273,21/01/2026,12:46,12:54,0,10
1483,1,1062,22/01/2026,09:17,09:24,0,1
1484,1,1418,22/01/2026,09:35,09:42,0,2
1485,1,1280,22/01/2026,09:50,10:05,0,3
1486,1,1028,22/01/2026,10:17,10:27,0,4
1487,1,1389,22/01/2026,10:34,10:45,0,5
1488,1,1042,22/01/2026,10:49,11:18,0,6
1489,1,1158,22/01/2026,11:22,,0,7
1490,1,1357,22/01/2026,11:40,11:52,0,8
1491,1,1183,22/01/2026,11:58,12:20,0,9
1492,1,1302,22/01/2026,12:26,12:38,0,10
1493,1,1004,24/01/2026,09:18,09:32,0,1
1494,1,1167,24/01/2026,09:39,09:49,0,2
1495,1,1221,24/01/2026,09:56,10:12,0,3
1496,1,1322,24/01/2026,10:18,10:42,0,4
1497,1,1014,24/01/2026,10:46,10:55,0,5
1498,1,1390,24/01/2026,10:59,11:10,0,6
1499,1,1399,24/01/2026,11:14,11:21,0,7
1500,1,1286,24/01/2026,11:25,11:37,0,8
1501,1,1018,24/01/2026,11:41,12:15,0,9
1502,1,1100,25/01/2026,09:16,09:32,0,1
1503,1,1314,25/01/2026,09:36,10:00,0,2
1504,1,1034,25/01/2026,10:06,10:30,0,3
1505,1,1366,25/01/2026,10:34,10:45,0,4
1506,1,1156,25/01/2026,10:54,11:15,0,5
1507,1,1237,25/01/2026,11:24,11:36,0,6
1508,1,1118,25/01/2026,11:40,,0,7
1509,1,1107,25/01/2026,11:51,12:06,0,8
1510,1,1431,26/01/2026,09:04,09:12,0,1
1511,1,1408,26/01/2026,09:20,09:30,0,2
1512,1,1438,26/01/2026,09:34,09:50,0,3
1513,1,1327,26/01/2026,09:54,10:01,0,4
1514,1,1387,26/01/2026,10:07,10:32,0,5
1515,1,1020,26/01/2026,10:37,10:55,0,6
1516,1,1390,26/01/2026,10:59,11:16,0,7
1517,1,1035,26/01/2026,11:23,11:54,0,8
1518,1,1384,26/01/2026,12:02,12:16,0,9
1519,1,1157,26/01/2026,12:21,12:33,0,10
1520,1,1110,27/01/2026,09:13,09:36,0,1
1521,1,1061,27/01/2026,09:45,10:11,0,2
1522,1,1036,27/01/2026,10:18,10:25,0,3
1523,1,1342,27/01/2026,10:33,10:53,0,4
1524,1,1149,27/01/2026,11:03,11:24,0,5
1525,1,1369,27/01/2026,11:28,11:35,0,6
1526,1,1437,27/01/2026,11:40,11:53,0,7
1527,1,1363,27/01/2026,12:00,12:19,0,8
1528,1,1170,27/01/2026,12:24,12:41,0,9
1529,1,1057,28/01/2026,09:08,09:27,0,1
1530,1,2814,28/01/2026,09:33,09:47,0,2
1531,1,1266,28/01/2026,09:51,10:13,0,3
1532,1,1435,28/01/2026,10:19,10:47,0,4
1533,1,1121,28/01/2026,10:54,11:14,0,5
1534,1,1328,28/01/2026,11:23,11:39,0,6
1535,1,1391,28/01/2026,11:44,11:51,0,7
1536,1,1396,28/01/2026,12:03,12:13,0,8
1537,1,1380,28/01/2026,12:17,12:34,0,9
1538,1,1105,28/01/2026,12:38,12:59,0,10
1539,1,1381,29/01/2026,09:13,09:22,0,1
1540,1,1233,29/01/2026,09:34,09:56,0,2
1541,1,1087,29/01/2026,10:07,10:14,0,3
1542,1,1020,29/01/2026,10:25,10:49,0,4
1543,1,1379,29/01/2026,10:55,11:10,0,5
1544,1,1285,29/01/2026,11:15,11:38,0,6
1545,1,1003,29/01/2026,11:45,12:02,0,7
1546,1,1152,29/01/2026,12:08,12:18,0,8
1547,1,1118,31/01/2026,09:25,09:49,0,1
1548,1,1363,31/01/2026,09:58,10:14,0,2
1549,1,1236,31/01/2026,10:18,10:29,0,3
1550,1,1178,31/01/2026,10:37,10:50,0,4
1551,1,1433,31/01/2026,10:54,11:06,0,5
1552,1,1360,31/01/2026,11:17,11:24,0,6
1553,1,1227,31/01/2026,11:29,11:44,0,7
1554,1,1343,31/01/2026,11:52,12:06,0,8
1555,1,1432,31/01/2026,12:12,12:35,0,9
1556,1,1273,31/01/2026,12:39,12:56,0,10
1557,1,1374,01/02/2026,09:26,09:35,0,1
1558,1,1180,01/02/2026,09:45,09:58,0,2
1559,1,1124,01/02/2026,10:03,10:14,0,3
1560,1,1132,01/02/2026,10:18,10:35,0,4
1561,1,1276,01/02/2026,10:46,11:05,0,5
1562,1,1404,01/02/2026,11:12,11:31,0,6
1563,1,1173,01/02/2026,11:35,11:42,0,7
1564,1,1353,01/02/2026,11:47,12:02,0,8
1565,1,1100,02/02/2026,09:32,09:54,0,1
1566,1,1158,02/02/2026,10:02,10:31,0,2
1567,1,1364,02/02/2026,10:38,10:51,0,3
1568,1,1239,02/02/2026,11:00,11:21,0,4
1569,1,1134,02/02/2026,11:28,11:35,0,5
1570,1,1436,02/02/2026,11:45,12:06,0,6
1571,1,1026,02/02/2026,12:13,12:43,0,7
1572,1,1327,03/02/2026,09:14,09:30,0,1
1573,1,1035,03/02/2026,09:35,09:47,0,2
1574,1,1295,03/02/2026,09:51,09:59,0,3
1575,1,1327,03/02/2026,10:07,10:19,0,4
1576,1,1022,03/02/2026,10:25,10:45,0,5
1577,1,1321,03/02/2026,10:52,11:12,0,6
1578,1,1310,03/02/2026,11:16,11:28,0,7
1579,1,2800,03/02/2026,11:32,11:44,0,8
1580,1,1233,03/02/2026,11:52,12:07,0,9
1581,1,1057,03/02/2026,12:11,12:24,0,10
1582,1,1025,03/02/2026,12:28,12:35,0,11
1583,1,1076,04/02/2026,09:17,09:32,0,1
1584,1,1084,04/02/2026,09:37,09:56,0,2
1585,1,1353,04/02/2026,10:02,10:09,0,3
1586,1,1428,04/02/2026,10:19,10:38,0,4
1587,1,1161,04/02/2026,10:47,10:56,0,5
1588,1,1083,04/02/2026,11:02,11:22,0,6
1589,1,1074,04/02/2026,11:29,11:42,0,7
1590,1,1396,05/02/2026,09:08,09:23,0,1
1591,1,1349,05/02/2026,09:27,09:51,0,2
1592,1,1017,05/02/2026,09:56,10:13,0,3
1593,1,1267,05/02/2026,10:18,10:38,0,4
1594,1,1405,05/02/2026,10:43,11:03,0,5
1595,1,1039,05/02/2026,11:09,11:32,0,6
1596,1,1049,05/02/2026,11:36,12:06,0,7
1597,1,1015,05/02/2026,12:18,12:30,0,8
1598,1,1401,07/02/2026,09:28,09:52,0,1
1599,1,1422,07/02/2026,09:56,10:16,0,2
1600,1,1430,07/02/2026,10:21,10:39,0,3
1601,1,1124,07/02/2026,10:44,11:04,0,4
1602,1,1328,07/02/2026,11:10,11:21,0,5
1603,1,1304,07/02/2026,11:27,11:54,0,6
1604,1,1062,07/02/2026,12:00,12:17,0,7
1605,1,1083,07/02/2026,12:23,12:38,0,8
1606,1,1085,07/02/2026,12:48,,1,9
1607,1,1200,07/02/2026,13:04,13:11,0,10
1608,1,1359,07/02/2026,13:19,13:32,0,11
1609,1,1076,08/02/2026,09:31,09:48,0,1
1610,1,1396,08/02/2026,09:52,10:05,0,2
1611,1,1092,08/02/2026,10:09,10:21,0,3
1612,1,1334,08/02/2026,10:29,10:43,0,4
1613,1,1424,08/02/2026,10:49,10:56,0,5
1614,1,1126,08/02/2026,11:01,11:19,0,6
1615,1,1123,09/02/2026,09:17,09:35,0,1
1616,1,1179,09/02/2026,09:47,09:57,0,2
1617,1,2805,09/02/2026,10:01,10:08,0,3
1618,1,1046,09/02/2026,10:12,10:30,0,4
1619,1,1040,09/02/2026,10:35,10:43,0,5
1620,1,1168,09/02/2026,10:47,10:57,0,6
1621,1,1137,09/02/2026,11:01,11:15,0,7
1622,1,1373,09/02/2026,11:21,11:39,0,8
1623,1,1258,10/02/2026,09:28,09:46,0,1
1624,1,1363,10/02/2026,09:52,09:59,0,2
1625,1,1167,10/02/2026,10:05,10:12,0,3
1626,1,1361,10/02/2026,10:16,10:28,0,4
1627,1,1014,10/02/2026,10:36,10:57,0,5
1628,1,1088,10/02/2026,11:03,11:18,0,6
1629,1,1281,11/02/2026,09:34,09:50,0,1
1630,1,1338,11/02/2026,09:54,10:14,0,2
1631,1,1229,11/02/2026,10:23,10:47,0,3
1632,1,1421,11/02/2026,10:56,11:15,0,4
1633,1,1141,11/02/2026,11:20,11:35,0,5
1634,1,1236,11/02/2026,11:45,11:58,0,6
1635,1,1281,12/02/2026,09:19,09:31,0,1
1636,1,1401,12/02/2026,09:35,09:58,0,2
1637,1,1430,12/02/2026,10:06,10:23,0,3
1638,1,1316,12/02/2026,10:31,10:38,0,4
1639,1,1166,12/02/2026,10:42,10:54,0,5
1640,1,1288,12/02/2026,11:05,11:33,0,6
1641,1,1198,14/02/2026,09:16,09:41,0,1
1642,1,1240,14/02/2026,09:52,10:09,0,2
1643,1,1262,14/02/2026,10:13,10:29,0,3
1644,1,1122,14/02/2026,10:33,10:40,0,4
1645,1,1081,14/02/2026,10:44,11:04,0,5
1646,1,1382,14/02/2026,11:08,,0,6
1647,1,1396,14/02/2026,11:44,11:59,0,7
1648,1,1227,14/02/2026,12:05,12:21,0,8
1649,1,1005,14/02/2026,12:28,12:45,0,9
1650,1,1287,14/02/2026,12:54,13:06,0,10
1651,1,1374,15/02/2026,09:31,09:54,0,1
1652,1,1300,15/02/2026,09:58,10:21,0,2
1653,1,1168,15/02/2026,10:33,10:41,0,3
1654,1,1084,15/02/2026,10:51,11:08,0,4
1655,1,1439,15/02/2026,11:17,11:42,0,5
1656,1,1146,15/02/2026,11:46,11:54,0,6
1657,1,1269,15/02/2026,11:58,,0,7
1658,1,1363,15/02/2026,12:23,12:33,0,8
1659,1,1259,15/02/2026,12:37,12:45,0,9
1660,1,1117,16/02/2026,09:34,09:49,0,1
1661,1,1055,16/02/2026,09:56,10:08,0,2
1662,1,1147,16/02/2026,10:12,10:28,0,3
1663,1,1201,16/02/2026,10:32,,1,4
1664,1,1119,16/02/2026,10:56,11:12,0,5
1665,1,1183,16/02/2026,11:18,11:41,0,6
1666,1,1017,16/02/2026,11:45,12:07,0,7
1667,1,1419,16/02/2026,12:19,12:30,0,8
1668,1,1106,16/02/2026,12:36,13:00,0,9
1669,1,1028,16/02/2026,13:07,13:30,0,10
1670,1,1180,16/02/2026,13:40,13:50,0,11
1671,1,1141,17/02/2026,09:31,09:38,0,1
1672,1,1124,17/02/2026,09:45,10:09,0,2
1673,1,1381,17/02/2026,10:15,10:30,0,3
1674,1,1403,17/02/2026,10:41,10:48,0,4
1675,1,1301,17/02/2026,10:52,11:08,0,5
1676,1,1223,17/02/2026,11:12,11:23,0,6
1677,1,1191,17/02/2026,11:30,11:48,0,7
1678,1,1152,17/02/2026,11:54,12:09,0,8
1679,1,2800,17/02/2026,12:16,12:41,0,9
1680,1,1110,18/02/2026,09:26,09:35,0,1
1681,1,1023,18/02/2026,09:43,09:51,0,2
1682,1,1010,18/02/2026,09:55,10:17,0,3
1683,1,1224,18/02/2026,10:24,10:35,0,4
1684,1,1437,18/02/2026,10:39,10:48,0,5
1685,1,1214,18/02/2026,10:53,11:10,0,6
1686,1,1041,19/02/2026,09:32,09:49,0,1
1687,1,1021,19/02/2026,09:57,10:27,0,2
1688,1,1206,19/02/2026,10:39,10:48,0,3
1689,1,1166,19/02/2026,10:53,11:15,0,4
1690,1,1369,19/02/2026,11:21,11:39,0,5
1691,1,1117,19/02/2026,11:45,11:57,0,6
1692,1,1036,19/02/2026,12:07,12:15,0,7
1693,1,1122,19/02/2026,12:23,12:30,0,8
1694,1,1353,19/02/2026,12:36,12:43,0,9
1695,1,1250,19/02/2026,12:47,12:57,0,10
1696,1,1145,19/02/2026,13:06,13:13,0,11
1697,1,1404,21/02/2026,09:23,09:44,0,1
1698,1,1187,21/02/2026,09:49,10:08,0,2
1699,1,1331,21/02/2026,10:18,10:27,0,3
1700,1,1313,21/02/2026,10:35,10:55,0,4
1701,1,1021,21/02/2026,10:59,11:12,0,5
1702,1,1122,21/02/2026,11:16,11:41,0,6
1703,1,1211,21/02/2026,11:47,11:54,0,7
1704,1,1250,21/02/2026,12:01,12:14,0,8
1705,1,1173,21/02/2026,12:19,12:28,0,9
1706,1,1420,22/02/2026,09:17,09:42,0,1
1707,1,1395,22/02/2026,09:46,,0,2
1708,1,1227,22/02/2026,10:05,10:24,0,3
1709,1,1126,22/02/2026,10:35,10:54,0,4
1710,1,1327,22/02/2026,11:02,11:27,0,5
1711,1,1167,22/02/2026,11:32,12:01,0,6
1712,1,1214,22/02/2026,12:05,12:17,0,7
1713,1,1055,22/02/2026,12:21,12:46,0,8
1714,1,1255,22/02/2026,12:59,13:16,0,9
1715,1,1331,23/02/2026,09:15,09:37,0,1
1716,1,1110,23/02/2026,09:41,10:01,0,2
1717,1,1093,23/02/2026,10:06,10:19,0,3
1718,1,1289,23/02/2026,10:26,10:39,0,4
1719,1,2800,23/02/2026,10:47,11:00,0,5
1720,1,1009,23/02/2026,11:06,11:17,0,6
1721,1,1014,23/02/2026,11:23,11:43,0,7
1722,1,1317,23/02/2026,11:48,12:04,0,8
1723,1,1208,23/02/2026,12:08,12:41,0,9
1724,1,1154,24/02/2026,09:04,,0,1
1725,1,1113,24/02/2026,09:16,09:30,0,2
1726,1,1073,24/02/2026,09:38,09:51,0,3
1727,1,1424,24/02/2026,09:58,10:10,0,4
1728,1,1077,24/02/2026,10:18,10:39,0,5
1729,1,1178,24/02/2026,10:43,11:04,0,6
1730,1,1316,24/02/2026,11:11,11:29,0,7
1731,1,1227,24/02/2026,11:33,11:49,0,8
1732,1,1312,25/02/2026,09:35,,1,1
1733,1,1183,25/02/2026,09:53,10:15,0,2
1734,1,1190,25/02/2026,10:22,10:41,0,3
1735,1,1171,25/02/2026,10:45,10:52,0,4
1736,1,1384,25/02/2026,10:56,11:03,0,5
1737,1,1114,25/02/2026,11:10,11:18,0,6
1738,1,1408,25/02/2026,11:23,11:41,0,7
1739,1,1043,25/02/2026,11:45,12:03,0,8
1740,1,1364,25/02/2026,12:07,,0,9
1741,1,1033,26/02/2026,09:11,09:24,0,1
1742,1,1208,26/02/2026,09:36,09:43,0,2
1743,1,1050,26/02/2026,09:53,10:06,0,3
1744,1,1244,26/02/2026,10:14,10:36,0,4
1745,1,1277,26/02/2026,10:40,11:01,0,5
1746,1,1160,26/02/2026,11:08,,0,6
1747,1,1050,26/02/2026,11:36,11:43,0,7
1748,1,1388,26/02/2026,11:49,12:11,0,8
1749,1,1178,26/02/2026,12:22,12:37,0,9
1750,1,1212,26/02/2026,12:44,,0,10
1751,1,1094,26/02/2026,13:01,13:22,0,11
1752,1,1060,28/02/2026,09:21,,0,1
1753,1,1028,28/02/2026,09:39,09:58,0,2
1754,1,1348,28/02/2026,10:02,10:22,0,3
1755,1,1002,28/02/2026,10:29,10:45,0,4
1756,1,1220,28/02/2026,10:59,11:20,0,5
1757,1,1276,28/02/2026,11:29,11:48,0,6
1758,1,1108,28/02/2026,11:52,12:11,0,7
1759,1,1316,28/02/2026,12:18,12:25,0,8
1760,1,1263,28/02/2026,12:29,12:52,0,9
1761,1,1170,28/02/2026,12:57,13:21,0,10
1762,1,1288,01/03/2026,09:32,09:47,0,1
1763,1,1116,01/03/2026,09:52,10:15,0,2
1764,1,1431,01/03/2026,10:21,10:32,0,3
1765,1,1259,01/03/2026,10:37,11:03,0,4
1766,1,1134,01/03/2026,11:10,11:25,0,5
1767,1,1086,01/03/2026,11:33,11:49,0,6
1768,1,1100,01/03/2026,11:59,12:06,0,7
1769,1,1268,01/03/2026,12:13,12:33,0,8
1770,1,1271,01/03/2026,12:43,13:01,0,9
1771,1,1222,02/03/2026,09:15,09:36,0,1
1772,1,1003,02/03/2026,09:41,09:55,0,2
1773,1,1084,02/03/2026,10:04,10:19,0,3
1774,1,1402,02/03/2026,10:28,,1,4
1775,1,1178,02/03/2026,10:45,11:00,0,5
1776,1,1038,02/03/2026,11:06,11:32,0,6
1777,1,1263,02/03/2026,11:39,11:46,0,7
1778,1,1191,02/03/2026,11:50,11:57,0,8
1779,1,1083,02/03/2026,12:04,12:28,0,9
1780,1,1012,02/03/2026,12:34,12:53,0,10
1781,1,1110,03/03/2026,09:18,09:34,0,1
1782,1,1179,03/03/2026,09:41,09:53,0,2
1783,1,1167,03/03/2026,10:00,10:12,0,3
1784,1,1138,03/03/2026,10:18,10:53,0,4
1785,1,1051,03/03/2026,10:58,11:14,0,5
1786,1,1255,03/03/2026,11:24,11:44,0,6
1787,1,1171,03/03/2026,11:51,12:03,0,7
1788,1,1382,03/03/2026,12:13,,0,8
1789,1,1283,03/03/2026,12:32,12:53,0,9
1790,1,1038,03/03/2026,13:01,13:26,0,10
1791,1,2805,03/03/2026,13:31,13:55,0,11
1792,1,1050,04/03/2026,09:09,09:23,0,1
1793,1,1331,04/03/2026,09:27,09:35,0,2
1794,1,1351,04/03/2026,09:39,10:04,0,3
1795,1,1387,04/03/2026,10:13,10:31,0,4
1796,1,1204,04/03/2026,10:38,10:58,0,5
1797,1,1426,04/03/2026,11:11,11:20,0,6
1798,1,1371,04/03/2026,11:27,11:45,0,7
1799,1,1153,04/03/2026,11:55,12:02,0,8
1800,1,1346,04/03/2026,12:09,12:34,0,9
1801,1,1337,04/03/2026,12:38,12:57,0,10
1802,1,1394,04/03/2026,13:04,13:16,0,11
1803,1,1102,05/03/2026,09:20,09:32,0,1
1804,1,1048,05/03/2026,09:37,10:04,0,2
1805,1,1276,05/03/2026,10:11,10:43,0,3
1806,1,1083,05/03/2026,10:48,11:12,0,4
1807,1,1170,05/03/2026,11:23,11:37,0,5
1808,1,1341,05/03/2026,11:41,11:52,0,6
1809,1,1415,07/03/2026,09:25,09:44,0,1
1810,1,1380,07/03/2026,09:48,10:08,0,2
1811,1,1190,07/03/2026,10:16,10:23,0,3
1812,1,1410,07/03/2026,10:29,10:40,0,4
1813,1,1314,07/03/2026,10:44,10:59,0,5
1814,1,1422,07/03/2026,11:08,11:15,0,6
1815,1,1423,07/03/2026,11:19,11:49,0,7
1816,1,1081,08/03/2026,09:15,09:44,0,1
1817,1,1044,08/03/2026,09:56,10:14,0,2
1818,1,1094,08/03/2026,10:22,10:34,0,3
1819,1,1170,08/03/2026,10:39,10:59,0,4
1820,1,1275,08/03/2026,11:03,11:16,0,5
1821,1,1396,08/03/2026,11:24,11:39,0,6
1822,1,1369,08/03/2026,11:46,12:09,0,7
1823,1,1208,09/03/2026,09:04,09:37,0,1
1824,1,1113,09/03/2026,09:44,09:56,0,2
1825,1,1038,09/03/2026,10:00,10:12,0,3
1826,1,1036,09/03/2026,10:21,10:28,0,4
1827,1,1397,09/03/2026,10:32,10:57,0,5
1828,1,1083,09/03/2026,11:12,11:35,0,6
1829,1,1086,09/03/2026,11:44,12:11,0,7
1830,1,1153,10/03/2026,09:08,09:19,0,1
1831,1,1168,10/03/2026,09:23,09:36,0,2
1832,1,1023,10/03/2026,09:44,09:51,0,3
1833,1,1034,10/03/2026,09:58,10:09,0,4
1834,1,1215,10/03/2026,10:13,10:22,0,5
1835,1,1243,10/03/2026,10:29,10:40,0,6
1836,1,1263,10/03/2026,10:44,11:04,0,7
1837,1,1220,10/03/2026,11:13,11:20,0,8
1838,1,1344,11/03/2026,09:10,09:22,0,1
1839,1,1355,11/03/2026,09:27,09:34,0,2
1840,1,1350,11/03/2026,09:41,09:58,0,3
1841,1,1237,11/03/2026,10:10,10:30,0,4
1842,1,1024,11/03/2026,10:36,10:51,0,5
1843,1,1389,11/03/2026,10:59,11:06,0,6
1844,1,1286,11/03/2026,11:10,,0,7
1845,1,1081,11/03/2026,11:29,11:42,0,8
1846,1,1421,12/03/2026,09:19,09:40,0,1
1847,1,1209,12/03/2026,09:45,09:58,0,2
1848,1,1125,12/03/2026,10:05,10:20,0,3
1849,1,1346,12/03/2026,10:30,10:58,0,4
1850,1,1437,12/03/2026,11:06,11:13,0,5
1851,1,1209,12/03/2026,11:20,11:28,0,6
1852,1,1307,12/03/2026,11:39,12:03,0,7
1853,1,1049,14/03/2026,09:18,09:47,0,1
1854,1,1156,14/03/2026,09:53,10:04,0,2
1855,1,1146,14/03/2026,10:11,10:22,0,3
1856,1,1131,14/03/2026,10:35,10:59,0,4
1857,1,1418,14/03/2026,11:05,11:16,0,5
1858,1,1068,14/03/2026,11:20,11:36,0,6
1859,1,1389,14/03/2026,11:40,11:47,0,7
1860,1,1349,14/03/2026,11:51,12:13,0,8
1861,1,1437,15/03/2026,09:28,09:44,0,1
1862,1,1168,15/03/2026,09:48,10:10,0,2
1863,1,1000,15/03/2026,10:17,10:32,0,3
1864,1,1220,15/03/2026,10:40,10:54,0,4
1865,1,1106,15/03/2026,11:04,11:20,0,5
1866,1,2818,15/03/2026,11:24,,0,6
1867,1,1282,15/03/2026,11:51,11:58,0,7
1868,1,1188,15/03/2026,12:02,12:11,0,8
1869,1,1199,15/03/2026,12:19,12:35,0,9
1870,1,1201,16/03/2026,09:10,09:31,0,1
1871,1,1430,16/03/2026,09:35,09:42,0,2
1872,1,1210,16/03/2026,09:48,10:08,0,3
1873,1,1374,16/03/2026,10:18,10:36,0,4
1874,1,1247,16/03/2026,10:40,,0,5
1875,1,1378,16/03/2026,10:58,11:16,0,6
1876,1,1280,16/03/2026,11:24,11:31,0,7
1877,1,1332,16/03/2026,11:42,11:54,0,8
1878,1,1374,16/03/2026,12:02,12:30,0,9
1879,1,1067,16/03/2026,12:34,12:50,0,10
1880,1,1237,16/03/2026,12:59,13:20,0,11
1881,1,1426,17/03/2026,09:07,09:28,0,1
1882,1,1148,17/03/2026,09:39,09:47,0,2
1883,1,1102,17/03/2026,09:57,10:20,0,3
1884,1,1068,17/03/2026,10:24,10:48,0,4
1885,1,1317,17/03/2026,10:57,11:12,0,5
1886,1,1027,17/03/2026,11:19,11:37,0,6
1887,1,1381,18/03/2026,09:23,09:32,0,1
1888,1,1064,18/03/2026,09:36,09:54,0,2
1889,1,1048,18/03/2026,10:03,10:20,0,3
1890,1,1157,18/03/2026,10:26,10:33,0,4
1891,1,1062,18/03/2026,10:39,10:53,0,5
1892,1,1236,18/03/2026,10:58,11:11,0,6
1893,1,1152,18/03/2026,11:15,11:32,0,7
1894,1,1130,18/03/2026,11:40,11:47,0,8
1895,1,1250,18/03/2026,11:55,12:06,0,9
1896,1,1001,18/03/2026,12:10,12:19,0,10
1897,1,1014,19/03/2026,09:19,09:37,0,1
1898,1,1439,19/03/2026,09:42,10:02,0,2
1899,1,1081,19/03/2026,10:08,,0,3
1900,1,2802,19/03/2026,10:48,11:20,0,4
1901,1,1409,19/03/2026,11:26,11:33,0,5
1902,1,1396,19/03/2026,11:39,,0,6
1903,1,1431,19/03/2026,12:06,12:25,0,7
1904,1,1401,19/03/2026,12:36,12:53,0,8
1905,1,1295,19/03/2026,13:00,13:15,0,9
1906,1,1261,19/03/2026,13:23,13:40,0,10
1907,1,1144,19/03/2026,13:50,14:06,0,11
1908,1,1213,21/03/2026,09:18,09:31,0,1
1909,1,1109,21/03/2026,09:37,09:52,0,2
1910,1,1110,21/03/2026,10:01,10:08,0,3
1911,1,1402,21/03/2026,10:18,10:33,0,4
1912,1,1215,21/03/2026,10:41,10:48,0,5
1913,1,1242,21/03/2026,10:52,11:06,0,6
1914,1,1332,21/03/2026,11:15,11:22,0,7
1915,1,1054,21/03/2026,11:29,11:47,0,8
1916,1,1178,21/03/2026,11:53,12:10,0,9
1917,1,1381,22/03/2026,09:25,09:36,0,1
1918,1,1090,22/03/2026,09:42,10:03,0,2
1919,1,1413,22/03/2026,10:17,10:47,0,3
1920,1,1009,22/03/2026,10:52,11:10,0,4
1921,1,1181,22/03/2026,11:20,11:39,0,5
1922,1,1397,22/03/2026,11:44,12:09,0,6
1923,1,1124,22/03/2026,12:13,12:25,0,7
1924,1,1332,22/03/2026,12:30,12:40,0,8
1925,1,1173,22/03/2026,12:48,13:06,0,9
1926,1,1421,22/03/2026,13:14,13:38,0,10
1927,1,1291,23/03/2026,09:30,09:38,0,1
1928,1,1145,23/03/2026,09:42,09:49,0,2
1929,1,1373,23/03/2026,09:53,10:08,0,3
1930,1,1016,23/03/2026,10:14,10:21,0,4
1931,1,1307,23/03/2026,10:25,10:48,0,5
1932,1,1397,23/03/2026,10:57,11:24,0,6
1933,1,1264,23/03/2026,11:32,11:55,0,7
1934,1,1208,23/03/2026,12:04,12:19,0,8
1935,1,1283,23/03/2026,12:23,12:40,0,9
1936,1,1220,23/03/2026,12:50,13:04,0,10
1937,1,1263,23/03/2026,13:11,13:18,0,11
1938,1,1420,24/03/2026,09:41,09:52,0,1
1939,1,1075,24/03/2026,09:59,10:16,0,2
1940,1,1136,24/03/2026,10:20,10:30,0,3
1941,1,1124,24/03/2026,10:34,10:51,0,4
1942,1,1398,24/03/2026,11:04,11:11,0,5
1943,1,1150,24/03/2026,11:20,11:43,0,6
1944,1,1030,24/03/2026,11:48,12:06,0,7
1945,1,1233,24/03/2026,12:12,12:25,0,8
1946,1,1204,24/03/2026,12:31,12:55,0,9
1947,1,1334,24/03/2026,13:02,,1,10
1948,1,1328,24/03/2026,13:27,13:40,0,11
1949,1,1010,25/03/2026,09:22,,1,1
1950,1,1063,25/03/2026,09:42,09:59,0,2
1951,1,1025,25/03/2026,10:04,10:24,0,3
1952,1,1012,25/03/2026,10:36,10:51,0,4
1953,1,1081,25/03/2026,10:56,11:11,0,5
1954,1,1345,25/03/2026,11:16,11:27,0,6
1955,1,1269,25/03/2026,11:35,11:45,0,7
1956,1,1282,26/03/2026,09:24,,0,1
1957,1,1325,26/03/2026,09:56,10:19,0,2
1958,1,1334,26/03/2026,10:23,10:30,0,3
1959,1,1163,26/03/2026,10:34,10:43,0,4
1960,1,1033,26/03/2026,10:50,11:13,0,5
1961,1,1366,26/03/2026,11:17,11:37,0,6
1962,1,1166,26/03/2026,11:41,11:54,0,7
1963,1,1272,26/03/2026,12:05,12:25,0,8
1964,1,1125,26/03/2026,12:33,12:45,0,9
1965,1,1076,26/03/2026,12:52,13:13,0,10
1966,1,1074,26/03/2026,13:21,13:32,0,11
1967,1,1005,28/03/2026,09:16,09:41,0,1
1968,1,1421,28/03/2026,09:52,10:03,0,2
1969,1,1073,28/03/2026,10:14,10:39,0,3
1970,1,1355,28/03/2026,10:46,,0,4
1971,1,1301,28/03/2026,11:14,11:27,0,5
1972,1,1259,28/03/2026,11:35,11:48,0,6
1973,1,1187,28/03/2026,11:54,12:01,0,7
1974,1,1263,28/03/2026,12:10,12:28,0,8
1975,1,1099,28/03/2026,12:42,12:55,0,9
1976,1,1110,29/03/2026,09:25,09:44,0,1
1977,1,1302,29/03/2026,09:55,10:03,0,2
1978,1,1306,29/03/2026,10:09,10:20,0,3
1979,1,1388,29/03/2026,10:28,10:54,0,4
1980,1,1236,29/03/2026,11:05,11:20,0,5
1981,1,1280,29/03/2026,11:25,11:45,0,6
1982,1,1021,29/03/2026,11:51,12:08,0,7
1983,1,1383,30/03/2026,09:24,09:39,0,1
1984,1,1255,30/03/2026,09:48,10:07,0,2
1985,1,1363,30/03/2026,10:13,10:20,0,3
1986,1,1253,30/03/2026,10:27,10:47,0,4
1987,1,1317,30/03/2026,10:51,11:11,0,5
1988,1,1161,30/03/2026,11:25,11:32,0,6
1989,1,1167,30/03/2026,11:36,11:54,0,7
1990,1,1108,30/03/2026,11:59,12:13,0,8
1991,1,1388,30/03/2026,12:17,12:26,0,9
1992,1,1381,31/03/2026,09:10,09:17,0,1
1993,1,1242,31/03/2026,09:23,09:41,0,2
1994,1,1225,31/03/2026,09:46,09:57,0,3
1995,1,1173,31/03/2026,10:01,,1,4
1996,1,1041,31/03/2026,10:19,10:42,0,5
1997,1,1026,31/03/2026,10:52,10:59,0,6
1998,1,1168,31/03/2026,11:07,11:27,0,7
1999,1,1049,31/03/2026,11:37,12:01,0,8
2000,1,1003,31/03/2026,12:07,12:21,0,9
2001,1,1322,31/03/2026,12:26,12:49,0,10
2002,1,1133,31/03/2026,12:53,13:06,0,11
2003,1,1178,01/04/2026,09:17,09:29,0,1
2004,1,1163,01/04/2026,09:38,09:52,0,2
2005,1,1150,01/04/2026,09:56,10:18,0,3
2006,1,1153,01/04/2026,10:27,10:40,0,4
2007,1,1133,01/04/2026,10:46,10:57,0,5
2008,1,1353,01/04/2026,11:05,11:13,0,6
2009,1,1144,01/04/2026,11:18,11:31,0,7
2010,1,1243,02/04/2026,09:14,09:32,0,1
2011,1,1296,02/04/2026,09:36,10:01,0,2
2012,1,1405,02/04/2026,10:06,10:29,0,3
2013,1,1171,02/04/2026,10:35,10:44,0,4
2014,1,1210,02/04/2026,10:52,11:01,0,5
2015,1,1084,02/04/2026,11:10,11:25,0,6
2016,1,1247,02/04/2026,11:34,11:51,0,7
2017,1,1087,02/04/2026,11:55,12:03,0,8
2018,1,1159,02/04/2026,12:10,12:17,0,9
2019,1,1423,02/04/2026,12:21,,1,10
2020,1,1197,04/04/2026,09:15,09:43,0,1
2021,1,1104,04/04/2026,09:49,10:04,0,2
2022,1,1415,04/04/2026,10:11,10:25,0,3
2023,1,1360,04/04/2026,10:32,10:40,0,4
2024,1,1187,04/04/2026,10:46,10:57,0,5
2025,1,1058,04/04/2026,11:01,11:17,0,6
2026,1,1113,05/04/2026,09:15,09:34,0,1
2027,1,1160,05/04/2026,09:44,10:00,0,2
2028,1,1106,05/04/2026,10:05,10:15,0,3
2029,1,1124,05/04/2026,10:25,10:35,0,4
2030,1,1077,05/04/2026,10:44,,0,5
2031,1,1000,05/04/2026,11:03,11:20,0,6
2032,1,1045,05/04/2026,11:29,11:37,0,7
2033,1,1230,05/04/2026,11:41,12:00,0,8
2034,1,1413,06/04/2026,09:27,09:51,0,1
2035,1,1239,06/04/2026,09:58,10:05,0,2
2036,1,1179,06/04/2026,10:15,10:26,0,3
2037,1,1347,06/04/2026,10:33,10:40,0,4
2038,1,1437,06/04/2026,10:49,11:08,0,5
2039,1,1183,06/04/2026,11:12,11:28,0,6
2040,1,1132,06/04/2026,11:37,11:45,0,7
2041,1,1258,06/04/2026,11:52,11:59,0,8
2042,1,1164,07/04/2026,09:21,09:46,0,1
2043,1,1389,07/04/2026,09:52,09:59,0,2
2044,1,1259,07/04/2026,10:04,10:29,0,3
2045,1,1261,07/04/2026,10:33,10:53,0,4
2046,1,1015,07/04/2026,10:59,11:11,0,5
2047,1,1124,07/04/2026,11:21,,0,6
2048,1,1302,07/04/2026,11:36,11:52,0,7
2049,1,1405,08/04/2026,09:14,09:37,0,1
2050,1,1271,08/04/2026,09:47,10:05,0,2
2051,1,1125,08/04/2026,10:11,,0,3
2052,1,1241,08/04/2026,10:34,10:53,0,4
2053,1,1436,08/04/2026,11:00,11:09,0,5
2054,1,1081,08/04/2026,11:18,11:46,0,6
2055,1,1371,08/04/2026,11:52,12:07,0,7
2056,1,1326,08/04/2026,12:13,12:20,0,8
2057,1,2805,08/04/2026,12:28,12:35,0,9
2058,1,1296,08/04/2026,12:40,12:51,0,10
2059,1,1296,09/04/2026,09:23,09:33,0,1
2060,1,1122,09/04/2026,09:37,,0,2
2061,1,1156,09/04/2026,09:59,10:18,0,3
2062,1,1397,09/04/2026,10:29,10:45,0,4
2063,1,1384,09/04/2026,10:59,11:06,0,5
2064,1,1368,09/04/2026,11:11,11:33,0,6
2065,1,1289,09/04/2026,11:42,11:54,0,7
2066,1,1348,09/04/2026,12:02,12:15,0,8
2067,1,1250,09/04/2026,12:19,12:26,0,9
2068,1,1332,09/04/2026,12:35,13:00,0,10
2069,1,1104,11/04/2026,09:30,09:37,0,1
2070,1,1410,11/04/2026,09:41,09:58,0,2
2071,1,1088,11/04/2026,10:03,10:15,0,3
2072,1,1316,11/04/2026,10:22,10:37,0,4
2073,1,1362,11/04/2026,10:42,11:01,0,5
2074,1,1192,11/04/2026,11:07,11:27,0,6
2075,1,1399,11/04/2026,11:35,11:49,0,7
2076,1,1411,11/04/2026,11:57,12:09,0,8
2077,1,1115,11/04/2026,12:13,12:37,0,9
2078,1,1127,11/04/2026,12:47,12:58,0,10
2079,1,1091,12/04/2026,09:18,09:52,0,1
2080,1,1397,12/04/2026,10:00,10:22,0,2
2081,1,1305,12/04/2026,10:26,10:40,0,3
2082,1,1418,12/04/2026,10:47,10:58,0,4
2083,1,1005,12/04/2026,11:07,11:16,0,5
2084,1,1071,12/04/2026,11:20,11:27,0,6
2085,1,1010,13/04/2026,09:22,09:31,0,1
2086,1,1409,13/04/2026,09:37,,0,2
2087,1,1291,13/04/2026,09:50,10:16,0,3
2088,1,1164,13/04/2026,10:20,10:27,0,4
2089,1,1037,13/04/2026,10:31,10:40,0,5
2090,1,1104,13/04/2026,10:44,11:08,0,6
2091,1,1159,13/04/2026,11:14,11:24,0,7
2092,1,1091,13/04/2026,11:29,,0,8
2093,1,1071,13/04/2026,11:55,12:15,0,9
2094,1,1273,13/04/2026,12:23,12:30,0,10
2095,1,1368,14/04/2026,09:19,09:38,0,1
2096,1,1230,14/04/2026,09:42,10:03,0,2
2097,1,1030,14/04/2026,10:09,10:17,0,3
2098,1,1116,14/04/2026,10:24,10:39,0,4
2099,1,1266,14/04/2026,10:43,11:02,0,5
2100,1,1167,14/04/2026,11:06,11:33,0,6
2101,1,1087,14/04/2026,11:37,11:44,0,7
2102,1,1202,14/04/2026,11:52,12:03,0,8
2103,1,1168,15/04/2026,09:14,09:32,0,1
2104,1,1268,15/04/2026,09:38,09:56,0,2
2105,1,1417,15/04/2026,10:00,10:17,0,3
2106,1,1430,15/04/2026,10:27,10:48,0,4
2107,1,1052,15/04/2026,10:56,11:22,0,5
2108,1,1089,15/04/2026,11:33,11:49,0,6
2109,1,1132,16/04/2026,09:35,09:53,0,1
2110,1,1088,16/04/2026,09:58,10:14,0,2
2111,1,1319,16/04/2026,10:24,10:35,0,3
2112,1,1064,16/04/2026,10:39,11:03,0,4
2113,1,1263,16/04/2026,11:07,11:27,0,5
2114,1,1380,16/04/2026,11:34,11:52,0,6
2115,1,1076,16/04/2026,11:57,,0,7
2116,1,1417,16/04/2026,12:32,12:43,0,8
2117,1,1245,16/04/2026,12:51,12:58,0,9
2118,1,1003,16/04/2026,13:08,13:28,0,10
2119,1,1301,18/04/2026,09:30,09:37,0,1
2120,1,1205,18/04/2026,09:41,09:53,0,2
2121,1,1414,18/04/2026,10:06,10:28,0,3
2122,1,1378,18/04/2026,10:33,10:40,0,4
2123,1,1295,18/04/2026,10:49,11:00,0,5
2124,1,1048,18/04/2026,11:08,11:24,0,6
2125,1,1077,18/04/2026,11:36,11:47,0,7
2126,1,1185,18/04/2026,11:51,12:09,0,8
2127,1,1254,18/04/2026,12:20,12:35,0,9
2128,1,1326,19/04/2026,09:24,09:31,0,1
2129,1,1078,19/04/2026,09:37,09:46,0,2
2130,1,1182,19/04/2026,09:56,10:17,0,3
2131,1,1182,19/04/2026,10:26,10:52,0,4
2132,1,1185,19/04/2026,11:05,11:24,0,5
2133,1,1148,19/04/2026,11:32,11:39,0,6
2134,1,1139,19/04/2026,11:48,12:04,0,7
2135,1,1344,19/04/2026,12:14,12:30,0,8
2136,1,1249,19/04/2026,12:38,,0,9
2137,1,1250,19/04/2026,12:55,13:11,0,10
2138,1,1168,19/04/2026,13:19,13:26,0,11
2139,1,1377,20/04/2026,09:29,09:53,0,1
2140,1,1149,20/04/2026,09:57,10:15,0,2
2141,1,2800,20/04/2026,10:22,10:41,0,3
2142,1,1223,20/04/2026,10:51,11:01,0,4
2143,1,1113,20/04/2026,11:08,11:15,0,5
2144,1,1425,20/04/2026,11:19,11:37,0,6
2145,1,1102,20/04/2026,11:45,12:07,0,7
2146,1,1271,20/04/2026,12:12,12:36,0,8
2147,1,1238,20/04/2026,12:42,12:58,0,9
2148,1,1127,21/04/2026,09:26,09:42,0,1
2149,1,1364,21/04/2026,09:55,10:23,0,2
2150,1,1369,21/04/2026,10:27,10:47,0,3
2151,1,1278,21/04/2026,10:51,11:06,0,4
2152,1,1363,21/04/2026,11:12,11:36,0,5
2153,1,1239,21/04/2026,11:45,12:15,0,6
2154,1,1030,21/04/2026,12:26,12:40,0,7
2155,1,1274,21/04/2026,12:45,13:03,0,8
2156,1,1308,21/04/2026,13:11,13:34,0,9
2157,1,1131,22/04/2026,09:15,,0,1
2158,1,1015,22/04/2026,09:52,10:09,0,2
2159,1,1286,22/04/2026,10:16,10:33,0,3
2160,1,1012,22/04/2026,10:42,10:56,0,4
2161,1,1242,22/04/2026,11:00,11:07,0,5
2162,1,1310,22/04/2026,11:14,11:37,0,6
2163,1,1149,22/04/2026,11:43,11:59,0,7
2164,1,1328,23/04/2026,09:17,09:31,0,1
2165,1,1083,23/04/2026,09:39,09:55,0,2
2166,1,1037,23/04/2026,10:07,10:22,0,3
2167,1,1167,23/04/2026,10:31,10:58,0,4
2168,1,1191,23/04/2026,11:11,11:18,0,5
2169,1,1022,23/04/2026,11:27,11:34,0,6
2170,1,1170,23/04/2026,11:39,11:50,0,7
2171,1,1212,23/04/2026,11:54,12:11,0,8
2172,1,1110,23/04/2026,12:17,12:24,0,9
2173,1,1384,25/04/2026,09:06,09:13,0,1
2174,1,1257,25/04/2026,09:23,09:35,0,2
2175,1,1350,25/04/2026,09:41,09:52,0,3
2176,1,1005,25/04/2026,10:03,10:29,0,4
2177,1,1209,25/04/2026,10:33,10:52,0,5
2178,1,1340,25/04/2026,10:57,11:12,0,6
2179,1,1320,25/04/2026,11:16,11:38,0,7
2180,1,1220,26/04/2026,09:08,09:18,0,1
2181,1,1085,26/04/2026,09:23,,0,2
2182,1,1294,26/04/2026,09:50,09:58,0,3
2183,1,1226,26/04/2026,10:03,10:18,0,4
2184,1,1308,26/04/2026,10:24,,0,5
2185,1,1212,26/04/2026,10:54,11:01,0,6
2186,1,1138,26/04/2026,11:08,11:38,0,7
2187,1,1185,26/04/2026,11:45,11:59,0,8
2188,1,1209,26/04/2026,12:09,12:16,0,9
2189,1,1303,26/04/2026,12:22,12:40,0,10
2190,1,1052,26/04/2026,12:48,13:10,0,11
2191,1,1422,27/04/2026,09:16,09:27,0,1
2192,1,1379,27/04/2026,09:34,09:41,0,2
2193,1,1081,27/04/2026,09:50,10:04,0,3
2194,1,1047,27/04/2026,10:17,,1,4
2195,1,1325,27/04/2026,10:33,10:49,0,5
2196,1,1034,27/04/2026,10:56,11:08,0,6
2197,1,1076,27/04/2026,11:15,11:33,0,7
2198,1,1409,27/04/2026,11:38,11:52,0,8
2199,1,1362,27/04/2026,11:59,,0,9
2200,1,1257,27/04/2026,12:21,12:32,0,10
2201,1,1192,28/04/2026,09:24,09:36,0,1
2202,1,1391,28/04/2026,09:41,09:51,0,2
2203,1,1227,28/04/2026,09:58,10:13,0,3
2204,1,1148,28/04/2026,10:18,10:30,0,4
2205,1,1090,28/04/2026,10:38,10:45,0,5
2206,1,1086,28/04/2026,10:56,11:23,0,6
2207,1,1033,28/04/2026,11:29,11:48,0,7
2208,1,1236,28/04/2026,11:58,12:19,0,8
2209,1,1283,28/04/2026,12:27,12:40,0,9
2210,1,1410,28/04/2026,12:45,,1,10
2211,1,1134,28/04/2026,13:05,13:19,0,11
2212,1,1102,29/04/2026,09:14,09:36,0,1
2213,1,1199,29/04/2026,09:40,09:52,0,2
2214,1,1416,29/04/2026,09:57,10:10,0,3
2215,1,1160,29/04/2026,10:14,10:38,0,4
2216,1,1103,29/04/2026,10:53,11:10,0,5
2217,1,1326,29/04/2026,11:17,11:24,0,6
2218,1,1264,30/04/2026,09:25,09:45,0,1
2219,1,1324,30/04/2026,09:51,10:04,0,2
2220,1,1383,30/04/2026,10:12,10:19,0,3
2221,1,1267,30/04/2026,10:27,10:49,0,4
2222,1,1332,30/04/2026,10:57,11:07,0,5
2223,1,1274,30/04/2026,11:11,11:27,0,6
2224,1,1195,30/04/2026,11:36,11:56,0,7
2225,1,1436,30/04/2026,12:09,12:26,0,8
2226,1,1322,02/05/2026,09:26,09:35,0,1
2227,1,1036,02/05/2026,09:42,10:00,0,2
2228,1,1238,02/05/2026,10:04,10:11,0,3
2229,1,1146,02/05/2026,10:15,10:27,0,4
2230,1,1379,02/05/2026,10:31,10:38,0,5
2231,1,1089,02/05/2026,10:45,10:54,0,6
2232,1,1078,02/05/2026,10:59,11:16,0,7
2233,1,1215,02/05/2026,11:22,11:38,0,8
2234,1,1051,02/05/2026,11:48,12:02,0,9
2235,1,1382,02/05/2026,12:08,12:28,0,10
2236,1,1439,03/05/2026,09:19,09:44,0,1
2237,1,1054,03/05/2026,09:48,10:04,0,2
2238,1,1274,03/05/2026,10:15,10:33,0,3
2239,1,1164,03/05/2026,10:40,10:52,0,4
2240,1,1196,03/05/2026,10:58,11:07,0,5
2241,1,1411,03/05/2026,11:14,11:25,0,6
2242,1,1132,03/05/2026,11:33,11:54,0,7
2243,1,1267,04/05/2026,09:22,09:36,0,1
2244,1,1362,04/05/2026,09:46,10:05,0,2
2245,1,1266,04/05/2026,10:19,10:42,0,3
2246,1,1042,04/05/2026,10:46,11:17,0,4
2247,1,1021,04/05/2026,11:25,11:47,0,5
2248,1,1349,04/05/2026,11:55,12:20,0,6
2249,1,1419,05/05/2026,09:22,09:44,0,1
2250,1,1283,05/05/2026,09:53,10:18,0,2
2251,1,2804,05/05/2026,10:30,10:38,0,3
2252,1,1189,05/05/2026,10:50,,0,4
2253,1,1343,05/05/2026,11:05,11:25,0,5
2254,1,1180,05/05/2026,11:31,11:53,0,6
2255,1,1233,05/05/2026,11:58,12:18,0,7
2256,1,1039,05/05/2026,12:23,12:43,0,8
2257,1,1006,05/05/2026,12:47,,0,9
2258,1,1100,06/05/2026,09:22,,0,1
2259,1,1042,06/05/2026,09:46,10:02,0,2
2260,1,1115,06/05/2026,10:06,10:19,0,3
2261,1,1399,06/05/2026,10:23,10:32,0,4
2262,1,1152,06/05/2026,10:40,11:05,0,5
2263,1,1046,06/05/2026,11:11,11:32,0,6
2264,1,1296,06/05/2026,11:41,11:53,0,7
2265,1,1220,06/05/2026,12:03,12:21,0,8
2266,1,1051,06/05/2026,12:25,12:54,0,9
2267,1,1010,06/05/2026,13:03,,0,10
2268,1,1113,06/05/2026,13:22,13:45,0,11
2269,1,1384,07/05/2026,09:15,09:22,0,1
2270,1,1342,07/05/2026,09:33,09:50,0,2
2271,1,1194,07/05/2026,09:56,10:15,0,3
2272,1,1313,07/05/2026,10:23,10:44,0,4
2273,1,1229,07/05/2026,10:54,11:12,0,5
2274,1,1387,07/05/2026,11:16,11:34,0,6
2275,1,1199,07/05/2026,11:40,11:59,0,7
2276,1,1124,07/05/2026,12:03,12:10,0,8
2277,1,1167,09/05/2026,09:30,09:50,0,1
2278,1,1050,09/05/2026,10:01,10:16,0,2
2279,1,1291,09/05/2026,10:20,10:27,0,3
2280,1,1277,09/05/2026,10:35,10:50,0,4
2281,1,1173,09/05/2026,10:56,11:03,0,5
2282,1,1137,09/05/2026,11:13,11:26,0,6
2283,1,1100,09/05/2026,11:33,11:43,0,7
2284,1,1435,09/05/2026,11:52,12:09,0,8
2285,1,1341,09/05/2026,12:13,12:35,0,9
2286,1,1398,10/05/2026,09:28,09:35,0,1
2287,1,1239,10/05/2026,09:47,,0,2
2288,1,1283,10/05/2026,10:04,10:16,0,3
2289,1,1262,10/05/2026,10:20,,0,4
2290,1,1132,10/05/2026,10:41,10:48,0,5
2291,1,1166,10/05/2026,10:58,,0,6
2292,1,1401,10/05/2026,11:22,11:33,0,7
2293,1,1040,10/05/2026,11:38,11:47,0,8
2294,1,1025,10/05/2026,11:52,,0,9
2295,1,1328,10/05/2026,12:19,12:43,0,10
2296,1,1202,10/05/2026,12:49,13:17,0,11
2297,1,1326,11/05/2026,09:22,09:33,0,1
2298,1,1057,11/05/2026,09:39,09:50,0,2
2299,1,1073,11/05/2026,09:57,,0,3
2300,1,1369,11/05/2026,10:23,10:30,0,4
2301,1,1055,11/05/2026,10:44,10:59,0,5
2302,1,1420,11/05/2026,11:05,11:29,0,6
2303,1,1357,11/05/2026,11:34,12:03,0,7
2304,1,1031,11/05/2026,12:12,12:33,0,8
2305,1,1353,11/05/2026,12:37,12:44,0,9
2306,1,1423,11/05/2026,12:48,13:05,0,10
2307,1,1190,11/05/2026,13:10,13:32,0,11
2308,1,1270,12/05/2026,09:28,09:35,0,1
2309,1,1408,12/05/2026,09:40,09:50,0,2
2310,1,1384,12/05/2026,09:57,10:04,0,3
2311,1,1422,12/05/2026,10:11,10:18,0,4
2312,1,1083,12/05/2026,10:24,10:43,0,5
2313,1,1213,12/05/2026,10:47,,0,6
2314,1,1387,13/05/2026,09:22,09:40,0,1
2315,1,1350,13/05/2026,09:45,10:05,0,2
2316,1,1357,13/05/2026,10:09,10:37,0,3
2317,1,1076,13/05/2026,10:45,11:15,0,4
2318,1,1041,13/05/2026,11:25,11:46,0,5
2319,1,1230,13/05/2026,11:57,12:04,0,6
2320,1,1195,13/05/2026,12:08,12:21,0,7
2321,1,1028,13/05/2026,12:27,12:46,0,8
2322,1,1233,13/05/2026,12:58,13:16,0,9
2323,1,1413,14/05/2026,09:26,09:43,0,1
2324,1,1144,14/05/2026,09:47,10:02,0,2
2325,1,1307,14/05/2026,10:08,10:28,0,3
2326,1,1348,14/05/2026,10:37,10:57,0,4
2327,1,1430,14/05/2026,11:05,11:20,0,5
2328,1,1341,14/05/2026,11:24,11:32,0,6
2329,1,1041,14/05/2026,11:43,11:58,0,7
2330,1,1211,14/05/2026,12:04,12:11,0,8
2331,1,1273,16/05/2026,09:17,09:38,0,1
2332,1,1033,16/05/2026,09:45,10:05,0,2
2333,1,1397,16/05/2026,10:09,10:17,0,3
2334,1,1054,16/05/2026,10:24,10:41,0,4
2335,1,1020,16/05/2026,10:48,11:07,0,5
2336,1,1344,16/05/2026,11:12,11:19,0,6
2337,1,1000,17/05/2026,09:26,09:49,0,1
2338,1,1128,17/05/2026,09:55,10:05,0,2
2339,1,1123,17/05/2026,10:13,10:35,0,3
2340,1,1045,17/05/2026,10:41,10:48,0,4
2341,1,1326,17/05/2026,10:55,11:08,0,5
2342,1,1098,17/05/2026,11:16,,0,6
2343,1,1038,17/05/2026,11:51,12:01,0,7
2344,1,1302,17/05/2026,12:09,12:24,0,8
2345,1,1359,17/05/2026,12:34,12:50,0,9
2346,1,1205,17/05/2026,12:56,13:03,0,10
2347,1,1362,18/05/2026,09:30,09:49,0,1
2348,1,1115,18/05/2026,09:57,10:22,0,2
2349,1,1328,18/05/2026,10:26,10:34,0,3
2350,1,1226,18/05/2026,10:41,10:57,0,4
2351,1,2814,18/05/2026,11:05,,0,5
2352,1,1409,18/05/2026,11:31,11:38,0,6
2353,1,1195,18/05/2026,11:47,11:54,0,7
2354,1,1005,18/05/2026,11:59,12:07,0,8
2355,1,1281,19/05/2026,09:34,09:55,0,1
2356,1,1285,19/05/2026,10:00,10:14,0,2
2357,1,1349,19/05/2026,10:18,10:44,0,3
2358,1,1226,19/05/2026,10:50,11:08,0,4
2359,1,1283,19/05/2026,11:12,11:38,0,5
2360,1,1368,19/05/2026,11:45,12:03,0,6
2361,1,1073,19/05/2026,12:08,12:27,0,7
2362,1,1302,19/05/2026,12:31,12:54,0,8
2363,1,1221,20/05/2026,09:09,09:29,0,1
2364,1,1164,20/05/2026,09:36,10:00,0,2
2365,1,1027,20/05/2026,10:08,10:30,0,3
2366,1,1276,20/05/2026,10:35,11:02,0,4
2367,1,1198,20/05/2026,11:11,11:24,0,5
2368,1,1202,20/05/2026,11:29,12:02,0,6
2369,1,1417,21/05/2026,09:23,09:34,0,1
2370,1,1060,21/05/2026,09:43,10:03,0,2
2371,1,1013,21/05/2026,10:09,10:20,0,3
2372,1,1030,21/05/2026,10:25,10:43,0,4
2373,1,1265,21/05/2026,10:47,11:09,0,5
2374,1,1397,21/05/2026,11:13,11:20,0,6
2375,1,1052,23/05/2026,09:10,09:24,0,1
2376,1,1287,23/05/2026,09:28,09:39,0,2
2377,1,1211,23/05/2026,09:49,10:08,0,3
2378,1,1044,23/05/2026,10:13,10:20,0,4
2379,1,1307,23/05/2026,10:24,10:48,0,5
2380,1,1061,23/05/2026,10:56,11:17,0,6
2381,1,1244,23/05/2026,11:21,11:42,0,7
2382,1,1279,23/05/2026,11:46,12:03,0,8
2383,1,1387,24/05/2026,09:16,09:23,0,1
2384,1,1312,24/05/2026,09:27,09:34,0,2
2385,1,1378,24/05/2026,09:46,09:53,0,3
2386,1,1403,24/05/2026,10:05,10:15,0,4
2387,1,1325,24/05/2026,10:22,10:36,0,5
2388,1,1218,24/05/2026,10:41,10:48,0,6
2389,1,1249,24/05/2026,10:52,11:02,0,7
2390,1,1086,24/05/2026,11:10,11:27,0,8
2391,1,1389,24/05/2026,11:34,11:41,0,9
2392,1,1146,25/05/2026,09:09,09:30,0,1
2393,1,1195,25/05/2026,09:38,09:45,0,2
2394,1,1239,25/05/2026,09:51,10:15,0,3
2395,1,1314,25/05/2026,10:21,10:30,0,4
2396,1,1133,25/05/2026,10:34,10:53,0,5
2397,1,1317,25/05/2026,10:58,11:05,0,6
2398,1,1137,26/05/2026,09:07,09:22,0,1
2399,1,1045,26/05/2026,09:30,09:44,0,2
2400,1,1145,26/05/2026,09:48,10:14,0,3
2401,1,1256,26/05/2026,10:20,10:46,0,4
2402,1,1305,26/05/2026,10:50,11:14,0,5
2403,1,1241,26/05/2026,11:22,11:39,0,6
2404,1,1423,26/05/2026,11:43,12:05,0,7
2405,1,1320,26/05/2026,12:15,12:24,0,8
2406,1,1170,26/05/2026,12:31,12:49,0,9
2407,1,1410,26/05/2026,12:57,,0,10
2408,1,1048,26/05/2026,13:15,13:38,0,11
2409,1,1300,27/05/2026,09:08,09:23,0,1
2410,1,1203,27/05/2026,09:32,09:53,0,2
2411,1,1005,27/05/2026,09:57,10:29,0,3
2412,1,1222,27/05/2026,10:41,11:00,0,4
2413,1,1337,27/05/2026,11:10,11:26,0,5
2414,1,1151,27/05/2026,11:32,11:51,0,6
2415,1,1313,27/05/2026,11:55,12:13,0,7
2416,1,1093,27/05/2026,12:17,12:27,0,8
2417,1,1230,27/05/2026,12:34,,0,9
2418,1,1374,27/05/2026,12:49,,0,10
2419,1,1085,28/05/2026,09:16,09:25,0,1
2420,1,1208,28/05/2026,09:33,,0,2
2421,1,1160,28/05/2026,09:59,,0,3
2422,1,1212,28/05/2026,10:21,10:28,0,4
2423,1,1426,28/05/2026,10:38,10:53,0,5
2424,1,1357,28/05/2026,10:59,11:25,0,6
2425,1,1262,28/05/2026,11:29,11:48,0,7
2426,1,1122,28/05/2026,11:54,12:11,0,8
2427,1,2812,30/05/2026,09:14,09:21,0,1
2428,1,1005,30/05/2026,09:30,09:51,0,2
2429,1,1353,30/05/2026,09:55,10:07,0,3
2430,1,1036,30/05/2026,10:12,10:19,0,4
2431,1,1390,30/05/2026,10:29,10:48,0,5
2432,1,1218,30/05/2026,10:54,11:09,0,6
2433,1,1320,30/05/2026,11:17,11:37,0,7
2434,1,1291,31/05/2026,09:28,09:35,0,1
2435,1,1098,31/05/2026,09:40,10:01,0,2
2436,1,1152,31/05/2026,10:05,10:24,0,3
2437,1,1324,31/05/2026,10:31,10:50,0,4
2438,1,1051,31/05/2026,10:56,11:16,0,5
2439,1,1317,31/05/2026,11:25,11:32,0,6
2440,1,1051,01/06/2026,09:28,09:43,0,1
2441,1,1263,01/06/2026,09:49,10:00,0,2
2442,1,1439,01/06/2026,10:08,10:16,0,3
2443,1,1181,01/06/2026,10:25,10:49,0,4
2444,1,1349,01/06/2026,10:53,11:14,0,5
2445,1,1201,01/06/2026,11:18,11:51,0,6
2446,1,1051,01/06/2026,11:57,12:22,0,7
2447,1,1154,01/06/2026,12:29,12:45,0,8
2448,1,1265,01/06/2026,12:52,13:09,0,9
2449,1,1130,01/06/2026,13:19,13:32,0,10
2450,1,1154,02/06/2026,09:09,09:29,0,1
2451,1,1016,02/06/2026,09:39,09:49,0,2
2452,1,1305,02/06/2026,09:56,10:24,0,3
2453,1,1298,02/06/2026,10:29,10:39,0,4
2454,1,1242,02/06/2026,10:46,11:03,0,5
2455,1,1301,02/06/2026,11:10,11:22,0,6
2456,1,1055,02/06/2026,11:28,11:45,0,7
2457,1,1150,02/06/2026,11:56,12:15,0,8
2458,1,1100,02/06/2026,12:23,12:42,0,9
2459,1,1077,02/06/2026,12:50,13:01,0,10
2460,1,1228,02/06/2026,13:09,,0,11
2461,1,1230,03/06/2026,09:24,09:40,0,1
2462,1,1357,03/06/2026,09:46,10:01,0,2
2463,1,1174,03/06/2026,10:05,10:15,0,3
2464,1,1224,03/06/2026,10:19,10:27,0,4
2465,1,1211,03/06/2026,10:35,10:42,0,5
2466,1,1384,03/06/2026,10:49,10:58,0,6
2467,1,1039,03/06/2026,11:04,11:26,0,7
2468,1,1027,03/06/2026,11:36,11:52,0,8
2469,1,1316,03/06/2026,11:56,12:15,0,9
2470,1,1316,03/06/2026,12:19,12:26,0,10
2471,1,1181,04/06/2026,09:31,09:50,0,1
2472,1,1421,04/06/2026,10:00,10:30,0,2
2473,1,1048,04/06/2026,10:37,10:55,0,3
2474,1,1355,04/06/2026,11:02,11:21,0,4
2475,1,1181,04/06/2026,11:28,11:52,0,5
2476,1,1414,04/06/2026,11:56,12:23,0,6
2477,1,1119,04/06/2026,12:27,12:44,0,7
2478,1,1068,04/06/2026,12:51,13:10,0,8
2479,1,1174,04/06/2026,13:15,13:31,0,9
2480,1,1181,04/06/2026,13:36,13:43,0,10
2481,1,1347,06/06/2026,09:18,09:42,0,1
2482,1,1355,06/06/2026,09:48,10:06,0,2
2483,1,1266,06/06/2026,10:10,10:19,0,3
2484,1,1399,06/06/2026,10:27,,1,4
2485,1,1437,06/06/2026,10:45,11:01,0,5
2486,1,1226,06/06/2026,11:06,11:25,0,6
2487,1,1028,06/06/2026,11:32,11:59,0,7
2488,1,1416,07/06/2026,09:12,09:30,0,1
2489,1,1300,07/06/2026,09:37,09:54,0,2
2490,1,1147,07/06/2026,09:59,10:18,0,3
2491,1,1159,07/06/2026,10:25,10:34,0,4
2492,1,1377,07/06/2026,10:44,10:55,0,5
2493,1,1030,07/06/2026,11:03,,0,6
2494,1,1206,07/06/2026,11:29,11:45,0,7
2495,1,1180,07/06/2026,11:49,11:56,0,8
2496,1,1088,08/06/2026,09:31,,0,1
2497,1,1084,08/06/2026,10:10,10:27,0,2
2498,1,1241,08/06/2026,10:41,10:49,0,3
2499,1,1325,08/06/2026,11:01,11:24,0,4
2500,1,1331,08/06/2026,11:32,11:50,0,5
2501,1,1236,08/06/2026,12:01,12:23,0,6
2502,1,1202,08/06/2026,12:31,,0,7
2503,1,1371,08/06/2026,12:45,13:12,0,8
2504,1,1282,09/06/2026,09:23,09:38,0,1
2505,1,1271,09/06/2026,09:43,10:07,0,2
2506,1,1050,09/06/2026,10:15,10:22,0,3
2507,1,1028,09/06/2026,10:26,10:43,0,4
2508,1,1426,09/06/2026,10:53,11:16,0,5
2509,1,1180,09/06/2026,11:20,11:30,0,6
2510,1,1196,09/06/2026,11:36,11:49,0,7
2511,1,1261,09/06/2026,11:54,12:04,0,8
2512,1,1210,09/06/2026,12:11,12:18,0,9
2513,1,1144,09/06/2026,12:22,12:38,0,10
2514,1,1180,10/06/2026,09:13,09:27,0,1
2515,1,1385,10/06/2026,09:31,09:51,0,2
2516,1,1154,10/06/2026,10:01,10:21,0,3
2517,1,1125,10/06/2026,10:26,10:47,0,4
2518,1,1368,10/06/2026,11:00,11:23,0,5
2519,1,1017,10/06/2026,11:28,11:54,0,6
2520,1,1117,10/06/2026,11:58,12:10,0,7
2521,1,1145,10/06/2026,12:15,12:37,0,8
2522,1,1105,11/06/2026,09:26,09:47,0,1
2523,1,1220,11/06/2026,09:51,10:11,0,2
2524,1,1287,11/06/2026,10:18,10:25,0,3
2525,1,1230,11/06/2026,10:34,10:53,0,4
2526,1,1210,11/06/2026,11:02,11:09,0,5
2527,1,1364,11/06/2026,11:13,11:31,0,6
2528,1,1021,11/06/2026,11:38,11:59,0,7
2529,1,1346,13/06/2026,09:21,09:43,0,1
2530,1,1237,13/06/2026,09:54,10:15,0,2
2531,1,1212,13/06/2026,10:25,10:38,0,3
2532,1,1380,13/06/2026,10:44,10:52,0,4
2533,1,1286,13/06/2026,10:56,,0,5
2534,1,1314,13/06/2026,11:15,11:36,0,6
2535,1,1018,13/06/2026,11:40,11:52,0,7
2536,1,1187,14/06/2026,09:31,09:45,0,1
2537,1,1343,14/06/2026,09:49,,0,2
2538,1,1353,14/06/2026,10:23,10:41,0,3
2539,1,1105,14/06/2026,10:54,11:07,0,4
2540,1,1161,14/06/2026,11:11,,0,5
2541,1,1102,14/06/2026,11:39,11:52,0,6
2542,1,1123,14/06/2026,11:56,12:03,0,7
2543,1,1041,14/06/2026,12:12,12:34,0,8
2544,1,1060,14/06/2026,12:41,12:59,0,9
2545,1,1239,14/06/2026,13:05,13:17,0,10
2546,1,1289,14/06/2026,13:22,13:39,0,11
2547,1,1139,15/06/2026,09:22,09:48,0,1
2548,1,1006,15/06/2026,09:52,10:07,0,2
2549,1,1289,15/06/2026,10:11,10:22,0,3
2550,1,1136,15/06/2026,10:31,10:41,0,4
2551,1,1353,15/06/2026,10:48,10:55,0,5
2552,1,1089,15/06/2026,10:59,11:16,0,6
2553,1,1219,15/06/2026,11:26,11:33,0,7
2554,1,1427,15/06/2026,11:41,12:07,0,8
2555,1,1262,15/06/2026,12:14,12:37,0,9
2556,1,1345,15/06/2026,12:45,,1,10
2557,1,1109,16/06/2026,09:30,09:37,0,1
2558,1,1285,16/06/2026,09:41,09:59,0,2
2559,1,1081,16/06/2026,10:06,10:32,0,3
2560,1,1057,16/06/2026,10:41,10:48,0,4
2561,1,1353,16/06/2026,11:04,11:14,0,5
2562,1,1270,16/06/2026,11:19,,0,6
2563,1,1128,16/06/2026,11:47,12:01,0,7
2564,1,1314,16/06/2026,12:10,12:20,0,8
2565,1,1101,16/06/2026,12:24,12:36,0,9
2566,1,1300,16/06/2026,12:47,13:04,0,10
2567,1,1198,16/06/2026,13:15,13:36,0,11
2568,1,1138,17/06/2026,09:26,09:49,0,1
2569,1,1275,17/06/2026,09:55,10:17,0,2
2570,1,1424,17/06/2026,10:25,10:32,0,3
2571,1,1439,17/06/2026,10:36,10:52,0,4
2572,1,1197,17/06/2026,10:56,11:04,0,5
2573,1,1017,17/06/2026,11:13,11:28,0,6
2574,1,1135,17/06/2026,11:34,11:46,0,7
2575,1,1032,17/06/2026,11:50,11:57,0,8
2576,1,1025,18/06/2026,09:16,09:33,0,1
2577,1,1131,18/06/2026,09:43,09:53,0,2
2578,1,2814,18/06/2026,10:01,10:10,0,3
2579,1,1324,18/06/2026,10:19,,0,4
2580,1,1255,18/06/2026,10:42,11:01,0,5
2581,1,1414,18/06/2026,11:08,11:31,0,6
2582,1,1397,18/06/2026,11:36,12:04,0,7
2583,1,1305,18/06/2026,12:08,12:15,0,8
2584,1,1187,18/06/2026,12:19,12:26,0,9
2585,1,1403,20/06/2026,09:16,09:31,0,1
2586,1,1119,20/06/2026,09:43,09:54,0,2
2587,1,1206,20/06/2026,09:58,,0,3
2588,1,1108,20/06/2026,10:20,10:44,0,4
2589,1,1343,20/06/2026,10:52,11:08,0,5
2590,1,1005,20/06/2026,11:17,11:38,0,6
2591,1,1247,20/06/2026,11:42,12:00,0,7
2592,1,1168,20/06/2026,12:06,12:28,0,8
2593,1,2818,20/06/2026,12:39,13:00,0,9
2594,1,1326,20/06/2026,13:07,13:14,0,10
2595,1,1132,20/06/2026,13:21,13:34,0,11
2596,1,1128,21/06/2026,09:28,09:46,0,1
2597,1,1208,21/06/2026,09:59,10:16,0,2
2598,1,1077,21/06/2026,10:26,10:35,0,3
2599,1,1233,21/06/2026,10:42,11:00,0,4
2600,1,1425,21/06/2026,11:04,11:29,0,5
2601,1,1337,21/06/2026,11:33,11:49,0,6
2602,1,1401,21/06/2026,11:57,12:16,0,7
2603,1,1388,21/06/2026,12:23,12:36,0,8
2604,1,2802,21/06/2026,12:49,13:04,0,9
2605,1,2812,21/06/2026,13:08,13:17,0,10
2606,1,1422,22/06/2026,09:18,09:34,0,1
2607,1,1116,22/06/2026,09:42,10:05,0,2
2608,1,1263,22/06/2026,10:09,10:25,0,3
2609,1,1247,22/06/2026,10:34,10:56,0,4
2610,1,1422,22/06/2026,11:03,11:12,0,5
2611,1,1326,22/06/2026,11:16,11:36,0,6
2612,1,1153,22/06/2026,11:41,11:52,0,7
2613,1,1304,22/06/2026,11:56,12:17,0,8
2614,1,1246,23/06/2026,09:14,09:35,0,1
2615,1,1367,23/06/2026,09:39,09:46,0,2
2616,1,1355,23/06/2026,09:51,10:20,0,3
2617,1,1227,23/06/2026,10:26,10:43,0,4
2618,1,1304,23/06/2026,10:50,11:07,0,5
2619,1,1214,23/06/2026,11:20,11:38,0,6
2620,1,1093,23/06/2026,11:42,11:49,0,7
2621,1,1277,23/06/2026,11:58,12:12,0,8
2622,1,1377,23/06/2026,12:16,12:33,0,9
2623,1,1188,24/06/2026,09:17,09:31,0,1
2624,1,1327,24/06/2026,09:35,09:43,0,2
2625,1,1109,24/06/2026,09:49,10:04,0,3
2626,1,1324,24/06/2026,10:09,10:28,0,4
2627,1,1404,24/06/2026,10:35,10:52,0,5
2628,1,1295,24/06/2026,10:56,11:03,0,6
2629,1,1239,24/06/2026,11:07,11:28,0,7
2630,1,1188,24/06/2026,11:38,12:00,0,8
2631,1,1391,24/06/2026,12:06,12:13,0,9
2632,1,1110,24/06/2026,12:21,12:32,0,10
2633,1,1119,25/06/2026,09:32,09:50,0,1
2634,1,2812,25/06/2026,09:54,10:12,0,2
2635,1,1427,25/06/2026,10:22,10:45,0,3
2636,1,1151,25/06/2026,10:53,11:06,0,4
2637,1,1247,25/06/2026,11:14,11:40,0,5
2638,1,1243,25/06/2026,11:48,12:04,0,6
2639,1,1099,25/06/2026,12:17,12:30,0,7
2640,1,1058,25/06/2026,12:37,12:48,0,8
2641,1,1054,25/06/2026,12:57,13:12,0,9
2642,1,1204,25/06/2026,13:16,13:38,0,10
2643,1,1034,27/06/2026,09:24,09:44,0,1
2644,1,1043,27/06/2026,09:51,,0,2
2645,1,1353,27/06/2026,10:09,10:16,0,3
2646,1,1088,27/06/2026,10:28,10:50,0,4
2647,1,1269,27/06/2026,11:00,11:28,0,5
2648,1,1003,27/06/2026,11:37,11:48,0,6
2649,1,1249,28/06/2026,09:24,09:41,0,1
2650,1,1094,28/06/2026,09:47,10:16,0,2
2651,1,1346,28/06/2026,10:24,10:47,0,3
2652,1,1060,28/06/2026,10:54,11:05,0,4
2653,1,1251,28/06/2026,11:10,11:30,0,5
2654,1,1057,28/06/2026,11:34,11:41,0,6
2655,1,1301,29/06/2026,09:33,09:49,0,1
2656,1,1173,29/06/2026,09:58,10:08,0,2
2657,1,1344,29/06/2026,10:19,10:35,0,3
2658,1,1288,29/06/2026,10:43,11:01,0,4
2659,1,1252,29/06/2026,11:07,11:18,0,5
2660,1,1078,29/06/2026,11:25,11:33,0,6
2661,1,1074,29/06/2026,11:41,11:59,0,7
2662,1,1237,29/06/2026,12:06,12:24,0,8
2663,1,1123,29/06/2026,12:30,12:48,0,9
2664,1,1246,29/06/2026,12:59,13:15,0,10
2665,1,2814,30/06/2026,09:19,09:34,0,1
2666,1,1220,30/06/2026,09:38,09:53,0,2
2667,1,1068,30/06/2026,09:59,10:23,0,3
2668,1,1248,30/06/2026,10:37,10:52,0,4
2669,1,1010,30/06/2026,11:04,11:13,0,5
2670,1,1385,30/06/2026,11:17,11:34,0,6
2671,1,1228,30/06/2026,11:43,,0,7
2672,1,1319,01/07/2026,09:14,09:26,0,1
2673,1,1328,01/07/2026,09:34,09:43,0,2
2674,1,1301,01/07/2026,09:49,10:00,0,3
2675,1,1249,01/07/2026,10:06,10:16,0,4
2676,1,1185,01/07/2026,10:21,10:46,0,5
2677,1,1279,01/07/2026,10:57,11:14,0,6
2678,1,1216,01/07/2026,11:18,11:30,0,7
2679,1,1055,01/07/2026,11:38,11:57,0,8
2680,1,1010,01/07/2026,12:04,12:21,0,9
2681,1,1104,01/07/2026,12:27,12:35,0,10
2682,1,1136,01/07/2026,12:39,12:55,0,11
2683,1,1383,02/07/2026,09:07,09:27,0,1
2684,1,1145,02/07/2026,09:31,09:48,0,2
2685,1,1368,02/07/2026,09:52,10:25,0,3
2686,1,1279,02/07/2026,10:29,10:45,0,4
2687,1,1132,02/07/2026,10:55,11:15,0,5
2688,1,1205,02/07/2026,11:20,11:32,0,6
2689,1,1381,04/07/2026,09:18,09:33,0,1
2690,1,1053,04/07/2026,09:40,10:05,0,2
2691,1,1138,04/07/2026,10:10,10:23,0,3
2692,1,1015,04/07/2026,10:29,10:45,0,4
2693,1,1352,04/07/2026,10:55,11:05,0,5
2694,1,1212,04/07/2026,11:13,11:26,0,6
2695,1,1083,04/07/2026,11:31,,0,7
2696,1,1106,04/07/2026,11:58,12:10,0,8
2697,1,1283,04/07/2026,12:14,,0,9
2698,1,1308,04/07/2026,12:45,13:11,0,10
2699,1,1033,05/07/2026,09:31,09:44,0,1
2700,1,1381,05/07/2026,09:55,10:09,0,2
2701,1,1126,05/07/2026,10:17,10:40,0,3
2702,1,1211,05/07/2026,10:48,11:00,0,4
2703,1,1418,05/07/2026,11:10,11:38,0,5
2704,1,1298,05/07/2026,11:48,12:11,0,6
2705,1,1436,05/07/2026,12:16,12:41,0,7
2706,1,1086,05/07/2026,12:51,13:14,0,8
2707,1,1034,05/07/2026,13:18,13:43,0,9
2708,1,1067,05/07/2026,13:56,14:20,0,10
2709,1,1203,06/07/2026,09:14,09:33,0,1
2710,1,1065,06/07/2026,09:39,09:55,0,2
2711,1,1261,06/07/2026,10:10,,0,3
2712,1,1063,06/07/2026,10:26,10:33,0,4
2713,1,1018,06/07/2026,10:43,11:04,0,5
2714,1,1149,06/07/2026,11:08,11:30,0,6
2715,1,1028,06/07/2026,11:37,11:49,0,7
2716,1,1319,06/07/2026,11:53,12:12,0,8
2717,1,1230,06/07/2026,12:17,12:35,0,9
2718,1,1390,07/07/2026,09:18,09:32,0,1
2719,1,1078,07/07/2026,09:36,09:46,0,2
2720,1,1187,07/07/2026,09:50,09:57,0,3
2721,1,1436,07/07/2026,10:03,10:21,0,4
2722,1,1316,07/07/2026,10:26,10:33,0,5
2723,1,1052,07/07/2026,10:37,10:56,0,6
2724,1,1131,08/07/2026,09:21,09:51,0,1
2725,1,1093,08/07/2026,09:55,10:02,0,2
2726,1,1276,08/07/2026,10:06,10:19,0,3
2727,1,1000,08/07/2026,10:31,10:57,0,4
2728,1,1064,08/07/2026,11:06,11:26,0,5
2729,1,1137,08/07/2026,11:30,11:52,0,6
2730,1,1021,08/07/2026,11:56,12:22,0,7
2731,1,1226,08/07/2026,12:26,12:54,0,8
2732,1,1346,08/07/2026,13:01,13:33,0,9
2733,1,1307,08/07/2026,13:37,14:02,0,10
2734,1,1357,09/07/2026,09:13,09:27,0,1
2735,1,1334,09/07/2026,09:38,09:56,0,2
2736,1,1298,09/07/2026,10:01,10:16,0,3
2737,1,1181,09/07/2026,10:27,10:48,0,4
2738,1,1110,09/07/2026,10:55,11:04,0,5
2739,1,1144,09/07/2026,11:12,,1,6
2740,1,1271,11/07/2026,09:14,09:32,0,1
2741,1,1374,11/07/2026,09:40,09:47,0,2
2742,1,1233,11/07/2026,09:51,10:08,0,3
2743,1,1182,11/07/2026,10:15,10:31,0,4
2744,1,1163,11/07/2026,10:38,11:00,0,5
2745,1,1246,11/07/2026,11:04,11:34,0,6
2746,1,1320,11/07/2026,11:39,12:02,0,7
2747,1,1162,12/07/2026,09:26,09:51,0,1
2748,1,1343,12/07/2026,09:55,,0,2
2749,1,1357,12/07/2026,10:25,,0,3
2750,1,1409,12/07/2026,10:52,11:11,0,4
2751,1,1135,12/07/2026,11:21,11:34,0,5
2752,1,1087,12/07/2026,11:39,11:47,0,6
2753,1,1025,13/07/2026,09:20,09:48,0,1
2754,1,1127,13/07/2026,09:52,10:01,0,2
2755,1,1063,13/07/2026,10:05,10:27,0,3
2756,1,1295,13/07/2026,10:39,10:47,0,4
2757,1,1135,13/07/2026,10:53,11:06,0,5
2758,1,1220,13/07/2026,11:10,11:26,0,6
2759,1,1049,13/07/2026,11:33,12:01,0,7
2760,1,1287,13/07/2026,12:10,12:17,0,8
2761,1,1269,13/07/2026,12:23,12:47,0,9
2762,1,1028,13/07/2026,12:51,13:11,0,10
2763,1,1326,14/07/2026,09:18,09:50,0,1
2764,1,1137,14/07/2026,09:58,,1,2
2765,1,1346,14/07/2026,10:26,10:51,0,3
2766,1,1091,14/07/2026,10:59,11:19,0,4
2767,1,1015,14/07/2026,11:27,11:38,0,5
2768,1,1198,14/07/2026,11:45,12:05,0,6
2769,1,1331,14/07/2026,12:12,12:46,0,7
2770,1,1337,15/07/2026,09:20,09:35,0,1
2771,1,1181,15/07/2026,09:47,10:06,0,2
2772,1,1328,15/07/2026,10:10,10:21,0,3
2773,1,1388,15/07/2026,10:28,10:50,0,4
2774,1,1250,15/07/2026,11:01,11:14,0,5
2775,1,1414,15/07/2026,11:18,11:27,0,6
2776,1,1239,15/07/2026,11:34,11:46,0,7
2777,1,1282,15/07/2026,11:52,12:05,0,8
2778,1,1092,15/07/2026,12:12,12:21,0,9
2779,1,1435,15/07/2026,12:33,12:55,0,10
2780,1,1246,15/07/2026,13:02,13:19,0,11
2781,1,1311,16/07/2026,09:22,09:40,0,1
2782,1,1058,16/07/2026,09:49,10:03,0,2
2783,1,1168,16/07/2026,10:07,10:14,0,3
2784,1,1248,16/07/2026,10:20,10:28,0,4
2785,1,1012,16/07/2026,10:35,,0,5
2786,1,1322,16/07/2026,11:19,11:27,0,6
2787,1,1364,16/07/2026,11:35,11:58,0,7
2788,1,1078,16/07/2026,12:02,12:24,0,8
2789,1,1237,16/07/2026,12:28,12:56,0,9
2790,1,1351,16/07/2026,13:04,13:33,0,10
2791,1,2805,16/07/2026,13:39,13:51,0,11
2792,1,1197,18/07/2026,09:25,09:45,0,1
2793,1,1209,18/07/2026,09:49,09:58,0,2
2794,1,1146,18/07/2026,10:05,10:22,0,3
2795,1,1371,18/07/2026,10:28,10:49,0,4
2796,1,1326,18/07/2026,10:55,11:20,0,5
2797,1,1350,18/07/2026,11:28,11:49,0,6
2798,1,1394,18/07/2026,11:53,12:11,0,7
2799,1,1049,18/07/2026,12:17,12:39,0,8
2800,1,1301,19/07/2026,09:25,09:36,0,1
2801,1,1190,19/07/2026,09:44,09:52,0,2
2802,1,1162,19/07/2026,09:59,10:16,0,3
2803,1,1204,19/07/2026,10:24,10:32,0,4
2804,1,1270,19/07/2026,10:38,,0,5
2805,1,1302,19/07/2026,11:05,11:12,0,6
2806,1,1178,19/07/2026,11:17,11:41,0,7
2807,1,1009,19/07/2026,11:46,11:53,0,8
2808,1,1174,19/07/2026,12:03,12:10,0,9
2809,1,1409,20/07/2026,09:18,09:39,0,1
2810,1,1419,20/07/2026,09:48,10:05,0,2
2811,1,1366,20/07/2026,10:15,10:22,0,3
2812,1,1051,20/07/2026,10:26,10:37,0,4
2813,1,1168,20/07/2026,10:41,10:48,0,5
2814,1,1411,20/07/2026,10:53,11:13,0,6
2815,1,1397,20/07/2026,11:19,11:30,0,7
2816,1,2804,21/07/2026,09:25,09:36,0,1
2817,1,1427,21/07/2026,09:45,10:05,0,2
2818,1,1087,21/07/2026,10:11,,0,3
2819,1,1021,21/07/2026,10:22,10:47,0,4
2820,1,1419,21/07/2026,10:51,11:11,0,5
2821,1,1013,21/07/2026,11:19,11:45,0,6
2822,1,1182,22/07/2026,09:14,09:28,0,1
2823,1,1410,22/07/2026,09:39,10:03,0,2
2824,1,1322,22/07/2026,10:08,10:32,0,3
2825,1,1024,22/07/2026,10:44,11:02,0,4
2826,1,1126,22/07/2026,11:07,11:34,0,5
2827,1,1175,22/07/2026,11:38,,0,6
2828,1,1051,22/07/2026,11:58,12:21,0,7
2829,1,1148,22/07/2026,12:31,12:50,0,8
2830,1,1090,22/07/2026,12:58,13:05,0,9
2831,1,1285,23/07/2026,09:11,09:22,0,1
2832,1,1241,23/07/2026,09:27,09:34,0,2
2833,1,1208,23/07/2026,09:41,10:05,0,3
2834,1,1045,23/07/2026,10:12,10:19,0,4
2835,1,1232,23/07/2026,10:23,10:34,0,5
2836,1,1271,23/07/2026,10:42,11:04,0,6
2837,1,1156,23/07/2026,11:11,11:23,0,7
2838,1,1394,23/07/2026,11:28,11:47,0,8
2839,1,1032,25/07/2026,09:22,09:29,0,1
2840,1,1241,25/07/2026,09:38,09:46,0,2
2841,1,1212,25/07/2026,09:50,09:57,0,3
2842,1,1303,25/07/2026,10:03,,0,4
2843,1,1421,25/07/2026,10:33,10:49,0,5
2844,1,1321,25/07/2026,10:54,11:04,0,6
2845,1,1263,25/07/2026,11:08,11:23,0,7
2846,1,1050,25/07/2026,11:31,11:38,0,8
2847,1,2805,25/07/2026,11:45,12:02,0,9
2848,1,1341,26/07/2026,09:31,09:53,0,1
2849,1,1416,26/07/2026,09:59,10:21,0,2
2850,1,1236,26/07/2026,10:25,10:42,0,3
2851,1,1012,26/07/2026,10:50,11:08,0,4
2852,1,1152,26/07/2026,11:18,11:36,0,5
2853,1,1052,26/07/2026,11:41,,0,6
2854,1,1127,26/07/2026,12:14,12:23,0,7
2855,1,1206,27/07/2026,09:21,09:42,0,1
2856,1,1178,27/07/2026,09:52,10:15,0,2
2857,1,1088,27/07/2026,10:20,10:43,0,3
2858,1,1300,27/07/2026,10:49,11:01,0,4
2859,1,1325,27/07/2026,11:09,11:16,0,5
2860,1,1147,27/07/2026,11:28,11:36,0,6
2861,1,1020,27/07/2026,11:42,11:52,0,7
2862,1,1063,27/07/2026,12:05,12:26,0,8
2863,1,1347,27/07/2026,12:36,12:45,0,9
2864,1,1074,28/07/2026,09:18,09:35,0,1
2865,1,1148,28/07/2026,09:39,09:46,0,2
2866,1,1245,28/07/2026,09:51,10:01,0,3
2867,1,1013,28/07/2026,10:08,10:16,0,4
2868,1,1052,28/07/2026,10:27,10:57,0,5
2869,1,1328,28/07/2026,11:06,11:21,0,6
2870,1,1380,29/07/2026,09:32,,0,1
2871,1,1379,29/07/2026,10:05,10:16,0,2
2872,1,1012,29/07/2026,10:20,10:38,0,3
2873,1,1308,29/07/2026,10:42,10:49,0,4
2874,1,1210,29/07/2026,10:53,11:07,0,5
2875,1,1244,29/07/2026,11:11,11:26,0,6
2876,1,1085,29/07/2026,11:33,11:40,0,7
2877,1,1000,29/07/2026,11:47,12:03,0,8
2878,1,1430,29/07/2026,12:07,12:27,0,9
2879,1,1127,29/07/2026,12:33,12:55,0,10
2880,1,1049,30/07/2026,09:15,09:38,0,1
2881,1,1243,30/07/2026,09:46,10:11,0,2
2882,1,1013,30/07/2026,10:15,10:28,0,3
2883,1,1230,30/07/2026,10:32,10:52,0,4
2884,1,1039,30/07/2026,10:56,11:06,0,5
2885,1,1117,30/07/2026,11:13,11:27,0,6
2886,1,1166,30/07/2026,11:31,11:38,0,7
2887,1,1216,30/07/2026,11:45,12:07,0,8
2888,1,1389,30/07/2026,12:11,12:19,0,9
2889,1,1215,01/08/2026,09:18,09:29,0,1
2890,1,1280,01/08/2026,09:37,09:49,0,2
2891,1,1051,01/08/2026,10:03,10:10,0,3
2892,1,1125,01/08/2026,10:14,10:38,0,4
2893,1,1173,01/08/2026,10:45,10:59,0,5
2894,1,1206,01/08/2026,11:13,11:27,0,6
2895,1,1305,01/08/2026,11:31,11:43,0,7
2896,1,1280,01/08/2026,11:54,,1,8
2897,1,1138,02/08/2026,09:21,09:37,0,1
2898,1,1133,02/08/2026,09:44,09:59,0,2
2899,1,1105,02/08/2026,10:06,10:26,0,3
2900,1,1374,02/08/2026,10:33,10:54,0,4
2901,1,1041,02/08/2026,11:02,11:21,0,5
2902,1,1283,02/08/2026,11:27,,0,6
2903,1,1164,03/08/2026,09:24,09:39,0,1
2904,1,1150,03/08/2026,09:43,10:02,0,2
2905,1,1040,03/08/2026,10:14,10:44,0,3
2906,1,1139,03/08/2026,10:51,11:21,0,4
2907,1,1277,03/08/2026,11:33,11:40,0,5
2908,1,1255,03/08/2026,11:49,12:05,0,6
2909,1,2805,03/08/2026,12:15,,0,7
2910,1,1229,03/08/2026,12:35,12:54,0,8
2911,1,1141,03/08/2026,13:00,13:10,0,9
2912,1,2800,04/08/2026,09:07,09:26,0,1
2913,1,1077,04/08/2026,09:34,,1,2
2914,1,2802,04/08/2026,09:50,10:11,0,3
2915,1,1003,04/08/2026,10:15,10:32,0,4
2916,1,1432,04/08/2026,10:40,11:03,0,5
2917,1,1202,04/08/2026,11:11,11:31,0,6
2918,1,1332,04/08/2026,11:39,11:46,0,7
2919,1,1263,04/08/2026,11:59,12:19,0,8
2920,1,1067,05/08/2026,09:29,09:45,0,1
2921,1,1031,05/08/2026,09:49,10:07,0,2
2922,1,1032,05/08/2026,10:16,,0,3
2923,1,1023,05/08/2026,10:31,10:44,0,4
2924,1,1364,05/08/2026,10:48,11:07,0,5
2925,1,1346,05/08/2026,11:14,11:27,0,6
2926,1,1100,06/08/2026,09:25,,0,1
2927,1,1422,06/08/2026,09:52,09:59,0,2
2928,1,1205,06/08/2026,10:09,10:17,0,3
2929,1,1218,06/08/2026,10:21,,0,4
2930,1,1021,06/08/2026,10:41,10:54,0,5
2931,1,1239,06/08/2026,11:01,11:21,0,6
2932,1,1225,08/08/2026,09:20,09:27,0,1
2933,1,1264,08/08/2026,09:31,09:40,0,2
2934,1,1423,08/08/2026,09:44,09:55,0,3
2935,1,1167,08/08/2026,09:59,10:25,0,4
2936,1,1229,08/08/2026,10:33,10:50,0,5
2937,1,1105,08/08/2026,11:03,11:24,0,6
2938,1,1244,08/08/2026,11:30,11:45,0,7
2939,1,1371,08/08/2026,11:52,12:02,0,8
2940,1,1018,08/08/2026,12:06,12:23,0,9
2941,1,1328,08/08/2026,12:27,,0,10
2942,1,1216,09/08/2026,09:10,09:30,0,1
2943,1,1431,09/08/2026,09:39,09:58,0,2
2944,1,1215,09/08/2026,10:05,10:20,0,3
2945,1,1413,09/08/2026,10:27,10:44,0,4
2946,1,1139,09/08/2026,10:51,11:07,0,5
2947,1,1196,09/08/2026,11:16,11:32,0,6
2948,1,1205,10/08/2026,09:32,09:39,0,1
2949,1,1268,10/08/2026,09:45,09:55,0,2
2950,1,1192,10/08/2026,09:59,10:24,0,3
2951,1,1316,10/08/2026,10:28,10:35,0,4
2952,1,1380,10/08/2026,10:42,10:58,0,5
2953,1,1263,10/08/2026,11:05,11:13,0,6
2954,1,1218,11/08/2026,09:26,09:43,0,1
2955,1,1170,11/08/2026,09:47,10:11,0,2
2956,1,1110,11/08/2026,10:22,10:37,0,3
2957,1,2818,11/08/2026,10:46,11:13,0,4
2958,1,1422,11/08/2026,11:18,11:32,0,5
2959,1,1341,11/08/2026,11:40,11:53,0,6
2960,1,1366,11/08/2026,11:57,12:09,0,7
2961,1,1274,11/08/2026,12:20,12:37,0,8
2962,1,1126,11/08/2026,12:41,12:52,0,9
2963,1,1428,12/08/2026,09:32,09:54,0,1
2964,1,1175,12/08/2026,10:03,10:17,0,2
2965,1,1106,12/08/2026,10:25,10:57,0,3
2966,1,1230,12/08/2026,11:06,11:21,0,4
2967,1,1394,12/08/2026,11:25,11:47,0,5
2968,1,1084,12/08/2026,11:54,12:18,0,6
2969,1,1133,12/08/2026,12:27,12:34,0,7
2970,1,1127,12/08/2026,12:41,12:48,0,8
2971,1,1225,12/08/2026,12:53,13:01,0,9
2972,1,1420,13/08/2026,09:27,09:43,0,1
2973,1,1181,13/08/2026,09:50,10:09,0,2
2974,1,1399,13/08/2026,10:17,10:28,0,3
2975,1,1106,13/08/2026,10:36,10:52,0,4
2976,1,1424,13/08/2026,10:56,11:19,0,5
2977,1,1068,13/08/2026,11:24,11:41,0,6
2978,1,1061,13/08/2026,11:50,12:13,0,7
2979,1,1364,13/08/2026,12:19,,0,8
2980,1,1262,13/08/2026,12:45,13:01,0,9
2981,1,1038,13/08/2026,13:12,13:21,0,10
2982,1,1000,15/08/2026,09:32,09:47,0,1
2983,1,1228,15/08/2026,09:51,10:13,0,2
2984,1,1237,15/08/2026,10:20,10:35,0,3
2985,1,1104,15/08/2026,10:44,11:02,0,4
2986,1,1303,15/08/2026,11:07,11:18,0,5
2987,1,1233,15/08/2026,11:30,11:42,0,6
2988,1,1274,15/08/2026,11:48,12:04,0,7
2989,1,1137,15/08/2026,12:11,12:28,0,8
2990,1,1223,15/08/2026,12:32,12:49,0,9
2991,1,1054,16/08/2026,09:08,09:28,0,1
2992,1,1312,16/08/2026,09:37,09:44,0,2
2993,1,1200,16/08/2026,09:48,09:58,0,3
2994,1,1208,16/08/2026,10:10,,0,4
2995,1,1438,16/08/2026,10:34,10:48,0,5
2996,1,1382,16/08/2026,10:55,11:19,0,6
2997,1,1039,17/08/2026,09:16,09:28,0,1
2998,1,1248,17/08/2026,09:34,09:46,0,2
2999,1,1202,17/08/2026,09:58,10:15,0,3
3000,1,1032,17/08/2026,10:20,10:29,0,4
3001,1,1395,17/08/2026,10:35,10:43,0,5
3002,1,1303,17/08/2026,10:51,10:58,0,6
3003,1,1093,17/08/2026,11:04,11:18,0,7
3004,1,1308,18/08/2026,09:35,09:56,0,1
3005,1,1085,18/08/2026,10:00,10:09,0,2
3006,1,1188,18/08/2026,10:13,10:29,0,3
3007,1,1067,18/08/2026,10:37,10:59,0,4
3008,1,1083,18/08/2026,11:03,11:17,0,5
3009,1,1141,18/08/2026,11:24,11:34,0,6
3010,1,1065,18/08/2026,11:39,11:55,0,7
3011,1,1249,19/08/2026,09:13,09:27,0,1
3012,1,1352,19/08/2026,09:35,,0,2
3013,1,1238,19/08/2026,10:04,10:28,0,3
3014,1,1077,19/08/2026,10:33,10:46,0,4
3015,1,1270,19/08/2026,10:58,11:23,0,5
3016,1,1159,19/08/2026,11:27,11:46,0,6
3017,1,1285,19/08/2026,11:52,12:13,0,7
3018,1,1359,19/08/2026,12:23,12:45,0,8
3019,1,1068,19/08/2026,12:53,13:13,0,9
3020,1,1214,19/08/2026,13:17,13:44,0,10
3021,1,1244,19/08/2026,13:48,14:05,0,11
3022,2,1794,01/07/2025,09:23,09:32,0,1
3023,2,1834,01/07/2025,09:41,09:51,0,2
3024,2,2806,01/07/2025,09:58,10:06,0,3
3025,2,1840,01/07/2025,10:13,10:23,0,4
3026,2,1514,01/07/2025,10:29,10:48,0,5
3027,2,1796,01/07/2025,10:53,11:06,0,6
3028,2,1591,01/07/2025,11:12,11:27,0,7
3029,2,1805,01/07/2025,11:31,11:42,0,8
3030,2,1643,01/07/2025,11:53,12:11,0,9
3031,2,1514,01/07/2025,12:21,12:36,0,10
3032,2,1552,01/07/2025,12:40,12:55,0,11
3033,2,1643,02/07/2025,09:27,09:54,0,1
3034,2,1462,02/07/2025,10:02,10:26,0,2
3035,2,1631,02/07/2025,10:33,10:58,0,3
3036,2,1829,02/07/2025,11:02,11:35,0,4
3037,2,1454,02/07/2025,11:43,11:51,0,5
3038,2,1709,02/07/2025,11:57,12:12,0,6
3039,2,1870,02/07/2025,12:20,12:28,0,7
3040,2,1560,02/07/2025,12:37,12:59,0,8
3041,2,1773,02/07/2025,13:08,13:20,0,9
3042,2,1792,03/07/2025,09:24,09:47,0,1
3043,2,1553,03/07/2025,09:55,10:06,0,2
3044,2,1711,03/07/2025,10:10,10:26,0,3
3045,2,1888,03/07/2025,10:30,10:50,0,4
3046,2,1742,03/07/2025,10:58,11:13,0,5
3047,2,1713,03/07/2025,11:21,11:48,0,6
3048,2,1759,03/07/2025,11:58,12:05,0,7
3049,2,1654,03/07/2025,12:15,12:39,0,8
3050,2,1818,05/07/2025,09:08,09:32,0,1
3051,2,1831,05/07/2025,09:41,10:01,0,2
3052,2,1636,05/07/2025,10:05,10:23,0,3
3053,2,1459,05/07/2025,10:33,10:55,0,4
3054,2,1453,05/07/2025,10:59,11:15,0,5
3055,2,1522,05/07/2025,11:28,11:44,0,6
3056,2,1514,05/07/2025,11:48,12:01,0,7
3057,2,1789,05/07/2025,12:09,12:23,0,8
3058,2,1531,06/07/2025,09:09,09:21,0,1
3059,2,1531,06/07/2025,09:33,09:45,0,2
3060,2,1702,06/07/2025,09:49,10:00,0,3
3061,2,1574,06/07/2025,10:04,10:25,0,4
3062,2,1739,06/07/2025,10:37,10:45,0,5
3063,2,1780,06/07/2025,10:54,11:19,0,6
3064,2,1623,06/07/2025,11:30,11:37,0,7
3065,2,1855,07/07/2025,09:20,09:27,0,1
3066,2,1595,07/07/2025,09:35,09:45,0,2
3067,2,1834,07/07/2025,09:49,10:10,0,3
3068,2,1730,07/07/2025,10:15,10:38,0,4
3069,2,1552,07/07/2025,10:47,11:15,0,5
3070,2,1845,07/07/2025,11:19,11:38,0,6
3071,2,2813,07/07/2025,11:48,12:05,0,7
3072,2,1485,08/07/2025,09:34,09:51,0,1
3073,2,1777,08/07/2025,10:01,10:13,0,2
3074,2,1763,08/07/2025,10:22,10:37,0,3
3075,2,1619,08/07/2025,10:47,11:06,0,4
3076,2,1522,08/07/2025,11:14,11:41,0,5
3077,2,1873,08/07/2025,11:49,12:15,0,6
3078,2,1832,09/07/2025,09:18,09:32,0,1
3079,2,1615,09/07/2025,09:39,10:00,0,2
3080,2,1705,09/07/2025,10:12,10:34,0,3
3081,2,1687,09/07/2025,10:41,,0,4
3082,2,1673,09/07/2025,11:02,11:18,0,5
3083,2,1731,09/07/2025,11:27,11:49,0,6
3084,2,1618,10/07/2025,09:28,09:43,0,1
3085,2,1880,10/07/2025,09:47,10:04,0,2
3086,2,1502,10/07/2025,10:13,10:36,0,3
3087,2,1720,10/07/2025,10:43,11:02,0,4
3088,2,1513,10/07/2025,11:06,,0,5
3089,2,1779,10/07/2025,11:17,11:41,0,6
3090,2,1487,10/07/2025,11:45,12:07,0,7
3091,2,1482,10/07/2025,12:12,12:19,0,8
3092,2,1871,10/07/2025,12:26,12:43,0,9
3093,2,1869,12/07/2025,09:17,09:39,0,1
3094,2,1788,12/07/2025,09:49,10:08,0,2
3095,2,1605,12/07/2025,10:13,10:20,0,3
3096,2,1659,12/07/2025,10:24,10:31,0,4
3097,2,1637,12/07/2025,10:36,,1,5
3098,2,1784,12/07/2025,11:05,11:28,0,6
3099,2,1770,12/07/2025,11:35,11:52,0,7
3100,2,1771,12/07/2025,12:01,,0,8
3101,2,2823,12/07/2025,12:23,12:41,0,9
3102,2,1684,12/07/2025,12:51,13:06,0,10
3103,2,1734,12/07/2025,13:13,13:29,0,11
3104,2,1785,13/07/2025,09:21,09:44,0,1
3105,2,1706,13/07/2025,09:57,10:10,0,2
3106,2,1785,13/07/2025,10:17,10:26,0,3
3107,2,1512,13/07/2025,10:30,10:43,0,4
3108,2,1468,13/07/2025,10:47,11:07,0,5
3109,2,1654,13/07/2025,11:17,11:34,0,6
3110,2,1459,13/07/2025,11:38,11:56,0,7
3111,2,1835,13/07/2025,12:00,12:14,0,8
3112,2,1815,13/07/2025,12:18,12:36,0,9
3113,2,1706,13/07/2025,12:41,12:52,0,10
3114,2,1706,14/07/2025,09:10,09:22,0,1
3115,2,1706,14/07/2025,09:27,09:51,0,2
3116,2,1749,14/07/2025,10:01,10:11,0,3
3117,2,1769,14/07/2025,10:15,,0,4
3118,2,1445,14/07/2025,10:30,,0,5
3119,2,1861,14/07/2025,10:52,11:12,0,6
3120,2,1521,14/07/2025,11:17,11:42,0,7
3121,2,1811,14/07/2025,11:49,,0,8
3122,2,1457,14/07/2025,12:07,12:29,0,9
3123,2,1522,14/07/2025,12:38,13:06,0,10
3124,2,1861,14/07/2025,13:10,13:26,0,11
3125,2,1515,15/07/2025,09:28,09:38,0,1
3126,2,1879,15/07/2025,09:47,10:04,0,2
3127,2,1664,15/07/2025,10:09,10:27,0,3
3128,2,1524,15/07/2025,10:35,11:00,0,4
3129,2,1615,15/07/2025,11:10,11:33,0,5
3130,2,1730,15/07/2025,11:37,11:59,0,6
3131,2,1492,15/07/2025,12:06,,0,7
3132,2,1792,16/07/2025,09:22,09:29,0,1
3133,2,2803,16/07/2025,09:38,09:45,0,2
3134,2,1790,16/07/2025,09:52,10:12,0,3
3135,2,1593,16/07/2025,10:22,10:41,0,4
3136,2,1760,16/07/2025,10:52,11:05,0,5
3137,2,1652,16/07/2025,11:12,11:25,0,6
3138,2,2808,16/07/2025,11:37,11:53,0,7
3139,2,1663,16/07/2025,12:03,12:38,0,8
3140,2,1692,16/07/2025,12:45,12:58,0,9
3141,2,1731,17/07/2025,09:19,09:32,0,1
3142,2,1889,17/07/2025,09:45,09:58,0,2
3143,2,1869,17/07/2025,10:11,10:25,0,3
3144,2,1510,17/07/2025,10:33,10:50,0,4
3145,2,1686,17/07/2025,10:55,,0,5
3146,2,1888,17/07/2025,11:22,11:32,0,6
3147,2,1557,17/07/2025,11:36,11:57,0,7
3148,2,1642,17/07/2025,12:04,12:13,0,8
3149,2,1869,19/07/2025,09:21,09:34,0,1
3150,2,1779,19/07/2025,09:44,10:02,0,2
3151,2,1869,19/07/2025,10:06,10:16,0,3
3152,2,1524,19/07/2025,10:22,10:43,0,4
3153,2,1666,19/07/2025,10:48,11:09,0,5
3154,2,1514,19/07/2025,11:20,11:54,0,6
3155,2,1752,20/07/2025,09:30,09:46,0,1
3156,2,1614,20/07/2025,09:50,10:05,0,2
3157,2,1771,20/07/2025,10:09,10:33,0,3
3158,2,1772,20/07/2025,10:37,10:54,0,4
3159,2,1852,20/07/2025,10:58,11:05,0,5
3160,2,1598,20/07/2025,11:09,11:18,0,6
3161,2,1483,20/07/2025,11:24,11:44,0,7
3162,2,1646,20/07/2025,11:50,12:02,0,8
3163,2,1602,20/07/2025,12:08,12:17,0,9
3164,2,1507,20/07/2025,12:32,12:51,0,10
3165,2,1709,20/07/2025,12:55,13:05,0,11
3166,2,1694,21/07/2025,09:32,09:57,0,1
3167,2,1672,21/07/2025,10:01,10:14,0,2
3168,2,1575,21/07/2025,10:20,10:38,0,3
3169,2,1760,21/07/2025,10:47,11:00,0,4
3170,2,1867,21/07/2025,11:06,11:14,0,5
3171,2,1888,21/07/2025,11:19,11:38,0,6
3172,2,1840,21/07/2025,11:44,,0,7
3173,2,1739,21/07/2025,12:11,12:18,0,8
3174,2,1880,21/07/2025,12:22,12:29,0,9
3175,2,1688,22/07/2025,09:24,09:33,0,1
3176,2,1700,22/07/2025,09:40,09:53,0,2
3177,2,1476,22/07/2025,10:00,10:10,0,3
3178,2,1611,22/07/2025,10:16,10:27,0,4
3179,2,1857,22/07/2025,10:38,10:53,0,5
3180,2,1678,22/07/2025,11:02,11:09,0,6
3181,2,1668,22/07/2025,11:13,11:27,0,7
3182,2,1864,23/07/2025,09:16,09:34,0,1
3183,2,1527,23/07/2025,09:42,09:52,0,2
3184,2,1611,23/07/2025,10:03,10:10,0,3
3185,2,1481,23/07/2025,10:15,10:37,0,4
3186,2,1560,23/07/2025,10:46,10:57,0,5
3187,2,1839,23/07/2025,11:01,11:13,0,6
3188,2,1782,23/07/2025,11:20,11:35,0,7
3189,2,1521,23/07/2025,11:42,11:58,0,8
3190,2,1743,23/07/2025,12:08,12:17,0,9
3191,2,1725,23/07/2025,12:22,12:45,0,10
3192,2,1648,23/07/2025,12:53,13:14,0,11
3193,2,1791,24/07/2025,09:21,09:31,0,1
3194,2,1525,24/07/2025,09:37,09:53,0,2
3195,2,1651,24/07/2025,10:05,10:17,0,3
3196,2,1848,24/07/2025,10:27,10:38,0,4
3197,2,1584,24/07/2025,10:44,11:00,0,5
3198,2,1691,24/07/2025,11:12,11:20,0,6
3199,2,1871,24/07/2025,11:26,11:47,0,7
3200,2,1447,26/07/2025,09:26,09:36,0,1
3201,2,1687,26/07/2025,09:40,09:56,0,2
3202,2,1625,26/07/2025,10:08,10:33,0,3
3203,2,1586,26/07/2025,10:42,11:05,0,4
3204,2,1742,26/07/2025,11:09,11:19,0,5
3205,2,1684,26/07/2025,11:27,11:38,0,6
3206,2,1823,26/07/2025,11:48,12:00,0,7
3207,2,1888,26/07/2025,12:04,12:17,0,8
3208,2,1846,27/07/2025,09:07,09:29,0,1
3209,2,1445,27/07/2025,09:37,09:47,0,2
3210,2,1609,27/07/2025,09:54,10:10,0,3
3211,2,1870,27/07/2025,10:14,10:24,0,4
3212,2,1834,27/07/2025,10:36,10:49,0,5
3213,2,1736,27/07/2025,10:54,11:01,0,6
3214,2,1537,27/07/2025,11:11,11:32,0,7
3215,2,1759,27/07/2025,11:43,11:53,0,8
3216,2,1538,27/07/2025,12:04,12:20,0,9
3217,2,1513,28/07/2025,09:18,09:25,0,1
3218,2,1663,28/07/2025,09:32,10:02,0,2
3219,2,1715,28/07/2025,10:11,10:40,0,3
3220,2,1758,28/07/2025,10:47,11:02,0,4
3221,2,1789,28/07/2025,11:08,11:24,0,5
3222,2,1668,28/07/2025,11:29,11:46,0,6
3223,2,1794,28/07/2025,11:53,12:00,0,7
3224,2,2810,28/07/2025,12:08,12:28,0,8
3225,2,1810,28/07/2025,12:32,12:56,0,9
3226,2,1799,28/07/2025,13:01,13:16,0,10
3227,2,1658,28/07/2025,13:20,13:45,0,11
3228,2,1865,29/07/2025,09:08,09:24,0,1
3229,2,1672,29/07/2025,09:28,09:51,0,2
3230,2,1646,29/07/2025,09:57,,0,3
3231,2,1533,29/07/2025,10:10,10:17,0,4
3232,2,1483,29/07/2025,10:21,10:40,0,5
3233,2,1602,29/07/2025,10:44,10:58,0,6
3234,2,1525,29/07/2025,11:10,11:22,0,7
3235,2,1852,29/07/2025,11:29,11:48,0,8
3236,2,1465,30/07/2025,09:07,09:18,0,1
3237,2,1704,30/07/2025,09:29,09:36,0,2
3238,2,1530,30/07/2025,09:45,10:01,0,3
3239,2,1636,30/07/2025,10:07,,0,4
3240,2,2806,30/07/2025,10:36,10:44,0,5
3241,2,1643,30/07/2025,10:54,11:08,0,6
3242,2,1800,30/07/2025,11:19,11:43,0,7
3243,2,1855,30/07/2025,11:50,12:01,0,8
3244,2,1773,30/07/2025,12:05,12:17,0,9
3245,2,1851,30/07/2025,12:22,12:38,0,10
3246,2,1820,30/07/2025,12:44,12:59,0,11
3247,2,1845,31/07/2025,09:14,09:32,0,1
3248,2,1751,31/07/2025,09:36,09:48,0,2
3249,2,1882,31/07/2025,09:52,10:06,0,3
3250,2,1521,31/07/2025,10:12,10:40,0,4
3251,2,1731,31/07/2025,10:50,11:10,0,5
3252,2,1455,31/07/2025,11:25,11:43,0,6
3253,2,1886,31/07/2025,11:47,12:04,0,7
3254,2,1473,31/07/2025,12:08,12:18,0,8
3255,2,1581,31/07/2025,12:27,12:34,0,9
3256,2,1643,31/07/2025,12:38,,0,10
3257,2,1505,31/07/2025,13:15,13:37,0,11
3258,2,1817,02/08/2025,09:23,09:36,0,1
3259,2,1874,02/08/2025,09:40,10:02,0,2
3260,2,1525,02/08/2025,10:10,10:18,0,3
3261,2,1726,02/08/2025,10:27,10:53,0,4
3262,2,1743,02/08/2025,10:58,11:15,0,5
3263,2,1567,02/08/2025,11:19,11:33,0,6
3264,2,1725,02/08/2025,11:37,,1,7
3265,2,1565,02/08/2025,11:55,12:05,0,8
3266,2,1715,03/08/2025,09:17,09:35,0,1
3267,2,1483,03/08/2025,09:39,10:02,0,2
3268,2,1823,03/08/2025,10:10,10:32,0,3
3269,2,1712,03/08/2025,10:46,,1,4
3270,2,1640,03/08/2025,11:01,11:11,0,5
3271,2,1642,03/08/2025,11:18,11:47,0,6
3272,2,1642,03/08/2025,11:51,12:06,0,7
3273,2,1870,04/08/2025,09:09,09:24,0,1
3274,2,1730,04/08/2025,09:28,09:42,0,2
3275,2,1808,04/08/2025,09:46,10:04,0,3
3276,2,1711,04/08/2025,10:13,10:34,0,4
3277,2,1685,04/08/2025,10:43,10:55,0,5
3278,2,1851,04/08/2025,11:04,11:21,0,6
3279,2,1669,04/08/2025,11:29,11:48,0,7
3280,2,1484,04/08/2025,11:52,12:09,0,8
3281,2,1482,04/08/2025,12:13,12:20,0,9
3282,2,1829,04/08/2025,12:24,12:53,0,10
3283,2,1584,04/08/2025,13:00,13:07,0,11
3284,2,1544,05/08/2025,09:18,09:36,0,1
3285,2,2803,05/08/2025,09:45,09:55,0,2
3286,2,1802,05/08/2025,10:09,10:38,0,3
3287,2,1526,05/08/2025,10:47,11:05,0,4
3288,2,1654,05/08/2025,11:12,11:28,0,5
3289,2,1625,05/08/2025,11:40,11:56,0,6
3290,2,1534,05/08/2025,12:03,12:24,0,7
3291,2,1826,05/08/2025,12:28,12:35,0,8
3292,2,1538,05/08/2025,12:40,13:04,0,9
3293,2,1860,05/08/2025,13:09,13:16,0,10
3294,2,1736,06/08/2025,09:29,09:41,0,1
3295,2,1877,06/08/2025,09:46,10:02,0,2
3296,2,2806,06/08/2025,10:07,10:19,0,3
3297,2,1640,06/08/2025,10:25,10:42,0,4
3298,2,1455,06/08/2025,10:47,10:59,0,5
3299,2,1669,06/08/2025,11:03,11:27,0,6
3300,2,1763,06/08/2025,11:32,11:41,0,7
3301,2,1878,06/08/2025,11:49,12:07,0,8
3302,2,1530,06/08/2025,12:14,12:45,0,9
3303,2,1644,06/08/2025,12:49,13:10,0,10
3304,2,1819,06/08/2025,13:19,13:40,0,11
3305,2,1871,07/08/2025,09:27,09:43,0,1
3306,2,1479,07/08/2025,09:50,10:21,0,2
3307,2,1801,07/08/2025,10:25,10:32,0,3
3308,2,1621,07/08/2025,10:42,10:59,0,4
3309,2,1711,07/08/2025,11:03,11:15,0,5
3310,2,1623,07/08/2025,11:26,11:42,0,6
3311,2,1814,09/08/2025,09:28,09:35,0,1
3312,2,1674,09/08/2025,09:39,09:58,0,2
3313,2,1814,09/08/2025,10:05,10:12,0,3
3314,2,1600,09/08/2025,10:20,10:49,0,4
3315,2,1745,09/08/2025,11:00,11:14,0,5
3316,2,1480,09/08/2025,11:26,11:43,0,6
3317,2,1829,09/08/2025,11:54,12:10,0,7
3318,2,1620,10/08/2025,09:11,09:34,0,1
3319,2,1719,10/08/2025,09:38,09:56,0,2
3320,2,1623,10/08/2025,10:03,10:16,0,3
3321,2,1763,10/08/2025,10:22,10:49,0,4
3322,2,1663,10/08/2025,10:53,11:05,0,5
3323,2,1769,10/08/2025,11:20,11:28,0,6
3324,2,2806,10/08/2025,11:32,11:44,0,7
3325,2,1485,10/08/2025,11:53,12:05,0,8
3326,2,1524,10/08/2025,12:09,12:23,0,9
3327,2,1598,11/08/2025,09:20,,0,1
3328,2,1474,11/08/2025,09:45,10:03,0,2
3329,2,1682,11/08/2025,10:07,10:14,0,3
3330,2,1605,11/08/2025,10:18,10:42,0,4
3331,2,1589,11/08/2025,10:50,,0,5
3332,2,1465,11/08/2025,11:14,11:33,0,6
3333,2,1725,11/08/2025,11:41,11:55,0,7
3334,2,1763,12/08/2025,09:30,,1,1
3335,2,1573,12/08/2025,09:59,10:32,0,2
3336,2,1880,12/08/2025,10:39,10:49,0,3
3337,2,1480,12/08/2025,10:54,11:01,0,4
3338,2,1765,12/08/2025,11:07,,0,5
3339,2,1726,12/08/2025,11:26,11:47,0,6
3340,2,1636,12/08/2025,11:51,12:23,0,7
3341,2,1776,12/08/2025,12:32,13:00,0,8
3342,2,1738,12/08/2025,13:06,13:18,0,9
3343,2,1647,12/08/2025,13:27,13:34,0,10
3344,2,1609,12/08/2025,13:38,13:56,0,11
3345,2,1597,13/08/2025,09:32,09:39,0,1
3346,2,1476,13/08/2025,09:46,10:09,0,2
3347,2,1667,13/08/2025,10:23,10:33,0,3
3348,2,1778,13/08/2025,10:39,10:52,0,4
3349,2,1605,13/08/2025,10:56,11:08,0,5
3350,2,1690,13/08/2025,11:16,11:23,0,6
3351,2,1538,13/08/2025,11:28,11:52,0,7
3352,2,1690,13/08/2025,11:59,,0,8
3353,2,1656,13/08/2025,12:14,12:21,0,9
3354,2,1879,13/08/2025,12:25,12:44,0,10
3355,2,1621,14/08/2025,09:21,09:48,0,1
3356,2,1659,14/08/2025,09:52,10:10,0,2
3357,2,1888,14/08/2025,10:18,10:39,0,3
3358,2,1776,14/08/2025,10:48,11:05,0,4
3359,2,1705,14/08/2025,11:15,11:32,0,5
3360,2,1723,14/08/2025,11:38,,0,6
3361,2,1541,14/08/2025,12:02,12:19,0,7
3362,2,1591,14/08/2025,12:23,12:30,0,8
3363,2,1534,16/08/2025,09:15,09:32,0,1
3364,2,1823,16/08/2025,09:38,09:53,0,2
3365,2,1629,16/08/2025,10:00,10:19,0,3
3366,2,1615,16/08/2025,10:23,10:43,0,4
3367,2,2813,16/08/2025,10:49,11:04,0,5
3368,2,1872,16/08/2025,11:12,11:35,0,6
3369,2,1612,16/08/2025,11:39,11:56,0,7
3370,2,1868,16/08/2025,12:04,12:11,0,8
3371,2,1748,17/08/2025,09:15,09:22,0,1
3372,2,1844,17/08/2025,09:34,09:52,0,2
3373,2,1846,17/08/2025,09:58,10:14,0,3
3374,2,1834,17/08/2025,10:22,10:39,0,4
3375,2,1467,17/08/2025,10:51,11:00,0,5
3376,2,1709,17/08/2025,11:05,11:20,0,6
3377,2,1480,17/08/2025,11:26,11:41,0,7
3378,2,1662,18/08/2025,09:10,09:38,0,1
3379,2,1685,18/08/2025,09:45,10:04,0,2
3380,2,1600,18/08/2025,10:09,10:24,0,3
3381,2,1888,18/08/2025,10:31,10:49,0,4
3382,2,1468,18/08/2025,10:56,11:11,0,5
3383,2,1846,18/08/2025,11:15,11:41,0,6
3384,2,1505,18/08/2025,11:45,11:57,0,7
3385,2,1574,18/08/2025,12:05,12:25,0,8
3386,2,1560,18/08/2025,12:32,12:51,0,9
3387,2,1792,18/08/2025,12:58,13:08,0,10
3388,2,1855,18/08/2025,13:12,13:26,0,11
3389,2,1687,19/08/2025,09:31,09:53,0,1
3390,2,1723,19/08/2025,10:03,10:20,0,2
3391,2,1843,19/08/2025,10:24,10:39,0,3
3392,2,1638,19/08/2025,10:45,10:57,0,4
3393,2,1835,19/08/2025,11:05,11:24,0,5
3394,2,1564,19/08/2025,11:31,11:59,0,6
3395,2,1495,19/08/2025,12:03,12:10,0,7
3396,2,1843,19/08/2025,12:14,12:38,0,8
3397,2,1610,20/08/2025,09:28,09:49,0,1
3398,2,1642,20/08/2025,09:59,10:11,0,2
3399,2,1785,20/08/2025,10:20,10:44,0,3
3400,2,1599,20/08/2025,10:55,11:13,0,4
3401,2,1623,20/08/2025,11:20,11:31,0,5
3402,2,1734,20/08/2025,11:43,11:59,0,6
3403,2,1569,21/08/2025,09:12,09:35,0,1
3404,2,1650,21/08/2025,09:45,10:02,0,2
3405,2,1639,21/08/2025,10:08,10:33,0,3
3406,2,1561,21/08/2025,10:37,10:46,0,4
3407,2,1493,21/08/2025,10:53,11:14,0,5
3408,2,1514,21/08/2025,11:18,11:40,0,6
3409,2,1814,21/08/2025,11:48,12:01,0,7
3410,2,1639,21/08/2025,12:05,12:23,0,8
3411,2,1683,21/08/2025,12:31,12:52,0,9
3412,2,1569,21/08/2025,13:00,13:23,0,10
3413,2,2808,21/08/2025,13:31,13:39,0,11
3414,2,1801,23/08/2025,09:22,09:31,0,1
3415,2,1445,23/08/2025,09:37,,1,2
3416,2,1784,23/08/2025,10:06,10:24,0,3
3417,2,1694,23/08/2025,10:28,10:48,0,4
3418,2,1704,23/08/2025,10:53,11:00,0,5
3419,2,1810,23/08/2025,11:06,11:21,0,6
3420,2,1538,23/08/2025,11:28,11:39,0,7
3421,2,1516,23/08/2025,11:43,12:07,0,8
3422,2,1737,23/08/2025,12:11,12:30,0,9
3423,2,1503,24/08/2025,09:15,09:33,0,1
3424,2,1597,24/08/2025,09:38,09:47,0,2
3425,2,1600,24/08/2025,09:55,10:07,0,3
3426,2,1846,24/08/2025,10:13,10:25,0,4
3427,2,1743,24/08/2025,10:29,10:51,0,5
3428,2,1524,24/08/2025,10:55,11:17,0,6
3429,2,1558,24/08/2025,11:24,11:37,0,7
3430,2,1589,24/08/2025,11:41,11:51,0,8
3431,2,1510,25/08/2025,09:12,09:25,0,1
3432,2,1869,25/08/2025,09:33,09:52,0,2
3433,2,1612,25/08/2025,09:58,10:22,0,3
3434,2,1859,25/08/2025,10:27,10:48,0,4
3435,2,1625,25/08/2025,10:57,11:11,0,5
3436,2,1629,25/08/2025,11:22,11:39,0,6
3437,2,1877,25/08/2025,11:44,12:13,0,7
3438,2,1544,25/08/2025,12:25,12:45,0,8
3439,2,1618,25/08/2025,12:51,13:16,0,9
3440,2,1810,25/08/2025,13:22,13:39,0,10
3441,2,1578,26/08/2025,09:18,09:33,0,1
3442,2,1597,26/08/2025,09:41,09:51,0,2
3443,2,1808,26/08/2025,09:59,10:26,0,3
3444,2,1846,26/08/2025,10:30,10:37,0,4
3445,2,1517,26/08/2025,10:41,11:02,0,5
3446,2,1673,26/08/2025,11:16,,0,6
3447,2,1807,27/08/2025,09:10,09:31,0,1
3448,2,2803,27/08/2025,09:40,09:56,0,2
3449,2,1515,27/08/2025,10:04,10:22,0,3
3450,2,1492,27/08/2025,10:28,10:50,0,4
3451,2,2813,27/08/2025,10:55,11:10,0,5
3452,2,1681,27/08/2025,11:16,11:33,0,6
3453,2,1447,28/08/2025,09:27,09:43,0,1
3454,2,1466,28/08/2025,09:47,10:01,0,2
3455,2,1726,28/08/2025,10:05,10:27,0,3
3456,2,1643,28/08/2025,10:32,10:55,0,4
3457,2,1852,28/08/2025,11:00,11:13,0,5
3458,2,1651,28/08/2025,11:22,11:43,0,6
3459,2,1604,30/08/2025,09:20,09:31,0,1
3460,2,1688,30/08/2025,09:39,09:46,0,2
3461,2,1761,30/08/2025,09:50,09:57,0,3
3462,2,1700,30/08/2025,10:01,10:22,0,4
3463,2,1856,30/08/2025,10:28,10:39,0,5
3464,2,1821,30/08/2025,10:44,11:08,0,6
3465,2,1882,30/08/2025,11:12,,1,7
3466,2,1454,30/08/2025,11:39,11:48,0,8
3467,2,1804,30/08/2025,11:59,12:15,0,9
3468,2,1581,30/08/2025,12:26,12:37,0,10
3469,2,1720,30/08/2025,12:43,13:00,0,11
3470,2,1566,31/08/2025,09:25,09:43,0,1
3471,2,1629,31/08/2025,09:47,10:02,0,2
3472,2,1772,31/08/2025,10:10,10:30,0,3
3473,2,1874,31/08/2025,10:36,10:59,0,4
3474,2,1783,31/08/2025,11:07,11:29,0,5
3475,2,1737,31/08/2025,11:37,,0,6
3476,2,1787,31/08/2025,12:01,12:16,0,7
3477,2,1633,31/08/2025,12:20,,0,8
3478,2,1684,01/09/2025,09:14,09:39,0,1
3479,2,1491,01/09/2025,09:45,09:58,0,2
3480,2,1773,01/09/2025,10:04,10:16,0,3
3481,2,1797,01/09/2025,10:28,10:43,0,4
3482,2,1770,01/09/2025,10:47,10:54,0,5
3483,2,1697,01/09/2025,11:00,11:26,0,6
3484,2,1565,01/09/2025,11:33,11:43,0,7
3485,2,1466,01/09/2025,11:47,11:59,0,8
3486,2,1856,02/09/2025,09:29,09:36,0,1
3487,2,1453,02/09/2025,09:40,10:04,0,2
3488,2,1760,02/09/2025,10:08,10:15,0,3
3489,2,1745,02/09/2025,10:20,10:27,0,4
3490,2,1516,02/09/2025,10:32,10:53,0,5
3491,2,1651,02/09/2025,10:58,11:07,0,6
3492,2,1756,02/09/2025,11:11,11:18,0,7
3493,2,1613,02/09/2025,11:32,11:45,0,8
3494,2,1614,02/09/2025,11:55,12:17,0,9
3495,2,1841,02/09/2025,12:24,12:31,0,10
3496,2,1672,02/09/2025,12:39,,0,11
3497,2,1798,03/09/2025,09:31,09:41,0,1
3498,2,1671,03/09/2025,09:45,10:02,0,2
3499,2,1625,03/09/2025,10:06,10:29,0,3
3500,2,1790,03/09/2025,10:33,10:51,0,4
3501,2,1505,03/09/2025,10:57,11:29,0,5
3502,2,1835,03/09/2025,11:33,11:50,0,6
3503,2,1687,03/09/2025,11:58,12:30,0,7
3504,2,2813,03/09/2025,12:34,12:58,0,8
3505,2,1597,04/09/2025,09:22,09:29,0,1
3506,2,1640,04/09/2025,09:36,09:47,0,2
3507,2,1578,04/09/2025,09:51,10:09,0,3
3508,2,1794,04/09/2025,10:13,10:27,0,4
3509,2,1577,04/09/2025,10:31,10:43,0,5
3510,2,1718,04/09/2025,10:52,11:14,0,6
3511,2,1455,04/09/2025,11:18,11:29,0,7
3512,2,1740,04/09/2025,11:36,11:59,0,8
3513,2,1873,06/09/2025,09:25,09:42,0,1
3514,2,1786,06/09/2025,09:50,10:09,0,2
3515,2,1650,06/09/2025,10:13,10:20,0,3
3516,2,1758,06/09/2025,10:29,10:54,0,4
3517,2,1852,06/09/2025,11:00,11:09,0,5
3518,2,1477,06/09/2025,11:20,11:39,0,6
3519,2,1524,06/09/2025,11:47,12:05,0,7
3520,2,1879,06/09/2025,12:11,,0,8
3521,2,1519,06/09/2025,12:37,12:44,0,9
3522,2,1678,07/09/2025,09:32,09:46,0,1
3523,2,1649,07/09/2025,09:53,10:08,0,2
3524,2,1705,07/09/2025,10:19,10:30,0,3
3525,2,2806,07/09/2025,10:38,10:45,0,4
3526,2,1608,07/09/2025,10:53,11:17,0,5
3527,2,1716,07/09/2025,11:27,11:34,0,6
3528,2,1770,07/09/2025,11:39,11:46,0,7
3529,2,2822,07/09/2025,11:55,12:11,0,8
3530,2,1739,08/09/2025,09:30,09:40,0,1
3531,2,1479,08/09/2025,09:48,10:04,0,2
3532,2,1601,08/09/2025,10:08,10:24,0,3
3533,2,1859,08/09/2025,10:29,10:42,0,4
3534,2,1753,08/09/2025,10:50,10:57,0,5
3535,2,1540,08/09/2025,11:10,11:44,0,6
3536,2,1690,08/09/2025,11:51,12:11,0,7
3537,2,1456,08/09/2025,12:15,12:28,0,8
3538,2,1848,08/09/2025,12:35,12:58,0,9
3539,2,1586,08/09/2025,13:09,13:31,0,10
3540,2,1651,08/09/2025,13:37,13:56,0,11
3541,2,1548,09/09/2025,09:22,09:42,0,1
3542,2,1882,09/09/2025,09:51,,1,2
3543,2,1756,09/09/2025,10:14,10:45,0,3
3544,2,1845,09/09/2025,10:53,11:00,0,4
3545,2,1520,09/09/2025,11:04,11:13,0,5
3546,2,1526,09/09/2025,11:17,11:38,0,6
3547,2,1802,09/09/2025,11:45,12:07,0,7
3548,2,1810,09/09/2025,12:14,12:29,0,8
3549,2,1575,09/09/2025,12:35,12:44,0,9
3550,2,1684,09/09/2025,12:50,,0,10
3551,2,1479,09/09/2025,13:16,13:43,0,11
3552,2,1687,10/09/2025,09:19,09:38,0,1
3553,2,1541,10/09/2025,09:43,09:58,0,2
3554,2,1805,10/09/2025,10:10,10:27,0,3
3555,2,1593,10/09/2025,10:34,10:55,0,4
3556,2,1804,10/09/2025,10:59,11:08,0,5
3557,2,1839,10/09/2025,11:17,11:24,0,6
3558,2,1754,10/09/2025,11:31,11:51,0,7
3559,2,1804,11/09/2025,09:16,09:47,0,1
3560,2,1528,11/09/2025,09:54,10:03,0,2
3561,2,1791,11/09/2025,10:08,10:19,0,3
3562,2,1577,11/09/2025,10:30,10:49,0,4
3563,2,1888,11/09/2025,10:55,11:16,0,5
3564,2,1502,11/09/2025,11:23,11:31,0,6
3565,2,1850,11/09/2025,11:36,11:43,0,7
3566,2,1570,11/09/2025,11:47,11:54,0,8
3567,2,2803,11/09/2025,11:59,12:11,0,9
3568,2,1503,13/09/2025,09:17,09:29,0,1
3569,2,1482,13/09/2025,09:35,09:52,0,2
3570,2,1631,13/09/2025,09:59,10:16,0,3
3571,2,1613,13/09/2025,10:20,10:36,0,4
3572,2,1618,13/09/2025,10:44,11:08,0,5
3573,2,1831,13/09/2025,11:18,11:34,0,6
3574,2,1598,14/09/2025,09:11,09:20,0,1
3575,2,1738,14/09/2025,09:25,09:35,0,2
3576,2,1804,14/09/2025,09:43,10:02,0,3
3577,2,1534,14/09/2025,10:10,10:20,0,4
3578,2,1654,14/09/2025,10:25,10:50,0,5
3579,2,1669,14/09/2025,10:59,11:19,0,6
3580,2,1863,14/09/2025,11:29,11:38,0,7
3581,2,1533,14/09/2025,11:45,11:52,0,8
3582,2,1802,15/09/2025,09:15,09:30,0,1
3583,2,1845,15/09/2025,09:34,09:46,0,2
3584,2,1599,15/09/2025,09:52,10:15,0,3
3585,2,1855,15/09/2025,10:26,,0,4
3586,2,1478,15/09/2025,10:48,11:02,0,5
3587,2,2813,15/09/2025,11:10,11:25,0,6
3588,2,1808,15/09/2025,11:31,11:53,0,7
3589,2,1771,15/09/2025,12:00,12:26,0,8
3590,2,1445,15/09/2025,12:37,12:49,0,9
3591,2,1707,15/09/2025,12:53,13:15,0,10
3592,2,1802,15/09/2025,13:27,13:44,0,11
3593,2,1473,16/09/2025,09:27,09:48,0,1
3594,2,1837,16/09/2025,09:53,10:10,0,2
3595,2,1817,16/09/2025,10:21,10:45,0,3
3596,2,1800,16/09/2025,10:53,11:21,0,4
3597,2,1763,16/09/2025,11:25,11:46,0,5
3598,2,1498,16/09/2025,11:56,12:11,0,6
3599,2,1713,16/09/2025,12:18,12:37,0,7
3600,2,1873,16/09/2025,12:43,,0,8
3601,2,1826,16/09/2025,12:55,13:09,0,9
3602,2,1534,16/09/2025,13:13,13:37,0,10
3603,2,1539,16/09/2025,13:45,14:05,0,11
3604,2,1878,17/09/2025,09:15,09:33,0,1
3605,2,1833,17/09/2025,09:38,09:54,0,2
3606,2,1739,17/09/2025,09:58,10:13,0,3
3607,2,1888,17/09/2025,10:19,10:32,0,4
3608,2,1880,17/09/2025,10:38,10:45,0,5
3609,2,1745,17/09/2025,10:49,11:11,0,6
3610,2,1539,17/09/2025,11:15,11:25,0,7
3611,2,1841,17/09/2025,11:35,11:57,0,8
3612,2,1569,17/09/2025,12:09,12:31,0,9
3613,2,1707,17/09/2025,12:47,13:05,0,10
3614,2,1565,18/09/2025,09:08,09:15,0,1
3615,2,1775,18/09/2025,09:19,09:26,0,2
3616,2,1882,18/09/2025,09:33,09:51,0,3
3617,2,1782,18/09/2025,09:55,10:06,0,4
3618,2,1456,18/09/2025,10:10,10:22,0,5
3619,2,1635,18/09/2025,10:31,10:56,0,6
3620,2,1751,18/09/2025,11:03,11:11,0,7
3621,2,2803,18/09/2025,11:20,,0,8
3622,2,1697,18/09/2025,11:43,12:07,0,9
3623,2,1496,18/09/2025,12:15,12:34,0,10
3624,2,1511,20/09/2025,09:26,09:49,0,1
3625,2,1568,20/09/2025,09:56,10:15,0,2
3626,2,1519,20/09/2025,10:24,10:40,0,3
3627,2,1870,20/09/2025,10:49,10:58,0,4
3628,2,1656,20/09/2025,11:08,11:15,0,5
3629,2,1788,20/09/2025,11:23,11:38,0,6
3630,2,1623,20/09/2025,11:42,11:50,0,7
3631,2,1840,20/09/2025,11:55,12:14,0,8
3632,2,1447,21/09/2025,09:22,09:35,0,1
3633,2,1707,21/09/2025,09:42,10:00,0,2
3634,2,1633,21/09/2025,10:07,10:20,0,3
3635,2,1780,21/09/2025,10:28,10:45,0,4
3636,2,1736,21/09/2025,10:55,11:02,0,5
3637,2,1560,21/09/2025,11:08,11:31,0,6
3638,2,1646,21/09/2025,11:40,11:47,0,7
3639,2,1718,21/09/2025,11:53,12:06,0,8
3640,2,1838,21/09/2025,12:13,12:27,0,9
3641,2,1837,21/09/2025,12:36,12:55,0,10
3642,2,1852,21/09/2025,12:59,13:06,0,11
3643,2,1764,22/09/2025,09:21,09:34,0,1
3644,2,1833,22/09/2025,09:47,10:01,0,2
3645,2,1688,22/09/2025,10:08,10:17,0,3
3646,2,1702,22/09/2025,10:24,10:48,0,4
3647,2,1671,22/09/2025,10:58,11:15,0,5
3648,2,1510,22/09/2025,11:21,11:34,0,6
3649,2,1593,22/09/2025,11:44,12:03,0,7
3650,2,1513,22/09/2025,12:07,12:17,0,8
3651,2,1573,22/09/2025,12:22,12:41,0,9
3652,2,1639,22/09/2025,12:53,13:12,0,10
3653,2,1479,23/09/2025,09:10,09:41,0,1
3654,2,1575,23/09/2025,09:53,10:02,0,2
3655,2,1631,23/09/2025,10:07,,0,3
3656,2,1736,23/09/2025,10:26,10:33,0,4
3657,2,1478,23/09/2025,10:37,11:09,0,5
3658,2,1630,23/09/2025,11:15,11:29,0,6
3659,2,1647,23/09/2025,11:33,11:40,0,7
3660,2,1649,23/09/2025,11:45,11:55,0,8
3661,2,1558,23/09/2025,12:05,12:17,0,9
3662,2,1786,23/09/2025,12:24,12:40,0,10
3663,2,1440,24/09/2025,09:10,,1,1
3664,2,1777,24/09/2025,09:27,09:34,0,2
3665,2,1712,24/09/2025,09:40,09:57,0,3
3666,2,1502,24/09/2025,10:05,10:21,0,4
3667,2,1784,24/09/2025,10:27,10:48,0,5
3668,2,1868,24/09/2025,10:52,10:59,0,6
3669,2,1743,25/09/2025,09:34,10:07,0,1
3670,2,2823,25/09/2025,10:14,10:31,0,2
3671,2,1855,25/09/2025,10:35,10:49,0,3
3672,2,2813,25/09/2025,10:54,11:19,0,4
3673,2,1678,25/09/2025,11:23,11:45,0,5
3674,2,1814,25/09/2025,11:54,,1,6
3675,2,1855,25/09/2025,12:09,12:20,0,7
3676,2,1597,25/09/2025,12:27,12:45,0,8
3677,2,1872,25/09/2025,12:52,13:11,0,9
3678,2,1810,27/09/2025,09:24,09:39,0,1
3679,2,1666,27/09/2025,09:53,10:20,0,2
3680,2,1480,27/09/2025,10:34,10:41,0,3
3681,2,1440,27/09/2025,10:45,10:59,0,4
3682,2,1715,27/09/2025,11:03,11:22,0,5
3683,2,1710,27/09/2025,11:32,,0,6
3684,2,1816,27/09/2025,11:51,12:07,0,7
3685,2,1864,27/09/2025,12:13,12:36,0,8
3686,2,1569,28/09/2025,09:09,09:36,0,1
3687,2,1770,28/09/2025,09:46,10:06,0,2
3688,2,1781,28/09/2025,10:10,10:30,0,3
3689,2,1671,28/09/2025,10:36,10:59,0,4
3690,2,1620,28/09/2025,11:12,11:32,0,5
3691,2,1453,28/09/2025,11:42,11:50,0,6
3692,2,1605,28/09/2025,11:55,12:17,0,7
3693,2,1784,28/09/2025,12:24,12:33,0,8
3694,2,1552,28/09/2025,12:43,12:52,0,9
3695,2,1550,28/09/2025,12:56,13:04,0,10
3696,2,1776,29/09/2025,09:30,09:55,0,1
3697,2,1800,29/09/2025,10:04,10:30,0,2
3698,2,1489,29/09/2025,10:39,10:57,0,3
3699,2,1728,29/09/2025,11:01,11:25,0,4
3700,2,1544,29/09/2025,11:29,11:49,0,5
3701,2,1548,29/09/2025,11:53,12:07,0,6
3702,2,1683,29/09/2025,12:11,12:43,0,7
3703,2,1657,29/09/2025,12:53,13:10,0,8
3704,2,1605,29/09/2025,13:15,13:28,0,9
3705,2,1839,29/09/2025,13:32,13:48,0,10
3706,2,1524,30/09/2025,09:14,09:37,0,1
3707,2,1735,30/09/2025,09:41,09:50,0,2
3708,2,2822,30/09/2025,09:54,10:01,0,3
3709,2,1462,30/09/2025,10:05,10:14,0,4
3710,2,1782,30/09/2025,10:18,10:26,0,5
3711,2,1451,30/09/2025,10:30,10:51,0,6
3712,2,1863,30/09/2025,10:56,11:21,0,7
3713,2,1484,30/09/2025,11:28,11:39,0,8
3714,2,1681,30/09/2025,11:43,11:50,0,9
3715,2,1746,01/10/2025,09:25,09:35,0,1
3716,2,1622,01/10/2025,09:41,09:59,0,2
3717,2,1712,01/10/2025,10:06,10:28,0,3
3718,2,1614,01/10/2025,10:32,10:42,0,4
3719,2,1454,01/10/2025,10:49,10:56,0,5
3720,2,1528,01/10/2025,11:08,11:21,0,6
3721,2,1689,01/10/2025,11:27,11:42,0,7
3722,2,1848,01/10/2025,11:46,11:53,0,8
3723,2,2817,01/10/2025,12:02,12:17,0,9
3724,2,1744,02/10/2025,09:27,09:41,0,1
3725,2,1712,02/10/2025,09:45,10:11,0,2
3726,2,1644,02/10/2025,10:15,10:30,0,3
3727,2,1750,02/10/2025,10:36,,0,4
3728,2,1441,02/10/2025,11:01,11:18,0,5
3729,2,1878,02/10/2025,11:22,11:35,0,6
3730,2,1659,02/10/2025,11:39,,0,7
3731,2,1571,02/10/2025,11:55,12:14,0,8
3732,2,1844,02/10/2025,12:18,12:26,0,9
3733,2,1505,02/10/2025,12:34,,0,10
3734,2,1727,02/10/2025,12:57,13:16,0,11
3735,2,2803,04/10/2025,09:11,,0,1
3736,2,1784,04/10/2025,09:26,09:44,0,2
3737,2,1639,04/10/2025,09:49,10:12,0,3
3738,2,1735,04/10/2025,10:16,10:27,0,4
3739,2,1494,04/10/2025,10:33,10:41,0,5
3740,2,1550,04/10/2025,10:46,10:55,0,6
3741,2,1532,04/10/2025,10:59,11:18,0,7
3742,2,1479,04/10/2025,11:27,11:49,0,8
3743,2,1528,05/10/2025,09:19,09:26,0,1
3744,2,1604,05/10/2025,09:36,09:48,0,2
3745,2,1851,05/10/2025,09:54,10:21,0,3
3746,2,1667,05/10/2025,10:27,10:41,0,4
3747,2,1512,05/10/2025,10:47,10:57,0,5
3748,2,1704,05/10/2025,11:01,11:15,0,6
3749,2,1482,05/10/2025,11:22,11:29,0,7
3750,2,1671,05/10/2025,11:38,11:51,0,8
3751,2,1447,06/10/2025,09:17,,0,1
3752,2,1872,06/10/2025,09:42,10:05,0,2
3753,2,1524,06/10/2025,10:11,10:37,0,3
3754,2,1455,06/10/2025,10:41,10:57,0,4
3755,2,1784,06/10/2025,11:03,11:21,0,5
3756,2,1878,06/10/2025,11:28,11:50,0,6
3757,2,1570,06/10/2025,11:57,12:04,0,7
3758,2,1600,07/10/2025,09:21,09:45,0,1
3759,2,2808,07/10/2025,09:49,10:02,0,2
3760,2,1609,07/10/2025,10:15,10:41,0,3
3761,2,1617,07/10/2025,10:47,10:58,0,4
3762,2,1527,07/10/2025,11:08,11:26,0,5
3763,2,1831,07/10/2025,11:30,11:45,0,6
3764,2,1620,07/10/2025,11:52,12:12,0,7
3765,2,1516,08/10/2025,09:28,09:44,0,1
3766,2,1663,08/10/2025,09:52,10:06,0,2
3767,2,1715,08/10/2025,10:17,10:31,0,3
3768,2,1514,08/10/2025,10:35,10:51,0,4
3769,2,1737,08/10/2025,10:55,11:08,0,5
3770,2,1720,08/10/2025,11:12,11:35,0,6
3771,2,1614,08/10/2025,11:39,11:46,0,7
3772,2,1564,09/10/2025,09:26,09:46,0,1
3773,2,1444,09/10/2025,09:52,10:10,0,2
3774,2,1633,09/10/2025,10:17,10:36,0,3
3775,2,1751,09/10/2025,10:41,11:06,0,4
3776,2,1615,09/10/2025,11:20,11:35,0,5
3777,2,1873,09/10/2025,11:41,11:58,0,6
3778,2,1467,09/10/2025,12:02,12:20,0,7
3779,2,1498,09/10/2025,12:27,12:43,0,8
3780,2,1787,09/10/2025,12:47,13:12,0,9
3781,2,1863,11/10/2025,09:20,09:43,0,1
3782,2,1521,11/10/2025,09:47,10:04,0,2
3783,2,1725,11/10/2025,10:11,10:24,0,3
3784,2,1741,11/10/2025,10:32,10:39,0,4
3785,2,1505,11/10/2025,10:43,11:05,0,5
3786,2,1471,11/10/2025,11:12,11:19,0,6
3787,2,1699,11/10/2025,11:27,11:35,0,7
3788,2,1613,11/10/2025,11:43,11:59,0,8
3789,2,1604,11/10/2025,12:05,12:23,0,9
3790,2,1542,11/10/2025,12:31,12:48,0,10
3791,2,1604,12/10/2025,09:09,09:21,0,1
3792,2,1550,12/10/2025,09:31,09:42,0,2
3793,2,1654,12/10/2025,09:48,10:05,0,3
3794,2,1517,12/10/2025,10:10,10:28,0,4
3795,2,1718,12/10/2025,10:34,10:46,0,5
3796,2,1525,12/10/2025,10:57,11:08,0,6
3797,2,1480,12/10/2025,11:12,11:19,0,7
3798,2,1758,13/10/2025,09:28,09:38,0,1
3799,2,1833,13/10/2025,09:45,09:54,0,2
3800,2,1480,13/10/2025,09:58,10:09,0,3
3801,2,1467,13/10/2025,10:16,10:38,0,4
3802,2,1816,13/10/2025,10:45,11:04,0,5
3803,2,1778,13/10/2025,11:09,11:29,0,6
3804,2,1544,13/10/2025,11:33,11:58,0,7
3805,2,1582,13/10/2025,12:02,12:26,0,8
3806,2,1763,13/10/2025,12:30,12:40,0,9
3807,2,1813,13/10/2025,12:49,13:01,0,10
3808,2,1751,13/10/2025,13:09,13:27,0,11
3809,2,1742,14/10/2025,09:18,09:27,0,1
3810,2,1784,14/10/2025,09:34,09:53,0,2
3811,2,1751,14/10/2025,09:57,10:07,0,3
3812,2,1568,14/10/2025,10:12,10:30,0,4
3813,2,1623,14/10/2025,10:36,10:53,0,5
3814,2,1483,14/10/2025,11:00,11:19,0,6
3815,2,1873,14/10/2025,11:32,11:49,0,7
3816,2,1682,14/10/2025,11:56,12:05,0,8
3817,2,1618,14/10/2025,12:11,12:18,0,9
3818,2,1818,15/10/2025,09:08,09:37,0,1
3819,2,1712,15/10/2025,09:47,10:00,0,2
3820,2,1447,15/10/2025,10:07,10:22,0,3
3821,2,1462,15/10/2025,10:26,10:33,0,4
3822,2,1723,15/10/2025,10:40,10:47,0,5
3823,2,1524,15/10/2025,10:51,11:12,0,6
3824,2,1772,15/10/2025,11:16,11:40,0,7
3825,2,1712,15/10/2025,11:48,11:57,0,8
3826,2,1624,15/10/2025,12:02,12:24,0,9
3827,2,1468,15/10/2025,12:33,12:42,0,10
3828,2,1819,15/10/2025,12:48,13:06,0,11
3829,2,1746,16/10/2025,09:11,09:23,0,1
3830,2,1470,16/10/2025,09:27,09:44,0,2
3831,2,1805,16/10/2025,09:49,10:14,0,3
3832,2,1715,16/10/2025,10:26,10:44,0,4
3833,2,1625,16/10/2025,10:53,11:14,0,5
3834,2,1722,16/10/2025,11:20,11:27,0,6
3835,2,1742,16/10/2025,11:35,11:48,0,7
3836,2,1727,16/10/2025,11:52,12:13,0,8
3837,2,1568,16/10/2025,12:22,12:33,0,9
3838,2,1775,16/10/2025,12:39,12:46,0,10
3839,2,1487,18/10/2025,09:18,09:38,0,1
3840,2,1835,18/10/2025,09:42,10:05,0,2
3841,2,2809,18/10/2025,10:10,10:26,0,3
3842,2,1786,18/10/2025,10:32,10:54,0,4
3843,2,1816,18/10/2025,10:59,11:18,0,5
3844,2,1682,18/10/2025,11:27,11:38,0,6
3845,2,1644,18/10/2025,11:42,12:02,0,7
3846,2,1518,19/10/2025,09:17,09:31,0,1
3847,2,1799,19/10/2025,09:41,09:59,0,2
3848,2,1805,19/10/2025,10:08,10:26,0,3
3849,2,1835,19/10/2025,10:33,10:42,0,4
3850,2,1613,19/10/2025,10:51,11:09,0,5
3851,2,1805,19/10/2025,11:17,11:45,0,6
3852,2,1538,19/10/2025,11:55,12:16,0,7
3853,2,1510,20/10/2025,09:19,09:46,0,1
3854,2,1871,20/10/2025,09:51,10:10,0,2
3855,2,1558,20/10/2025,10:14,,1,3
3856,2,1554,20/10/2025,10:37,10:49,0,4
3857,2,2810,20/10/2025,10:58,11:18,0,5
3858,2,1827,20/10/2025,11:25,11:49,0,6
3859,2,1484,20/10/2025,11:53,12:08,0,7
3860,2,1742,20/10/2025,12:15,12:33,0,8
3861,2,1560,20/10/2025,12:39,,0,9
3862,2,1740,20/10/2025,12:54,13:08,0,10
3863,2,1710,20/10/2025,13:12,13:27,0,11
3864,2,1444,21/10/2025,09:25,09:45,0,1
3865,2,1656,21/10/2025,09:53,10:08,0,2
3866,2,1810,21/10/2025,10:15,10:41,0,3
3867,2,1882,21/10/2025,10:48,11:10,0,4
3868,2,1855,21/10/2025,11:15,11:24,0,5
3869,2,1794,21/10/2025,11:29,11:43,0,6
3870,2,1514,22/10/2025,09:04,09:19,0,1
3871,2,1771,22/10/2025,09:27,09:56,0,2
3872,2,1682,22/10/2025,10:00,10:09,0,3
3873,2,1880,22/10/2025,10:17,10:28,0,4
3874,2,1790,22/10/2025,10:32,10:40,0,5
3875,2,1845,22/10/2025,10:44,10:55,0,6
3876,2,1616,22/10/2025,11:03,11:19,0,7
3877,2,1744,22/10/2025,11:25,11:35,0,8
3878,2,1801,22/10/2025,11:41,12:04,0,9
3879,2,1534,23/10/2025,09:18,09:38,0,1
3880,2,1840,23/10/2025,09:46,09:54,0,2
3881,2,1839,23/10/2025,09:58,10:05,0,3
3882,2,1527,23/10/2025,10:11,10:22,0,4
3883,2,1556,23/10/2025,10:34,10:41,0,5
3884,2,1749,23/10/2025,10:45,10:52,0,6
3885,2,1880,23/10/2025,10:58,11:08,0,7
3886,2,1515,23/10/2025,11:12,11:30,0,8
3887,2,1638,23/10/2025,11:34,11:58,0,9
3888,2,1836,25/10/2025,09:24,09:49,0,1
3889,2,1477,25/10/2025,09:55,10:13,0,2
3890,2,1685,25/10/2025,10:22,10:29,0,3
3891,2,1538,25/10/2025,10:34,11:03,0,4
3892,2,1749,25/10/2025,11:13,11:26,0,5
3893,2,1510,25/10/2025,11:31,11:41,0,6
3894,2,1786,25/10/2025,11:51,12:16,0,7
3895,2,1516,26/10/2025,09:20,09:31,0,1
3896,2,1505,26/10/2025,09:42,09:53,0,2
3897,2,1609,26/10/2025,09:57,10:10,0,3
3898,2,1463,26/10/2025,10:14,10:21,0,4
3899,2,1499,26/10/2025,10:25,10:35,0,5
3900,2,1651,26/10/2025,10:41,11:16,0,6
3901,2,1487,26/10/2025,11:20,11:33,0,7
3902,2,1484,27/10/2025,09:29,,0,1
3903,2,1867,27/10/2025,09:48,10:01,0,2
3904,2,1689,27/10/2025,10:07,10:25,0,3
3905,2,1794,27/10/2025,10:30,10:42,0,4
3906,2,1685,27/10/2025,10:47,10:54,0,5
3907,2,1531,27/10/2025,11:01,,0,6
3908,2,1536,27/10/2025,11:21,11:31,0,7
3909,2,1515,27/10/2025,11:35,11:59,0,8
3910,2,1454,27/10/2025,12:07,12:23,0,9
3911,2,1756,27/10/2025,12:29,12:51,0,10
3912,2,1451,28/10/2025,09:33,09:40,0,1
3913,2,1855,28/10/2025,09:49,10:13,0,2
3914,2,1498,28/10/2025,10:21,10:37,0,3
3915,2,1483,28/10/2025,10:43,11:09,0,4
3916,2,1620,28/10/2025,11:18,11:29,0,5
3917,2,1639,28/10/2025,11:36,11:46,0,6
3918,2,1611,28/10/2025,11:54,12:11,0,7
3919,2,1844,28/10/2025,12:17,12:32,0,8
3920,2,1530,28/10/2025,12:36,12:50,0,9
3921,2,1605,28/10/2025,12:57,13:19,0,10
3922,2,1711,28/10/2025,13:28,,0,11
3923,2,1586,29/10/2025,09:21,09:44,0,1
3924,2,1450,29/10/2025,09:54,10:01,0,2
3925,2,1495,29/10/2025,10:05,10:22,0,3
3926,2,1561,29/10/2025,10:28,10:38,0,4
3927,2,1448,29/10/2025,10:44,11:01,0,5
3928,2,1723,29/10/2025,11:05,11:21,0,6
3929,2,1789,29/10/2025,11:26,11:48,0,7
3930,2,1797,29/10/2025,11:52,11:59,0,8
3931,2,1823,29/10/2025,12:09,12:23,0,9
3932,2,1612,29/10/2025,12:28,12:49,0,10
3933,2,1804,29/10/2025,12:56,13:20,0,11
3934,2,1647,30/10/2025,09:10,09:26,0,1
3935,2,1654,30/10/2025,09:32,09:52,0,2
3936,2,1819,30/10/2025,09:59,10:22,0,3
3937,2,1632,30/10/2025,10:28,10:53,0,4
3938,2,1877,30/10/2025,11:00,11:18,0,5
3939,2,1704,30/10/2025,11:25,,0,6
3940,2,1649,30/10/2025,11:45,12:00,0,7
3941,2,1694,30/10/2025,12:04,12:21,0,8
3942,2,1498,30/10/2025,12:25,12:46,0,9
3943,2,1773,30/10/2025,13:00,13:22,0,10
3944,2,1738,01/11/2025,09:14,,0,1
3945,2,1662,01/11/2025,09:45,09:55,0,2
3946,2,1478,01/11/2025,09:59,10:09,0,3
3947,2,1650,01/11/2025,10:14,10:42,0,4
3948,2,1685,01/11/2025,10:47,11:00,0,5
3949,2,1784,01/11/2025,11:04,11:27,0,6
3950,2,1510,01/11/2025,11:37,11:55,0,7
3951,2,1507,02/11/2025,09:13,09:20,0,1
3952,2,1658,02/11/2025,09:24,09:35,0,2
3953,2,1716,02/11/2025,09:43,09:54,0,3
3954,2,1540,02/11/2025,09:58,10:24,0,4
3955,2,1740,02/11/2025,10:38,10:45,0,5
3956,2,1849,02/11/2025,10:52,11:10,0,6
3957,2,1518,02/11/2025,11:18,11:37,0,7
3958,2,1718,02/11/2025,11:42,11:49,0,8
3959,2,1777,02/11/2025,11:54,12:07,0,9
3960,2,1846,02/11/2025,12:14,12:21,0,10
3961,2,1731,03/11/2025,09:24,09:46,0,1
3962,2,1512,03/11/2025,09:51,,0,2
3963,2,1599,03/11/2025,10:04,10:24,0,3
3964,2,1674,03/11/2025,10:32,10:40,0,4
3965,2,1704,03/11/2025,10:45,10:52,0,5
3966,2,1471,03/11/2025,11:02,11:10,0,6
3967,2,1844,03/11/2025,11:20,11:36,0,7
3968,2,1441,03/11/2025,11:40,11:47,0,8
3969,2,1834,03/11/2025,11:54,12:12,0,9
3970,2,1702,03/11/2025,12:19,12:34,0,10
3971,2,1879,04/11/2025,09:25,09:46,0,1
3972,2,1813,04/11/2025,09:52,10:00,0,2
3973,2,1844,04/11/2025,10:09,10:42,0,3
3974,2,1459,04/11/2025,10:46,10:58,0,4
3975,2,2806,04/11/2025,11:04,11:25,0,5
3976,2,1688,04/11/2025,11:36,11:51,0,6
3977,2,1658,05/11/2025,09:27,09:38,0,1
3978,2,1709,05/11/2025,09:42,09:56,0,2
3979,2,1619,05/11/2025,10:00,10:15,0,3
3980,2,1584,05/11/2025,10:19,10:45,0,4
3981,2,1795,05/11/2025,10:52,11:18,0,5
3982,2,1523,05/11/2025,11:25,11:32,0,6
3983,2,1858,05/11/2025,11:36,11:59,0,7
3984,2,1697,05/11/2025,12:03,12:28,0,8
3985,2,1735,05/11/2025,12:36,12:43,0,9
3986,2,1646,05/11/2025,12:47,13:07,0,10
3987,2,1726,06/11/2025,09:34,09:41,0,1
3988,2,1624,06/11/2025,09:51,10:15,0,2
3989,2,1867,06/11/2025,10:24,10:38,0,3
3990,2,1640,06/11/2025,10:44,10:51,0,4
3991,2,1652,06/11/2025,11:02,11:14,0,5
3992,2,1476,06/11/2025,11:24,11:40,0,6
3993,2,1553,06/11/2025,11:45,12:08,0,7
3994,2,1779,06/11/2025,12:18,12:25,0,8
3995,2,1702,06/11/2025,12:29,12:55,0,9
3996,2,1560,06/11/2025,13:00,13:16,0,10
3997,2,1882,06/11/2025,13:21,13:46,0,11
3998,2,1445,08/11/2025,09:21,09:36,0,1
3999,2,1814,08/11/2025,09:45,09:56,0,2
4000,2,1671,08/11/2025,10:05,10:22,0,3
4001,2,1796,08/11/2025,10:27,10:45,0,4
4002,2,1813,08/11/2025,10:52,11:14,0,5
4003,2,1696,08/11/2025,11:18,11:37,0,6
4004,2,1777,08/11/2025,11:41,11:48,0,7
4005,2,1578,08/11/2025,11:52,12:14,0,8
4006,2,1531,08/11/2025,12:26,12:34,0,9
4007,2,1490,09/11/2025,09:27,09:50,0,1
4008,2,1459,09/11/2025,09:54,10:20,0,2
4009,2,1813,09/11/2025,10:26,10:41,0,3
4010,2,1723,09/11/2025,10:48,11:03,0,4
4011,2,1659,09/11/2025,11:09,11:27,0,5
4012,2,1581,09/11/2025,11:36,11:44,0,6
4013,2,1851,09/11/2025,11:48,12:06,0,7
4014,2,1737,09/11/2025,12:11,12:18,0,8
4015,2,1591,09/11/2025,12:22,,0,9
4016,2,1467,09/11/2025,12:41,13:06,0,10
4017,2,1600,10/11/2025,09:23,09:38,0,1
4018,2,1874,10/11/2025,09:42,10:05,0,2
4019,2,1710,10/11/2025,10:10,10:22,0,3
4020,2,1869,10/11/2025,10:31,10:40,0,4
4021,2,1585,10/11/2025,10:46,,0,5
4022,2,1622,10/11/2025,11:10,11:25,0,6
4023,2,1482,11/11/2025,09:09,09:22,0,1
4024,2,1616,11/11/2025,09:33,09:40,0,2
4025,2,1601,11/11/2025,09:47,10:09,0,3
4026,2,1613,11/11/2025,10:15,10:40,0,4
4027,2,1667,11/11/2025,10:49,10:58,0,5
4028,2,1468,11/11/2025,11:03,11:16,0,6
4029,2,1873,11/11/2025,11:20,11:31,0,7
4030,2,1796,11/11/2025,11:40,11:50,0,8
4031,2,1522,11/11/2025,11:55,12:26,0,9
4032,2,1524,11/11/2025,12:30,12:44,0,10
4033,2,1743,11/11/2025,12:50,13:18,0,11
4034,2,1852,12/11/2025,09:31,09:38,0,1
4035,2,1881,12/11/2025,09:42,,1,2
4036,2,1851,12/11/2025,10:06,10:20,0,3
4037,2,1772,12/11/2025,10:28,10:41,0,4
4038,2,1456,12/11/2025,10:46,11:02,0,5
4039,2,1610,12/11/2025,11:09,11:31,0,6
4040,2,1769,12/11/2025,11:35,11:44,0,7
4041,2,1448,12/11/2025,11:55,12:06,0,8
4042,2,1478,12/11/2025,12:10,12:29,0,9
4043,2,1672,12/11/2025,12:40,13:03,0,10
4044,2,1585,13/11/2025,09:17,09:37,0,1
4045,2,1657,13/11/2025,09:45,09:54,0,2
4046,2,1523,13/11/2025,10:02,10:28,0,3
4047,2,1553,13/11/2025,10:33,11:01,0,4
4048,2,1886,13/11/2025,11:07,11:19,0,5
4049,2,1570,13/11/2025,11:27,11:41,0,6
4050,2,1653,13/11/2025,11:45,11:56,0,7
4051,2,1457,15/11/2025,09:22,09:36,0,1
4052,2,1690,15/11/2025,09:40,09:55,0,2
4053,2,1826,15/11/2025,10:01,10:12,0,3
4054,2,1733,15/11/2025,10:24,10:46,0,4
4055,2,1829,15/11/2025,10:53,11:17,0,5
4056,2,1879,15/11/2025,11:22,11:39,0,6
4057,2,1718,16/11/2025,09:29,09:45,0,1
4058,2,1552,16/11/2025,09:57,10:13,0,2
4059,2,1650,16/11/2025,10:17,10:47,0,3
4060,2,1755,16/11/2025,10:54,11:08,0,4
4061,2,1791,16/11/2025,11:16,11:28,0,5
4062,2,1785,16/11/2025,11:34,11:42,0,6
4063,2,1690,16/11/2025,11:49,12:00,0,7
4064,2,1700,16/11/2025,12:07,,0,8
4065,2,1542,16/11/2025,12:32,12:50,0,9
4066,2,1659,16/11/2025,12:56,13:09,0,10
4067,2,2813,16/11/2025,13:14,13:27,0,11
4068,2,1537,17/11/2025,09:16,09:34,0,1
4069,2,1596,17/11/2025,09:38,09:47,0,2
4070,2,1676,17/11/2025,09:54,10:05,0,3
4071,2,1620,17/11/2025,10:09,10:25,0,4
4072,2,1449,17/11/2025,10:30,10:46,0,5
4073,2,1796,17/11/2025,10:55,11:12,0,6
4074,2,1586,17/11/2025,11:18,11:38,0,7
4075,2,1796,17/11/2025,11:47,12:06,0,8
4076,2,1743,18/11/2025,09:24,,1,1
4077,2,1804,18/11/2025,09:43,10:01,0,2
4078,2,1745,18/11/2025,10:06,10:18,0,3
4079,2,1780,18/11/2025,10:29,10:45,0,4
4080,2,1682,18/11/2025,10:53,11:00,0,5
4081,2,1493,18/11/2025,11:07,11:26,0,6
4082,2,1541,18/11/2025,11:30,11:44,0,7
4083,2,2810,19/11/2025,09:28,09:47,0,1
4084,2,1479,19/11/2025,09:54,10:08,0,2
4085,2,1690,19/11/2025,10:12,10:24,0,3
4086,2,1688,19/11/2025,10:29,10:36,0,4
4087,2,1629,19/11/2025,10:43,10:56,0,5
4088,2,1562,19/11/2025,11:03,11:17,0,6
4089,2,1503,19/11/2025,11:21,11:28,0,7
4090,2,1580,19/11/2025,11:32,11:57,0,8
4091,2,1532,19/11/2025,12:06,12:18,0,9
4092,2,1816,20/11/2025,09:24,,0,1
4093,2,1645,20/11/2025,09:54,10:09,0,2
4094,2,1693,20/11/2025,10:13,10:20,0,3
4095,2,1763,20/11/2025,10:24,,1,4
4096,2,1870,20/11/2025,10:50,10:57,0,5
4097,2,1734,20/11/2025,11:06,11:27,0,6
4098,2,1652,20/11/2025,11:33,11:40,0,7
4099,2,1588,20/11/2025,11:45,12:13,0,8
4100,2,1621,20/11/2025,12:21,12:37,0,9
4101,2,1686,20/11/2025,12:41,12:58,0,10
4102,2,1666,20/11/2025,13:02,13:24,0,11
4103,2,1639,22/11/2025,09:30,09:50,0,1
4104,2,1683,22/11/2025,09:58,10:17,0,2
4105,2,1829,22/11/2025,10:25,10:45,0,3
4106,2,1865,22/11/2025,10:53,11:21,0,4
4107,2,1494,22/11/2025,11:25,11:41,0,5
4108,2,1618,22/11/2025,11:45,11:53,0,6
4109,2,2817,22/11/2025,12:02,12:21,0,7
4110,2,1744,22/11/2025,12:28,12:36,0,8
4111,2,1755,22/11/2025,12:40,13:09,0,9
4112,2,1640,22/11/2025,13:16,,0,10
4113,2,1816,22/11/2025,13:36,13:56,0,11
4114,2,1796,23/11/2025,09:16,09:23,0,1
4115,2,1589,23/11/2025,09:28,09:37,0,2
4116,2,1799,23/11/2025,09:49,10:08,0,3
4117,2,1653,23/11/2025,10:12,10:32,0,4
4118,2,1525,23/11/2025,10:42,10:49,0,5
4119,2,1505,23/11/2025,10:54,11:05,0,6
4120,2,1638,23/11/2025,11:09,11:33,0,7
4121,2,1873,24/11/2025,09:09,09:26,0,1
4122,2,1519,24/11/2025,09:32,,0,2
4123,2,1567,24/11/2025,09:48,10:02,0,3
4124,2,1826,24/11/2025,10:09,10:23,0,4
4125,2,1591,24/11/2025,10:34,10:48,0,5
4126,2,1845,24/11/2025,10:53,11:00,0,6
4127,2,1599,24/11/2025,11:05,11:35,0,7
4128,2,1750,24/11/2025,11:40,11:51,0,8
4129,2,1485,24/11/2025,11:57,12:06,0,9
4130,2,1519,24/11/2025,12:10,12:21,0,10
4131,2,1554,24/11/2025,12:32,12:52,0,11
4132,2,1538,25/11/2025,09:24,09:53,0,1
4133,2,1584,25/11/2025,09:57,10:14,0,2
4134,2,2806,25/11/2025,10:25,10:35,0,3
4135,2,1447,25/11/2025,10:39,10:55,0,4
4136,2,1783,25/11/2025,11:05,11:16,0,5
4137,2,2810,25/11/2025,11:24,11:46,0,6
4138,2,1776,25/11/2025,11:53,12:20,0,7
4139,2,1634,26/11/2025,09:18,09:27,0,1
4140,2,1740,26/11/2025,09:32,09:48,0,2
4141,2,1569,26/11/2025,09:56,10:12,0,3
4142,2,1557,26/11/2025,10:16,10:24,0,4
4143,2,1598,26/11/2025,10:30,10:56,0,5
4144,2,1864,26/11/2025,11:03,11:18,0,6
4145,2,1543,26/11/2025,11:23,,0,7
4146,2,1841,26/11/2025,11:55,12:07,0,8
4147,2,2813,26/11/2025,12:17,12:42,0,9
4148,2,1643,27/11/2025,09:12,09:30,0,1
4149,2,1816,27/11/2025,09:34,09:47,0,2
4150,2,1553,27/11/2025,09:51,10:09,0,3
4151,2,1644,27/11/2025,10:18,10:42,0,4
4152,2,1601,27/11/2025,10:56,11:10,0,5
4153,2,1632,27/11/2025,11:17,11:30,0,6
4154,2,1705,27/11/2025,11:34,11:48,0,7
4155,2,1479,27/11/2025,11:54,12:05,0,8
4156,2,1513,27/11/2025,12:09,12:16,0,9
4157,2,1554,27/11/2025,12:26,12:33,0,10
4158,2,1790,29/11/2025,09:22,09:29,0,1
4159,2,1737,29/11/2025,09:35,09:49,0,2
4160,2,1454,29/11/2025,09:55,10:05,0,3
4161,2,1722,29/11/2025,10:10,10:31,0,4
4162,2,1826,29/11/2025,10:37,10:50,0,5
4163,2,1728,29/11/2025,10:56,11:14,0,6
4164,2,1693,29/11/2025,11:18,11:33,0,7
4165,2,1750,30/11/2025,09:22,09:51,0,1
4166,2,1858,30/11/2025,09:58,10:27,0,2
4167,2,1838,30/11/2025,10:33,10:48,0,3
4168,2,1569,30/11/2025,10:54,11:22,0,4
4169,2,2822,30/11/2025,11:35,11:50,0,5
4170,2,1613,30/11/2025,11:56,12:12,0,6
4171,2,1716,30/11/2025,12:18,12:25,0,7
4172,2,1739,30/11/2025,12:33,12:40,0,8
4173,2,1544,30/11/2025,12:44,12:56,0,9
4174,2,1650,30/11/2025,13:04,,1,10
4175,2,1686,01/12/2025,09:24,09:40,0,1
4176,2,1844,01/12/2025,09:48,10:15,0,2
4177,2,1512,01/12/2025,10:19,10:26,0,3
4178,2,1525,01/12/2025,10:33,10:52,0,4
4179,2,1751,01/12/2025,11:00,11:07,0,5
4180,2,1728,01/12/2025,11:12,11:33,0,6
4181,2,1707,02/12/2025,09:32,09:55,0,1
4182,2,1795,02/12/2025,10:03,10:29,0,2
4183,2,1573,02/12/2025,10:33,10:59,0,3
4184,2,1556,02/12/2025,11:03,11:10,0,4
4185,2,1685,02/12/2025,11:16,11:29,0,5
4186,2,1769,02/12/2025,11:38,11:45,0,6
4187,2,1649,02/12/2025,11:49,11:58,0,7
4188,2,1752,02/12/2025,12:02,12:16,0,8
4189,2,1884,02/12/2025,12:26,12:44,0,9
4190,2,1654,02/12/2025,12:48,13:03,0,10
4191,2,1562,03/12/2025,09:17,09:26,0,1
4192,2,1588,03/12/2025,09:33,09:58,0,2
4193,2,1790,03/12/2025,10:02,,0,3
4194,2,1732,03/12/2025,10:17,10:42,0,4
4195,2,1493,03/12/2025,10:47,11:06,0,5
4196,2,1604,03/12/2025,11:16,11:31,0,6
4197,2,1519,03/12/2025,11:35,11:49,0,7
4198,2,1522,03/12/2025,11:54,12:08,0,8
4199,2,1520,04/12/2025,09:29,09:54,0,1
4200,2,1819,04/12/2025,10:03,10:17,0,2
4201,2,1764,04/12/2025,10:25,10:32,0,3
4202,2,1743,04/12/2025,10:42,10:59,0,4
4203,2,1471,04/12/2025,11:07,11:14,0,5
4204,2,1720,04/12/2025,11:19,11:39,0,6
4205,2,1850,04/12/2025,11:46,11:53,0,7
4206,2,1651,06/12/2025,09:25,09:35,0,1
4207,2,1538,06/12/2025,09:43,10:17,0,2
4208,2,1671,06/12/2025,10:24,10:37,0,3
4209,2,1514,06/12/2025,10:44,10:55,0,4
4210,2,1707,06/12/2025,11:03,11:18,0,5
4211,2,1448,06/12/2025,11:24,11:35,0,6
4212,2,1526,06/12/2025,11:44,11:58,0,7
4213,2,1564,06/12/2025,12:02,12:11,0,8
4214,2,1475,06/12/2025,12:18,12:36,0,9
4215,2,1764,07/12/2025,09:29,09:39,0,1
4216,2,1651,07/12/2025,09:48,10:07,0,2
4217,2,1618,07/12/2025,10:11,10:30,0,3
4218,2,1870,07/12/2025,10:35,10:59,0,4
4219,2,1785,07/12/2025,11:03,11:12,0,5
4220,2,1666,07/12/2025,11:24,11:38,0,6
4221,2,1666,07/12/2025,11:42,12:00,0,7
4222,2,1468,08/12/2025,09:20,09:39,0,1
4223,2,1746,08/12/2025,09:44,10:04,0,2
4224,2,1741,08/12/2025,10:13,10:29,0,3
4225,2,1522,08/12/2025,10:37,10:49,0,4
4226,2,1734,08/12/2025,10:57,,0,5
4227,2,1829,08/12/2025,11:13,11:28,0,6
4228,2,1498,08/12/2025,11:41,12:04,0,7
4229,2,1804,08/12/2025,12:18,12:37,0,8
4230,2,1752,08/12/2025,12:47,13:05,0,9
4231,2,1780,08/12/2025,13:10,13:19,0,10
4232,2,1689,08/12/2025,13:30,13:53,0,11
4233,2,1526,09/12/2025,09:21,09:42,0,1
4234,2,1634,09/12/2025,09:52,10:04,0,2
4235,2,1659,09/12/2025,10:15,,0,3
4236,2,1566,09/12/2025,10:40,10:56,0,4
4237,2,1604,09/12/2025,11:00,11:16,0,5
4238,2,1482,09/12/2025,11:20,11:38,0,6
4239,2,1561,10/12/2025,09:14,09:27,0,1
4240,2,1553,10/12/2025,09:33,,0,2
4241,2,1885,10/12/2025,10:00,10:18,0,3
4242,2,1769,10/12/2025,10:22,10:30,0,4
4243,2,1839,10/12/2025,10:37,10:59,0,5
4244,2,1802,10/12/2025,11:06,11:20,0,6
4245,2,1883,10/12/2025,11:25,11:43,0,7
4246,2,1602,10/12/2025,11:49,12:03,0,8
4247,2,1586,10/12/2025,12:11,,0,9
4248,2,2815,10/12/2025,12:24,12:43,0,10
4249,2,1518,10/12/2025,12:48,13:16,0,11
4250,2,1446,11/12/2025,09:25,09:47,0,1
4251,2,1651,11/12/2025,09:51,10:04,0,2
4252,2,1718,11/12/2025,10:12,10:23,0,3
4253,2,1811,11/12/2025,10:36,10:58,0,4
4254,2,1788,11/12/2025,11:12,11:26,0,5
4255,2,1653,11/12/2025,11:36,11:43,0,6
4256,2,1544,11/12/2025,11:49,12:07,0,7
4257,2,1883,11/12/2025,12:11,12:21,0,8
4258,2,2815,11/12/2025,12:25,12:36,0,9
4259,2,2823,13/12/2025,09:15,09:28,0,1
4260,2,1715,13/12/2025,09:37,09:56,0,2
4261,2,1638,13/12/2025,10:03,10:28,0,3
4262,2,1446,13/12/2025,10:34,,0,4
4263,2,1446,13/12/2025,10:54,11:16,0,5
4264,2,1743,13/12/2025,11:22,11:48,0,6
4265,2,1777,13/12/2025,11:56,12:05,0,7
4266,2,1597,14/12/2025,09:29,09:36,0,1
4267,2,1646,14/12/2025,09:40,09:47,0,2
4268,2,1512,14/12/2025,09:54,10:07,0,3
4269,2,1820,14/12/2025,10:14,10:29,0,4
4270,2,1536,14/12/2025,10:37,10:59,0,5
4271,2,1518,14/12/2025,11:07,11:22,0,6
4272,2,1653,14/12/2025,11:30,11:44,0,7
4273,2,1676,15/12/2025,09:17,09:36,0,1
4274,2,1754,15/12/2025,09:40,09:58,0,2
4275,2,1609,15/12/2025,10:07,10:35,0,3
4276,2,1457,15/12/2025,10:43,11:05,0,4
4277,2,1804,15/12/2025,11:11,11:34,0,5
4278,2,1849,15/12/2025,11:39,11:56,0,6
4279,2,1642,15/12/2025,12:11,12:23,0,7
4280,2,1543,15/12/2025,12:33,12:50,0,8
4281,2,1621,15/12/2025,12:54,13:15,0,9
4282,2,1718,15/12/2025,13:20,13:27,0,10
4283,2,1456,15/12/2025,13:35,13:56,0,11
4284,2,1548,16/12/2025,09:36,09:53,0,1
4285,2,1575,16/12/2025,10:02,10:20,0,2
4286,2,1886,16/12/2025,10:25,10:32,0,3
4287,2,1535,16/12/2025,10:38,10:59,0,4
4288,2,1514,16/12/2025,11:03,11:16,0,5
4289,2,1455,16/12/2025,11:20,11:27,0,6
4290,2,1743,16/12/2025,11:34,,1,7
4291,2,1846,16/12/2025,12:06,12:26,0,8
4292,2,1462,17/12/2025,09:07,09:23,0,1
4293,2,1445,17/12/2025,09:27,09:39,0,2
4294,2,1778,17/12/2025,09:43,10:17,0,3
4295,2,1741,17/12/2025,10:26,10:33,0,4
4296,2,1665,17/12/2025,10:39,11:00,0,5
4297,2,1477,17/12/2025,11:07,11:20,0,6
4298,2,1771,17/12/2025,11:25,11:53,0,7
4299,2,1748,17/12/2025,12:00,,0,8
4300,2,1651,18/12/2025,09:32,10:03,0,1
4301,2,1849,18/12/2025,10:10,10:17,0,2
4302,2,1453,18/12/2025,10:27,10:46,0,3
4303,2,1835,18/12/2025,10:51,11:10,0,4
4304,2,1490,18/12/2025,11:16,11:33,0,5
4305,2,1779,18/12/2025,11:41,12:00,0,6
4306,2,1883,18/12/2025,12:04,12:27,0,7
4307,2,1880,18/12/2025,12:33,12:45,0,8
4308,2,2815,20/12/2025,09:21,09:34,0,1
4309,2,1706,20/12/2025,09:43,09:50,0,2
4310,2,1823,20/12/2025,09:57,10:08,0,3
4311,2,1792,20/12/2025,10:14,10:21,0,4
4312,2,1819,20/12/2025,10:29,10:44,0,5
4313,2,1582,20/12/2025,10:50,11:12,0,6
4314,2,1451,20/12/2025,11:25,11:49,0,7
4315,2,1599,21/12/2025,09:25,09:48,0,1
4316,2,1796,21/12/2025,09:56,10:04,0,2
4317,2,2809,21/12/2025,10:08,10:31,0,3
4318,2,1880,21/12/2025,10:39,10:46,0,4
4319,2,1676,21/12/2025,10:51,11:06,0,5
4320,2,1791,21/12/2025,11:14,11:24,0,6
4321,2,1623,21/12/2025,11:31,11:49,0,7
4322,2,1632,21/12/2025,11:57,12:04,0,8
4323,2,1691,21/12/2025,12:13,,0,9
4324,2,2806,22/12/2025,09:18,09:29,0,1
4325,2,1699,22/12/2025,09:37,09:59,0,2
4326,2,1467,22/12/2025,10:05,10:24,0,3
4327,2,1855,22/12/2025,10:34,10:47,0,4
4328,2,1625,22/12/2025,10:54,11:12,0,5
4329,2,1657,22/12/2025,11:18,,0,6
4330,2,1615,22/12/2025,11:42,,1,7
4331,2,1513,23/12/2025,09:26,09:33,0,1
4332,2,1857,23/12/2025,09:40,09:58,0,2
4333,2,1535,23/12/2025,10:07,10:23,0,3
4334,2,1810,23/12/2025,10:31,10:47,0,4
4335,2,2823,23/12/2025,10:57,11:11,0,5
4336,2,1589,23/12/2025,11:22,11:36,0,6
4337,2,1843,24/12/2025,09:32,09:48,0,1
4338,2,1561,24/12/2025,09:56,10:18,0,2
4339,2,1749,24/12/2025,10:25,10:32,0,3
4340,2,1758,24/12/2025,10:43,11:05,0,4
4341,2,1743,24/12/2025,11:10,11:33,0,5
4342,2,1613,24/12/2025,11:42,12:08,0,6
4343,2,1622,24/12/2025,12:14,12:31,0,7
4344,2,1463,24/12/2025,12:37,12:44,0,8
4345,2,1494,24/12/2025,12:52,13:09,0,9
4346,2,1654,24/12/2025,13:13,13:27,0,10
4347,2,1811,25/12/2025,09:25,09:36,0,1
4348,2,1526,25/12/2025,09:43,09:50,0,2
4349,2,1651,25/12/2025,10:03,10:26,0,3
4350,2,1562,25/12/2025,10:38,10:45,0,4
4351,2,1511,25/12/2025,10:52,11:04,0,5
4352,2,1665,25/12/2025,11:09,11:23,0,6
4353,2,1465,25/12/2025,11:35,11:44,0,7
4354,2,1634,25/12/2025,11:53,12:00,0,8
4355,2,1782,25/12/2025,12:10,12:21,0,9
4356,2,1443,27/12/2025,09:13,09:29,0,1
4357,2,1597,27/12/2025,09:37,10:00,0,2
4358,2,1455,27/12/2025,10:10,10:17,0,3
4359,2,1818,27/12/2025,10:27,10:47,0,4
4360,2,1753,27/12/2025,10:56,11:03,0,5
4361,2,1707,27/12/2025,11:07,11:14,0,6
4362,2,1561,27/12/2025,11:18,11:27,0,7
4363,2,1586,27/12/2025,11:31,11:48,0,8
4364,2,1723,27/12/2025,11:55,12:09,0,9
4365,2,1522,27/12/2025,12:20,12:35,0,10
4366,2,1880,27/12/2025,12:41,12:59,0,11
4367,2,2815,28/12/2025,09:31,09:53,0,1
4368,2,1748,28/12/2025,10:03,10:10,0,2
4369,2,1801,28/12/2025,10:14,10:26,0,3
4370,2,1567,28/12/2025,10:33,10:53,0,4
4371,2,1730,28/12/2025,10:57,11:21,0,5
4372,2,1778,28/12/2025,11:28,11:53,0,6
4373,2,1851,29/12/2025,09:19,09:41,0,1
4374,2,2815,29/12/2025,09:51,10:05,0,2
4375,2,1447,29/12/2025,10:10,10:17,0,3
4376,2,1709,29/12/2025,10:26,10:42,0,4
4377,2,1732,29/12/2025,10:52,11:02,0,5
4378,2,1765,29/12/2025,11:09,11:35,0,6
4379,2,1637,29/12/2025,11:44,11:59,0,7
4380,2,1481,30/12/2025,09:17,09:39,0,1
4381,2,1739,30/12/2025,09:44,09:51,0,2
4382,2,1558,30/12/2025,10:00,10:21,0,3
4383,2,1449,30/12/2025,10:31,10:53,0,4
4384,2,1613,30/12/2025,11:02,11:15,0,5
4385,2,2810,30/12/2025,11:24,11:54,0,6
4386,2,1843,30/12/2025,12:08,12:21,0,7
4387,2,1631,30/12/2025,12:30,13:04,0,8
4388,2,1667,30/12/2025,13:14,13:38,0,9
4389,2,1658,31/12/2025,09:11,09:31,0,1
4390,2,2823,31/12/2025,09:44,10:03,0,2
4391,2,1571,31/12/2025,10:08,10:35,0,3
4392,2,1818,31/12/2025,10:41,11:11,0,4
4393,2,1581,31/12/2025,11:15,11:22,0,5
4394,2,1840,31/12/2025,11:26,11:51,0,6
4395,2,1744,31/12/2025,11:56,12:03,0,7
4396,2,1479,01/01/2026,09:16,09:29,0,1
4397,2,1598,01/01/2026,09:33,09:44,0,2
4398,2,1663,01/01/2026,09:48,10:02,0,3
4399,2,1518,01/01/2026,10:11,10:23,0,4
4400,2,1536,01/01/2026,10:27,10:52,0,5
4401,2,1534,01/01/2026,10:58,11:17,0,6
4402,2,1765,01/01/2026,11:23,11:47,0,7
4403,2,1864,01/01/2026,11:58,12:22,0,8
4404,2,2815,03/01/2026,09:22,09:31,0,1
4405,2,1863,03/01/2026,09:38,,0,2
4406,2,1749,03/01/2026,10:07,10:18,0,3
4407,2,1477,03/01/2026,10:24,10:40,0,4
4408,2,1818,03/01/2026,10:48,11:12,0,5
4409,2,1884,03/01/2026,11:29,11:46,0,6
4410,2,1848,03/01/2026,11:51,12:12,0,7
4411,2,2810,04/01/2026,09:34,09:58,0,1
4412,2,1623,04/01/2026,10:02,10:13,0,2
4413,2,1507,04/01/2026,10:17,10:33,0,3
4414,2,1819,04/01/2026,10:44,10:51,0,4
4415,2,1833,04/01/2026,10:55,11:14,0,5
4416,2,1648,04/01/2026,11:18,11:36,0,6
4417,2,1499,04/01/2026,11:40,11:48,0,7
4418,2,1468,04/01/2026,11:52,12:11,0,8
4419,2,1479,04/01/2026,12:20,12:36,0,9
4420,2,1449,04/01/2026,12:41,12:57,0,10
4421,2,1835,04/01/2026,13:01,13:17,0,11
4422,2,1514,05/01/2026,09:15,09:33,0,1
4423,2,1582,05/01/2026,09:40,10:00,0,2
4424,2,1846,05/01/2026,10:04,10:11,0,3
4425,2,1599,05/01/2026,10:16,10:35,0,4
4426,2,1841,05/01/2026,10:48,11:07,0,5
4427,2,1811,05/01/2026,11:18,11:25,0,6
4428,2,1784,05/01/2026,11:35,11:49,0,7
4429,2,1709,05/01/2026,11:53,12:11,0,8
4430,2,1874,05/01/2026,12:17,12:37,0,9
4431,2,1657,06/01/2026,09:34,09:42,0,1
4432,2,1849,06/01/2026,09:48,10:15,0,2
4433,2,1515,06/01/2026,10:23,10:41,0,3
4434,2,1444,06/01/2026,10:45,10:54,0,4
4435,2,1725,06/01/2026,11:04,11:24,0,5
4436,2,1790,06/01/2026,11:28,,0,6
4437,2,1699,06/01/2026,11:42,12:08,0,7
4438,2,1629,06/01/2026,12:16,12:34,0,8
4439,2,1750,06/01/2026,12:38,12:59,0,9
4440,2,1758,06/01/2026,13:07,13:16,0,10
4441,2,1765,07/01/2026,09:14,09:38,0,1
4442,2,1516,07/01/2026,09:42,09:56,0,2
4443,2,1850,07/01/2026,10:00,10:21,0,3
4444,2,1638,07/01/2026,10:26,10:43,0,4
4445,2,1566,07/01/2026,10:50,11:21,0,5
4446,2,1694,07/01/2026,11:25,11:49,0,6
4447,2,1751,08/01/2026,09:33,09:44,0,1
4448,2,1727,08/01/2026,09:53,10:16,0,2
4449,2,1658,08/01/2026,10:20,10:48,0,3
4450,2,1841,08/01/2026,10:54,11:16,0,4
4451,2,1877,08/01/2026,11:22,,1,5
4452,2,1644,08/01/2026,11:50,12:18,0,6
4453,2,1586,10/01/2026,09:18,09:43,0,1
4454,2,1886,10/01/2026,09:52,10:00,0,2
4455,2,1629,10/01/2026,10:05,10:12,0,3
4456,2,1754,10/01/2026,10:18,,0,4
4457,2,1663,10/01/2026,10:38,10:56,0,5
4458,2,1631,10/01/2026,11:06,11:25,0,6
4459,2,1797,10/01/2026,11:33,11:52,0,7
4460,2,1738,10/01/2026,12:00,12:13,0,8
4461,2,1487,10/01/2026,12:17,12:24,0,9
4462,2,1879,10/01/2026,12:30,12:43,0,10
4463,2,1739,11/01/2026,09:10,09:17,0,1
4464,2,1456,11/01/2026,09:27,09:47,0,2
4465,2,1810,11/01/2026,09:51,10:03,0,3
4466,2,1645,11/01/2026,10:10,10:24,0,4
4467,2,1780,11/01/2026,10:28,10:52,0,5
4468,2,1847,11/01/2026,10:56,11:08,0,6
4469,2,1471,11/01/2026,11:14,11:21,0,7
4470,2,1726,11/01/2026,11:26,11:45,0,8
4471,2,1786,12/01/2026,09:18,09:29,0,1
4472,2,1879,12/01/2026,09:37,09:51,0,2
4473,2,1466,12/01/2026,09:57,10:04,0,3
4474,2,1805,12/01/2026,10:09,10:23,0,4
4475,2,1732,12/01/2026,10:31,10:45,0,5
4476,2,1440,12/01/2026,10:49,11:03,0,6
4477,2,1673,12/01/2026,11:11,11:33,0,7
4478,2,1742,12/01/2026,11:37,11:49,0,8
4479,2,1515,12/01/2026,11:56,12:18,0,9
4480,2,1763,13/01/2026,09:16,,0,1
4481,2,1882,13/01/2026,09:43,09:58,0,2
4482,2,1790,13/01/2026,10:08,10:23,0,3
4483,2,1682,13/01/2026,10:29,10:44,0,4
4484,2,1736,13/01/2026,10:51,11:00,0,5
4485,2,1815,13/01/2026,11:05,,0,6
4486,2,1607,14/01/2026,09:13,09:24,0,1
4487,2,1526,14/01/2026,09:33,09:48,0,2
4488,2,1686,14/01/2026,09:56,10:18,0,3
4489,2,1882,14/01/2026,10:22,10:42,0,4
4490,2,1503,14/01/2026,10:49,11:00,0,5
4491,2,1623,14/01/2026,11:04,11:14,0,6
4492,2,1548,15/01/2026,09:25,09:56,0,1
4493,2,1631,15/01/2026,10:03,10:31,0,2
4494,2,1617,15/01/2026,10:41,11:09,0,3
4495,2,1520,15/01/2026,11:15,11:36,0,4
4496,2,1610,15/01/2026,11:40,11:58,0,5
4497,2,1495,15/01/2026,12:02,12:14,0,6
4498,2,1754,15/01/2026,12:18,12:31,0,7
4499,2,1656,15/01/2026,12:36,12:48,0,8
4500,2,1482,17/01/2026,09:10,09:24,0,1
4501,2,1833,17/01/2026,09:34,09:49,0,2
4502,2,1850,17/01/2026,09:54,10:07,0,3
4503,2,2803,17/01/2026,10:19,10:28,0,4
4504,2,1475,17/01/2026,10:32,10:39,0,5
4505,2,1696,17/01/2026,10:43,11:07,0,6
4506,2,1453,17/01/2026,11:19,11:37,0,7
4507,2,1605,17/01/2026,11:41,,0,8
4508,2,1669,17/01/2026,12:11,12:33,0,9
4509,2,1706,17/01/2026,12:43,12:52,0,10
4510,2,1477,18/01/2026,09:20,09:42,0,1
4511,2,1688,18/01/2026,09:48,09:58,0,2
4512,2,1883,18/01/2026,10:07,10:24,0,3
4513,2,1720,18/01/2026,10:28,11:00,0,4
4514,2,1657,18/01/2026,11:04,11:12,0,5
4515,2,1638,18/01/2026,11:17,11:41,0,6
4516,2,1684,18/01/2026,11:49,12:10,0,7
4517,2,1570,18/01/2026,12:15,12:31,0,8
4518,2,1732,18/01/2026,12:35,12:44,0,9
4519,2,1722,18/01/2026,12:48,13:02,0,10
4520,2,1510,19/01/2026,09:28,09:44,0,1
4521,2,1609,19/01/2026,09:48,10:10,0,2
4522,2,1542,19/01/2026,10:16,10:37,0,3
4523,2,1769,19/01/2026,10:45,11:05,0,4
4524,2,1502,19/01/2026,11:12,11:23,0,5
4525,2,1474,19/01/2026,11:33,11:49,0,6
4526,2,1858,19/01/2026,11:59,12:14,0,7
4527,2,1764,20/01/2026,09:33,09:48,0,1
4528,2,1624,20/01/2026,10:01,10:17,0,2
4529,2,1713,20/01/2026,10:26,10:44,0,3
4530,2,1692,20/01/2026,10:50,10:57,0,4
4531,2,1884,20/01/2026,11:10,11:17,0,5
4532,2,1604,20/01/2026,11:22,11:41,0,6
4533,2,1561,20/01/2026,11:49,12:07,0,7
4534,2,1740,20/01/2026,12:11,12:31,0,8
4535,2,2813,20/01/2026,12:40,13:00,0,9
4536,2,1571,20/01/2026,13:09,13:24,0,10
4537,2,2806,20/01/2026,13:30,13:46,0,11
4538,2,1612,21/01/2026,09:15,09:38,0,1
4539,2,1874,21/01/2026,09:45,10:08,0,2
4540,2,1597,21/01/2026,10:16,10:33,0,3
4541,2,1597,21/01/2026,10:37,10:49,0,4
4542,2,1456,21/01/2026,10:55,11:15,0,5
4543,2,1553,21/01/2026,11:19,11:35,0,6
4544,2,1752,21/01/2026,11:39,11:46,0,7
4545,2,1813,21/01/2026,11:54,12:16,0,8
4546,2,1684,21/01/2026,12:20,12:42,0,9
4547,2,1868,21/01/2026,12:46,12:57,0,10
4548,2,1447,21/01/2026,13:06,13:13,0,11
4549,2,1689,22/01/2026,09:25,09:40,0,1
4550,2,1678,22/01/2026,09:49,10:01,0,2
4551,2,1597,22/01/2026,10:05,10:17,0,3
4552,2,1780,22/01/2026,10:23,10:40,0,4
4553,2,1493,22/01/2026,10:48,11:16,0,5
4554,2,1813,22/01/2026,11:24,11:57,0,6
4555,2,1483,24/01/2026,09:28,09:52,0,1
4556,2,1787,24/01/2026,10:01,10:20,0,2
4557,2,1616,24/01/2026,10:27,10:37,0,3
4558,2,1532,24/01/2026,10:41,,0,4
4559,2,1480,24/01/2026,11:08,11:29,0,5
4560,2,1489,24/01/2026,11:35,11:55,0,6
4561,2,1775,25/01/2026,09:22,09:33,0,1
4562,2,1561,25/01/2026,09:38,09:46,0,2
4563,2,1792,25/01/2026,09:53,10:10,0,3
4564,2,1560,25/01/2026,10:16,10:30,0,4
4565,2,1775,25/01/2026,10:35,10:46,0,5
4566,2,1635,25/01/2026,10:54,11:09,0,6
4567,2,1535,25/01/2026,11:19,11:35,0,7
4568,2,1845,25/01/2026,11:39,11:54,0,8
4569,2,1567,25/01/2026,11:59,,1,9
4570,2,1554,26/01/2026,09:29,09:52,0,1
4571,2,1704,26/01/2026,10:04,10:13,0,2
4572,2,1535,26/01/2026,10:22,10:41,0,3
4573,2,1826,26/01/2026,10:47,10:54,0,4
4574,2,1811,26/01/2026,11:03,11:11,0,5
4575,2,1804,26/01/2026,11:21,11:46,0,6
4576,2,1507,26/01/2026,11:50,12:08,0,7
4577,2,1624,26/01/2026,12:12,12:37,0,8
4578,2,1564,26/01/2026,12:45,13:09,0,9
4579,2,1706,26/01/2026,13:15,13:30,0,10
4580,2,1780,26/01/2026,13:40,14:02,0,11
4581,2,1598,27/01/2026,09:31,,0,1
4582,2,1520,27/01/2026,09:50,10:20,0,2
4583,2,1447,27/01/2026,10:27,10:34,0,3
4584,2,1636,27/01/2026,10:46,11:08,0,4
4585,2,1542,27/01/2026,11:16,,0,5
4586,2,1647,27/01/2026,11:44,11:58,0,6
4587,2,1672,27/01/2026,12:08,12:22,0,7
4588,2,1756,28/01/2026,09:31,09:42,0,1
4589,2,1643,28/01/2026,09:46,09:54,0,2
4590,2,1664,28/01/2026,10:00,10:11,0,3
4591,2,1744,28/01/2026,10:15,10:38,0,4
4592,2,1782,28/01/2026,10:46,11:07,0,5
4593,2,1484,28/01/2026,11:21,11:34,0,6
4594,2,1702,28/01/2026,11:42,11:52,0,7
4595,2,1888,28/01/2026,11:56,12:12,0,8
4596,2,1652,28/01/2026,12:16,12:23,0,9
4597,2,1758,28/01/2026,12:27,12:48,0,10
4598,2,1585,28/01/2026,12:58,13:17,0,11
4599,2,1741,29/01/2026,09:12,09:19,0,1
4600,2,1706,29/01/2026,09:34,,0,2
4601,2,1492,29/01/2026,10:01,10:18,0,3
4602,2,1485,29/01/2026,10:22,10:42,0,4
4603,2,1640,29/01/2026,10:52,11:05,0,5
4604,2,1647,29/01/2026,11:19,11:33,0,6
4605,2,1456,29/01/2026,11:41,12:13,0,7
4606,2,1849,29/01/2026,12:17,12:46,0,8
4607,2,1609,31/01/2026,09:31,09:52,0,1
4608,2,1646,31/01/2026,09:58,,0,2
4609,2,1775,31/01/2026,10:12,10:28,0,3
4610,2,1837,31/01/2026,10:39,11:08,0,4
4611,2,1492,31/01/2026,11:19,11:42,0,5
4612,2,1523,31/01/2026,11:47,11:54,0,6
4613,2,1510,31/01/2026,11:58,12:11,0,7
4614,2,1496,31/01/2026,12:22,12:36,0,8
4615,2,1548,31/01/2026,12:40,12:54,0,9
4616,2,1665,01/02/2026,09:26,09:46,0,1
4617,2,1648,01/02/2026,09:50,10:02,0,2
4618,2,1446,01/02/2026,10:06,10:21,0,3
4619,2,1541,01/02/2026,10:32,10:49,0,4
4620,2,1611,01/02/2026,10:55,11:13,0,5
4621,2,1526,01/02/2026,11:17,11:24,0,6
4622,2,1602,01/02/2026,11:33,11:50,0,7
4623,2,1598,01/02/2026,12:01,12:29,0,8
4624,2,1846,02/02/2026,09:32,09:40,0,1
4625,2,1556,02/02/2026,09:44,09:51,0,2
4626,2,1584,02/02/2026,10:07,10:21,0,3
4627,2,1630,02/02/2026,10:26,10:35,0,4
4628,2,1588,02/02/2026,10:41,10:56,0,5
4629,2,1468,02/02/2026,11:04,11:29,0,6
4630,2,1585,02/02/2026,11:36,11:56,0,7
4631,2,1523,02/02/2026,12:06,12:14,0,8
4632,2,1784,02/02/2026,12:21,12:29,0,9
4633,2,1455,02/02/2026,12:36,12:44,0,10
4634,2,1575,02/02/2026,12:50,12:57,0,11
4635,2,1598,03/02/2026,09:31,09:48,0,1
4636,2,1630,03/02/2026,09:52,10:06,0,2
4637,2,1531,03/02/2026,10:11,10:19,0,3
4638,2,1739,03/02/2026,10:25,10:38,0,4
4639,2,1644,03/02/2026,10:49,11:08,0,5
4640,2,1697,03/02/2026,11:18,11:45,0,6
4641,2,1542,03/02/2026,11:50,12:03,0,7
4642,2,1804,03/02/2026,12:09,12:28,0,8
4643,2,1611,03/02/2026,12:32,12:52,0,9
4644,2,1669,04/02/2026,09:13,09:25,0,1
4645,2,1831,04/02/2026,09:37,09:53,0,2
4646,2,1516,04/02/2026,10:00,10:09,0,3
4647,2,1867,04/02/2026,10:18,10:25,0,4
4648,2,1523,04/02/2026,10:30,10:50,0,5
4649,2,1663,04/02/2026,10:55,11:16,0,6
4650,2,1673,04/02/2026,11:23,11:39,0,7
4651,2,1543,04/02/2026,11:51,12:07,0,8
4652,2,1667,04/02/2026,12:12,12:19,0,9
4653,2,1581,04/02/2026,12:23,12:31,0,10
4654,2,1639,05/02/2026,09:21,09:46,0,1
4655,2,1513,05/02/2026,09:53,10:04,0,2
4656,2,1568,05/02/2026,10:13,10:36,0,3
4657,2,1796,05/02/2026,10:41,10:54,0,4
4658,2,1550,05/02/2026,11:02,11:09,0,5
4659,2,1543,05/02/2026,11:18,11:33,0,6
4660,2,1466,05/02/2026,11:40,11:51,0,7
4661,2,1639,05/02/2026,11:55,12:20,0,8
4662,2,1451,05/02/2026,12:30,12:54,0,9
4663,2,1538,07/02/2026,09:19,,1,1
4664,2,1514,07/02/2026,09:46,,0,2
4665,2,1474,07/02/2026,10:14,10:21,0,3
4666,2,1744,07/02/2026,10:29,10:36,0,4
4667,2,1873,07/02/2026,10:46,10:56,0,5
4668,2,1476,07/02/2026,11:00,11:17,0,6
4669,2,1669,07/02/2026,11:25,11:48,0,7
4670,2,2803,08/02/2026,09:33,09:43,0,1
4671,2,1686,08/02/2026,09:48,,0,2
4672,2,1738,08/02/2026,10:19,10:39,0,3
4673,2,1542,08/02/2026,10:50,11:15,0,4
4674,2,1688,08/02/2026,11:24,11:31,0,5
4675,2,1699,08/02/2026,11:37,12:06,0,6
4676,2,1725,08/02/2026,12:10,12:34,0,7
4677,2,1584,08/02/2026,12:40,13:00,0,8
4678,2,1713,09/02/2026,09:27,09:45,0,1
4679,2,1742,09/02/2026,09:50,10:04,0,2
4680,2,1885,09/02/2026,10:08,10:21,0,3
4681,2,1615,09/02/2026,10:27,10:53,0,4
4682,2,1519,09/02/2026,11:02,11:19,0,5
4683,2,1805,09/02/2026,11:25,11:42,0,6
4684,2,1495,09/02/2026,11:46,12:06,0,7
4685,2,1485,09/02/2026,12:14,12:34,0,8
4686,2,1618,10/02/2026,09:21,09:33,0,1
4687,2,1855,10/02/2026,09:41,09:53,0,2
4688,2,1839,10/02/2026,09:57,10:07,0,3
4689,2,1725,10/02/2026,10:19,10:42,0,4
4690,2,1554,10/02/2026,10:48,11:07,0,5
4691,2,1617,10/02/2026,11:14,11:29,0,6
4692,2,1556,10/02/2026,11:35,11:45,0,7
4693,2,1629,10/02/2026,11:53,12:14,0,8
4694,2,1865,11/02/2026,09:13,,0,1
4695,2,1805,11/02/2026,09:32,09:51,0,2
4696,2,1844,11/02/2026,09:58,10:13,0,3
4697,2,1818,11/02/2026,10:17,10:38,0,4
4698,2,1836,11/02/2026,10:45,,0,5
4699,2,1745,11/02/2026,11:03,11:22,0,6
4700,2,1607,11/02/2026,11:28,11:47,0,7
4701,2,1800,11/02/2026,11:51,12:08,0,8
4702,2,1761,11/02/2026,12:12,12:24,0,9
4703,2,1444,11/02/2026,12:32,12:44,0,10
4704,2,1713,12/02/2026,09:19,09:42,0,1
4705,2,1818,12/02/2026,09:48,10:06,0,2
4706,2,1739,12/02/2026,10:10,10:21,0,3
4707,2,1481,12/02/2026,10:28,10:43,0,4
4708,2,1770,12/02/2026,10:50,10:59,0,5
4709,2,1833,12/02/2026,11:03,11:12,0,6
4710,2,1470,12/02/2026,11:18,11:37,0,7
4711,2,1884,12/02/2026,11:42,12:01,0,8
4712,2,1575,12/02/2026,12:06,12:18,0,9
4713,2,1662,12/02/2026,12:26,12:34,0,10
4714,2,1821,12/02/2026,12:45,,1,11
4715,2,1578,14/02/2026,09:28,09:48,0,1
4716,2,1638,14/02/2026,09:52,10:11,0,2
4717,2,1746,14/02/2026,10:19,,0,3
4718,2,1476,14/02/2026,10:48,11:12,0,4
4719,2,1704,14/02/2026,11:16,11:31,0,5
4720,2,1487,14/02/2026,11:37,11:52,0,6
4721,2,1571,14/02/2026,11:58,12:13,0,7
4722,2,1646,14/02/2026,12:19,12:26,0,8
4723,2,1657,15/02/2026,09:23,09:35,0,1
4724,2,1636,15/02/2026,09:39,09:48,0,2
4725,2,1743,15/02/2026,10:00,10:11,0,3
4726,2,1601,15/02/2026,10:19,10:33,0,4
4727,2,1496,15/02/2026,10:40,11:01,0,5
4728,2,1750,15/02/2026,11:09,11:23,0,6
4729,2,1716,15/02/2026,11:31,11:48,0,7
4730,2,1771,15/02/2026,11:53,,0,8
4731,2,1654,15/02/2026,12:14,12:34,0,9
4732,2,1852,15/02/2026,12:44,13:02,0,10
4733,2,1867,16/02/2026,09:24,09:35,0,1
4734,2,1539,16/02/2026,09:39,10:02,0,2
4735,2,1692,16/02/2026,10:13,10:21,0,3
4736,2,1760,16/02/2026,10:27,10:40,0,4
4737,2,1567,16/02/2026,10:51,,0,5
4738,2,1752,16/02/2026,11:11,11:25,0,6
4739,2,1748,16/02/2026,11:32,11:54,0,7
4740,2,1788,17/02/2026,09:05,09:23,0,1
4741,2,1644,17/02/2026,09:27,09:41,0,2
4742,2,1746,17/02/2026,09:53,10:13,0,3
4743,2,1524,17/02/2026,10:17,10:50,0,4
4744,2,1494,17/02/2026,10:55,11:13,0,5
4745,2,1526,17/02/2026,11:24,11:49,0,6
4746,2,1599,17/02/2026,11:57,12:11,0,7
4747,2,1470,17/02/2026,12:23,12:42,0,8
4748,2,1843,17/02/2026,12:49,13:14,0,9
4749,2,1798,17/02/2026,13:22,13:33,0,10
4750,2,1692,17/02/2026,13:40,13:47,0,11
4751,2,1868,18/02/2026,09:29,09:51,0,1
4752,2,1769,18/02/2026,09:57,10:04,0,2
4753,2,1728,18/02/2026,10:12,10:35,0,3
4754,2,1744,18/02/2026,10:40,10:47,0,4
4755,2,1534,18/02/2026,10:55,,0,5
4756,2,1691,18/02/2026,11:31,11:41,0,6
4757,2,1738,18/02/2026,11:51,,0,7
4758,2,1569,19/02/2026,09:21,09:51,0,1
4759,2,1607,19/02/2026,09:55,10:06,0,2
4760,2,1700,19/02/2026,10:11,10:25,0,3
4761,2,1502,19/02/2026,10:32,10:43,0,4
4762,2,1588,19/02/2026,10:47,11:08,0,5
4763,2,1531,19/02/2026,11:21,11:28,0,6
4764,2,1861,19/02/2026,11:34,11:55,0,7
4765,2,1829,21/02/2026,09:17,09:39,0,1
4766,2,1878,21/02/2026,09:43,10:05,0,2
4767,2,1519,21/02/2026,10:13,10:20,0,3
4768,2,1597,21/02/2026,10:29,10:47,0,4
4769,2,1483,21/02/2026,10:56,11:21,0,5
4770,2,1765,21/02/2026,11:25,11:43,0,6
4771,2,1750,22/02/2026,09:11,09:33,0,1
4772,2,1727,22/02/2026,09:37,10:01,0,2
4773,2,1515,22/02/2026,10:08,10:21,0,3
4774,2,1657,22/02/2026,10:29,10:43,0,4
4775,2,1844,22/02/2026,10:50,11:07,0,5
4776,2,1818,22/02/2026,11:11,11:32,0,6
4777,2,1842,22/02/2026,11:40,11:58,0,7
4778,2,1827,22/02/2026,12:02,12:19,0,8
4779,2,2815,22/02/2026,12:23,,0,9
4780,2,1575,22/02/2026,12:37,12:48,0,10
4781,2,1863,22/02/2026,12:59,13:14,0,11
4782,2,1621,23/02/2026,09:15,09:30,0,1
4783,2,1649,23/02/2026,09:41,09:48,0,2
4784,2,1471,23/02/2026,09:57,10:10,0,3
4785,2,1763,23/02/2026,10:16,10:32,0,4
4786,2,1625,23/02/2026,10:36,10:56,0,5
4787,2,1639,23/02/2026,11:05,11:12,0,6
4788,2,1666,23/02/2026,11:16,11:33,0,7
4789,2,1449,23/02/2026,11:45,12:05,0,8
4790,2,1848,23/02/2026,12:10,12:17,0,9
4791,2,1888,24/02/2026,09:13,09:37,0,1
4792,2,1467,24/02/2026,09:42,09:54,0,2
4793,2,1528,24/02/2026,09:59,10:06,0,3
4794,2,1635,24/02/2026,10:14,10:39,0,4
4795,2,1475,24/02/2026,10:46,10:59,0,5
4796,2,1446,24/02/2026,11:03,11:17,0,6
4797,2,1616,25/02/2026,09:13,09:35,0,1
4798,2,1805,25/02/2026,09:39,09:54,0,2
4799,2,2803,25/02/2026,10:03,,0,3
4800,2,1802,25/02/2026,10:18,10:32,0,4
4801,2,1450,25/02/2026,10:36,10:44,0,5
4802,2,1884,25/02/2026,10:49,11:02,0,6
4803,2,1520,25/02/2026,11:07,11:25,0,7
4804,2,1678,25/02/2026,11:32,11:42,0,8
4805,2,1560,26/02/2026,09:31,09:52,0,1
4806,2,1573,26/02/2026,09:58,10:14,0,2
4807,2,1596,26/02/2026,10:18,10:25,0,3
4808,2,2810,26/02/2026,10:36,11:04,0,4
4809,2,1476,26/02/2026,11:08,11:29,0,5
4810,2,1608,26/02/2026,11:33,,0,6
4811,2,1769,26/02/2026,11:55,12:06,0,7
4812,2,1884,28/02/2026,09:26,09:42,0,1
4813,2,1543,28/02/2026,09:46,09:59,0,2
4814,2,1716,28/02/2026,10:03,10:18,0,3
4815,2,1685,28/02/2026,10:22,10:29,0,4
4816,2,1689,28/02/2026,10:35,10:49,0,5
4817,2,1443,28/02/2026,10:53,11:07,0,6
4818,2,1742,28/02/2026,11:14,11:30,0,7
4819,2,1693,28/02/2026,11:38,11:50,0,8
4820,2,1884,28/02/2026,11:59,12:26,0,9
4821,2,1826,28/02/2026,12:36,12:43,0,10
4822,2,1573,01/03/2026,09:14,09:34,0,1
4823,2,1667,01/03/2026,09:42,09:52,0,2
4824,2,1842,01/03/2026,10:06,10:22,0,3
4825,2,1492,01/03/2026,10:26,10:45,0,4
4826,2,1835,01/03/2026,10:54,11:11,0,5
4827,2,1466,01/03/2026,11:16,11:34,0,6
4828,2,1532,02/03/2026,09:09,,0,1
4829,2,1742,02/03/2026,09:33,09:52,0,2
4830,2,1490,02/03/2026,10:05,10:30,0,3
4831,2,1444,02/03/2026,10:34,10:56,0,4
4832,2,1637,02/03/2026,11:07,11:21,0,5
4833,2,1465,02/03/2026,11:25,11:38,0,6
4834,2,1608,02/03/2026,11:45,12:10,0,7
4835,2,1637,02/03/2026,12:21,12:37,0,8
4836,2,1763,02/03/2026,12:45,13:02,0,9
4837,2,1849,03/03/2026,09:21,09:40,0,1
4838,2,1568,03/03/2026,09:45,10:09,0,2
4839,2,1484,03/03/2026,10:14,10:35,0,3
4840,2,1710,03/03/2026,10:46,10:55,0,4
4841,2,1481,03/03/2026,10:59,11:19,0,5
4842,2,1683,03/03/2026,11:29,11:44,0,6
4843,2,1758,04/03/2026,09:17,09:39,0,1
4844,2,1802,04/03/2026,09:44,10:10,0,2
4845,2,1617,04/03/2026,10:14,10:24,0,3
4846,2,1754,04/03/2026,10:30,10:41,0,4
4847,2,1553,04/03/2026,10:48,11:01,0,5
4848,2,1732,04/03/2026,11:05,11:28,0,6
4849,2,1833,04/03/2026,11:32,11:39,0,7
4850,2,1570,04/03/2026,11:47,,0,8
4851,2,1650,04/03/2026,12:05,12:21,0,9
4852,2,1713,04/03/2026,12:28,12:49,0,10
4853,2,1735,04/03/2026,12:53,13:07,0,11
4854,2,1535,05/03/2026,09:17,09:38,0,1
4855,2,1881,05/03/2026,09:48,10:12,0,2
4856,2,1683,05/03/2026,10:25,10:44,0,3
4857,2,1449,05/03/2026,10:49,11:05,0,4
4858,2,1615,05/03/2026,11:14,11:31,0,5
4859,2,2822,05/03/2026,11:35,11:51,0,6
4860,2,1720,05/03/2026,11:56,12:21,0,7
4861,2,1797,05/03/2026,12:31,12:38,0,8
4862,2,1566,05/03/2026,12:45,13:04,0,9
4863,2,1784,05/03/2026,13:10,13:29,0,10
4864,2,1780,05/03/2026,13:35,13:56,0,11
4865,2,1470,07/03/2026,09:23,09:36,0,1
4866,2,1457,07/03/2026,09:42,09:59,0,2
4867,2,1668,07/03/2026,10:07,10:18,0,3
4868,2,1517,07/03/2026,10:24,10:49,0,4
4869,2,1622,07/03/2026,10:53,11:10,0,5
4870,2,1574,07/03/2026,11:14,11:30,0,6
4871,2,1561,07/03/2026,11:36,11:48,0,7
4872,2,1829,07/03/2026,11:55,12:23,0,8
4873,2,1532,07/03/2026,12:27,12:34,0,9
4874,2,1880,07/03/2026,12:38,12:45,0,10
4875,2,1511,07/03/2026,12:55,13:23,0,11
4876,2,1521,08/03/2026,09:23,09:36,0,1
4877,2,1582,08/03/2026,09:42,09:57,0,2
4878,2,1873,08/03/2026,10:01,10:14,0,3
4879,2,1712,08/03/2026,10:21,10:30,0,4
4880,2,1479,08/03/2026,10:36,10:47,0,5
4881,2,1709,08/03/2026,10:55,11:20,0,6
4882,2,1716,08/03/2026,11:31,11:50,0,7
4883,2,1734,08/03/2026,11:54,12:13,0,8
4884,2,1580,08/03/2026,12:17,12:42,0,9
4885,2,1599,09/03/2026,09:32,10:00,0,1
4886,2,1668,09/03/2026,10:07,,0,2
4887,2,1877,09/03/2026,10:19,10:38,0,3
4888,2,1663,09/03/2026,10:42,10:59,0,4
4889,2,1745,09/03/2026,11:04,11:13,0,5
4890,2,2806,09/03/2026,11:21,11:31,0,6
4891,2,1528,10/03/2026,09:24,09:37,0,1
4892,2,1779,10/03/2026,09:45,10:00,0,2
4893,2,1498,10/03/2026,10:07,10:24,0,3
4894,2,1738,10/03/2026,10:28,10:53,0,4
4895,2,1781,10/03/2026,10:57,,0,5
4896,2,1783,10/03/2026,11:18,11:37,0,6
4897,2,1772,10/03/2026,11:44,11:58,0,7
4898,2,1521,10/03/2026,12:09,12:28,0,8
4899,2,1756,11/03/2026,09:21,09:41,0,1
4900,2,1773,11/03/2026,09:50,10:14,0,2
4901,2,1615,11/03/2026,10:23,10:45,0,3
4902,2,1556,11/03/2026,10:49,,0,4
4903,2,1769,11/03/2026,11:06,11:17,0,5
4904,2,1650,11/03/2026,11:21,11:34,0,6
4905,2,1746,11/03/2026,11:38,11:59,0,7
4906,2,1635,12/03/2026,09:07,09:22,0,1
4907,2,1578,12/03/2026,09:27,,0,2
4908,2,1471,12/03/2026,09:52,10:00,0,3
4909,2,1800,12/03/2026,10:05,10:23,0,4
4910,2,1800,12/03/2026,10:30,11:04,0,5
4911,2,1588,12/03/2026,11:12,11:27,0,6
4912,2,1842,12/03/2026,11:38,11:56,0,7
4913,2,1874,12/03/2026,12:06,12:15,0,8
4914,2,1728,12/03/2026,12:19,12:30,0,9
4915,2,1863,12/03/2026,12:39,13:03,0,10
4916,2,1654,14/03/2026,09:09,09:20,0,1
4917,2,1532,14/03/2026,09:24,09:31,0,2
4918,2,1841,14/03/2026,09:37,09:47,0,3
4919,2,1882,14/03/2026,09:51,10:10,0,4
4920,2,2817,14/03/2026,10:15,10:22,0,5
4921,2,1770,14/03/2026,10:32,10:39,0,6
4922,2,1871,14/03/2026,10:46,10:59,0,7
4923,2,1529,15/03/2026,09:18,09:43,0,1
4924,2,1498,15/03/2026,09:47,10:02,0,2
4925,2,1829,15/03/2026,10:11,10:23,0,3
4926,2,1707,15/03/2026,10:30,10:48,0,4
4927,2,1732,15/03/2026,10:52,11:10,0,5
4928,2,1794,15/03/2026,11:14,11:24,0,6
4929,2,1791,15/03/2026,11:28,11:41,0,7
4930,2,1819,16/03/2026,09:14,09:28,0,1
4931,2,1600,16/03/2026,09:33,09:51,0,2
4932,2,1691,16/03/2026,10:03,10:15,0,3
4933,2,1586,16/03/2026,10:24,10:37,0,4
4934,2,1705,16/03/2026,10:45,11:06,0,5
4935,2,1530,16/03/2026,11:10,11:17,0,6
4936,2,1743,16/03/2026,11:28,,0,7
4937,2,1608,16/03/2026,11:48,12:06,0,8
4938,2,1618,16/03/2026,12:15,12:22,0,9
4939,2,1595,17/03/2026,09:20,,0,1
4940,2,1691,17/03/2026,09:44,10:06,0,2
4941,2,1884,17/03/2026,10:14,10:42,0,3
4942,2,1492,17/03/2026,10:52,11:15,0,4
4943,2,1688,17/03/2026,11:20,11:27,0,5
4944,2,1507,17/03/2026,11:32,11:54,0,6
4945,2,1810,17/03/2026,11:59,12:20,0,7
4946,2,1522,17/03/2026,12:27,12:40,0,8
4947,2,1801,18/03/2026,09:18,09:29,0,1
4948,2,1809,18/03/2026,09:38,09:47,0,2
4949,2,1596,18/03/2026,10:00,10:22,0,3
4950,2,1475,18/03/2026,10:27,10:38,0,4
4951,2,1716,18/03/2026,10:42,11:01,0,5
4952,2,1485,18/03/2026,11:10,11:21,0,6
4953,2,1802,19/03/2026,09:09,09:31,0,1
4954,2,1756,19/03/2026,09:38,09:51,0,2
4955,2,1699,19/03/2026,10:01,10:17,0,3
4956,2,1662,19/03/2026,10:21,10:45,0,4
4957,2,2817,19/03/2026,10:50,11:14,0,5
4958,2,1560,19/03/2026,11:22,11:29,0,6
4959,2,1570,19/03/2026,11:35,11:46,0,7
4960,2,1745,19/03/2026,11:56,12:03,0,8
4961,2,1615,19/03/2026,12:12,12:31,0,9
4962,2,1831,19/03/2026,12:35,12:43,0,10
4963,2,1624,21/03/2026,09:10,09:30,0,1
4964,2,1527,21/03/2026,09:36,09:50,0,2
4965,2,2803,21/03/2026,09:54,10:07,0,3
4966,2,1763,21/03/2026,10:12,10:19,0,4
4967,2,1734,21/03/2026,10:28,10:38,0,5
4968,2,1846,21/03/2026,10:42,11:09,0,6
4969,2,1833,21/03/2026,11:18,11:25,0,7
4970,2,1578,21/03/2026,11:31,11:50,0,8
4971,2,1606,21/03/2026,11:59,12:11,0,9
4972,2,1709,21/03/2026,12:18,12:34,0,10
4973,2,1482,22/03/2026,09:19,09:38,0,1
4974,2,1821,22/03/2026,09:48,10:11,0,2
4975,2,1732,22/03/2026,10:17,10:24,0,3
4976,2,1704,22/03/2026,10:33,10:50,0,4
4977,2,1589,22/03/2026,10:59,11:13,0,5
4978,2,1485,22/03/2026,11:23,11:37,0,6
4979,2,1463,23/03/2026,09:25,09:37,0,1
4980,2,1884,23/03/2026,09:49,10:08,0,2
4981,2,1479,23/03/2026,10:16,10:27,0,3
4982,2,1557,23/03/2026,10:31,10:51,0,4
4983,2,1694,23/03/2026,10:55,11:18,0,5
4984,2,1755,23/03/2026,11:28,11:45,0,6
4985,2,1454,23/03/2026,11:51,12:06,0,7
4986,2,1473,23/03/2026,12:14,12:29,0,8
4987,2,1599,24/03/2026,09:34,,1,1
4988,2,1817,24/03/2026,10:01,10:22,0,2
4989,2,1607,24/03/2026,10:26,10:33,0,3
4990,2,2823,24/03/2026,10:40,11:00,0,4
4991,2,2808,24/03/2026,11:05,11:16,0,5
4992,2,1772,24/03/2026,11:22,11:32,0,6
4993,2,1517,24/03/2026,11:41,12:03,0,7
4994,2,1489,24/03/2026,12:07,12:25,0,8
4995,2,1823,24/03/2026,12:34,12:54,0,9
4996,2,1642,24/03/2026,13:04,13:24,0,10
4997,2,1782,25/03/2026,09:14,09:35,0,1
4998,2,1573,25/03/2026,09:41,10:00,0,2
4999,2,1694,25/03/2026,10:10,10:25,0,3
5000,2,1685,25/03/2026,10:30,10:37,0,4
5001,2,1530,25/03/2026,10:42,11:07,0,5
5002,2,1575,25/03/2026,11:17,11:30,0,6
5003,2,1668,25/03/2026,11:34,11:41,0,7
5004,2,1692,25/03/2026,11:50,,0,8
5005,2,1444,25/03/2026,12:03,12:27,0,9
5006,2,1478,26/03/2026,09:34,09:55,0,1
5007,2,1637,26/03/2026,10:02,10:16,0,2
5008,2,1449,26/03/2026,10:20,10:38,0,3
5009,2,1734,26/03/2026,10:42,10:51,0,4
5010,2,1811,26/03/2026,11:00,,0,5
5011,2,1827,26/03/2026,11:15,11:33,0,6
5012,2,1451,26/03/2026,11:38,12:06,0,7
5013,2,1620,26/03/2026,12:16,12:42,0,8
5014,2,1769,26/03/2026,12:51,13:07,0,9
5015,2,1478,26/03/2026,13:11,13:30,0,10
5016,2,1877,26/03/2026,13:34,13:50,0,11
5017,2,1450,28/03/2026,09:28,09:35,0,1
5018,2,1857,28/03/2026,09:39,10:09,0,2
5019,2,1533,28/03/2026,10:13,10:29,0,3
5020,2,1513,28/03/2026,10:35,10:44,0,4
5021,2,1571,28/03/2026,10:51,11:23,0,5
5022,2,1888,28/03/2026,11:27,11:42,0,6
5023,2,1490,28/03/2026,11:49,12:08,0,7
5024,2,1731,28/03/2026,12:19,12:39,0,8
5025,2,1514,28/03/2026,12:44,13:07,0,9
5026,2,1772,29/03/2026,09:19,09:26,0,1
5027,2,1476,29/03/2026,09:34,09:52,0,2
5028,2,1870,29/03/2026,10:04,10:18,0,3
5029,2,1865,29/03/2026,10:23,10:39,0,4
5030,2,1689,29/03/2026,10:50,11:02,0,5
5031,2,1716,29/03/2026,11:09,11:16,0,6
5032,2,1459,29/03/2026,11:21,11:34,0,7
5033,2,1522,29/03/2026,11:39,11:55,0,8
5034,2,1725,29/03/2026,12:06,12:13,0,9
5035,2,1790,29/03/2026,12:19,12:29,0,10
5036,2,1802,29/03/2026,12:36,12:53,0,11
5037,2,1453,30/03/2026,09:22,09:49,0,1
5038,2,1720,30/03/2026,09:57,10:19,0,2
5039,2,1589,30/03/2026,10:27,10:45,0,3
5040,2,1672,30/03/2026,10:49,11:11,0,4
5041,2,1604,30/03/2026,11:19,11:36,0,5
5042,2,1720,30/03/2026,11:45,12:06,0,6
5043,2,1872,30/03/2026,12:11,12:39,0,7
5044,2,1722,30/03/2026,12:43,12:55,0,8
5045,2,1740,30/03/2026,12:59,13:23,0,9
5046,2,1745,30/03/2026,13:30,13:44,0,10
5047,2,1678,30/03/2026,13:51,14:01,0,11
5048,2,2815,31/03/2026,09:29,09:36,0,1
5049,2,1885,31/03/2026,09:43,,0,2
5050,2,1617,31/03/2026,10:11,10:39,0,3
5051,2,1864,31/03/2026,10:43,11:09,0,4
5052,2,1659,31/03/2026,11:15,11:34,0,5
5053,2,1865,31/03/2026,11:38,11:52,0,6
5054,2,1633,31/03/2026,11:56,12:13,0,7
5055,2,1524,31/03/2026,12:21,12:40,0,8
5056,2,1744,31/03/2026,12:49,,1,9
5057,2,1809,31/03/2026,13:06,13:24,0,10
5058,2,1696,31/03/2026,13:35,13:55,0,11
5059,2,1663,01/04/2026,09:27,09:41,0,1
5060,2,1513,01/04/2026,09:51,10:03,0,2
5061,2,1650,01/04/2026,10:12,10:19,0,3
5062,2,1794,01/04/2026,10:29,10:36,0,4
5063,2,1629,01/04/2026,10:42,10:54,0,5
5064,2,1752,01/04/2026,11:02,11:13,0,6
5065,2,1571,01/04/2026,11:18,11:44,0,7
5066,2,1596,01/04/2026,11:53,12:10,0,8
5067,2,1591,01/04/2026,12:20,12:27,0,9
5068,2,1763,01/04/2026,12:35,12:52,0,10
5069,2,1507,02/04/2026,09:37,09:50,0,1
5070,2,1494,02/04/2026,09:54,10:19,0,2
5071,2,1536,02/04/2026,10:26,10:44,0,3
5072,2,1843,02/04/2026,10:50,11:10,0,4
5073,2,1800,02/04/2026,11:18,11:40,0,5
5074,2,1514,02/04/2026,11:47,11:56,0,6
5075,2,1585,02/04/2026,12:04,12:28,0,7
5076,2,1686,02/04/2026,12:34,12:51,0,8
5077,2,1561,02/04/2026,13:00,13:08,0,9
5078,2,1645,02/04/2026,13:13,13:38,0,10
5079,2,1889,02/04/2026,13:45,13:57,0,11
5080,2,1535,04/04/2026,09:23,09:32,0,1
5081,2,1586,04/04/2026,09:38,09:59,0,2
5082,2,1863,04/04/2026,10:03,10:23,0,3
5083,2,1571,04/04/2026,10:32,10:54,0,4
5084,2,1616,04/04/2026,10:58,11:20,0,5
5085,2,1778,04/04/2026,11:26,11:38,0,6
5086,2,1880,05/04/2026,09:19,09:30,0,1
5087,2,1691,05/04/2026,09:34,09:41,0,2
5088,2,1533,05/04/2026,09:48,10:01,0,3
5089,2,1796,05/04/2026,10:07,10:18,0,4
5090,2,1859,05/04/2026,10:26,10:44,0,5
5091,2,1514,05/04/2026,10:50,11:02,0,6
5092,2,1496,05/04/2026,11:08,11:23,0,7
5093,2,1764,06/04/2026,09:23,09:35,0,1
5094,2,1886,06/04/2026,09:41,09:54,0,2
5095,2,1716,06/04/2026,10:03,10:22,0,3
5096,2,1820,06/04/2026,10:26,10:44,0,4
5097,2,1707,06/04/2026,10:48,11:08,0,5
5098,2,1474,06/04/2026,11:16,11:25,0,6
5099,2,1667,06/04/2026,11:29,11:36,0,7
5100,2,1519,06/04/2026,11:40,11:51,0,8
5101,2,1505,06/04/2026,11:59,12:21,0,9
5102,2,1602,06/04/2026,12:28,12:50,0,10
5103,2,1754,06/04/2026,12:54,13:07,0,11
5104,2,1742,07/04/2026,09:34,09:42,0,1
5105,2,1531,07/04/2026,09:51,10:03,0,2
5106,2,1871,07/04/2026,10:11,10:29,0,3
5107,2,1625,07/04/2026,10:35,11:00,0,4
5108,2,1789,07/04/2026,11:08,11:28,0,5
5109,2,1889,07/04/2026,11:37,11:48,0,6
5110,2,1474,08/04/2026,09:10,09:32,0,1
5111,2,1589,08/04/2026,09:40,09:58,0,2
5112,2,1693,08/04/2026,10:10,10:22,0,3
5113,2,1478,08/04/2026,10:27,10:49,0,4
5114,2,1562,08/04/2026,10:53,11:05,0,5
5115,2,1885,08/04/2026,11:13,11:37,0,6
5116,2,1609,08/04/2026,11:48,12:03,0,7
5117,2,1685,08/04/2026,12:14,12:27,0,8
5118,2,1711,08/04/2026,12:32,12:39,0,9
5119,2,1652,09/04/2026,09:11,09:28,0,1
5120,2,1805,09/04/2026,09:33,09:48,0,2
5121,2,1697,09/04/2026,09:52,,0,3
5122,2,1683,09/04/2026,10:27,10:46,0,4
5123,2,1557,09/04/2026,10:53,11:00,0,5
5124,2,1477,09/04/2026,11:14,11:29,0,6
5125,2,2806,09/04/2026,11:35,11:47,0,7
5126,2,1493,09/04/2026,11:51,12:09,0,8
5127,2,1662,09/04/2026,12:19,12:44,0,9
5128,2,1552,09/04/2026,12:51,13:00,0,10
5129,2,1573,11/04/2026,09:11,09:35,0,1
5130,2,1694,11/04/2026,09:39,10:00,0,2
5131,2,1850,11/04/2026,10:07,10:14,0,3
5132,2,1874,11/04/2026,10:27,10:53,0,4
5133,2,1839,11/04/2026,10:59,11:07,0,5
5134,2,1831,11/04/2026,11:11,11:32,0,6
5135,2,1528,11/04/2026,11:38,11:49,0,7
5136,2,1637,11/04/2026,11:55,12:16,0,8
5137,2,1612,11/04/2026,12:24,12:44,0,9
5138,2,1479,11/04/2026,12:50,13:15,0,10
5139,2,1732,12/04/2026,09:31,09:51,0,1
5140,2,1837,12/04/2026,09:58,,0,2
5141,2,1808,12/04/2026,10:28,10:49,0,3
5142,2,1597,12/04/2026,11:01,11:16,0,4
5143,2,1664,12/04/2026,11:25,11:38,0,5
5144,2,1678,12/04/2026,11:50,12:06,0,6
5145,2,1783,12/04/2026,12:10,12:24,0,7
5146,2,1570,12/04/2026,12:34,12:51,0,8
5147,2,1823,12/04/2026,13:03,13:28,0,9
5148,2,1754,13/04/2026,09:28,09:35,0,1
5149,2,1882,13/04/2026,09:44,,0,2
5150,2,1780,13/04/2026,10:11,10:39,0,3
5151,2,1684,13/04/2026,10:48,11:13,0,4
5152,2,1492,13/04/2026,11:24,11:45,0,5
5153,2,1561,13/04/2026,11:49,11:56,0,6
5154,2,1760,13/04/2026,12:00,12:20,0,7
5155,2,1837,13/04/2026,12:31,13:00,0,8
5156,2,1684,13/04/2026,13:07,13:15,0,9
5157,2,1736,13/04/2026,13:23,13:50,0,10
5158,2,1796,14/04/2026,09:13,09:24,0,1
5159,2,1685,14/04/2026,09:29,09:37,0,2
5160,2,1541,14/04/2026,09:43,10:06,0,3
5161,2,1665,14/04/2026,10:18,10:34,0,4
5162,2,1575,14/04/2026,10:38,10:47,0,5
5163,2,1779,14/04/2026,10:51,11:13,0,6
5164,2,1499,14/04/2026,11:23,11:30,0,7
5165,2,2806,14/04/2026,11:37,11:50,0,8
5166,2,1778,14/04/2026,11:55,12:08,0,9
5167,2,1487,14/04/2026,12:18,12:30,0,10
5168,2,1833,15/04/2026,09:28,,1,1
5169,2,1725,15/04/2026,09:48,10:08,0,2
5170,2,1591,15/04/2026,10:13,10:26,0,3
5171,2,1784,15/04/2026,10:30,,0,4
5172,2,1739,15/04/2026,11:02,11:09,0,5
5173,2,1536,15/04/2026,11:14,,0,6
5174,2,1850,15/04/2026,11:44,12:01,0,7
5175,2,1783,15/04/2026,12:05,12:18,0,8
5176,2,1585,15/04/2026,12:24,12:45,0,9
5177,2,1537,15/04/2026,12:53,13:19,0,10
5178,2,1557,15/04/2026,13:24,13:33,0,11
5179,2,1573,16/04/2026,09:07,09:24,0,1
5180,2,1727,16/04/2026,09:30,09:48,0,2
5181,2,1770,16/04/2026,09:53,10:00,0,3
5182,2,1817,16/04/2026,10:05,10:22,0,4
5183,2,1823,16/04/2026,10:28,10:39,0,5
5184,2,1743,16/04/2026,10:48,11:12,0,6
5185,2,1574,16/04/2026,11:16,,0,7
5186,2,1683,16/04/2026,11:50,12:11,0,8
5187,2,1722,16/04/2026,12:16,12:42,0,9
5188,2,1645,16/04/2026,12:52,13:04,0,10
5189,2,1446,18/04/2026,09:12,09:34,0,1
5190,2,1865,18/04/2026,09:42,10:01,0,2
5191,2,1746,18/04/2026,10:09,10:26,0,3
5192,2,1808,18/04/2026,10:33,10:46,0,4
5193,2,1761,18/04/2026,10:50,,0,5
5194,2,1530,18/04/2026,11:09,11:24,0,6
5195,2,1872,18/04/2026,11:35,11:48,0,7
5196,2,1810,18/04/2026,11:52,12:01,0,8
5197,2,1700,18/04/2026,12:09,12:28,0,9
5198,2,1518,18/04/2026,12:36,12:54,0,10
5199,2,1638,18/04/2026,13:04,13:31,0,11
5200,2,1810,19/04/2026,09:27,09:49,0,1
5201,2,1889,19/04/2026,09:55,10:02,0,2
5202,2,1870,19/04/2026,10:09,10:16,0,3
5203,2,1556,19/04/2026,10:24,10:47,0,4
5204,2,1845,19/04/2026,10:52,11:10,0,5
5205,2,1823,19/04/2026,11:15,11:35,0,6
5206,2,1715,19/04/2026,11:44,12:00,0,7
5207,2,1816,19/04/2026,12:08,12:27,0,8
5208,2,1571,20/04/2026,09:26,09:59,0,1
5209,2,1738,20/04/2026,10:05,10:25,0,2
5210,2,1843,20/04/2026,10:32,10:46,0,3
5211,2,1618,20/04/2026,11:00,11:08,0,4
5212,2,1692,20/04/2026,11:15,11:30,0,5
5213,2,1606,20/04/2026,11:34,11:56,0,6
5214,2,1845,20/04/2026,12:06,12:13,0,7
5215,2,1537,20/04/2026,12:17,12:35,0,8
5216,2,1712,20/04/2026,12:47,,0,9
5217,2,1599,21/04/2026,09:19,09:29,0,1
5218,2,1558,21/04/2026,09:43,10:00,0,2
5219,2,1749,21/04/2026,10:08,10:15,0,3
5220,2,1510,21/04/2026,10:19,10:35,0,4
5221,2,1513,21/04/2026,10:43,10:55,0,5
5222,2,1463,21/04/2026,11:07,11:15,0,6
5223,2,1881,21/04/2026,11:19,11:27,0,7
5224,2,1665,21/04/2026,11:39,12:00,0,8
5225,2,1787,21/04/2026,12:10,12:22,0,9
5226,2,1613,21/04/2026,12:26,12:41,0,10
5227,2,1736,22/04/2026,09:34,09:46,0,1
5228,2,1700,22/04/2026,09:50,10:02,0,2
5229,2,1599,22/04/2026,10:10,10:31,0,3
5230,2,1683,22/04/2026,10:41,11:06,0,4
5231,2,1733,22/04/2026,11:11,11:18,0,5
5232,2,1503,22/04/2026,11:27,11:37,0,6
5233,2,1888,22/04/2026,11:41,11:55,0,7
5234,2,1569,23/04/2026,09:24,09:45,0,1
5235,2,1841,23/04/2026,09:49,10:06,0,2
5236,2,1687,23/04/2026,10:14,10:21,0,3
5237,2,1491,23/04/2026,10:26,10:33,0,4
5238,2,1851,23/04/2026,10:38,10:53,0,5
5239,2,1578,23/04/2026,10:57,11:24,0,6
5240,2,1577,23/04/2026,11:30,11:45,0,7
5241,2,1533,23/04/2026,11:52,11:59,0,8
5242,2,1489,23/04/2026,12:10,12:24,0,9
5243,2,1667,23/04/2026,12:28,12:37,0,10
5244,2,1712,23/04/2026,12:43,12:52,0,11
5245,2,1620,25/04/2026,09:18,09:34,0,1
5246,2,1499,25/04/2026,09:38,09:45,0,2
5247,2,1740,25/04/2026,09:53,10:11,0,3
5248,2,1798,25/04/2026,10:17,10:34,0,4
5249,2,2810,25/04/2026,10:47,11:04,0,5
5250,2,1663,25/04/2026,11:10,11:25,0,6
5251,2,1663,25/04/2026,11:34,11:55,0,7
5252,2,1784,25/04/2026,12:04,12:21,0,8
5253,2,1751,25/04/2026,12:26,12:34,0,9
5254,2,1573,25/04/2026,12:40,12:53,0,10
5255,2,1554,26/04/2026,09:26,09:38,0,1
5256,2,1553,26/04/2026,09:42,10:05,0,2
5257,2,1567,26/04/2026,10:14,10:31,0,3
5258,2,1531,26/04/2026,10:44,10:51,0,4
5259,2,1846,26/04/2026,11:04,11:23,0,5
5260,2,1823,26/04/2026,11:35,11:42,0,6
5261,2,1756,26/04/2026,11:53,12:12,0,7
5262,2,1733,26/04/2026,12:19,12:48,0,8
5263,2,1616,26/04/2026,12:52,13:05,0,9
5264,2,1479,26/04/2026,13:12,13:30,0,10
5265,2,1569,26/04/2026,13:34,13:52,0,11
5266,2,1447,27/04/2026,09:15,09:31,0,1
5267,2,1791,27/04/2026,09:35,09:53,0,2
5268,2,1540,27/04/2026,10:04,10:23,0,3
5269,2,1510,27/04/2026,10:27,10:49,0,4
5270,2,1625,27/04/2026,10:59,,0,5
5271,2,1785,27/04/2026,11:34,11:45,0,6
5272,2,1638,27/04/2026,11:49,12:08,0,7
5273,2,1492,27/04/2026,12:19,12:41,0,8
5274,2,1750,27/04/2026,12:51,13:02,0,9
5275,2,1585,28/04/2026,09:29,09:46,0,1
5276,2,1889,28/04/2026,09:50,10:01,0,2
5277,2,1880,28/04/2026,10:06,10:23,0,3
5278,2,1502,28/04/2026,10:33,10:50,0,4
5279,2,1466,28/04/2026,11:02,11:17,0,5
5280,2,1540,28/04/2026,11:21,11:39,0,6
5281,2,1688,28/04/2026,11:50,11:57,0,7
5282,2,1687,28/04/2026,12:01,12:24,0,8
5283,2,1807,28/04/2026,12:29,12:58,0,9
5284,2,1568,28/04/2026,13:10,13:29,0,10
5285,2,1709,29/04/2026,09:21,09:46,0,1
5286,2,1613,29/04/2026,09:50,09:58,0,2
5287,2,1778,29/04/2026,10:04,10:25,0,3
5288,2,1883,29/04/2026,10:33,10:57,0,4
5289,2,1491,29/04/2026,11:04,11:11,0,5
5290,2,1625,29/04/2026,11:16,11:41,0,6
5291,2,1705,30/04/2026,09:26,09:52,0,1
5292,2,1791,30/04/2026,09:58,10:12,0,2
5293,2,1871,30/04/2026,10:19,10:45,0,3
5294,2,1443,30/04/2026,10:55,11:08,0,4
5295,2,1687,30/04/2026,11:19,11:29,0,5
5296,2,1699,30/04/2026,11:39,12:12,0,6
5297,2,1764,30/04/2026,12:20,,1,7
5298,2,1672,30/04/2026,12:43,,1,8
5299,2,1786,02/05/2026,09:20,09:42,0,1
5300,2,1811,02/05/2026,09:46,09:53,0,2
5301,2,1860,02/05/2026,10:01,10:13,0,3
5302,2,1479,02/05/2026,10:20,10:35,0,4
5303,2,1526,02/05/2026,10:46,10:59,0,5
5304,2,1481,02/05/2026,11:07,,0,6
5305,2,1528,02/05/2026,11:36,11:47,0,7
5306,2,1552,02/05/2026,11:54,12:14,0,8
5307,2,1785,02/05/2026,12:20,12:41,0,9
5308,2,1463,02/05/2026,12:50,13:06,0,10
5309,2,1841,03/05/2026,09:11,09:20,0,1
5310,2,1727,03/05/2026,09:27,09:55,0,2
5311,2,1798,03/05/2026,10:00,10:21,0,3
5312,2,1573,03/05/2026,10:25,10:39,0,4
5313,2,1720,03/05/2026,10:45,11:07,0,5
5314,2,1705,03/05/2026,11:13,11:38,0,6
5315,2,1462,03/05/2026,11:47,11:57,0,7
5316,2,1752,03/05/2026,12:04,12:26,0,8
5317,2,1886,04/05/2026,09:23,09:39,0,1
5318,2,1759,04/05/2026,09:44,10:00,0,2
5319,2,1705,04/05/2026,10:06,10:31,0,3
5320,2,1848,04/05/2026,10:35,10:42,0,4
5321,2,1440,04/05/2026,10:46,11:00,0,5
5322,2,1865,04/05/2026,11:05,11:22,0,6
5323,2,1561,04/05/2026,11:26,11:34,0,7
5324,2,1533,04/05/2026,11:38,11:49,0,8
5325,2,1843,04/05/2026,11:54,12:05,0,9
5326,2,1846,05/05/2026,09:07,09:15,0,1
5327,2,1807,05/05/2026,09:20,09:41,0,2
5328,2,1639,05/05/2026,09:48,10:05,0,3
5329,2,1690,05/05/2026,10:12,10:21,0,4
5330,2,1541,05/05/2026,10:26,10:42,0,5
5331,2,1789,05/05/2026,10:49,11:00,0,6
5332,2,1593,05/05/2026,11:06,,0,7
5333,2,1690,06/05/2026,09:06,,0,1
5334,2,1599,06/05/2026,09:28,09:44,0,2
5335,2,1716,06/05/2026,09:56,10:03,0,3
5336,2,1614,06/05/2026,10:07,10:28,0,4
5337,2,1620,06/05/2026,10:34,11:03,0,5
5338,2,1567,06/05/2026,11:12,11:23,0,6
5339,2,1468,06/05/2026,11:30,11:48,0,7
5340,2,1880,06/05/2026,11:55,12:04,0,8
5341,2,1621,06/05/2026,12:10,12:28,0,9
5342,2,1444,06/05/2026,12:35,13:03,0,10
5343,2,1879,07/05/2026,09:33,09:44,0,1
5344,2,1609,07/05/2026,09:48,10:16,0,2
5345,2,2822,07/05/2026,10:21,10:28,0,3
5346,2,1722,07/05/2026,10:39,11:00,0,4
5347,2,1482,07/05/2026,11:04,11:11,0,5
5348,2,1754,07/05/2026,11:16,11:31,0,6
5349,2,1859,07/05/2026,11:36,11:46,0,7
5350,2,1648,07/05/2026,11:50,12:08,0,8
5351,2,1536,09/05/2026,09:15,,1,1
5352,2,1466,09/05/2026,09:37,09:47,0,2
5353,2,1624,09/05/2026,09:51,10:11,0,3
5354,2,1702,09/05/2026,10:15,10:41,0,4
5355,2,1553,09/05/2026,10:53,11:07,0,5
5356,2,1582,09/05/2026,11:11,11:36,0,6
5357,2,1623,09/05/2026,11:41,11:48,0,7
5358,2,1690,09/05/2026,11:55,12:03,0,8
5359,2,1833,09/05/2026,12:14,12:21,0,9
5360,2,1795,09/05/2026,12:25,12:39,0,10
5361,2,1580,10/05/2026,09:23,09:56,0,1
5362,2,1678,10/05/2026,10:03,10:13,0,2
5363,2,1515,10/05/2026,10:17,10:33,0,3
5364,2,1527,10/05/2026,10:40,10:53,0,4
5365,2,1659,10/05/2026,10:59,11:15,0,5
5366,2,1888,10/05/2026,11:24,11:45,0,6
5367,2,1524,10/05/2026,11:49,11:56,0,7
5368,2,1799,11/05/2026,09:27,09:42,0,1
5369,2,1480,11/05/2026,09:50,10:05,0,2
5370,2,1620,11/05/2026,10:17,10:38,0,3
5371,2,1544,11/05/2026,10:42,10:55,0,4
5372,2,1664,11/05/2026,11:05,11:17,0,5
5373,2,1819,11/05/2026,11:21,11:36,0,6
5374,2,1711,12/05/2026,09:09,09:32,0,1
5375,2,1776,12/05/2026,09:43,10:08,0,2
5376,2,1445,12/05/2026,10:17,10:25,0,3
5377,2,1636,12/05/2026,10:31,,0,4
5378,2,1638,12/05/2026,10:50,11:10,0,5
5379,2,1861,12/05/2026,11:18,11:44,0,6
5380,2,1878,12/05/2026,11:53,12:20,0,7
5381,2,1885,12/05/2026,12:28,12:50,0,8
5382,2,1841,13/05/2026,09:21,09:33,0,1
5383,2,1480,13/05/2026,09:37,09:50,0,2
5384,2,1773,13/05/2026,09:55,10:06,0,3
5385,2,1685,13/05/2026,10:10,10:30,0,4
5386,2,1649,13/05/2026,10:34,10:59,0,5
5387,2,1709,13/05/2026,11:03,11:26,0,6
5388,2,1687,13/05/2026,11:35,11:51,0,7
5389,2,1792,13/05/2026,11:58,12:07,0,8
5390,2,1776,13/05/2026,12:12,,1,9
5391,2,1656,13/05/2026,12:37,12:47,0,10
5392,2,1492,14/05/2026,09:16,09:37,0,1
5393,2,1557,14/05/2026,09:43,,1,2
5394,2,1671,14/05/2026,10:07,10:23,0,3
5395,2,1833,14/05/2026,10:33,,0,4
5396,2,1818,14/05/2026,10:52,,0,5
5397,2,1838,14/05/2026,11:14,11:34,0,6
5398,2,1556,14/05/2026,11:38,11:51,0,7
5399,2,1638,14/05/2026,12:00,12:07,0,8
5400,2,1518,16/05/2026,09:24,09:37,0,1
5401,2,1787,16/05/2026,09:48,10:11,0,2
5402,2,1578,16/05/2026,10:15,,0,3
5403,2,1553,16/05/2026,10:39,10:57,0,4
5404,2,1624,16/05/2026,11:05,11:21,0,5
5405,2,1648,16/05/2026,11:25,11:40,0,6
5406,2,1784,16/05/2026,11:49,11:56,0,7
5407,2,1731,16/05/2026,12:05,12:23,0,8
5408,2,1845,16/05/2026,12:30,12:48,0,9
5409,2,1753,16/05/2026,12:56,13:13,0,10
5410,2,1636,17/05/2026,09:21,09:39,0,1
5411,2,1584,17/05/2026,09:48,10:09,0,2
5412,2,1801,17/05/2026,10:17,,0,3
5413,2,1684,17/05/2026,10:30,10:47,0,4
5414,2,1678,17/05/2026,10:54,11:04,0,5
5415,2,1639,17/05/2026,11:10,11:35,0,6
5416,2,1682,18/05/2026,09:17,09:24,0,1
5417,2,1662,18/05/2026,09:28,09:35,0,2
5418,2,1597,18/05/2026,09:46,10:04,0,3
5419,2,1659,18/05/2026,10:08,10:24,0,4
5420,2,1838,18/05/2026,10:32,,0,5
5421,2,1562,18/05/2026,10:47,10:54,0,6
5422,2,1650,18/05/2026,11:04,11:27,0,7
5423,2,1725,18/05/2026,11:31,11:38,0,8
5424,2,1819,18/05/2026,11:45,11:52,0,9
5425,2,1638,18/05/2026,12:03,12:23,0,10
5426,2,1884,19/05/2026,09:26,09:36,0,1
5427,2,1871,19/05/2026,09:41,09:50,0,2
5428,2,1823,19/05/2026,10:00,10:14,0,3
5429,2,1791,19/05/2026,10:27,10:39,0,4
5430,2,1846,19/05/2026,10:50,11:09,0,5
5431,2,1783,19/05/2026,11:14,11:33,0,6
5432,2,1459,19/05/2026,11:37,11:59,0,7
5433,2,1484,19/05/2026,12:09,12:25,0,8
5434,2,2817,19/05/2026,12:29,12:59,0,9
5435,2,1800,19/05/2026,13:04,13:27,0,10
5436,2,1552,20/05/2026,09:22,09:37,0,1
5437,2,1515,20/05/2026,09:41,10:05,0,2
5438,2,1440,20/05/2026,10:10,10:27,0,3
5439,2,1524,20/05/2026,10:33,10:54,0,4
5440,2,1533,20/05/2026,10:58,11:11,0,5
5441,2,1446,20/05/2026,11:16,11:34,0,6
5442,2,1584,20/05/2026,11:42,12:00,0,7
5443,2,1783,20/05/2026,12:06,12:30,0,8
5444,2,1441,21/05/2026,09:18,09:46,0,1
5445,2,1502,21/05/2026,09:51,10:11,0,2
5446,2,1796,21/05/2026,10:22,10:44,0,3
5447,2,1682,21/05/2026,10:51,11:02,0,4
5448,2,1731,21/05/2026,11:10,11:30,0,5
5449,2,1863,21/05/2026,11:39,11:49,0,6
5450,2,1498,21/05/2026,11:55,12:12,0,7
5451,2,1567,21/05/2026,12:16,12:34,0,8
5452,2,1781,21/05/2026,12:41,12:57,0,9
5453,2,1735,21/05/2026,13:01,13:11,0,10
5454,2,1558,23/05/2026,09:27,,0,1
5455,2,1782,23/05/2026,09:48,10:03,0,2
5456,2,1645,23/05/2026,10:12,10:26,0,3
5457,2,1832,23/05/2026,10:31,10:50,0,4
5458,2,2822,23/05/2026,10:57,11:08,0,5
5459,2,1735,23/05/2026,11:12,11:35,0,6
5460,2,1835,23/05/2026,11:46,12:06,0,7
5461,2,1613,23/05/2026,12:11,12:31,0,8
5462,2,1635,23/05/2026,12:39,12:55,0,9
5463,2,1699,24/05/2026,09:10,09:29,0,1
5464,2,1804,24/05/2026,09:34,09:59,0,2
5465,2,1692,24/05/2026,10:03,10:31,0,3
5466,2,1491,24/05/2026,10:44,11:00,0,4
5467,2,1646,24/05/2026,11:05,11:13,0,5
5468,2,1664,24/05/2026,11:19,11:38,0,6
5469,2,1831,24/05/2026,11:51,,0,7
5470,2,1597,24/05/2026,12:14,12:27,0,8
5471,2,1770,24/05/2026,12:38,12:57,0,9
5472,2,1829,24/05/2026,13:05,13:18,0,10
5473,2,1567,24/05/2026,13:26,13:42,0,11
5474,2,1864,25/05/2026,09:37,10:02,0,1
5475,2,1746,25/05/2026,10:12,10:31,0,2
5476,2,1800,25/05/2026,10:35,10:52,0,3
5477,2,1843,25/05/2026,10:58,11:28,0,4
5478,2,1530,25/05/2026,11:35,11:42,0,5
5479,2,1591,25/05/2026,11:49,12:04,0,6
5480,2,1515,25/05/2026,12:08,12:19,0,7
5481,2,1885,25/05/2026,12:29,12:51,0,8
5482,2,1580,26/05/2026,09:32,10:04,0,1
5483,2,1617,26/05/2026,10:10,10:21,0,2
5484,2,1640,26/05/2026,10:26,10:33,0,3
5485,2,1784,26/05/2026,10:42,11:03,0,4
5486,2,1879,26/05/2026,11:07,11:26,0,5
5487,2,1712,26/05/2026,11:31,11:41,0,6
5488,2,1765,26/05/2026,11:49,12:10,0,7
5489,2,1841,26/05/2026,12:17,12:39,0,8
5490,2,1804,26/05/2026,12:46,13:08,0,9
5491,2,1636,26/05/2026,13:13,13:31,0,10
5492,2,1483,27/05/2026,09:26,09:48,0,1
5493,2,1787,27/05/2026,09:53,10:11,0,2
5494,2,1443,27/05/2026,10:20,10:27,0,3
5495,2,1663,27/05/2026,10:37,10:44,0,4
5496,2,1502,27/05/2026,10:51,11:19,0,5
5497,2,1847,27/05/2026,11:30,11:37,0,6
5498,2,1459,27/05/2026,11:52,12:03,0,7
5499,2,1584,27/05/2026,12:07,12:27,0,8
5500,2,1511,27/05/2026,12:35,12:48,0,9
5501,2,1685,27/05/2026,12:57,13:05,0,10
5502,2,1482,28/05/2026,09:25,09:40,0,1
5503,2,1539,28/05/2026,09:48,10:12,0,2
5504,2,1728,28/05/2026,10:17,10:33,0,3
5505,2,1804,28/05/2026,10:41,10:53,0,4
5506,2,1440,28/05/2026,10:59,11:25,0,5
5507,2,1530,28/05/2026,11:34,,0,6
5508,2,1632,28/05/2026,11:50,11:57,0,7
5509,2,1884,28/05/2026,12:02,12:17,0,8
5510,2,1784,28/05/2026,12:29,12:55,0,9
5511,2,1665,28/05/2026,13:05,13:20,0,10
5512,2,1526,28/05/2026,13:26,13:43,0,11
5513,2,1834,30/05/2026,09:23,,0,1
5514,2,1441,30/05/2026,09:34,09:58,0,2
5515,2,1537,30/05/2026,10:07,10:19,0,3
5516,2,1634,30/05/2026,10:27,10:36,0,4
5517,2,1780,30/05/2026,10:42,10:51,0,5
5518,2,1588,30/05/2026,10:59,11:12,0,6
5519,2,1575,30/05/2026,11:18,11:40,0,7
5520,2,1534,30/05/2026,11:44,12:10,0,8
5521,2,1685,30/05/2026,12:16,,0,9
5522,2,1540,31/05/2026,09:11,,0,1
5523,2,1496,31/05/2026,09:40,09:59,0,2
5524,2,1775,31/05/2026,10:04,10:14,0,3
5525,2,2803,31/05/2026,10:19,10:35,0,4
5526,2,1533,31/05/2026,10:39,10:56,0,5
5527,2,1700,31/05/2026,11:04,11:16,0,6
5528,2,1543,01/06/2026,09:30,09:46,0,1
5529,2,1813,01/06/2026,10:01,10:30,0,2
5530,2,1589,01/06/2026,10:37,10:58,0,3
5531,2,1764,01/06/2026,11:02,11:14,0,4
5532,2,1521,01/06/2026,11:18,11:37,0,5
5533,2,1453,01/06/2026,11:45,12:08,0,6
5534,2,1829,01/06/2026,12:16,12:38,0,7
5535,2,1534,01/06/2026,12:46,,0,8
5536,2,1776,01/06/2026,13:08,13:18,0,9
5537,2,1780,02/06/2026,09:32,09:52,0,1
5538,2,1483,02/06/2026,09:57,10:09,0,2
5539,2,1870,02/06/2026,10:13,10:29,0,3
5540,2,1544,02/06/2026,10:37,10:52,0,4
5541,2,1581,02/06/2026,10:58,11:12,0,5
5542,2,1841,02/06/2026,11:22,11:29,0,6
5543,2,2813,02/06/2026,11:33,11:58,0,7
5544,2,1720,03/06/2026,09:27,,0,1
5545,2,1568,03/06/2026,09:56,10:07,0,2
5546,2,1499,03/06/2026,10:14,10:21,0,3
5547,2,1691,03/06/2026,10:29,10:40,0,4
5548,2,1858,03/06/2026,10:45,11:06,0,5
5549,2,1617,03/06/2026,11:13,11:22,0,6
5550,2,1645,03/06/2026,11:26,,0,7
5551,2,1489,03/06/2026,11:51,12:22,0,8
5552,2,1872,03/06/2026,12:29,12:42,0,9
5553,2,1882,03/06/2026,12:55,13:18,0,10
5554,2,1878,04/06/2026,09:33,09:57,0,1
5555,2,2808,04/06/2026,10:01,10:17,0,2
5556,2,1484,04/06/2026,10:27,10:47,0,3
5557,2,1476,04/06/2026,10:51,11:08,0,4
5558,2,1552,04/06/2026,11:16,11:40,0,5
5559,2,1834,04/06/2026,11:45,12:04,0,6
5560,2,1794,04/06/2026,12:13,12:23,0,7
5561,2,1791,06/06/2026,09:32,09:45,0,1
5562,2,1672,06/06/2026,09:50,10:01,0,2
5563,2,1588,06/06/2026,10:10,10:34,0,3
5564,2,1598,06/06/2026,10:38,,1,4
5565,2,1739,06/06/2026,11:07,,1,5
5566,2,1780,06/06/2026,11:27,11:48,0,6
5567,2,1562,07/06/2026,09:19,09:41,0,1
5568,2,1689,07/06/2026,09:50,10:09,0,2
5569,2,1839,07/06/2026,10:15,10:31,0,3
5570,2,1697,07/06/2026,10:40,11:03,0,4
5571,2,1889,07/06/2026,11:10,11:20,0,5
5572,2,1612,07/06/2026,11:31,11:58,0,6
5573,2,1654,07/06/2026,12:02,12:09,0,7
5574,2,1531,07/06/2026,12:20,12:28,0,8
5575,2,1826,07/06/2026,12:32,12:40,0,9
5576,2,1620,07/06/2026,12:49,13:06,0,10
5577,2,1623,07/06/2026,13:16,13:23,0,11
5578,2,1522,08/06/2026,09:24,09:31,0,1
5579,2,1584,08/06/2026,09:37,09:55,0,2
5580,2,1678,08/06/2026,10:01,10:17,0,3
5581,2,1794,08/06/2026,10:23,10:30,0,4
5582,2,1748,08/06/2026,10:35,10:44,0,5
5583,2,1839,08/06/2026,10:55,11:02,0,6
5584,2,1755,08/06/2026,11:06,11:34,0,7
5585,2,1454,08/06/2026,11:44,11:53,0,8
5586,2,1631,08/06/2026,11:59,12:28,0,9
5587,2,1507,08/06/2026,12:35,12:45,0,10
5588,2,1685,08/06/2026,12:57,13:10,0,11
5589,2,1777,09/06/2026,09:36,09:53,0,1
5590,2,1589,09/06/2026,09:58,10:17,0,2
5591,2,1829,09/06/2026,10:21,10:49,0,3
5592,2,1561,09/06/2026,10:54,11:05,0,4
5593,2,1848,09/06/2026,11:11,11:19,0,5
5594,2,1740,09/06/2026,11:24,11:44,0,6
5595,2,1693,09/06/2026,11:52,11:59,0,7
5596,2,1515,09/06/2026,12:05,,1,8
5597,2,1799,10/06/2026,09:14,09:28,0,1
5598,2,1502,10/06/2026,09:32,09:57,0,2
5599,2,1612,10/06/2026,10:02,10:13,0,3
5600,2,1678,10/06/2026,10:24,,0,4
5601,2,1608,10/06/2026,10:43,11:09,0,5
5602,2,1443,10/06/2026,11:20,11:32,0,6
5603,2,1471,11/06/2026,09:36,09:47,0,1
5604,2,1529,11/06/2026,09:52,10:19,0,2
5605,2,1829,11/06/2026,10:23,10:41,0,3
5606,2,1656,11/06/2026,10:48,10:59,0,4
5607,2,1646,11/06/2026,11:03,11:10,0,5
5608,2,1737,11/06/2026,11:16,11:23,0,6
5609,2,1650,11/06/2026,11:29,11:42,0,7
5610,2,1446,13/06/2026,09:04,09:14,0,1
5611,2,1669,13/06/2026,09:20,09:27,0,2
5612,2,1662,13/06/2026,09:31,09:43,0,3
5613,2,1743,13/06/2026,09:52,10:14,0,4
5614,2,1815,13/06/2026,10:22,10:43,0,5
5615,2,1507,13/06/2026,10:55,,0,6
5616,2,1751,13/06/2026,11:12,11:27,0,7
5617,2,1633,13/06/2026,11:31,11:53,0,8
5618,2,1616,13/06/2026,12:06,12:22,0,9
5619,2,1645,14/06/2026,09:28,09:52,0,1
5620,2,1730,14/06/2026,09:56,10:14,0,2
5621,2,1869,14/06/2026,10:23,10:36,0,3
5622,2,1818,14/06/2026,10:46,11:08,0,4
5623,2,1720,14/06/2026,11:14,11:31,0,5
5624,2,1615,14/06/2026,11:42,12:09,0,6
5625,2,1638,14/06/2026,12:17,12:30,0,7
5626,2,1839,14/06/2026,12:34,12:45,0,8
5627,2,1609,15/06/2026,09:12,09:36,0,1
5628,2,1855,15/06/2026,09:43,09:50,0,2
5629,2,1609,15/06/2026,09:57,10:17,0,3
5630,2,1514,15/06/2026,10:23,10:38,0,4
5631,2,1524,15/06/2026,10:47,10:59,0,5
5632,2,1740,15/06/2026,11:06,11:23,0,6
5633,2,1870,15/06/2026,11:27,11:43,0,7
5634,2,1691,15/06/2026,11:52,11:59,0,8
5635,2,1799,16/06/2026,09:10,09:21,0,1
5636,2,1789,16/06/2026,09:25,09:43,0,2
5637,2,1480,16/06/2026,09:47,09:59,0,3
5638,2,1739,16/06/2026,10:05,10:24,0,4
5639,2,1712,16/06/2026,10:28,10:35,0,5
5640,2,1720,16/06/2026,10:39,10:53,0,6
5641,2,1683,16/06/2026,10:58,11:15,0,7
5642,2,1671,16/06/2026,11:24,11:43,0,8
5643,2,1522,16/06/2026,11:49,12:14,0,9
5644,2,1636,16/06/2026,12:22,12:45,0,10
5645,2,1537,17/06/2026,09:26,09:51,0,1
5646,2,1668,17/06/2026,09:55,10:02,0,2
5647,2,1761,17/06/2026,10:12,10:23,0,3
5648,2,1602,17/06/2026,10:28,10:38,0,4
5649,2,1860,17/06/2026,10:45,10:59,0,5
5650,2,1659,17/06/2026,11:07,11:28,0,6
5651,2,1523,17/06/2026,11:32,11:49,0,7
5652,2,1693,17/06/2026,11:53,12:00,0,8
5653,2,1524,17/06/2026,12:06,12:22,0,9
5654,2,1656,17/06/2026,12:32,,0,10
5655,2,1839,17/06/2026,12:54,13:12,0,11
5656,2,1598,18/06/2026,09:24,,1,1
5657,2,1696,18/06/2026,09:56,10:18,0,2
5658,2,1791,18/06/2026,10:24,10:36,0,3
5659,2,1646,18/06/2026,10:46,10:53,0,4
5660,2,1558,18/06/2026,10:57,11:08,0,5
5661,2,1686,18/06/2026,11:12,11:37,0,6
5662,2,1629,20/06/2026,09:25,09:42,0,1
5663,2,1608,20/06/2026,09:47,10:09,0,2
5664,2,1570,20/06/2026,10:21,10:39,0,3
5665,2,1842,20/06/2026,10:45,,0,4
5666,2,1534,20/06/2026,11:01,,1,5
5667,2,1615,20/06/2026,11:20,11:35,0,6
5668,2,1742,20/06/2026,11:46,12:07,0,7
5669,2,1616,21/06/2026,09:21,09:28,0,1
5670,2,1617,21/06/2026,09:32,09:48,0,2
5671,2,1849,21/06/2026,09:56,10:12,0,3
5672,2,1882,21/06/2026,10:21,10:42,0,4
5673,2,1510,21/06/2026,10:50,11:13,0,5
5674,2,1645,21/06/2026,11:20,11:31,0,6
5675,2,1809,22/06/2026,09:26,09:41,0,1
5676,2,1654,22/06/2026,09:52,10:10,0,2
5677,2,1732,22/06/2026,10:19,10:28,0,3
5678,2,1818,22/06/2026,10:39,10:58,0,4
5679,2,1814,22/06/2026,11:04,11:14,0,5
5680,2,1720,22/06/2026,11:26,11:46,0,6
5681,2,1741,22/06/2026,11:53,12:15,0,7
5682,2,1749,22/06/2026,12:19,12:26,0,8
5683,2,1474,22/06/2026,12:35,12:48,0,9
5684,2,1848,22/06/2026,12:55,13:05,0,10
5685,2,1861,23/06/2026,09:16,09:39,0,1
5686,2,1599,23/06/2026,09:45,10:01,0,2
5687,2,1845,23/06/2026,10:05,10:12,0,3
5688,2,1531,23/06/2026,10:16,10:30,0,4
5689,2,1515,23/06/2026,10:34,10:55,0,5
5690,2,1467,23/06/2026,11:03,11:15,0,6
5691,2,1881,23/06/2026,11:23,11:39,0,7
5692,2,1444,23/06/2026,11:43,12:00,0,8
5693,2,1645,23/06/2026,12:04,12:27,0,9
5694,2,1602,24/06/2026,09:14,09:28,0,1
5695,2,1832,24/06/2026,09:32,10:01,0,2
5696,2,1769,24/06/2026,10:08,10:17,0,3
5697,2,1839,24/06/2026,10:21,10:39,0,4
5698,2,1538,24/06/2026,10:48,10:55,0,5
5699,2,1455,24/06/2026,10:59,11:06,0,6
5700,2,1541,24/06/2026,11:11,11:33,0,7
5701,2,1614,24/06/2026,11:43,11:57,0,8
5702,2,1689,24/06/2026,12:01,12:13,0,9
5703,2,1732,24/06/2026,12:19,12:42,0,10
5704,2,1799,25/06/2026,09:11,09:32,0,1
5705,2,1817,25/06/2026,09:37,09:44,0,2
5706,2,1700,25/06/2026,09:55,10:12,0,3
5707,2,1743,25/06/2026,10:17,10:38,0,4
5708,2,1653,25/06/2026,10:48,10:55,0,5
5709,2,1879,25/06/2026,11:02,11:22,0,6
5710,2,1888,25/06/2026,11:30,,1,7
5711,2,1517,25/06/2026,11:54,12:16,0,8
5712,2,1819,27/06/2026,09:29,,0,1
5713,2,1653,27/06/2026,09:51,10:00,0,2
5714,2,1846,27/06/2026,10:06,10:17,0,3
5715,2,1782,27/06/2026,10:21,10:37,0,4
5716,2,1807,27/06/2026,10:44,11:05,0,5
5717,2,1578,27/06/2026,11:09,11:25,0,6
5718,2,1823,27/06/2026,11:30,11:59,0,7
5719,2,1567,28/06/2026,09:26,09:42,0,1
5720,2,1749,28/06/2026,09:46,09:57,0,2
5721,2,1644,28/06/2026,10:03,10:16,0,3
5722,2,1771,28/06/2026,10:24,10:38,0,4
5723,2,1737,28/06/2026,10:44,10:54,0,5
5724,2,1722,28/06/2026,10:59,11:07,0,6
5725,2,1613,28/06/2026,11:16,11:35,0,7
5726,2,1619,28/06/2026,11:40,11:47,0,8
5727,2,1629,29/06/2026,09:23,,1,1
5728,2,1653,29/06/2026,10:03,10:18,0,2
5729,2,1874,29/06/2026,10:29,10:43,0,3
5730,2,1688,29/06/2026,10:47,11:04,0,4
5731,2,1884,29/06/2026,11:09,11:32,0,5
5732,2,1643,29/06/2026,11:41,12:00,0,6
5733,2,1554,30/06/2026,09:15,09:22,0,1
5734,2,1596,30/06/2026,09:29,09:45,0,2
5735,2,1659,30/06/2026,09:53,10:10,0,3
5736,2,1885,30/06/2026,10:20,10:37,0,4
5737,2,1589,30/06/2026,10:48,11:03,0,5
5738,2,1651,30/06/2026,11:09,11:27,0,6
5739,2,1482,30/06/2026,11:33,,0,7
5740,2,1789,30/06/2026,11:45,12:09,0,8
5741,2,1752,01/07/2026,09:29,09:36,0,1
5742,2,2822,01/07/2026,09:42,09:50,0,2
5743,2,1756,01/07/2026,10:01,10:19,0,3
5744,2,1650,01/07/2026,10:25,10:45,0,4
5745,2,1589,01/07/2026,10:55,11:18,0,5
5746,2,1882,01/07/2026,11:22,,0,6
5747,2,1468,01/07/2026,11:57,12:15,0,7
5748,2,1819,01/07/2026,12:22,12:33,0,8
5749,2,1764,01/07/2026,12:45,13:09,0,9
5750,2,1515,01/07/2026,13:15,13:28,0,10
5751,2,1513,02/07/2026,09:24,09:41,0,1
5752,2,1772,02/07/2026,09:51,10:14,0,2
5753,2,1674,02/07/2026,10:18,10:28,0,3
5754,2,1569,02/07/2026,10:33,10:45,0,4
5755,2,1842,02/07/2026,10:50,11:13,0,5
5756,2,1693,02/07/2026,11:17,11:27,0,6
5757,2,1598,02/07/2026,11:38,11:59,0,7
5758,2,1591,04/07/2026,09:35,,0,1
5759,2,1839,04/07/2026,09:52,10:05,0,2
5760,2,1783,04/07/2026,10:09,10:23,0,3
5761,2,1558,04/07/2026,10:29,10:49,0,4
5762,2,1682,04/07/2026,10:58,11:16,0,5
5763,2,1867,04/07/2026,11:25,11:47,0,6
5764,2,1889,05/07/2026,09:33,09:49,0,1
5765,2,1758,05/07/2026,09:54,10:11,0,2
5766,2,1532,05/07/2026,10:15,10:22,0,3
5767,2,1588,05/07/2026,10:30,10:47,0,4
5768,2,1494,05/07/2026,10:51,,0,5
5769,2,1684,05/07/2026,11:13,11:28,0,6
5770,2,1734,05/07/2026,11:41,11:48,0,7
5771,2,1507,05/07/2026,11:54,12:13,0,8
5772,2,1718,05/07/2026,12:17,12:40,0,9
5773,2,1536,05/07/2026,12:48,13:03,0,10
5774,2,1611,06/07/2026,09:28,09:46,0,1
5775,2,1874,06/07/2026,09:57,10:08,0,2
5776,2,1742,06/07/2026,10:15,10:33,0,3
5777,2,1707,06/07/2026,10:42,11:08,0,4
5778,2,1867,06/07/2026,11:13,11:29,0,5
5779,2,1727,06/07/2026,11:36,11:56,0,6
5780,2,1630,06/07/2026,12:01,12:17,0,7
5781,2,1505,06/07/2026,12:25,12:44,0,8
5782,2,1737,06/07/2026,12:49,,0,9
5783,2,1781,06/07/2026,13:09,13:22,0,10
5784,2,1711,06/07/2026,13:29,13:56,0,11
5785,2,1765,07/07/2026,09:15,09:32,0,1
5786,2,1601,07/07/2026,09:39,09:58,0,2
5787,2,1865,07/07/2026,10:07,10:22,0,3
5788,2,1447,07/07/2026,10:26,10:40,0,4
5789,2,1475,07/07/2026,10:47,11:03,0,5
5790,2,1856,07/07/2026,11:15,11:23,0,6
5791,2,1817,07/07/2026,11:28,11:35,0,7
5792,2,1623,07/07/2026,11:43,11:57,0,8
5793,2,1692,07/07/2026,12:01,12:18,0,9
5794,2,1819,07/07/2026,12:22,,0,10
5795,2,1475,08/07/2026,09:17,09:29,0,1
5796,2,1699,08/07/2026,09:33,09:50,0,2
5797,2,1589,08/07/2026,09:56,10:06,0,3
5798,2,1754,08/07/2026,10:12,10:26,0,4
5799,2,1624,08/07/2026,10:30,10:47,0,5
5800,2,1651,08/07/2026,10:57,11:12,0,6
5801,2,1611,09/07/2026,09:07,09:25,0,1
5802,2,1796,09/07/2026,09:30,,0,2
5803,2,1723,09/07/2026,09:46,09:54,0,3
5804,2,1800,09/07/2026,10:05,10:24,0,4
5805,2,1602,09/07/2026,10:36,10:47,0,5
5806,2,1512,09/07/2026,10:58,11:13,0,6
5807,2,1816,09/07/2026,11:21,11:36,0,7
5808,2,1735,09/07/2026,11:40,11:50,0,8
5809,2,1807,09/07/2026,11:59,12:12,0,9
5810,2,1485,11/07/2026,09:13,09:33,0,1
5811,2,1574,11/07/2026,09:40,10:03,0,2
5812,2,1553,11/07/2026,10:15,,0,3
5813,2,2823,11/07/2026,10:38,11:07,0,4
5814,2,1596,11/07/2026,11:14,11:23,0,5
5815,2,1524,11/07/2026,11:33,11:56,0,6
5816,2,1540,11/07/2026,12:02,12:14,0,7
5817,2,1530,11/07/2026,12:21,12:34,0,8
5818,2,1574,12/07/2026,09:07,09:21,0,1
5819,2,1578,12/07/2026,09:28,,0,2
5820,2,1621,12/07/2026,09:52,10:13,0,3
5821,2,1726,12/07/2026,10:26,10:33,0,4
5822,2,1715,12/07/2026,10:40,10:56,0,5
5823,2,1678,12/07/2026,11:04,11:13,0,6
5824,2,1498,12/07/2026,11:22,11:41,0,7
5825,2,1444,12/07/2026,11:45,11:56,0,8
5826,2,1573,12/07/2026,12:00,12:21,0,9
5827,2,1735,12/07/2026,12:29,12:36,0,10
5828,2,1566,12/07/2026,12:40,13:01,0,11
5829,2,1873,13/07/2026,09:11,09:20,0,1
5830,2,1850,13/07/2026,09:26,09:36,0,2
5831,2,1787,13/07/2026,09:41,10:09,0,3
5832,2,1737,13/07/2026,10:18,10:34,0,4
5833,2,1751,13/07/2026,10:41,11:00,0,5
5834,2,1637,13/07/2026,11:04,11:11,0,6
5835,2,1678,13/07/2026,11:15,11:22,0,7
5836,2,1688,13/07/2026,11:31,11:41,0,8
5837,2,1577,13/07/2026,11:45,11:54,0,9
5838,2,1541,14/07/2026,09:14,09:31,0,1
5839,2,1574,14/07/2026,09:37,10:06,0,2
5840,2,1816,14/07/2026,10:20,,0,3
5841,2,1884,14/07/2026,10:36,10:49,0,4
5842,2,1879,14/07/2026,10:54,11:14,0,5
5843,2,1618,14/07/2026,11:19,11:39,0,6
5844,2,1516,14/07/2026,11:50,12:08,0,7
5845,2,1659,14/07/2026,12:19,12:46,0,8
5846,2,1667,15/07/2026,09:17,,0,1
5847,2,1515,15/07/2026,09:34,10:01,0,2
5848,2,1494,15/07/2026,10:11,,0,3
5849,2,1737,15/07/2026,10:30,10:42,0,4
5850,2,1791,15/07/2026,10:47,11:01,0,5
5851,2,1820,15/07/2026,11:09,11:25,0,6
5852,2,1610,15/07/2026,11:29,11:36,0,7
5853,2,1565,15/07/2026,11:41,12:03,0,8
5854,2,2817,16/07/2026,09:09,09:33,0,1
5855,2,1691,16/07/2026,09:38,09:45,0,2
5856,2,1740,16/07/2026,09:53,10:05,0,3
5857,2,1858,16/07/2026,10:16,10:31,0,4
5858,2,1523,16/07/2026,10:35,10:49,0,5
5859,2,1489,16/07/2026,10:55,11:18,0,6
5860,2,1781,16/07/2026,11:26,11:46,0,7
5861,2,1873,18/07/2026,09:28,09:35,0,1
5862,2,1813,18/07/2026,09:39,10:04,0,2
5863,2,1760,18/07/2026,10:15,10:28,0,3
5864,2,1702,18/07/2026,10:32,10:56,0,4
5865,2,1466,18/07/2026,11:01,11:12,0,5
5866,2,1845,18/07/2026,11:16,11:32,0,6
5867,2,1880,18/07/2026,11:40,11:53,0,7
5868,2,1538,19/07/2026,09:16,09:30,0,1
5869,2,1863,19/07/2026,09:34,09:48,0,2
5870,2,1570,19/07/2026,09:53,10:05,0,3
5871,2,1656,19/07/2026,10:13,10:25,0,4
5872,2,1476,19/07/2026,10:36,10:48,0,5
5873,2,1573,19/07/2026,10:59,11:21,0,6
5874,2,1624,19/07/2026,11:30,11:44,0,7
5875,2,1814,19/07/2026,11:53,12:06,0,8
5876,2,1666,19/07/2026,12:15,12:32,0,9
5877,2,1443,19/07/2026,12:36,12:47,0,10
5878,2,2806,20/07/2026,09:25,09:43,0,1
5879,2,1610,20/07/2026,09:54,10:01,0,2
5880,2,1481,20/07/2026,10:05,10:17,0,3
5881,2,1786,20/07/2026,10:22,10:39,0,4
5882,2,1880,20/07/2026,10:43,10:54,0,5
5883,2,1665,20/07/2026,10:59,11:25,0,6
5884,2,1600,21/07/2026,09:26,09:47,0,1
5885,2,1620,21/07/2026,09:53,10:09,0,2
5886,2,1668,21/07/2026,10:14,10:33,0,3
5887,2,1734,21/07/2026,10:39,10:57,0,4
5888,2,1744,21/07/2026,11:01,11:08,0,5
5889,2,1548,21/07/2026,11:18,11:35,0,6
5890,2,1471,21/07/2026,11:39,11:55,0,7
5891,2,1540,21/07/2026,11:59,12:21,0,8
5892,2,1554,21/07/2026,12:27,12:57,0,9
5893,2,1597,22/07/2026,09:22,09:30,0,1
5894,2,1707,22/07/2026,09:37,09:52,0,2
5895,2,1751,22/07/2026,10:03,10:15,0,3
5896,2,1543,22/07/2026,10:28,10:51,0,4
5897,2,1861,22/07/2026,10:56,11:17,0,5
5898,2,1487,22/07/2026,11:21,11:36,0,6
5899,2,1569,22/07/2026,11:44,12:09,0,7
5900,2,1591,22/07/2026,12:14,12:25,0,8
5901,2,1577,22/07/2026,12:34,12:47,0,9
5902,2,1537,22/07/2026,12:51,13:22,0,10
5903,2,1818,22/07/2026,13:29,13:43,0,11
5904,2,1759,23/07/2026,09:11,09:21,0,1
5905,2,1694,23/07/2026,09:27,09:51,0,2
5906,2,2809,23/07/2026,10:02,10:27,0,3
5907,2,1684,23/07/2026,10:33,10:57,0,4
5908,2,1610,23/07/2026,11:04,11:30,0,5
5909,2,1577,23/07/2026,11:34,12:00,0,6
5910,2,1860,23/07/2026,12:04,12:30,0,7
5911,2,1573,23/07/2026,12:42,12:57,0,8
5912,2,1564,23/07/2026,13:02,13:18,0,9
5913,2,1748,25/07/2026,09:30,09:45,0,1
5914,2,1726,25/07/2026,09:49,10:16,0,2
5915,2,1740,25/07/2026,10:21,10:43,0,3
5916,2,1550,25/07/2026,10:47,10:57,0,4
5917,2,1548,25/07/2026,11:07,11:20,0,5
5918,2,1874,25/07/2026,11:27,11:50,0,6
5919,2,1817,26/07/2026,09:37,09:54,0,1
5920,2,1752,26/07/2026,10:07,,0,2
5921,2,2823,26/07/2026,10:28,,0,3
5922,2,1644,26/07/2026,10:56,11:03,0,4
5923,2,1618,26/07/2026,11:13,11:22,0,5
5924,2,1503,26/07/2026,11:27,11:34,0,6
5925,2,1621,26/07/2026,11:43,12:00,0,7
5926,2,1575,26/07/2026,12:06,12:15,0,8
5927,2,1515,26/07/2026,12:19,12:37,0,9
5928,2,1851,26/07/2026,12:41,12:56,0,10
5929,2,1845,26/07/2026,13:00,13:13,0,11
5930,2,1718,27/07/2026,09:19,09:30,0,1
5931,2,1638,27/07/2026,09:36,,0,2
5932,2,1801,27/07/2026,10:04,10:11,0,3
5933,2,1455,27/07/2026,10:16,10:27,0,4
5934,2,1700,27/07/2026,10:31,10:50,0,5
5935,2,1611,27/07/2026,10:54,,0,6
5936,2,1802,27/07/2026,11:13,11:25,0,7
5937,2,1855,27/07/2026,11:30,11:37,0,8
5938,2,1691,27/07/2026,11:42,12:04,0,9
5939,2,1699,27/07/2026,12:09,12:30,0,10
5940,2,1467,28/07/2026,09:21,09:40,0,1
5941,2,1716,28/07/2026,09:44,09:51,0,2
5942,2,1697,28/07/2026,09:59,10:11,0,3
5943,2,1809,28/07/2026,10:19,10:28,0,4
5944,2,1846,28/07/2026,10:36,,1,5
5945,2,1823,28/07/2026,11:03,11:24,0,6
5946,2,1596,28/07/2026,11:38,11:45,0,7
5947,2,1683,29/07/2026,09:24,09:39,0,1
5948,2,1618,29/07/2026,09:50,10:17,0,2
5949,2,1801,29/07/2026,10:21,10:29,0,3
5950,2,1845,29/07/2026,10:35,10:53,0,4
5951,2,1646,29/07/2026,11:01,11:14,0,5
5952,2,1815,29/07/2026,11:21,11:31,0,6
5953,2,1521,29/07/2026,11:39,11:56,0,7
5954,2,1523,29/07/2026,12:01,12:22,0,8
5955,2,1648,29/07/2026,12:26,12:57,0,9
5956,2,1685,29/07/2026,13:01,13:14,0,10
5957,2,1475,30/07/2026,09:20,09:29,0,1
5958,2,1454,30/07/2026,09:39,09:49,0,2
5959,2,1609,30/07/2026,09:53,10:11,0,3
5960,2,1794,30/07/2026,10:15,10:24,0,4
5961,2,1788,30/07/2026,10:33,10:51,0,5
5962,2,1662,30/07/2026,10:57,11:18,0,6
5963,2,1770,30/07/2026,11:25,11:32,0,7
5964,2,1528,30/07/2026,11:43,11:59,0,8
5965,2,1705,30/07/2026,12:03,12:17,0,9
5966,2,1669,30/07/2026,12:26,12:46,0,10
5967,2,1782,01/08/2026,09:11,09:20,0,1
5968,2,1492,01/08/2026,09:26,09:35,0,2
5969,2,1443,01/08/2026,09:41,09:52,0,3
5970,2,1517,01/08/2026,10:01,10:18,0,4
5971,2,1466,01/08/2026,10:23,10:30,0,5
5972,2,1797,01/08/2026,10:37,10:44,0,6
5973,2,1736,02/08/2026,09:27,09:47,0,1
5974,2,1858,02/08/2026,09:51,10:14,0,2
5975,2,1693,02/08/2026,10:22,10:29,0,3
5976,2,1571,02/08/2026,10:33,,0,4
5977,2,1459,02/08/2026,11:05,11:28,0,5
5978,2,1800,02/08/2026,11:35,,0,6
5979,2,1654,02/08/2026,12:20,12:37,0,7
5980,2,1544,02/08/2026,12:42,13:12,0,8
5981,2,1462,02/08/2026,13:16,13:35,0,9
5982,2,1606,02/08/2026,13:44,14:04,0,10
5983,2,1585,03/08/2026,09:12,,0,1
5984,2,1550,03/08/2026,09:31,09:45,0,2
5985,2,1839,03/08/2026,09:57,10:04,0,3
5986,2,1648,03/08/2026,10:10,10:23,0,4
5987,2,1773,03/08/2026,10:29,10:43,0,5
5988,2,1570,03/08/2026,10:52,11:07,0,6
5989,2,1878,03/08/2026,11:11,11:27,0,7
5990,2,1440,03/08/2026,11:32,12:00,0,8
5991,2,1682,03/08/2026,12:07,12:23,0,9
5992,2,2813,04/08/2026,09:34,,1,1
5993,2,1533,04/08/2026,09:58,10:05,0,2
5994,2,1491,04/08/2026,10:14,10:21,0,3
5995,2,1571,04/08/2026,10:26,10:50,0,4
5996,2,1600,04/08/2026,11:00,11:16,0,5
5997,2,1667,04/08/2026,11:20,11:38,0,6
5998,2,1616,04/08/2026,11:49,11:58,0,7
5999,2,1765,04/08/2026,12:06,12:25,0,8
6000,2,1638,04/08/2026,12:36,12:59,0,9
6001,2,1455,04/08/2026,13:03,13:15,0,10
6002,2,1735,05/08/2026,09:18,,0,1
6003,2,1719,05/08/2026,09:39,09:58,0,2
6004,2,1870,05/08/2026,10:02,10:10,0,3
6005,2,1852,05/08/2026,10:15,10:40,0,4
6006,2,1490,05/08/2026,10:51,11:06,0,5
6007,2,1581,05/08/2026,11:14,11:34,0,6
6008,2,1751,05/08/2026,11:44,12:10,0,7
6009,2,1440,05/08/2026,12:21,12:44,0,8
6010,2,1656,06/08/2026,09:22,09:39,0,1
6011,2,1878,06/08/2026,09:45,10:05,0,2
6012,2,1690,06/08/2026,10:11,10:23,0,3
6013,2,1582,06/08/2026,10:31,10:49,0,4
6014,2,1692,06/08/2026,10:53,11:08,0,5
6015,2,1858,06/08/2026,11:20,11:39,0,6
6016,2,1786,06/08/2026,11:44,11:54,0,7
6017,2,1656,06/08/2026,11:59,12:06,0,8
6018,2,1676,08/08/2026,09:27,09:42,0,1
6019,2,1733,08/08/2026,09:50,09:59,0,2
6020,2,1654,08/08/2026,10:04,10:26,0,3
6021,2,1727,08/08/2026,10:34,10:42,0,4
6022,2,1656,08/08/2026,10:53,,0,5
6023,2,1745,08/08/2026,11:17,,0,6
6024,2,1834,08/08/2026,11:39,12:04,0,7
6025,2,1756,08/08/2026,12:16,12:32,0,8
6026,2,1562,08/08/2026,12:36,12:53,0,9
6027,2,1858,08/08/2026,13:03,13:19,0,10
6028,2,1613,08/08/2026,13:25,13:48,0,11
6029,2,1874,09/08/2026,09:11,09:42,0,1
6030,2,1507,09/08/2026,09:51,10:02,0,2
6031,2,1476,09/08/2026,10:06,10:24,0,3
6032,2,1857,09/08/2026,10:31,10:49,0,4
6033,2,1709,09/08/2026,10:53,11:16,0,5
6034,2,1565,09/08/2026,11:23,11:47,0,6
6035,2,1748,09/08/2026,11:52,12:03,0,7
6036,2,1654,10/08/2026,09:11,09:37,0,1
6037,2,1485,10/08/2026,09:45,10:02,0,2
6038,2,1541,10/08/2026,10:08,10:25,0,3
6039,2,1764,10/08/2026,10:33,10:44,0,4
6040,2,1788,10/08/2026,10:49,11:09,0,5
6041,2,1814,10/08/2026,11:13,11:26,0,6
6042,2,1704,10/08/2026,11:33,11:42,0,7
6043,2,1878,10/08/2026,11:51,12:15,0,8
6044,2,1704,11/08/2026,09:28,09:44,0,1
6045,2,1602,11/08/2026,09:49,10:04,0,2
6046,2,1665,11/08/2026,10:10,10:33,0,3
6047,2,1512,11/08/2026,10:38,10:45,0,4
6048,2,1517,11/08/2026,10:52,,0,5
6049,2,1527,11/08/2026,11:26,11:33,0,6
6050,2,1704,12/08/2026,09:35,09:42,0,1
6051,2,1821,12/08/2026,09:51,10:18,0,2
6052,2,1722,12/08/2026,10:25,10:47,0,3
6053,2,1697,12/08/2026,10:55,11:17,0,4
6054,2,1651,12/08/2026,11:26,11:45,0,5
6055,2,1711,12/08/2026,11:51,12:19,0,6
6056,2,1692,12/08/2026,12:31,,0,7
6057,2,1536,12/08/2026,12:44,12:58,0,8
6058,2,1758,13/08/2026,09:12,09:28,0,1
6059,2,1743,13/08/2026,09:36,10:06,0,2
6060,2,1646,13/08/2026,10:17,10:24,0,3
6061,2,1732,13/08/2026,10:28,10:39,0,4
6062,2,1502,13/08/2026,10:44,11:05,0,5
6063,2,1816,13/08/2026,11:14,11:33,0,6
6064,2,1526,13/08/2026,11:44,,0,7
6065,2,1666,13/08/2026,12:05,12:24,0,8
6066,2,1511,13/08/2026,12:28,12:49,0,9
6067,2,1612,15/08/2026,09:23,09:31,0,1
6068,2,1487,15/08/2026,09:38,09:58,0,2
6069,2,1775,15/08/2026,10:12,10:23,0,3
6070,2,1644,15/08/2026,10:28,,0,4
6071,2,1874,15/08/2026,11:03,11:30,0,5
6072,2,1873,15/08/2026,11:34,11:50,0,6
6073,2,1821,15/08/2026,11:54,12:14,0,7
6074,2,1639,15/08/2026,12:22,12:52,0,8
6075,2,1449,15/08/2026,13:00,13:17,0,9
6076,2,1756,15/08/2026,13:26,13:34,0,10
6077,2,1578,16/08/2026,09:08,09:27,0,1
6078,2,1838,16/08/2026,09:35,09:43,0,2
6079,2,1860,16/08/2026,09:53,10:21,0,3
6080,2,1823,16/08/2026,10:29,10:53,0,4
6081,2,1527,16/08/2026,11:02,11:09,0,5
6082,2,1750,16/08/2026,11:13,11:39,0,6
6083,2,1681,16/08/2026,11:45,11:59,0,7
6084,2,1704,16/08/2026,12:05,12:16,0,8
6085,2,2817,16/08/2026,12:26,12:41,0,9
6086,2,1852,17/08/2026,09:22,09:31,0,1
6087,2,1632,17/08/2026,09:37,09:59,0,2
6088,2,1687,17/08/2026,10:03,10:21,0,3
6089,2,1514,17/08/2026,10:25,10:33,0,4
6090,2,1613,17/08/2026,10:41,11:02,0,5
6091,2,1595,17/08/2026,11:08,11:16,0,6
6092,2,1820,17/08/2026,11:24,11:47,0,7
6093,2,1814,17/08/2026,11:51,11:58,0,8
6094,2,1832,17/08/2026,12:04,12:23,0,9
6095,2,1481,17/08/2026,12:29,12:43,0,10
6096,2,1544,17/08/2026,12:51,13:17,0,11
6097,2,1600,18/08/2026,09:34,09:52,0,1
6098,2,1808,18/08/2026,09:59,10:15,0,2
6099,2,1781,18/08/2026,10:22,10:41,0,3
6100,2,1495,18/08/2026,10:46,10:54,0,4
6101,2,2813,18/08/2026,11:02,11:14,0,5
6102,2,1593,18/08/2026,11:21,11:41,0,6
6103,2,1676,18/08/2026,11:47,12:01,0,7
6104,2,1804,18/08/2026,12:09,12:24,0,8
6105,2,1519,18/08/2026,12:28,12:35,0,9
6106,2,1449,18/08/2026,12:45,13:07,0,10
6107,2,1802,19/08/2026,09:08,09:19,0,1
6108,2,1667,19/08/2026,09:28,09:42,0,2
6109,2,1727,19/08/2026,09:53,10:14,0,3
6110,2,1683,19/08/2026,10:18,10:25,0,4
6111,2,1612,19/08/2026,10:33,10:53,0,5
6112,2,2815,19/08/2026,10:57,11:11,0,6
6113,2,1744,19/08/2026,11:17,11:28,0,7
6114,2,1639,19/08/2026,11:38,11:57,0,8
6115,2,1726,19/08/2026,12:06,12:17,0,9
6116,3,2216,01/07/2025,09:29,09:52,0,1
6117,3,2060,01/07/2025,09:58,10:17,0,2
6118,3,2053,01/07/2025,10:23,10:36,0,3
6119,3,2043,01/07/2025,10:44,11:01,0,4
6120,3,2129,01/07/2025,11:11,11:21,0,5
6121,3,2287,01/07/2025,11:33,11:56,0,6
6122,3,1907,01/07/2025,12:03,12:21,0,7
6123,3,2015,01/07/2025,12:32,12:41,0,8
6124,3,2328,02/07/2025,09:20,09:33,0,1
6125,3,1921,02/07/2025,09:39,09:46,0,2
6126,3,1979,02/07/2025,09:51,10:12,0,3
6127,3,1907,02/07/2025,10:19,10:33,0,4
6128,3,2334,02/07/2025,10:41,10:53,0,5
6129,3,2243,02/07/2025,10:57,11:12,0,6
6130,3,2207,03/07/2025,09:31,09:44,0,1
6131,3,2143,03/07/2025,09:55,10:08,0,2
6132,3,2075,03/07/2025,10:15,10:34,0,3
6133,3,2226,03/07/2025,10:41,11:07,0,4
6134,3,2311,03/07/2025,11:12,,1,5
6135,3,1909,03/07/2025,11:34,11:52,0,6
6136,3,2183,03/07/2025,12:00,12:17,0,7
6137,3,2103,05/07/2025,09:33,09:57,0,1
6138,3,2132,05/07/2025,10:02,10:10,0,2
6139,3,2068,05/07/2025,10:18,10:35,0,3
6140,3,2001,05/07/2025,10:43,10:50,0,4
6141,3,1904,05/07/2025,10:59,11:07,0,5
6142,3,2172,05/07/2025,11:11,11:21,0,6
6143,3,2228,05/07/2025,11:29,11:44,0,7
6144,3,1963,05/07/2025,11:54,12:09,0,8
6145,3,2151,06/07/2025,09:12,09:32,0,1
6146,3,2296,06/07/2025,09:39,09:46,0,2
6147,3,1943,06/07/2025,09:50,09:57,0,3
6148,3,2110,06/07/2025,10:02,10:22,0,4
6149,3,2115,06/07/2025,10:35,11:01,0,5
6150,3,2125,06/07/2025,11:08,11:26,0,6
6151,3,2134,06/07/2025,11:30,11:50,0,7
6152,3,2226,07/07/2025,09:25,,1,1
6153,3,2228,07/07/2025,09:42,10:04,0,2
6154,3,2151,07/07/2025,10:11,10:32,0,3
6155,3,2155,07/07/2025,10:40,10:52,0,4
6156,3,2241,07/07/2025,11:03,11:15,0,5
6157,3,2150,07/07/2025,11:19,11:26,0,6
6158,3,2049,08/07/2025,09:28,09:40,0,1
6159,3,2245,08/07/2025,09:48,09:55,0,2
6160,3,2235,08/07/2025,10:03,10:25,0,3
6161,3,1989,08/07/2025,10:32,,0,4
6162,3,2171,08/07/2025,10:50,11:17,0,5
6163,3,2098,08/07/2025,11:26,11:50,0,6
6164,3,1939,08/07/2025,11:54,,0,7
6165,3,2065,08/07/2025,12:15,12:22,0,8
6166,3,2324,08/07/2025,12:26,12:39,0,9
6167,3,2099,08/07/2025,12:47,13:11,0,10
6168,3,1955,08/07/2025,13:16,13:23,0,11
6169,3,2253,09/07/2025,09:21,09:31,0,1
6170,3,2194,09/07/2025,09:35,09:49,0,2
6171,3,2003,09/07/2025,09:57,10:24,0,3
6172,3,2223,09/07/2025,10:30,10:46,0,4
6173,3,2211,09/07/2025,10:59,11:14,0,5
6174,3,1893,09/07/2025,11:24,11:31,0,6
6175,3,2094,09/07/2025,11:37,,0,7
6176,3,2215,09/07/2025,12:04,12:18,0,8
6177,3,2015,09/07/2025,12:23,,1,9
6178,3,1994,09/07/2025,12:44,13:10,0,10
6179,3,2196,09/07/2025,13:14,13:36,0,11
6180,3,2149,10/07/2025,09:22,09:29,0,1
6181,3,2051,10/07/2025,09:35,09:50,0,2
6182,3,2099,10/07/2025,09:54,10:15,0,3
6183,3,1947,10/07/2025,10:21,10:45,0,4
6184,3,2196,10/07/2025,10:53,11:03,0,5
6185,3,2039,10/07/2025,11:07,11:14,0,6
6186,3,2223,10/07/2025,11:21,11:28,0,7
6187,3,2328,10/07/2025,11:35,12:00,0,8
6188,3,1922,10/07/2025,12:07,12:28,0,9
6189,3,2292,10/07/2025,12:34,12:56,0,10
6190,3,2282,10/07/2025,13:00,13:20,0,11
6191,3,2295,12/07/2025,09:13,09:31,0,1
6192,3,2009,12/07/2025,09:42,09:52,0,2
6193,3,2825,12/07/2025,09:59,10:23,0,3
6194,3,2148,12/07/2025,10:32,10:58,0,4
6195,3,2006,12/07/2025,11:07,11:32,0,5
6196,3,2147,12/07/2025,11:39,12:04,0,6
6197,3,1975,12/07/2025,12:12,12:29,0,7
6198,3,2821,12/07/2025,12:40,13:00,0,8
6199,3,2093,13/07/2025,09:11,09:34,0,1
6200,3,1987,13/07/2025,09:38,09:56,0,2
6201,3,2120,13/07/2025,10:04,10:18,0,3
6202,3,1975,13/07/2025,10:28,10:37,0,4
6203,3,2271,13/07/2025,10:43,,0,5
6204,3,2106,13/07/2025,10:58,11:20,0,6
6205,3,1963,13/07/2025,11:28,11:37,0,7
6206,3,1921,13/07/2025,11:44,11:59,0,8
6207,3,2076,13/07/2025,12:04,12:25,0,9
6208,3,2071,14/07/2025,09:09,,0,1
6209,3,2180,14/07/2025,09:25,09:45,0,2
6210,3,2801,14/07/2025,09:51,10:16,0,3
6211,3,2825,14/07/2025,10:25,10:53,0,4
6212,3,2098,14/07/2025,10:57,11:11,0,5
6213,3,2238,14/07/2025,11:18,11:25,0,6
6214,3,2298,14/07/2025,11:35,11:51,0,7
6215,3,2259,14/07/2025,11:55,12:21,0,8
6216,3,2029,15/07/2025,09:21,09:44,0,1
6217,3,1893,15/07/2025,09:56,10:09,0,2
6218,3,2195,15/07/2025,10:13,10:32,0,3
6219,3,1894,15/07/2025,10:42,11:04,0,4
6220,3,2228,15/07/2025,11:08,11:23,0,5
6221,3,1994,15/07/2025,11:27,11:39,0,6
6222,3,2108,15/07/2025,11:48,12:07,0,7
6223,3,2095,16/07/2025,09:14,09:40,0,1
6224,3,2098,16/07/2025,09:44,10:04,0,2
6225,3,2316,16/07/2025,10:08,10:28,0,3
6226,3,2238,16/07/2025,10:37,10:52,0,4
6227,3,2285,16/07/2025,11:05,11:15,0,5
6228,3,1966,16/07/2025,11:19,11:34,0,6
6229,3,1962,17/07/2025,09:12,09:34,0,1
6230,3,2284,17/07/2025,09:42,10:14,0,2
6231,3,1974,17/07/2025,10:18,10:38,0,3
6232,3,1972,17/07/2025,10:44,11:01,0,4
6233,3,2024,17/07/2025,11:12,11:31,0,5
6234,3,2313,17/07/2025,11:35,,0,6
6235,3,2194,17/07/2025,12:05,12:33,0,7
6236,3,2182,17/07/2025,12:38,12:52,0,8
6237,3,2128,17/07/2025,12:59,13:24,0,9
6238,3,2112,19/07/2025,09:28,09:47,0,1
6239,3,2100,19/07/2025,09:52,10:05,0,2
6240,3,2054,19/07/2025,10:10,10:27,0,3
6241,3,2034,19/07/2025,10:34,10:48,0,4
6242,3,1926,19/07/2025,10:55,11:12,0,5
6243,3,2067,19/07/2025,11:18,11:28,0,6
6244,3,2188,19/07/2025,11:36,11:54,0,7
6245,3,2816,19/07/2025,12:05,12:19,0,8
6246,3,1910,19/07/2025,12:28,12:35,0,9
6247,3,2252,19/07/2025,12:39,13:01,0,10
6248,3,2005,20/07/2025,09:23,09:57,0,1
6249,3,2119,20/07/2025,10:05,10:22,0,2
6250,3,2210,20/07/2025,10:26,10:46,0,3
6251,3,2323,20/07/2025,10:59,11:19,0,4
6252,3,1950,20/07/2025,11:30,11:52,0,5
6253,3,1929,20/07/2025,11:58,12:17,0,6
6254,3,1910,20/07/2025,12:22,12:32,0,7
6255,3,2248,20/07/2025,12:41,,0,8
6256,3,2151,20/07/2025,12:52,13:17,0,9
6257,3,1951,21/07/2025,09:17,09:40,0,1
6258,3,2119,21/07/2025,09:48,10:05,0,2
6259,3,2279,21/07/2025,10:14,10:27,0,3
6260,3,2269,21/07/2025,10:37,10:58,0,4
6261,3,2121,21/07/2025,11:04,,0,5
6262,3,2325,21/07/2025,11:23,11:39,0,6
6263,3,2314,21/07/2025,11:45,11:55,0,7
6264,3,2825,21/07/2025,11:59,12:25,0,8
6265,3,1919,21/07/2025,12:33,12:48,0,9
6266,3,2280,22/07/2025,09:20,09:41,0,1
6267,3,2279,22/07/2025,09:49,10:10,0,2
6268,3,2330,22/07/2025,10:15,10:35,0,3
6269,3,2080,22/07/2025,10:43,10:50,0,4
6270,3,2203,22/07/2025,11:00,11:13,0,5
6271,3,1909,22/07/2025,11:24,11:45,0,6
6272,3,1911,22/07/2025,11:53,12:05,0,7
6273,3,1917,23/07/2025,09:19,09:38,0,1
6274,3,2154,23/07/2025,09:46,09:58,0,2
6275,3,1995,23/07/2025,10:05,10:12,0,3
6276,3,2239,23/07/2025,10:16,10:27,0,4
6277,3,2296,23/07/2025,10:32,10:40,0,5
6278,3,2143,23/07/2025,10:50,11:06,0,6
6279,3,2239,23/07/2025,11:14,11:40,0,7
6280,3,2042,23/07/2025,11:47,12:08,0,8
6281,3,1936,23/07/2025,12:12,12:37,0,9
6282,3,2335,24/07/2025,09:23,09:41,0,1
6283,3,2073,24/07/2025,09:51,10:11,0,2
6284,3,2119,24/07/2025,10:19,10:35,0,3
6285,3,2230,24/07/2025,10:41,10:51,0,4
6286,3,1955,24/07/2025,10:56,11:03,0,5
6287,3,2001,24/07/2025,11:07,11:20,0,6
6288,3,2328,24/07/2025,11:28,11:53,0,7
6289,3,2250,26/07/2025,09:12,09:34,0,1
6290,3,2048,26/07/2025,09:43,,1,2
6291,3,2179,26/07/2025,10:03,10:18,0,3
6292,3,2157,26/07/2025,10:22,10:42,0,4
6293,3,2163,26/07/2025,10:50,11:12,0,5
6294,3,2263,26/07/2025,11:22,11:38,0,6
6295,3,2165,26/07/2025,11:48,12:15,0,7
6296,3,2308,27/07/2025,09:29,09:49,0,1
6297,3,2116,27/07/2025,10:00,10:18,0,2
6298,3,1902,27/07/2025,10:26,10:38,0,3
6299,3,2110,27/07/2025,10:46,10:57,0,4
6300,3,2092,27/07/2025,11:05,11:21,0,5
6301,3,2209,27/07/2025,11:25,11:49,0,6
6302,3,1964,28/07/2025,09:16,09:23,0,1
6303,3,2285,28/07/2025,09:30,09:45,0,2
6304,3,2214,28/07/2025,09:49,10:02,0,3
6305,3,2114,28/07/2025,10:12,10:26,0,4
6306,3,2131,28/07/2025,10:34,10:55,0,5
6307,3,2183,28/07/2025,11:02,11:14,0,6
6308,3,1916,28/07/2025,11:18,11:41,0,7
6309,3,2144,28/07/2025,11:47,12:03,0,8
6310,3,2248,28/07/2025,12:10,12:31,0,9
6311,3,2292,29/07/2025,09:21,09:35,0,1
6312,3,2193,29/07/2025,09:39,09:47,0,2
6313,3,1911,29/07/2025,09:56,10:04,0,3
6314,3,2821,29/07/2025,10:08,10:33,0,4
6315,3,1971,29/07/2025,10:39,10:48,0,5
6316,3,2324,29/07/2025,10:53,11:09,0,6
6317,3,1952,29/07/2025,11:20,11:37,0,7
6318,3,2316,29/07/2025,11:42,12:04,0,8
6319,3,2285,29/07/2025,12:13,12:34,0,9
6320,3,2062,29/07/2025,12:39,12:48,0,10
6321,3,2200,30/07/2025,09:10,09:21,0,1
6322,3,1891,30/07/2025,09:25,,1,2
6323,3,2037,30/07/2025,09:48,10:03,0,3
6324,3,2063,30/07/2025,10:07,10:22,0,4
6325,3,1993,30/07/2025,10:30,10:55,0,5
6326,3,2323,30/07/2025,11:04,11:15,0,6
6327,3,2044,30/07/2025,11:21,11:41,0,7
6328,3,2196,31/07/2025,09:19,09:29,0,1
6329,3,2306,31/07/2025,09:39,10:04,0,2
6330,3,1893,31/07/2025,10:10,10:31,0,3
6331,3,2092,31/07/2025,10:39,10:54,0,4
6332,3,1892,31/07/2025,10:59,11:25,0,5
6333,3,2163,31/07/2025,11:36,11:54,0,6
6334,3,2035,31/07/2025,11:58,12:12,0,7
6335,3,2062,31/07/2025,12:21,12:46,0,8
6336,3,2288,31/07/2025,12:54,13:07,0,9
6337,3,1892,02/08/2025,09:27,09:47,0,1
6338,3,2283,02/08/2025,09:51,10:14,0,2
6339,3,2107,02/08/2025,10:19,10:41,0,3
6340,3,1958,02/08/2025,10:51,10:58,0,4
6341,3,2043,02/08/2025,11:06,11:28,0,5
6342,3,1899,02/08/2025,11:36,11:52,0,6
6343,3,2289,02/08/2025,11:56,12:20,0,7
6344,3,2208,02/08/2025,12:29,,0,8
6345,3,2060,02/08/2025,12:55,13:19,0,9
6346,3,2824,02/08/2025,13:28,13:57,0,10
6347,3,1962,02/08/2025,14:01,14:15,0,11
6348,3,2088,03/08/2025,09:18,09:38,0,1
6349,3,2335,03/08/2025,09:44,10:11,0,2
6350,3,2101,03/08/2025,10:24,,0,3
6351,3,1924,03/08/2025,10:49,10:56,0,4
6352,3,2090,03/08/2025,11:03,11:23,0,5
6353,3,1968,03/08/2025,11:27,11:54,0,6
6354,3,2118,04/08/2025,09:11,09:28,0,1
6355,3,1947,04/08/2025,09:34,09:48,0,2
6356,3,2164,04/08/2025,09:53,10:07,0,3
6357,3,1977,04/08/2025,10:16,10:28,0,4
6358,3,2208,04/08/2025,10:32,10:56,0,5
6359,3,2183,04/08/2025,11:01,11:20,0,6
6360,3,1993,04/08/2025,11:24,11:42,0,7
6361,3,1908,05/08/2025,09:16,09:30,0,1
6362,3,2146,05/08/2025,09:36,09:54,0,2
6363,3,2098,05/08/2025,09:58,10:05,0,3
6364,3,2009,05/08/2025,10:12,10:24,0,4
6365,3,2109,05/08/2025,10:29,10:40,0,5
6366,3,1943,05/08/2025,10:45,11:09,0,6
6367,3,2000,05/08/2025,11:14,11:36,0,7
6368,3,2110,05/08/2025,11:41,12:03,0,8
6369,3,2197,05/08/2025,12:10,12:17,0,9
6370,3,1980,05/08/2025,12:24,12:42,0,10
6371,3,2260,05/08/2025,12:46,13:00,0,11
6372,3,1976,06/08/2025,09:10,09:35,0,1
6373,3,1963,06/08/2025,09:42,09:55,0,2
6374,3,1943,06/08/2025,10:06,10:18,0,3
6375,3,2313,06/08/2025,10:27,,0,4
6376,3,2053,06/08/2025,10:57,11:12,0,5
6377,3,2187,06/08/2025,11:17,11:29,0,6
6378,3,1997,06/08/2025,11:33,11:45,0,7
6379,3,2172,07/08/2025,09:26,09:49,0,1
6380,3,1965,07/08/2025,09:56,,0,2
6381,3,1997,07/08/2025,10:15,10:36,0,3
6382,3,1944,07/08/2025,10:43,11:03,0,4
6383,3,2162,07/08/2025,11:07,11:30,0,5
6384,3,2290,07/08/2025,11:34,11:44,0,6
6385,3,2297,07/08/2025,11:50,12:00,0,7
6386,3,2005,07/08/2025,12:06,12:19,0,8
6387,3,2262,09/08/2025,09:34,09:51,0,1
6388,3,2017,09/08/2025,09:59,10:16,0,2
6389,3,2146,09/08/2025,10:22,10:46,0,3
6390,3,2173,09/08/2025,10:54,11:07,0,4
6391,3,2165,09/08/2025,11:11,11:33,0,5
6392,3,2210,09/08/2025,11:44,11:58,0,6
6393,3,2223,09/08/2025,12:04,12:17,0,7
6394,3,2188,10/08/2025,09:07,09:16,0,1
6395,3,2133,10/08/2025,09:25,09:38,0,2
6396,3,2099,10/08/2025,09:52,10:06,0,3
6397,3,2202,10/08/2025,10:11,10:21,0,4
6398,3,2296,10/08/2025,10:32,10:46,0,5
6399,3,2232,10/08/2025,10:53,11:04,0,6
6400,3,2225,10/08/2025,11:08,11:26,0,7
6401,3,1942,11/08/2025,09:20,09:43,0,1
6402,3,2267,11/08/2025,09:50,09:59,0,2
6403,3,2238,11/08/2025,10:03,,0,3
6404,3,2167,11/08/2025,10:29,10:40,0,4
6405,3,2325,11/08/2025,10:44,10:59,0,5
6406,3,2820,11/08/2025,11:05,11:34,0,6
6407,3,1935,11/08/2025,11:38,11:58,0,7
6408,3,2110,11/08/2025,12:06,12:28,0,8
6409,3,2044,12/08/2025,09:32,09:42,0,1
6410,3,2232,12/08/2025,09:47,09:56,0,2
6411,3,2297,12/08/2025,10:00,10:10,0,3
6412,3,1965,12/08/2025,10:20,10:36,0,4
6413,3,2124,12/08/2025,10:41,11:02,0,5
6414,3,2258,12/08/2025,11:07,11:14,0,6
6415,3,2262,12/08/2025,11:22,11:42,0,7
6416,3,2091,12/08/2025,11:51,12:14,0,8
6417,3,2005,12/08/2025,12:20,12:47,0,9
6418,3,1905,12/08/2025,12:53,13:04,0,10
6419,3,2152,12/08/2025,13:08,13:26,0,11
6420,3,2134,13/08/2025,09:28,09:39,0,1
6421,3,2076,13/08/2025,09:47,10:11,0,2
6422,3,2271,13/08/2025,10:21,10:28,0,3
6423,3,2227,13/08/2025,10:35,10:44,0,4
6424,3,2052,13/08/2025,10:52,11:03,0,5
6425,3,2243,13/08/2025,11:08,11:31,0,6
6426,3,2227,13/08/2025,11:39,11:46,0,7
6427,3,2328,14/08/2025,09:29,09:49,0,1
6428,3,1890,14/08/2025,09:53,10:11,0,2
6429,3,1935,14/08/2025,10:23,10:48,0,3
6430,3,2130,14/08/2025,10:57,11:18,0,4
6431,3,1952,14/08/2025,11:22,11:29,0,5
6432,3,2318,14/08/2025,11:35,,0,6
6433,3,2136,14/08/2025,11:55,12:03,0,7
6434,3,2286,16/08/2025,09:16,09:26,0,1
6435,3,2155,16/08/2025,09:34,09:46,0,2
6436,3,2004,16/08/2025,09:54,,0,3
6437,3,1942,16/08/2025,10:17,10:30,0,4
6438,3,1906,16/08/2025,10:36,,0,5
6439,3,1938,16/08/2025,10:55,11:09,0,6
6440,3,2067,16/08/2025,11:13,11:26,0,7
6441,3,2063,16/08/2025,11:31,12:01,0,8
6442,3,2085,16/08/2025,12:05,12:23,0,9
6443,3,2053,16/08/2025,12:28,12:40,0,10
6444,3,1912,17/08/2025,09:19,09:26,0,1
6445,3,2098,17/08/2025,09:30,09:37,0,2
6446,3,2114,17/08/2025,09:44,09:51,0,3
6447,3,2279,17/08/2025,09:58,10:11,0,4
6448,3,2004,17/08/2025,10:17,10:37,0,5
6449,3,2082,17/08/2025,10:43,10:50,0,6
6450,3,2073,17/08/2025,10:54,11:05,0,7
6451,3,2065,17/08/2025,11:11,,0,8
6452,3,2021,17/08/2025,11:32,11:45,0,9
6453,3,2029,17/08/2025,11:52,12:13,0,10
6454,3,2097,17/08/2025,12:22,12:29,0,11
6455,3,2133,18/08/2025,09:32,09:50,0,1
6456,3,2026,18/08/2025,09:55,10:14,0,2
6457,3,2190,18/08/2025,10:18,10:37,0,3
6458,3,2236,18/08/2025,10:44,11:04,0,4
6459,3,2026,18/08/2025,11:14,11:25,0,5
6460,3,2185,18/08/2025,11:32,11:52,0,6
6461,3,2319,18/08/2025,11:58,12:05,0,7
6462,3,2112,18/08/2025,12:15,12:39,0,8
6463,3,2250,18/08/2025,12:44,13:03,0,9
6464,3,1971,18/08/2025,13:08,13:22,0,10
6465,3,2022,18/08/2025,13:30,,1,11
6466,3,2001,19/08/2025,09:32,09:49,0,1
6467,3,2326,19/08/2025,09:58,,0,2
6468,3,2338,19/08/2025,10:29,10:45,0,3
6469,3,2247,19/08/2025,10:52,11:17,0,4
6470,3,2141,19/08/2025,11:22,11:36,0,5
6471,3,2065,19/08/2025,11:41,11:50,0,6
6472,3,1905,19/08/2025,11:55,12:02,0,7
6473,3,2165,19/08/2025,12:10,12:29,0,8
6474,3,2043,19/08/2025,12:35,12:49,0,9
6475,3,2143,20/08/2025,09:19,09:37,0,1
6476,3,2253,20/08/2025,09:43,10:00,0,2
6477,3,2118,20/08/2025,10:05,10:21,0,3
6478,3,2096,20/08/2025,10:31,10:39,0,4
6479,3,2239,20/08/2025,10:44,11:00,0,5
6480,3,2077,20/08/2025,11:11,11:27,0,6
6481,3,2208,20/08/2025,11:37,12:06,0,7
6482,3,2157,20/08/2025,12:13,12:31,0,8
6483,3,2801,20/08/2025,12:38,12:58,0,9
6484,3,2021,20/08/2025,13:14,13:21,0,10
6485,3,2249,21/08/2025,09:33,09:50,0,1
6486,3,2247,21/08/2025,09:56,10:16,0,2
6487,3,1961,21/08/2025,10:23,10:43,0,3
6488,3,1974,21/08/2025,10:48,11:09,0,4
6489,3,2266,21/08/2025,11:16,11:29,0,5
6490,3,2246,21/08/2025,11:33,11:55,0,6
6491,3,2179,21/08/2025,12:00,12:13,0,7
6492,3,2173,21/08/2025,12:20,12:40,0,8
6493,3,2243,21/08/2025,12:44,13:14,0,9
6494,3,1953,23/08/2025,09:09,09:26,0,1
6495,3,2045,23/08/2025,09:31,09:51,0,2
6496,3,2011,23/08/2025,09:59,10:06,0,3
6497,3,1949,23/08/2025,10:15,10:22,0,4
6498,3,1900,23/08/2025,10:33,10:49,0,5
6499,3,2087,23/08/2025,10:53,11:05,0,6
6500,3,1926,23/08/2025,11:09,11:28,0,7
6501,3,2330,23/08/2025,11:38,11:52,0,8
6502,3,2266,23/08/2025,12:01,12:16,0,9
6503,3,2097,23/08/2025,12:23,12:47,0,10
6504,3,2268,24/08/2025,09:08,09:21,0,1
6505,3,2088,24/08/2025,09:31,09:42,0,2
6506,3,2022,24/08/2025,09:47,09:54,0,3
6507,3,2204,24/08/2025,10:03,10:25,0,4
6508,3,2078,24/08/2025,10:29,,1,5
6509,3,1955,24/08/2025,10:48,11:05,0,6
6510,3,2051,24/08/2025,11:15,,0,7
6511,3,1982,25/08/2025,09:14,09:23,0,1
6512,3,2201,25/08/2025,09:27,09:46,0,2
6513,3,2204,25/08/2025,09:53,10:13,0,3
6514,3,2286,25/08/2025,10:23,,0,4
6515,3,2181,25/08/2025,10:34,10:48,0,5
6516,3,2055,25/08/2025,11:00,11:23,0,6
6517,3,2245,25/08/2025,11:29,11:43,0,7
6518,3,2141,26/08/2025,09:25,09:40,0,1
6519,3,1952,26/08/2025,09:45,10:00,0,2
6520,3,2067,26/08/2025,10:07,10:21,0,3
6521,3,2168,26/08/2025,10:28,10:46,0,4
6522,3,2193,26/08/2025,10:51,11:11,0,5
6523,3,2178,26/08/2025,11:21,11:37,0,6
6524,3,2128,26/08/2025,11:44,11:58,0,7
6525,3,2047,27/08/2025,09:28,,1,1
6526,3,2068,27/08/2025,09:44,10:05,0,2
6527,3,2182,27/08/2025,10:14,10:35,0,3
6528,3,2103,27/08/2025,10:43,,0,4
6529,3,2290,27/08/2025,11:04,11:20,0,5
6530,3,2130,27/08/2025,11:26,11:42,0,6
6531,3,2824,28/08/2025,09:28,09:51,0,1
6532,3,1950,28/08/2025,09:57,,0,2
6533,3,2164,28/08/2025,10:31,10:42,0,3
6534,3,2087,28/08/2025,10:55,11:10,0,4
6535,3,2089,28/08/2025,11:14,11:35,0,5
6536,3,2339,28/08/2025,11:39,11:52,0,6
6537,3,1969,28/08/2025,11:56,12:18,0,7
6538,3,2106,30/08/2025,09:27,09:37,0,1
6539,3,1913,30/08/2025,09:42,09:56,0,2
6540,3,2238,30/08/2025,10:00,10:07,0,3
6541,3,2059,30/08/2025,10:13,10:31,0,4
6542,3,1907,30/08/2025,10:37,10:46,0,5
6543,3,2078,30/08/2025,10:50,11:04,0,6
6544,3,1950,30/08/2025,11:13,11:29,0,7
6545,3,1926,31/08/2025,09:25,09:44,0,1
6546,3,2003,31/08/2025,09:54,10:23,0,2
6547,3,2005,31/08/2025,10:35,10:56,0,3
6548,3,2285,31/08/2025,11:05,11:23,0,4
6549,3,2004,31/08/2025,11:33,11:42,0,5
6550,3,1894,31/08/2025,11:48,12:14,0,6
6551,3,2061,01/09/2025,09:26,09:47,0,1
6552,3,2224,01/09/2025,09:51,10:10,0,2
6553,3,2000,01/09/2025,10:16,10:35,0,3
6554,3,2025,01/09/2025,10:53,11:10,0,4
6555,3,2288,01/09/2025,11:15,11:31,0,5
6556,3,2244,01/09/2025,11:35,11:46,0,6
6557,3,2029,01/09/2025,11:50,12:10,0,7
6558,3,1947,02/09/2025,09:12,09:26,0,1
6559,3,2274,02/09/2025,09:34,09:41,0,2
6560,3,2253,02/09/2025,09:46,10:02,0,3
6561,3,1947,02/09/2025,10:06,10:18,0,4
6562,3,2035,02/09/2025,10:24,10:43,0,5
6563,3,1943,02/09/2025,10:50,10:57,0,6
6564,3,1939,03/09/2025,09:20,09:29,0,1
6565,3,2251,03/09/2025,09:36,09:59,0,2
6566,3,1980,03/09/2025,10:07,10:20,0,3
6567,3,2048,03/09/2025,10:27,10:38,0,4
6568,3,2252,03/09/2025,10:42,10:51,0,5
6569,3,2258,03/09/2025,10:55,11:11,0,6
6570,3,2182,03/09/2025,11:15,11:33,0,7
6571,3,2183,03/09/2025,11:37,12:00,0,8
6572,3,2059,03/09/2025,12:09,12:16,0,9
6573,3,2132,03/09/2025,12:24,12:35,0,10
6574,3,1949,03/09/2025,12:39,12:55,0,11
6575,3,1902,04/09/2025,09:18,09:38,0,1
6576,3,2132,04/09/2025,09:43,09:57,0,2
6577,3,2313,04/09/2025,10:08,10:27,0,3
6578,3,2203,04/09/2025,10:31,10:48,0,4
6579,3,2072,04/09/2025,10:52,11:22,0,5
6580,3,2121,04/09/2025,11:28,11:41,0,6
6581,3,2068,04/09/2025,11:46,12:12,0,7
6582,3,2334,04/09/2025,12:16,12:33,0,8
6583,3,2227,04/09/2025,12:37,12:46,0,9
6584,3,2141,06/09/2025,09:23,09:30,0,1
6585,3,2023,06/09/2025,09:38,09:59,0,2
6586,3,2293,06/09/2025,10:03,10:19,0,3
6587,3,2139,06/09/2025,10:26,10:33,0,4
6588,3,2234,06/09/2025,10:42,10:55,0,5
6589,3,2037,06/09/2025,11:06,11:23,0,6
6590,3,2243,06/09/2025,11:31,11:50,0,7
6591,3,2256,06/09/2025,11:59,,0,8
6592,3,2251,07/09/2025,09:27,09:42,0,1
6593,3,2284,07/09/2025,09:52,10:10,0,2
6594,3,1938,07/09/2025,10:15,10:27,0,3
6595,3,2101,07/09/2025,10:36,10:53,0,4
6596,3,1952,07/09/2025,11:04,11:25,0,5
6597,3,2046,07/09/2025,11:32,11:53,0,6
6598,3,1982,07/09/2025,12:01,12:16,0,7
6599,3,2164,07/09/2025,12:22,12:29,0,8
6600,3,2196,07/09/2025,12:37,12:51,0,9
6601,3,2286,07/09/2025,12:59,13:06,0,10
6602,3,2257,08/09/2025,09:28,09:53,0,1
6603,3,2075,08/09/2025,09:59,10:21,0,2
6604,3,2200,08/09/2025,10:27,10:49,0,3
6605,3,2296,08/09/2025,10:56,11:06,0,4
6606,3,2088,08/09/2025,11:10,11:24,0,5
6607,3,2067,08/09/2025,11:28,11:41,0,6
6608,3,1917,08/09/2025,11:45,12:04,0,7
6609,3,2130,08/09/2025,12:10,12:25,0,8
6610,3,2188,08/09/2025,12:35,12:54,0,9
6611,3,1943,08/09/2025,12:58,13:05,0,10
6612,3,1957,08/09/2025,13:11,13:18,0,11
6613,3,2255,09/09/2025,09:28,09:44,0,1
6614,3,2243,09/09/2025,09:49,10:08,0,2
6615,3,2186,09/09/2025,10:17,10:37,0,3
6616,3,2034,09/09/2025,10:44,11:06,0,4
6617,3,1997,09/09/2025,11:12,11:27,0,5
6618,3,1921,09/09/2025,11:35,11:44,0,6
6619,3,2149,09/09/2025,11:48,11:55,0,7
6620,3,2119,09/09/2025,12:01,12:20,0,8
6621,3,1973,09/09/2025,12:27,12:34,0,9
6622,3,2077,10/09/2025,09:25,09:35,0,1
6623,3,2226,10/09/2025,09:39,10:01,0,2
6624,3,2262,10/09/2025,10:10,10:32,0,3
6625,3,2222,10/09/2025,10:37,10:58,0,4
6626,3,2086,10/09/2025,11:04,11:11,0,5
6627,3,2227,10/09/2025,11:15,11:23,0,6
6628,3,1991,10/09/2025,11:32,11:46,0,7
6629,3,2259,10/09/2025,11:50,12:07,0,8
6630,3,2139,10/09/2025,12:12,12:29,0,9
6631,3,2801,10/09/2025,12:37,13:00,0,10
6632,3,2006,11/09/2025,09:21,09:36,0,1
6633,3,2199,11/09/2025,09:43,10:06,0,2
6634,3,2156,11/09/2025,10:14,10:36,0,3
6635,3,2279,11/09/2025,10:46,11:04,0,4
6636,3,2060,11/09/2025,11:08,11:37,0,5
6637,3,2306,11/09/2025,11:47,12:02,0,6
6638,3,2268,11/09/2025,12:07,12:26,0,7
6639,3,2211,11/09/2025,12:31,12:38,0,8
6640,3,2171,11/09/2025,12:43,13:05,0,9
6641,3,2118,11/09/2025,13:09,13:25,0,10
6642,3,2049,13/09/2025,09:13,09:37,0,1
6643,3,1991,13/09/2025,09:42,09:56,0,2
6644,3,2328,13/09/2025,10:03,10:22,0,3
6645,3,2275,13/09/2025,10:27,10:43,0,4
6646,3,2034,13/09/2025,10:51,,0,5
6647,3,2039,13/09/2025,11:13,11:32,0,6
6648,3,2173,13/09/2025,11:36,11:51,0,7
6649,3,2264,13/09/2025,11:59,12:31,0,8
6650,3,1988,13/09/2025,12:35,12:51,0,9
6651,3,1911,13/09/2025,12:55,13:19,0,10
6652,3,2232,14/09/2025,09:16,09:41,0,1
6653,3,2134,14/09/2025,09:47,10:00,0,2
6654,3,2114,14/09/2025,10:09,10:17,0,3
6655,3,1949,14/09/2025,10:22,10:49,0,4
6656,3,2160,14/09/2025,11:04,11:21,0,5
6657,3,2204,14/09/2025,11:31,12:11,0,6
6658,3,2172,15/09/2025,09:18,,0,1
6659,3,2065,15/09/2025,09:42,10:03,0,2
6660,3,2274,15/09/2025,10:11,10:19,0,3
6661,3,2016,15/09/2025,10:23,10:30,0,4
6662,3,2093,15/09/2025,10:35,10:46,0,5
6663,3,2182,15/09/2025,10:50,11:14,0,6
6664,3,2232,16/09/2025,09:26,09:34,0,1
6665,3,1979,16/09/2025,09:41,10:03,0,2
6666,3,2037,16/09/2025,10:10,10:38,0,3
6667,3,1963,16/09/2025,10:44,,1,4
6668,3,1989,16/09/2025,11:17,11:41,0,5
6669,3,2125,16/09/2025,11:49,12:10,0,6
6670,3,1923,17/09/2025,09:10,09:18,0,1
6671,3,2110,17/09/2025,09:28,09:42,0,2
6672,3,2158,17/09/2025,09:49,10:02,0,3
6673,3,2188,17/09/2025,10:12,10:39,0,4
6674,3,2324,17/09/2025,10:46,10:53,0,5
6675,3,1999,17/09/2025,11:02,11:20,0,6
6676,3,2182,17/09/2025,11:24,11:41,0,7
6677,3,2168,17/09/2025,11:45,12:04,0,8
6678,3,2190,18/09/2025,09:29,09:43,0,1
6679,3,2084,18/09/2025,09:54,10:01,0,2
6680,3,2185,18/09/2025,10:11,10:30,0,3
6681,3,2093,18/09/2025,10:34,10:43,0,4
6682,3,2256,18/09/2025,10:52,11:08,0,5
6683,3,2093,18/09/2025,11:15,11:30,0,6
6684,3,2199,18/09/2025,11:37,12:03,0,7
6685,3,2086,20/09/2025,09:26,09:38,0,1
6686,3,2279,20/09/2025,09:45,,0,2
6687,3,2180,20/09/2025,10:01,10:08,0,3
6688,3,2184,20/09/2025,10:12,10:20,0,4
6689,3,2801,20/09/2025,10:28,,0,5
6690,3,2107,20/09/2025,10:51,11:06,0,6
6691,3,1892,20/09/2025,11:15,11:31,0,7
6692,3,2068,21/09/2025,09:22,09:44,0,1
6693,3,2059,21/09/2025,09:48,09:55,0,2
6694,3,2061,21/09/2025,09:59,10:17,0,3
6695,3,1971,21/09/2025,10:26,,0,4
6696,3,2017,21/09/2025,10:39,10:54,0,5
6697,3,2232,21/09/2025,11:08,11:15,0,6
6698,3,2337,21/09/2025,11:19,11:42,0,7
6699,3,1969,22/09/2025,09:11,09:28,0,1
6700,3,2253,22/09/2025,09:33,09:40,0,2
6701,3,2082,22/09/2025,09:48,10:00,0,3
6702,3,1971,22/09/2025,10:13,10:29,0,4
6703,3,2816,22/09/2025,10:37,11:04,0,5
6704,3,1973,22/09/2025,11:08,11:23,0,6
6705,3,2263,23/09/2025,09:28,09:36,0,1
6706,3,2305,23/09/2025,09:40,09:51,0,2
6707,3,1971,23/09/2025,09:55,10:04,0,3
6708,3,2104,23/09/2025,10:09,10:30,0,4
6709,3,2188,23/09/2025,10:34,10:53,0,5
6710,3,2037,23/09/2025,11:02,11:21,0,6
6711,3,2328,23/09/2025,11:27,11:42,0,7
6712,3,1983,23/09/2025,11:50,11:57,0,8
6713,3,2017,23/09/2025,12:07,12:27,0,9
6714,3,2323,24/09/2025,09:19,09:32,0,1
6715,3,1951,24/09/2025,09:36,09:51,0,2
6716,3,1926,24/09/2025,09:58,10:19,0,3
6717,3,2268,24/09/2025,10:27,10:44,0,4
6718,3,2000,24/09/2025,10:52,11:20,0,5
6719,3,2211,24/09/2025,11:29,11:38,0,6
6720,3,2098,24/09/2025,11:45,12:08,0,7
6721,3,2824,24/09/2025,12:12,12:36,0,8
6722,3,1954,24/09/2025,12:46,12:53,0,9
6723,3,2087,24/09/2025,12:58,13:19,0,10
6724,3,2825,24/09/2025,13:30,13:47,0,11
6725,3,2167,25/09/2025,09:30,09:37,0,1
6726,3,1944,25/09/2025,09:41,10:09,0,2
6727,3,1936,25/09/2025,10:18,10:43,0,3
6728,3,2230,25/09/2025,10:49,11:02,0,4
6729,3,2135,25/09/2025,11:08,11:34,0,5
6730,3,1911,25/09/2025,11:38,12:05,0,6
6731,3,1971,25/09/2025,12:12,12:22,0,7
6732,3,2185,25/09/2025,12:27,12:51,0,8
6733,3,2141,27/09/2025,09:20,09:38,0,1
6734,3,2035,27/09/2025,09:47,10:08,0,2
6735,3,1945,27/09/2025,10:12,10:39,0,3
6736,3,2282,27/09/2025,10:45,11:10,0,4
6737,3,2324,27/09/2025,11:20,11:29,0,5
6738,3,2061,27/09/2025,11:37,11:51,0,6
6739,3,2022,27/09/2025,12:02,12:18,0,7
6740,3,2138,27/09/2025,12:22,12:29,0,8
6741,3,2117,27/09/2025,12:38,12:46,0,9
6742,3,2209,27/09/2025,12:54,13:05,0,10
6743,3,2150,28/09/2025,09:14,09:24,0,1
6744,3,2266,28/09/2025,09:30,09:37,0,2
6745,3,1893,28/09/2025,09:49,10:06,0,3
6746,3,1958,28/09/2025,10:12,10:25,0,4
6747,3,2046,28/09/2025,10:32,,0,5
6748,3,1974,28/09/2025,11:04,11:17,0,6
6749,3,2285,29/09/2025,09:26,,1,1
6750,3,2056,29/09/2025,09:51,10:00,0,2
6751,3,1915,29/09/2025,10:07,10:33,0,3
6752,3,2286,29/09/2025,10:37,,1,4
6753,3,2150,29/09/2025,10:57,11:04,0,5
6754,3,1913,29/09/2025,11:10,11:17,0,6
6755,3,2064,29/09/2025,11:28,,1,7
6756,3,2205,29/09/2025,11:41,12:14,0,8
6757,3,1890,29/09/2025,12:30,12:40,0,9
6758,3,2308,29/09/2025,12:49,13:02,0,10
6759,3,2294,29/09/2025,13:07,13:27,0,11
6760,3,2005,30/09/2025,09:19,09:44,0,1
6761,3,2031,30/09/2025,09:54,10:11,0,2
6762,3,1987,30/09/2025,10:15,10:36,0,3
6763,3,2173,30/09/2025,10:47,11:10,0,4
6764,3,2151,30/09/2025,11:15,11:40,0,5
6765,3,2031,30/09/2025,11:44,11:57,0,6
6766,3,2163,01/10/2025,09:15,09:38,0,1
6767,3,2173,01/10/2025,09:45,10:12,0,2
6768,3,2000,01/10/2025,10:18,10:37,0,3
6769,3,1890,01/10/2025,10:41,10:53,0,4
6770,3,2043,01/10/2025,11:02,11:17,0,5
6771,3,2245,01/10/2025,11:26,11:44,0,6
6772,3,2250,01/10/2025,11:49,12:03,0,7
6773,3,2201,01/10/2025,12:07,12:32,0,8
6774,3,2222,01/10/2025,12:39,13:04,0,9
6775,3,2072,01/10/2025,13:08,13:22,0,10
6776,3,1958,02/10/2025,09:30,09:37,0,1
6777,3,1902,02/10/2025,09:43,,0,2
6778,3,2277,02/10/2025,10:25,10:38,0,3
6779,3,2311,02/10/2025,10:47,11:10,0,4
6780,3,2134,02/10/2025,11:15,11:27,0,5
6781,3,2292,02/10/2025,11:31,11:45,0,6
6782,3,2230,02/10/2025,11:52,12:10,0,7
6783,3,2209,02/10/2025,12:14,,0,8
6784,3,2323,02/10/2025,12:35,12:58,0,9
6785,3,2015,02/10/2025,13:07,13:35,0,10
6786,3,2184,04/10/2025,09:23,09:30,0,1
6787,3,2151,04/10/2025,09:34,09:47,0,2
6788,3,2084,04/10/2025,09:51,09:59,0,3
6789,3,2269,04/10/2025,10:04,10:26,0,4
6790,3,2006,04/10/2025,10:36,10:48,0,5
6791,3,1964,04/10/2025,10:53,11:01,0,6
6792,3,1963,04/10/2025,11:06,11:13,0,7
6793,3,2143,04/10/2025,11:21,11:41,0,8
6794,3,2289,04/10/2025,11:47,,0,9
6795,3,1898,05/10/2025,09:16,09:33,0,1
6796,3,2280,05/10/2025,09:37,09:58,0,2
6797,3,2121,05/10/2025,10:02,10:15,0,3
6798,3,1961,05/10/2025,10:22,10:39,0,4
6799,3,2130,05/10/2025,10:43,11:11,0,5
6800,3,2320,05/10/2025,11:18,11:25,0,6
6801,3,2053,05/10/2025,11:29,11:55,0,7
6802,3,1890,05/10/2025,12:03,12:20,0,8
6803,3,2132,05/10/2025,12:24,12:39,0,9
6804,3,2241,06/10/2025,09:14,09:22,0,1
6805,3,2252,06/10/2025,09:26,,0,2
6806,3,2163,06/10/2025,09:59,10:15,0,3
6807,3,2266,06/10/2025,10:21,10:30,0,4
6808,3,1904,06/10/2025,10:38,10:59,0,5
6809,3,2053,06/10/2025,11:05,11:23,0,6
6810,3,1904,06/10/2025,11:33,11:56,0,7
6811,3,1948,06/10/2025,12:03,12:15,0,8
6812,3,2331,06/10/2025,12:20,12:34,0,9
6813,3,2087,06/10/2025,12:41,13:15,0,10
6814,3,2001,06/10/2025,13:21,13:29,0,11
6815,3,2078,07/10/2025,09:30,09:44,0,1
6816,3,2200,07/10/2025,09:48,10:02,0,2
6817,3,2289,07/10/2025,10:06,10:17,0,3
6818,3,1935,07/10/2025,10:24,10:34,0,4
6819,3,2273,07/10/2025,10:41,11:08,0,5
6820,3,2254,07/10/2025,11:12,11:24,0,6
6821,3,2105,07/10/2025,11:30,,0,7
6822,3,1921,08/10/2025,09:29,09:39,0,1
6823,3,2224,08/10/2025,09:49,10:05,0,2
6824,3,1953,08/10/2025,10:16,10:31,0,3
6825,3,1952,08/10/2025,10:35,10:52,0,4
6826,3,2027,08/10/2025,10:59,11:24,0,5
6827,3,2116,08/10/2025,11:31,11:46,0,6
6828,3,2124,08/10/2025,11:56,12:15,0,7
6829,3,2005,09/10/2025,09:26,,0,1
6830,3,2088,09/10/2025,09:52,10:03,0,2
6831,3,2209,09/10/2025,10:14,10:25,0,3
6832,3,2021,09/10/2025,10:29,10:41,0,4
6833,3,2093,09/10/2025,10:47,10:54,0,5
6834,3,1951,09/10/2025,11:00,11:14,0,6
6835,3,2182,09/10/2025,11:20,11:43,0,7
6836,3,2209,11/10/2025,09:33,09:53,0,1
6837,3,2102,11/10/2025,10:02,10:20,0,2
6838,3,2105,11/10/2025,10:24,10:42,0,3
6839,3,2248,11/10/2025,10:48,,0,4
6840,3,2316,11/10/2025,11:15,11:30,0,5
6841,3,2286,11/10/2025,11:34,11:44,0,6
6842,3,2820,12/10/2025,09:28,09:44,0,1
6843,3,2801,12/10/2025,09:48,10:20,0,2
6844,3,1910,12/10/2025,10:24,10:42,0,3
6845,3,2268,12/10/2025,10:51,11:11,0,4
6846,3,2315,12/10/2025,11:17,11:25,0,5
6847,3,2283,12/10/2025,11:36,11:52,0,6
6848,3,2120,13/10/2025,09:14,09:31,0,1
6849,3,2334,13/10/2025,09:40,09:55,0,2
6850,3,2142,13/10/2025,10:01,10:08,0,3
6851,3,2066,13/10/2025,10:19,10:40,0,4
6852,3,2336,13/10/2025,10:48,11:14,0,5
6853,3,2130,13/10/2025,11:18,11:39,0,6
6854,3,2289,13/10/2025,11:45,11:55,0,7
6855,3,2092,13/10/2025,12:05,12:15,0,8
6856,3,2801,13/10/2025,12:26,12:53,0,9
6857,3,2332,13/10/2025,13:02,13:12,0,10
6858,3,2046,13/10/2025,13:22,13:45,0,11
6859,3,1930,14/10/2025,09:15,09:30,0,1
6860,3,2200,14/10/2025,09:34,09:52,0,2
6861,3,2327,14/10/2025,10:02,10:27,0,3
6862,3,2215,14/10/2025,10:31,10:45,0,4
6863,3,2151,14/10/2025,10:51,11:14,0,5
6864,3,2288,14/10/2025,11:19,11:33,0,6
6865,3,2005,14/10/2025,11:42,11:57,0,7
6866,3,1894,14/10/2025,12:02,12:19,0,8
6867,3,1973,15/10/2025,09:20,09:27,0,1
6868,3,2146,15/10/2025,09:39,10:09,0,2
6869,3,2201,15/10/2025,10:18,10:36,0,3
6870,3,2816,15/10/2025,10:44,,1,4
6871,3,2134,15/10/2025,10:59,11:07,0,5
6872,3,2287,15/10/2025,11:11,11:38,0,6
6873,3,2213,15/10/2025,11:42,,1,7
6874,3,1996,15/10/2025,12:13,,0,8
6875,3,1907,15/10/2025,12:34,12:46,0,9
6876,3,2048,15/10/2025,12:56,13:13,0,10
6877,3,1920,16/10/2025,09:21,09:36,0,1
6878,3,2299,16/10/2025,09:40,09:55,0,2
6879,3,2035,16/10/2025,10:07,10:21,0,3
6880,3,2072,16/10/2025,10:31,10:49,0,4
6881,3,2042,16/10/2025,10:57,,0,5
6882,3,2063,16/10/2025,11:19,11:32,0,6
6883,3,2155,18/10/2025,09:26,09:45,0,1
6884,3,2059,18/10/2025,09:53,10:03,0,2
6885,3,1965,18/10/2025,10:13,10:23,0,3
6886,3,2150,18/10/2025,10:32,10:49,0,4
6887,3,1981,18/10/2025,10:57,11:06,0,5
6888,3,2033,18/10/2025,11:15,11:22,0,6
6889,3,2266,18/10/2025,11:26,11:39,0,7
6890,3,1951,19/10/2025,09:29,09:47,0,1
6891,3,1966,19/10/2025,09:55,10:11,0,2
6892,3,2184,19/10/2025,10:17,10:24,0,3
6893,3,2130,19/10/2025,10:33,10:55,0,4
6894,3,2143,19/10/2025,11:01,11:08,0,5
6895,3,2104,19/10/2025,11:17,,0,6
6896,3,2295,19/10/2025,11:52,11:59,0,7
6897,3,2318,20/10/2025,09:10,09:17,0,1
6898,3,2245,20/10/2025,09:21,09:28,0,2
6899,3,2148,20/10/2025,09:37,09:44,0,3
6900,3,2180,20/10/2025,09:52,10:16,0,4
6901,3,1992,20/10/2025,10:24,10:49,0,5
6902,3,2132,20/10/2025,10:56,11:04,0,6
6903,3,1913,20/10/2025,11:08,11:30,0,7
6904,3,2019,21/10/2025,09:22,09:41,0,1
6905,3,2102,21/10/2025,09:46,10:01,0,2
6906,3,2003,21/10/2025,10:10,10:30,0,3
6907,3,1929,21/10/2025,10:37,10:56,0,4
6908,3,2047,21/10/2025,11:06,,0,5
6909,3,1930,21/10/2025,11:27,11:38,0,6
6910,3,2155,21/10/2025,11:43,11:52,0,7
6911,3,1913,22/10/2025,09:28,09:35,0,1
6912,3,2048,22/10/2025,09:41,09:57,0,2
6913,3,2030,22/10/2025,10:06,10:20,0,3
6914,3,2140,22/10/2025,10:29,10:40,0,4
6915,3,2000,22/10/2025,10:46,,1,5
6916,3,2269,22/10/2025,11:08,11:24,0,6
6917,3,2244,22/10/2025,11:30,11:48,0,7
6918,3,2311,22/10/2025,11:54,12:10,0,8
6919,3,2118,22/10/2025,12:15,12:35,0,9
6920,3,2061,22/10/2025,12:39,13:10,0,10
6921,3,2024,22/10/2025,13:15,13:42,0,11
6922,3,2262,23/10/2025,09:21,09:31,0,1
6923,3,2280,23/10/2025,09:39,10:08,0,2
6924,3,2275,23/10/2025,10:15,10:33,0,3
6925,3,2050,23/10/2025,10:40,10:59,0,4
6926,3,2088,23/10/2025,11:06,11:28,0,5
6927,3,2241,23/10/2025,11:38,11:55,0,6
6928,3,2164,23/10/2025,12:01,12:11,0,7
6929,3,2240,23/10/2025,12:21,12:47,0,8
6930,3,2283,25/10/2025,09:17,09:42,0,1
6931,3,2235,25/10/2025,09:46,09:53,0,2
6932,3,2210,25/10/2025,09:58,10:15,0,3
6933,3,2044,25/10/2025,10:26,10:43,0,4
6934,3,1969,25/10/2025,10:54,11:23,0,5
6935,3,2163,25/10/2025,11:27,11:48,0,6
6936,3,2151,25/10/2025,11:53,12:07,0,7
6937,3,2085,25/10/2025,12:20,12:35,0,8
6938,3,2263,26/10/2025,09:11,09:26,0,1
6939,3,2014,26/10/2025,09:35,09:58,0,2
6940,3,2133,26/10/2025,10:02,10:25,0,3
6941,3,2226,26/10/2025,10:34,10:55,0,4
6942,3,2801,26/10/2025,11:08,11:33,0,5
6943,3,2126,26/10/2025,11:40,11:57,0,6
6944,3,1945,26/10/2025,12:08,12:15,0,7
6945,3,2188,26/10/2025,12:19,12:40,0,8
6946,3,1922,26/10/2025,12:44,13:00,0,9
6947,3,2239,26/10/2025,13:09,13:25,0,10
6948,3,2029,27/10/2025,09:32,09:57,0,1
6949,3,2821,27/10/2025,10:01,10:27,0,2
6950,3,2142,27/10/2025,10:32,,0,3
6951,3,1972,27/10/2025,10:46,11:05,0,4
6952,3,2327,27/10/2025,11:12,11:36,0,5
6953,3,1929,27/10/2025,11:44,12:00,0,6
6954,3,2160,27/10/2025,12:07,12:20,0,7
6955,3,2031,27/10/2025,12:25,12:44,0,8
6956,3,1924,27/10/2025,12:54,13:05,0,9
6957,3,2005,28/10/2025,09:14,09:41,0,1
6958,3,2252,28/10/2025,09:48,09:59,0,2
6959,3,1980,28/10/2025,10:08,10:21,0,3
6960,3,2155,28/10/2025,10:25,10:33,0,4
6961,3,2234,28/10/2025,10:44,11:01,0,5
6962,3,2306,28/10/2025,11:10,11:29,0,6
6963,3,2115,28/10/2025,11:37,12:00,0,7
6964,3,2280,28/10/2025,12:04,12:20,0,8
6965,3,1909,28/10/2025,12:33,12:40,0,9
6966,3,2235,29/10/2025,09:30,09:51,0,1
6967,3,2027,29/10/2025,09:55,10:03,0,2
6968,3,2256,29/10/2025,10:11,10:22,0,3
6969,3,2115,29/10/2025,10:30,10:49,0,4
6970,3,2049,29/10/2025,10:59,11:25,0,5
6971,3,2076,29/10/2025,11:29,11:40,0,6
6972,3,1981,29/10/2025,11:44,12:08,0,7
6973,3,2145,30/10/2025,09:24,09:33,0,1
6974,3,1995,30/10/2025,09:41,10:00,0,2
6975,3,1899,30/10/2025,10:07,10:23,0,3
6976,3,2183,30/10/2025,10:34,10:54,0,4
6977,3,2037,30/10/2025,10:59,11:20,0,5
6978,3,2226,30/10/2025,11:29,11:49,0,6
6979,3,2190,01/11/2025,09:17,09:43,0,1
6980,3,1900,01/11/2025,09:47,10:05,0,2
6981,3,2071,01/11/2025,10:12,10:25,0,3
6982,3,2086,01/11/2025,10:34,10:41,0,4
6983,3,2053,01/11/2025,10:45,11:09,0,5
6984,3,2324,01/11/2025,11:14,11:26,0,6
6985,3,1938,01/11/2025,11:32,11:51,0,7
6986,3,1969,02/11/2025,09:16,09:35,0,1
6987,3,2224,02/11/2025,09:40,09:59,0,2
6988,3,2155,02/11/2025,10:03,10:18,0,3
6989,3,1976,02/11/2025,10:23,10:35,0,4
6990,3,2033,02/11/2025,10:42,,0,5
6991,3,2144,02/11/2025,11:01,11:25,0,6
6992,3,2192,02/11/2025,11:29,11:47,0,7
6993,3,2120,02/11/2025,11:51,12:10,0,8
6994,3,2307,02/11/2025,12:14,12:28,0,9
6995,3,2183,02/11/2025,12:34,12:51,0,10
6996,3,2119,02/11/2025,12:58,13:29,0,11
6997,3,2328,03/11/2025,09:23,09:35,0,1
6998,3,2325,03/11/2025,09:42,10:14,0,2
6999,3,2142,03/11/2025,10:24,10:36,0,3
7000,3,2244,03/11/2025,10:42,,0,4
7001,3,2023,03/11/2025,10:54,11:13,0,5
7002,3,2188,03/11/2025,11:21,11:40,0,6
7003,3,2006,03/11/2025,11:46,12:01,0,7
7004,3,2326,03/11/2025,12:09,12:17,0,8
7005,3,2112,03/11/2025,12:23,12:38,0,9
7006,3,2095,03/11/2025,12:43,13:06,0,10
7007,3,2108,04/11/2025,09:31,10:01,0,1
7008,3,1959,04/11/2025,10:09,10:17,0,2
7009,3,2295,04/11/2025,10:22,10:30,0,3
7010,3,2248,04/11/2025,10:39,10:59,0,4
7011,3,2187,04/11/2025,11:04,11:15,0,5
7012,3,2076,04/11/2025,11:19,11:39,0,6
7013,3,2285,04/11/2025,11:48,12:03,0,7
7014,3,1908,05/11/2025,09:28,09:55,0,1
7015,3,1971,05/11/2025,09:59,10:16,0,2
7016,3,2288,05/11/2025,10:24,10:32,0,3
7017,3,1912,05/11/2025,10:41,10:57,0,4
7018,3,1926,05/11/2025,11:02,11:17,0,5
7019,3,2195,05/11/2025,11:24,11:33,0,6
7020,3,2309,05/11/2025,11:39,11:57,0,7
7021,3,1925,05/11/2025,12:02,12:11,0,8
7022,3,2259,05/11/2025,12:15,12:34,0,9
7023,3,2023,05/11/2025,12:42,13:03,0,10
7024,3,1958,05/11/2025,13:15,13:22,0,11
7025,3,1964,06/11/2025,09:31,09:53,0,1
7026,3,2139,06/11/2025,09:57,10:05,0,2
7027,3,2326,06/11/2025,10:13,10:28,0,3
7028,3,2315,06/11/2025,10:32,10:40,0,4
7029,3,2305,06/11/2025,10:49,11:03,0,5
7030,3,1953,06/11/2025,11:12,,0,6
7031,3,2825,06/11/2025,11:34,11:46,0,7
7032,3,2207,08/11/2025,09:31,09:48,0,1
7033,3,1996,08/11/2025,09:53,10:13,0,2
7034,3,1980,08/11/2025,10:20,10:42,0,3
7035,3,2257,08/11/2025,10:49,11:09,0,4
7036,3,2315,08/11/2025,11:14,11:35,0,5
7037,3,2091,08/11/2025,11:45,12:12,0,6
7038,3,2091,08/11/2025,12:19,12:36,0,7
7039,3,2821,08/11/2025,12:44,12:55,0,8
7040,3,1945,09/11/2025,09:33,,0,1
7041,3,2144,09/11/2025,10:06,10:30,0,2
7042,3,2079,09/11/2025,10:35,10:52,0,3
7043,3,2096,09/11/2025,11:02,11:12,0,4
7044,3,2242,09/11/2025,11:20,11:42,0,5
7045,3,1905,09/11/2025,11:46,12:07,0,6
7046,3,2087,09/11/2025,12:13,12:40,0,7
7047,3,1963,10/11/2025,09:25,09:48,0,1
7048,3,1929,10/11/2025,09:55,10:16,0,2
7049,3,2125,10/11/2025,10:20,10:34,0,3
7050,3,1954,10/11/2025,10:45,10:56,0,4
7051,3,2099,10/11/2025,11:04,11:20,0,5
7052,3,1968,10/11/2025,11:24,11:41,0,6
7053,3,2037,10/11/2025,11:50,12:08,0,7
7054,3,2296,10/11/2025,12:18,12:25,0,8
7055,3,1969,11/11/2025,09:30,09:52,0,1
7056,3,1944,11/11/2025,09:59,10:10,0,2
7057,3,2254,11/11/2025,10:19,10:41,0,3
7058,3,2306,11/11/2025,10:45,10:52,0,4
7059,3,2230,11/11/2025,10:57,11:19,0,5
7060,3,1926,11/11/2025,11:26,11:49,0,6
7061,3,2337,11/11/2025,11:53,12:09,0,7
7062,3,2207,11/11/2025,12:15,12:30,0,8
7063,3,1946,11/11/2025,12:35,12:53,0,9
7064,3,2306,12/11/2025,09:10,09:18,0,1
7065,3,2157,12/11/2025,09:26,09:33,0,2
7066,3,2223,12/11/2025,09:39,09:46,0,3
7067,3,2105,12/11/2025,09:50,10:09,0,4
7068,3,2110,12/11/2025,10:14,10:30,0,5
7069,3,2091,12/11/2025,10:37,10:52,0,6
7070,3,2045,12/11/2025,11:01,11:19,0,7
7071,3,2192,12/11/2025,11:27,11:54,0,8
7072,3,2089,12/11/2025,12:06,,1,9
7073,3,2090,12/11/2025,12:34,12:59,0,10
7074,3,1929,13/11/2025,09:13,09:32,0,1
7075,3,2058,13/11/2025,09:36,09:52,0,2
7076,3,2073,13/11/2025,09:56,10:17,0,3
7077,3,1898,13/11/2025,10:29,10:52,0,4
7078,3,2138,13/11/2025,10:58,11:11,0,5
7079,3,2096,13/11/2025,11:16,11:23,0,6
7080,3,1993,13/11/2025,11:31,12:00,0,7
7081,3,2279,13/11/2025,12:04,12:26,0,8
7082,3,2280,15/11/2025,09:29,09:49,0,1
7083,3,2142,15/11/2025,09:54,10:08,0,2
7084,3,2248,15/11/2025,10:14,10:22,0,3
7085,3,2268,15/11/2025,10:30,10:47,0,4
7086,3,2137,15/11/2025,10:52,11:09,0,5
7087,3,1953,15/11/2025,11:16,11:43,0,6
7088,3,2282,16/11/2025,09:22,09:32,0,1
7089,3,2078,16/11/2025,09:39,10:07,0,2
7090,3,2006,16/11/2025,10:16,10:45,0,3
7091,3,2188,16/11/2025,10:54,11:14,0,4
7092,3,1925,16/11/2025,11:21,11:39,0,5
7093,3,1924,16/11/2025,11:48,11:58,0,6
7094,3,2171,17/11/2025,09:28,09:49,0,1
7095,3,2214,17/11/2025,09:56,10:13,0,2
7096,3,2165,17/11/2025,10:23,10:42,0,3
7097,3,2170,17/11/2025,10:53,11:07,0,4
7098,3,2227,17/11/2025,11:11,11:28,0,5
7099,3,2150,17/11/2025,11:37,11:52,0,6
7100,3,2152,17/11/2025,11:56,12:27,0,7
7101,3,1937,17/11/2025,12:34,12:48,0,8
7102,3,2065,17/11/2025,12:53,13:07,0,9
7103,3,2824,18/11/2025,09:07,09:30,0,1
7104,3,2238,18/11/2025,09:36,09:47,0,2
7105,3,2264,18/11/2025,09:53,10:10,0,3
7106,3,2289,18/11/2025,10:28,10:48,0,4
7107,3,1915,18/11/2025,10:58,11:08,0,5
7108,3,2146,18/11/2025,11:20,11:44,0,6
7109,3,1937,18/11/2025,11:49,11:56,0,7
7110,3,1955,18/11/2025,12:01,12:08,0,8
7111,3,1946,18/11/2025,12:15,,0,9
7112,3,2141,19/11/2025,09:10,09:22,0,1
7113,3,2011,19/11/2025,09:31,09:49,0,2
7114,3,2314,19/11/2025,09:53,10:02,0,3
7115,3,1971,19/11/2025,10:06,10:17,0,4
7116,3,1962,19/11/2025,10:21,10:37,0,5
7117,3,2337,19/11/2025,10:42,10:49,0,6
7118,3,2255,20/11/2025,09:10,09:34,0,1
7119,3,2038,20/11/2025,09:39,09:55,0,2
7120,3,1998,20/11/2025,10:04,10:17,0,3
7121,3,2311,20/11/2025,10:21,10:38,0,4
7122,3,2311,20/11/2025,10:43,11:00,0,5
7123,3,2052,20/11/2025,11:08,11:30,0,6
7124,3,1938,20/11/2025,11:34,11:54,0,7
7125,3,2216,20/11/2025,11:59,12:22,0,8
7126,3,2257,20/11/2025,12:26,12:55,0,9
7127,3,2259,22/11/2025,09:24,09:38,0,1
7128,3,2112,22/11/2025,09:42,10:00,0,2
7129,3,2279,22/11/2025,10:05,10:23,0,3
7130,3,1906,22/11/2025,10:28,10:41,0,4
7131,3,2179,22/11/2025,10:46,10:53,0,5
7132,3,2189,22/11/2025,10:57,11:22,0,6
7133,3,2071,22/11/2025,11:26,11:33,0,7
7134,3,2030,22/11/2025,11:37,11:45,0,8
7135,3,2223,22/11/2025,11:51,12:07,0,9
7136,3,2034,22/11/2025,12:16,12:29,0,10
7137,3,1926,23/11/2025,09:27,09:49,0,1
7138,3,2099,23/11/2025,09:57,10:22,0,2
7139,3,2007,23/11/2025,10:26,10:34,0,3
7140,3,2323,23/11/2025,10:38,10:48,0,4
7141,3,2207,23/11/2025,10:55,11:10,0,5
7142,3,2074,23/11/2025,11:15,11:22,0,6
7143,3,2273,23/11/2025,11:28,11:48,0,7
7144,3,2053,23/11/2025,11:56,12:22,0,8
7145,3,2311,23/11/2025,12:34,12:49,0,9
7146,3,2075,23/11/2025,13:02,13:34,0,10
7147,3,2071,23/11/2025,13:45,13:55,0,11
7148,3,2052,24/11/2025,09:08,09:22,0,1
7149,3,2082,24/11/2025,09:31,09:40,0,2
7150,3,2137,24/11/2025,09:46,10:06,0,3
7151,3,1982,24/11/2025,10:15,10:22,0,4
7152,3,2337,24/11/2025,10:26,10:50,0,5
7153,3,2249,24/11/2025,11:04,,0,6
7154,3,1993,25/11/2025,09:23,09:40,0,1
7155,3,1897,25/11/2025,09:45,,0,2
7156,3,2226,25/11/2025,10:19,10:39,0,3
7157,3,2080,25/11/2025,10:46,11:01,0,4
7158,3,2259,25/11/2025,11:05,11:25,0,5
7159,3,2271,25/11/2025,11:33,11:40,0,6
7160,3,2160,25/11/2025,11:46,12:09,0,7
7161,3,2214,25/11/2025,12:15,12:33,0,8
7162,3,2005,25/11/2025,12:39,12:54,0,9
7163,3,2054,26/11/2025,09:16,09:23,0,1
7164,3,1923,26/11/2025,09:32,09:39,0,2
7165,3,2244,26/11/2025,09:43,10:13,0,3
7166,3,2228,26/11/2025,10:22,10:29,0,4
7167,3,2087,26/11/2025,10:36,10:47,0,5
7168,3,2021,26/11/2025,10:52,11:04,0,6
7169,3,2116,26/11/2025,11:08,,0,7
7170,3,2059,26/11/2025,11:34,11:41,0,8
7171,3,2193,26/11/2025,11:47,11:54,0,9
7172,3,2078,26/11/2025,11:59,12:11,0,10
7173,3,2005,27/11/2025,09:17,09:44,0,1
7174,3,2264,27/11/2025,09:48,10:00,0,2
7175,3,2334,27/11/2025,10:11,10:30,0,3
7176,3,1916,27/11/2025,10:35,10:51,0,4
7177,3,2180,27/11/2025,10:55,11:19,0,5
7178,3,2016,27/11/2025,11:27,11:34,0,6
7179,3,2157,27/11/2025,11:41,11:58,0,7
7180,3,2825,27/11/2025,12:02,12:18,0,8
7181,3,2182,27/11/2025,12:22,12:47,0,9
7182,3,2042,27/11/2025,12:55,13:07,0,10
7183,3,1987,27/11/2025,13:14,13:26,0,11
7184,3,2104,29/11/2025,09:28,09:51,0,1
7185,3,1982,29/11/2025,09:57,10:06,0,2
7186,3,1902,29/11/2025,10:10,10:27,0,3
7187,3,1917,29/11/2025,10:32,11:00,0,4
7188,3,2241,29/11/2025,11:05,11:17,0,5
7189,3,2263,29/11/2025,11:21,11:36,0,6
7190,3,1908,29/11/2025,11:40,11:56,0,7
7191,3,2071,29/11/2025,12:00,12:07,0,8
7192,3,1983,29/11/2025,12:14,12:22,0,9
7193,3,1969,29/11/2025,12:32,12:53,0,10
7194,3,2135,30/11/2025,09:07,09:30,0,1
7195,3,1961,30/11/2025,09:40,09:56,0,2
7196,3,1942,30/11/2025,10:00,10:07,0,3
7197,3,1912,30/11/2025,10:13,10:20,0,4
7198,3,2275,30/11/2025,10:24,10:52,0,5
7199,3,2287,30/11/2025,11:07,11:31,0,6
7200,3,1956,30/11/2025,11:37,11:55,0,7
7201,3,2059,30/11/2025,12:02,12:14,0,8
7202,3,2034,30/11/2025,12:19,12:37,0,9
7203,3,2286,01/12/2025,09:17,09:33,0,1
7204,3,1897,01/12/2025,09:47,10:07,0,2
7205,3,2002,01/12/2025,10:11,10:31,0,3
7206,3,1996,01/12/2025,10:35,10:54,0,4
7207,3,1973,01/12/2025,10:58,11:05,0,5
7208,3,2131,01/12/2025,11:12,11:36,0,6
7209,3,2214,01/12/2025,11:45,12:00,0,7
7210,3,2051,01/12/2025,12:06,12:13,0,8
7211,3,2063,01/12/2025,12:21,12:42,0,9
7212,3,2121,01/12/2025,12:49,13:03,0,10
7213,3,2022,01/12/2025,13:07,13:22,0,11
7214,3,2090,02/12/2025,09:26,,1,1
7215,3,2183,02/12/2025,09:51,10:12,0,2
7216,3,2056,02/12/2025,10:23,10:30,0,3
7217,3,2126,02/12/2025,10:37,10:54,0,4
7218,3,2158,02/12/2025,11:00,11:08,0,5
7219,3,2003,02/12/2025,11:16,,0,6
7220,3,2286,02/12/2025,11:47,12:11,0,7
7221,3,2033,02/12/2025,12:17,12:24,0,8
7222,3,2084,03/12/2025,09:25,09:32,0,1
7223,3,2310,03/12/2025,09:41,10:01,0,2
7224,3,2066,03/12/2025,10:09,10:18,0,3
7225,3,2821,03/12/2025,10:22,10:40,0,4
7226,3,2296,03/12/2025,10:48,10:57,0,5
7227,3,2055,03/12/2025,11:03,11:18,0,6
7228,3,1977,03/12/2025,11:30,11:37,0,7
7229,3,2193,04/12/2025,09:28,09:48,0,1
7230,3,2034,04/12/2025,09:56,10:11,0,2
7231,3,2210,04/12/2025,10:18,10:32,0,3
7232,3,2288,04/12/2025,10:45,11:02,0,4
7233,3,2108,04/12/2025,11:12,11:31,0,5
7234,3,2000,04/12/2025,11:37,11:50,0,6
7235,3,2234,04/12/2025,11:54,12:01,0,7
7236,3,2115,04/12/2025,12:05,12:25,0,8
7237,3,2316,04/12/2025,12:29,12:53,0,9
7238,3,2149,04/12/2025,12:57,13:04,0,10
7239,3,2136,04/12/2025,13:09,,0,11
7240,3,2180,06/12/2025,09:23,09:42,0,1
7241,3,2103,06/12/2025,09:51,10:11,0,2
7242,3,2323,06/12/2025,10:17,,0,3
7243,3,2336,06/12/2025,10:44,10:52,0,4
7244,3,1897,06/12/2025,10:58,11:05,0,5
7245,3,2051,06/12/2025,11:11,11:36,0,6
7246,3,2148,07/12/2025,09:23,09:47,0,1
7247,3,2063,07/12/2025,09:56,10:21,0,2
7248,3,2136,07/12/2025,10:25,10:32,0,3
7249,3,2146,07/12/2025,10:36,10:58,0,4
7250,3,2053,07/12/2025,11:07,11:23,0,5
7251,3,2097,07/12/2025,11:27,11:48,0,6
7252,3,2243,07/12/2025,11:58,12:22,0,7
7253,3,2187,07/12/2025,12:26,12:39,0,8
7254,3,2242,07/12/2025,12:43,13:05,0,9
7255,3,2289,07/12/2025,13:13,13:32,0,10
7256,3,2190,07/12/2025,13:36,13:54,0,11
7257,3,1971,08/12/2025,09:17,09:41,0,1
7258,3,2107,08/12/2025,09:49,10:13,0,2
7259,3,2095,08/12/2025,10:19,10:47,0,3
7260,3,1954,08/12/2025,10:59,11:06,0,4
7261,3,2149,08/12/2025,11:12,11:24,0,5
7262,3,1979,08/12/2025,11:32,11:50,0,6
7263,3,2316,08/12/2025,11:57,,0,7
7264,3,1909,09/12/2025,09:26,09:54,0,1
7265,3,2083,09/12/2025,10:01,10:23,0,2
7266,3,1946,09/12/2025,10:29,10:49,0,3
7267,3,1963,09/12/2025,10:59,11:13,0,4
7268,3,1979,09/12/2025,11:23,11:38,0,5
7269,3,2109,09/12/2025,11:45,12:04,0,6
7270,3,2205,09/12/2025,12:13,12:40,0,7
7271,3,2319,09/12/2025,12:49,12:59,0,8
7272,3,1897,09/12/2025,13:07,13:17,0,9
7273,3,1902,09/12/2025,13:26,13:36,0,10
7274,3,2294,09/12/2025,13:40,13:47,0,11
7275,3,2067,10/12/2025,09:27,09:39,0,1
7276,3,2263,10/12/2025,09:46,09:53,0,2
7277,3,2050,10/12/2025,09:57,10:12,0,3
7278,3,1898,10/12/2025,10:16,10:35,0,4
7279,3,1922,10/12/2025,10:42,11:06,0,5
7280,3,1904,10/12/2025,11:15,11:33,0,6
7281,3,2031,10/12/2025,11:42,12:01,0,7
7282,3,2316,10/12/2025,12:06,12:26,0,8
7283,3,1924,10/12/2025,12:31,12:40,0,9
7284,3,2104,11/12/2025,09:13,09:38,0,1
7285,3,2147,11/12/2025,09:42,09:59,0,2
7286,3,2299,11/12/2025,10:03,10:12,0,3
7287,3,2288,11/12/2025,10:17,10:35,0,4
7288,3,2190,11/12/2025,10:39,10:57,0,5
7289,3,2306,11/12/2025,11:04,11:11,0,6
7290,3,2093,11/12/2025,11:18,11:36,0,7
7291,3,1923,11/12/2025,11:49,11:59,0,8
7292,3,2038,11/12/2025,12:07,12:21,0,9
7293,3,2043,13/12/2025,09:23,09:39,0,1
7294,3,2334,13/12/2025,09:48,10:11,0,2
7295,3,2227,13/12/2025,10:17,10:27,0,3
7296,3,2098,13/12/2025,10:33,10:52,0,4
7297,3,1957,13/12/2025,11:00,11:17,0,5
7298,3,2087,13/12/2025,11:26,11:50,0,6
7299,3,2305,13/12/2025,11:54,12:04,0,7
7300,3,2105,14/12/2025,09:09,09:22,0,1
7301,3,2180,14/12/2025,09:27,09:49,0,2
7302,3,2024,14/12/2025,09:57,10:09,0,3
7303,3,2046,14/12/2025,10:16,10:33,0,4
7304,3,1972,14/12/2025,10:37,10:52,0,5
7305,3,2080,14/12/2025,10:56,11:03,0,6
7306,3,2014,14/12/2025,11:12,11:39,0,7
7307,3,2015,14/12/2025,11:43,12:02,0,8
7308,3,2112,14/12/2025,12:12,12:19,0,9
7309,3,2824,14/12/2025,12:26,12:39,0,10
7310,3,2235,14/12/2025,12:46,12:53,0,11
7311,3,2054,15/12/2025,09:25,09:46,0,1
7312,3,2112,15/12/2025,09:50,10:06,0,2
7313,3,2135,15/12/2025,10:10,10:27,0,3
7314,3,2117,15/12/2025,10:32,10:39,0,4
7315,3,2069,15/12/2025,10:45,10:52,0,5
7316,3,2173,15/12/2025,11:05,11:19,0,6
7317,3,2331,15/12/2025,11:23,11:30,0,7
7318,3,1944,15/12/2025,11:39,12:01,0,8
7319,3,2260,16/12/2025,09:11,09:23,0,1
7320,3,1921,16/12/2025,09:30,09:51,0,2
7321,3,1992,16/12/2025,09:55,10:16,0,3
7322,3,2047,16/12/2025,10:23,10:33,0,4
7323,3,2207,16/12/2025,10:40,10:54,0,5
7324,3,2180,16/12/2025,11:03,11:22,0,6
7325,3,2196,16/12/2025,11:31,11:50,0,7
7326,3,2156,17/12/2025,09:09,09:31,0,1
7327,3,2196,17/12/2025,09:38,09:58,0,2
7328,3,1913,17/12/2025,10:04,10:19,0,3
7329,3,2213,17/12/2025,10:28,10:54,0,4
7330,3,2092,17/12/2025,11:02,11:17,0,5
7331,3,2282,17/12/2025,11:25,11:42,0,6
7332,3,2115,17/12/2025,11:46,12:14,0,7
7333,3,1890,17/12/2025,12:18,12:27,0,8
7334,3,2304,17/12/2025,12:31,12:42,0,9
7335,3,2122,18/12/2025,09:17,09:36,0,1
7336,3,2297,18/12/2025,09:41,09:51,0,2
7337,3,2016,18/12/2025,10:04,10:11,0,3
7338,3,2138,18/12/2025,10:19,10:26,0,4
7339,3,2325,18/12/2025,10:35,10:53,0,5
7340,3,2309,18/12/2025,11:06,11:23,0,6
7341,3,2064,18/12/2025,11:29,11:40,0,7
7342,3,1923,18/12/2025,11:44,11:57,0,8
7343,3,2332,18/12/2025,12:08,12:32,0,9
7344,3,2222,18/12/2025,12:36,12:52,0,10
7345,3,2327,20/12/2025,09:16,09:26,0,1
7346,3,2197,20/12/2025,09:36,09:58,0,2
7347,3,1969,20/12/2025,10:03,10:18,0,3
7348,3,2065,20/12/2025,10:24,10:42,0,4
7349,3,2239,20/12/2025,10:49,11:05,0,5
7350,3,2077,20/12/2025,11:13,11:22,0,6
7351,3,1917,20/12/2025,11:26,11:41,0,7
7352,3,2017,21/12/2025,09:32,09:51,0,1
7353,3,2297,21/12/2025,10:00,10:21,0,2
7354,3,1987,21/12/2025,10:29,10:48,0,3
7355,3,2124,21/12/2025,10:57,,0,4
7356,3,1993,21/12/2025,11:30,11:43,0,5
7357,3,2000,21/12/2025,11:50,12:12,0,6
7358,3,2044,21/12/2025,12:16,12:38,0,7
7359,3,1914,21/12/2025,12:51,13:03,0,8
7360,3,2169,21/12/2025,13:08,13:19,0,9
7361,3,2023,21/12/2025,13:23,13:44,0,10
7362,3,2114,21/12/2025,13:48,14:05,0,11
7363,3,2221,22/12/2025,09:25,09:37,0,1
7364,3,1995,22/12/2025,09:46,09:55,0,2
7365,3,1998,22/12/2025,10:05,10:21,0,3
7366,3,2162,22/12/2025,10:27,10:40,0,4
7367,3,1948,22/12/2025,10:45,11:09,0,5
7368,3,2066,22/12/2025,11:16,11:32,0,6
7369,3,1974,22/12/2025,11:37,11:59,0,7
7370,3,2188,22/12/2025,12:05,12:22,0,8
7371,3,2037,22/12/2025,12:27,,1,9
7372,3,2235,23/12/2025,09:32,09:50,0,1
7373,3,2150,23/12/2025,09:54,10:04,0,2
7374,3,1894,23/12/2025,10:09,10:20,0,3
7375,3,2000,23/12/2025,10:27,10:41,0,4
7376,3,2198,23/12/2025,10:47,10:57,0,5
7377,3,2029,23/12/2025,11:03,11:21,0,6
7378,3,2135,23/12/2025,11:34,11:52,0,7
7379,3,2074,23/12/2025,12:03,12:20,0,8
7380,3,2034,23/12/2025,12:29,12:42,0,9
7381,3,2035,24/12/2025,09:17,09:33,0,1
7382,3,1966,24/12/2025,09:37,09:56,0,2
7383,3,2215,24/12/2025,10:02,,0,3
7384,3,2009,24/12/2025,10:28,10:35,0,4
7385,3,2271,24/12/2025,10:44,10:51,0,5
7386,3,2332,24/12/2025,10:55,11:15,0,6
7387,3,2225,24/12/2025,11:23,11:43,0,7
7388,3,2162,25/12/2025,09:23,09:40,0,1
7389,3,2224,25/12/2025,09:47,10:09,0,2
7390,3,2038,25/12/2025,10:15,10:29,0,3
7391,3,2034,25/12/2025,10:36,10:54,0,4
7392,3,1939,25/12/2025,11:05,11:22,0,5
7393,3,2322,25/12/2025,11:34,11:41,0,6
7394,3,1982,27/12/2025,09:36,09:51,0,1
7395,3,2054,27/12/2025,09:59,10:15,0,2
7396,3,2224,27/12/2025,10:22,10:44,0,3
7397,3,1950,27/12/2025,10:53,11:14,0,4
7398,3,2338,27/12/2025,11:21,11:35,0,5
7399,3,2211,27/12/2025,11:40,11:56,0,6
7400,3,1967,28/12/2025,09:09,09:20,0,1
7401,3,2325,28/12/2025,09:25,09:51,0,2
7402,3,1916,28/12/2025,09:55,,0,3
7403,3,1950,28/12/2025,10:27,10:51,0,4
7404,3,2109,28/12/2025,11:04,11:17,0,5
7405,3,2320,28/12/2025,11:24,,0,6
7406,3,1932,28/12/2025,11:41,11:49,0,7
7407,3,2295,28/12/2025,11:59,12:12,0,8
7408,3,2016,29/12/2025,09:23,09:43,0,1
7409,3,2064,29/12/2025,09:49,09:56,0,2
7410,3,1963,29/12/2025,10:04,10:40,0,3
7411,3,2030,29/12/2025,10:49,10:56,0,4
7412,3,1899,29/12/2025,11:03,11:31,0,5
7413,3,2093,29/12/2025,11:43,11:50,0,6
7414,3,2108,29/12/2025,12:01,12:17,0,7
7415,3,2245,29/12/2025,12:21,12:36,0,8
7416,3,1949,29/12/2025,12:43,13:14,0,9
7417,3,2146,29/12/2025,13:19,13:34,0,10
7418,3,1956,29/12/2025,13:39,13:54,0,11
7419,3,1891,30/12/2025,09:13,09:34,0,1
7420,3,2170,30/12/2025,09:38,09:56,0,2
7421,3,2034,30/12/2025,10:03,10:16,0,3
7422,3,2801,30/12/2025,10:25,10:46,0,4
7423,3,1947,30/12/2025,10:53,11:06,0,5
7424,3,2288,30/12/2025,11:14,11:42,0,6
7425,3,2071,31/12/2025,09:33,09:41,0,1
7426,3,2213,31/12/2025,09:51,10:20,0,2
7427,3,1990,31/12/2025,10:24,10:54,0,3
7428,3,2042,31/12/2025,11:03,11:14,0,4
7429,3,2129,31/12/2025,11:23,11:30,0,5
7430,3,2234,31/12/2025,11:37,12:00,0,6
7431,3,2105,31/12/2025,12:12,12:39,0,7
7432,3,1992,31/12/2025,12:43,13:08,0,8
7433,3,2202,31/12/2025,13:17,13:26,0,9
7434,3,1952,01/01/2026,09:14,09:24,0,1
7435,3,2230,01/01/2026,09:31,09:55,0,2
7436,3,1900,01/01/2026,10:04,10:22,0,3
7437,3,2248,01/01/2026,10:26,10:38,0,4
7438,3,1890,01/01/2026,10:43,10:56,0,5
7439,3,2100,01/01/2026,11:04,,0,6
7440,3,2091,01/01/2026,11:34,11:46,0,7
7441,3,2328,01/01/2026,11:50,12:03,0,8
7442,3,2140,01/01/2026,12:11,12:33,0,9
7443,3,2103,03/01/2026,09:19,09:52,0,1
7444,3,2209,03/01/2026,10:00,10:22,0,2
7445,3,2056,03/01/2026,10:31,10:42,0,3
7446,3,2213,03/01/2026,10:48,11:07,0,4
7447,3,2238,03/01/2026,11:11,11:20,0,5
7448,3,2001,03/01/2026,11:26,11:37,0,6
7449,3,2017,03/01/2026,11:41,,0,7
7450,3,2048,03/01/2026,12:03,,0,8
7451,3,2171,03/01/2026,12:24,12:54,0,9
7452,3,2204,04/01/2026,09:28,09:51,0,1
7453,3,2186,04/01/2026,10:00,10:07,0,2
7454,3,2019,04/01/2026,10:21,,1,3
7455,3,1987,04/01/2026,10:51,10:59,0,4
7456,3,2327,04/01/2026,11:03,11:13,0,5
7457,3,2214,04/01/2026,11:20,11:47,0,6
7458,3,2210,04/01/2026,11:52,12:10,0,7
7459,3,1912,04/01/2026,12:14,12:25,0,8
7460,3,2190,04/01/2026,12:36,12:51,0,9
7461,3,2318,04/01/2026,13:01,13:11,0,10
7462,3,2189,04/01/2026,13:17,13:45,0,11
7463,3,1991,05/01/2026,09:21,09:39,0,1
7464,3,2171,05/01/2026,09:46,10:17,0,2
7465,3,1982,05/01/2026,10:21,10:33,0,3
7466,3,2155,05/01/2026,10:41,10:57,0,4
7467,3,2166,05/01/2026,11:01,11:11,0,5
7468,3,2082,05/01/2026,11:18,11:27,0,6
7469,3,1941,05/01/2026,11:31,11:42,0,7
7470,3,2151,05/01/2026,11:46,12:00,0,8
7471,3,2126,05/01/2026,12:12,12:19,0,9
7472,3,2027,05/01/2026,12:28,12:41,0,10
7473,3,2320,06/01/2026,09:10,09:25,0,1
7474,3,2274,06/01/2026,09:31,09:51,0,2
7475,3,1904,06/01/2026,09:56,,0,3
7476,3,2336,06/01/2026,10:15,10:34,0,4
7477,3,2190,06/01/2026,10:41,10:59,0,5
7478,3,2178,06/01/2026,11:04,11:29,0,6
7479,3,2163,06/01/2026,11:33,11:55,0,7
7480,3,2099,06/01/2026,12:00,12:18,0,8
7481,3,2100,07/01/2026,09:20,09:37,0,1
7482,3,2306,07/01/2026,09:41,09:56,0,2
7483,3,2319,07/01/2026,10:03,10:13,0,3
7484,3,2285,07/01/2026,10:19,10:31,0,4
7485,3,2104,07/01/2026,10:35,,0,5
7486,3,2251,07/01/2026,10:47,11:09,0,6
7487,3,2155,07/01/2026,11:15,11:29,0,7
7488,3,2133,07/01/2026,11:36,11:55,0,8
7489,3,1998,08/01/2026,09:14,09:23,0,1
7490,3,2251,08/01/2026,09:27,09:40,0,2
7491,3,2023,08/01/2026,09:44,09:51,0,3
7492,3,2156,08/01/2026,10:03,10:23,0,4
7493,3,1938,08/01/2026,10:27,10:43,0,5
7494,3,2242,08/01/2026,10:48,,0,6
7495,3,1951,08/01/2026,11:28,11:56,0,7
7496,3,2012,08/01/2026,12:00,12:23,0,8
7497,3,2167,10/01/2026,09:22,09:41,0,1
7498,3,2821,10/01/2026,09:46,09:59,0,2
7499,3,1898,10/01/2026,10:05,10:23,0,3
7500,3,2299,10/01/2026,10:27,10:53,0,4
7501,3,2328,10/01/2026,11:02,,0,5
7502,3,2131,10/01/2026,11:17,11:33,0,6
7503,3,2244,10/01/2026,11:40,11:50,0,7
7504,3,1922,11/01/2026,09:10,09:21,0,1
7505,3,2316,11/01/2026,09:28,09:48,0,2
7506,3,1894,11/01/2026,09:53,10:00,0,3
7507,3,2267,11/01/2026,10:11,10:27,0,4
7508,3,2138,11/01/2026,10:31,10:48,0,5
7509,3,2016,11/01/2026,10:58,11:08,0,6
7510,3,2298,11/01/2026,11:14,11:21,0,7
7511,3,1938,11/01/2026,11:33,11:49,0,8
7512,3,2210,12/01/2026,09:30,09:46,0,1
7513,3,2097,12/01/2026,09:57,10:16,0,2
7514,3,2182,12/01/2026,10:20,10:41,0,3
7515,3,2186,12/01/2026,10:46,11:15,0,4
7516,3,1967,12/01/2026,11:25,11:34,0,5
7517,3,2097,12/01/2026,11:38,11:46,0,6
7518,3,2226,12/01/2026,11:51,12:09,0,7
7519,3,2029,12/01/2026,12:15,12:32,0,8
7520,3,2015,12/01/2026,12:36,12:51,0,9
7521,3,2098,12/01/2026,12:55,,0,10
7522,3,2022,12/01/2026,13:12,13:30,0,11
7523,3,2195,13/01/2026,09:19,09:34,0,1
7524,3,2248,13/01/2026,09:39,09:46,0,2
7525,3,2087,13/01/2026,09:53,10:15,0,3
7526,3,2238,13/01/2026,10:19,10:33,0,4
7527,3,2058,13/01/2026,10:42,10:55,0,5
7528,3,2052,13/01/2026,11:02,11:24,0,6
7529,3,2189,13/01/2026,11:28,11:38,0,7
7530,3,2269,13/01/2026,11:45,12:08,0,8
7531,3,2122,13/01/2026,12:12,12:39,0,9
7532,3,2204,13/01/2026,12:49,12:58,0,10
7533,3,1904,14/01/2026,09:16,09:23,0,1
7534,3,1938,14/01/2026,09:28,09:56,0,2
7535,3,2266,14/01/2026,10:01,10:20,0,3
7536,3,2294,14/01/2026,10:29,10:52,0,4
7537,3,2311,14/01/2026,10:56,11:11,0,5
7538,3,2334,14/01/2026,11:18,11:33,0,6
7539,3,2003,14/01/2026,11:47,12:10,0,7
7540,3,2205,14/01/2026,12:15,12:37,0,8
7541,3,2816,14/01/2026,12:43,13:08,0,9
7542,3,1898,14/01/2026,13:18,13:25,0,10
7543,3,1914,14/01/2026,13:36,13:54,0,11
7544,3,2056,15/01/2026,09:04,09:13,0,1
7545,3,2026,15/01/2026,09:21,09:47,0,2
7546,3,2135,15/01/2026,09:54,10:01,0,3
7547,3,1897,15/01/2026,10:05,10:28,0,4
7548,3,2195,15/01/2026,10:34,10:49,0,5
7549,3,2116,15/01/2026,10:54,11:16,0,6
7550,3,1937,15/01/2026,11:22,11:33,0,7
7551,3,2293,17/01/2026,09:30,09:49,0,1
7552,3,2091,17/01/2026,09:57,,0,2
7553,3,2051,17/01/2026,10:16,10:37,0,3
7554,3,1915,17/01/2026,10:43,11:08,0,4
7555,3,2255,17/01/2026,11:12,11:30,0,5
7556,3,2069,17/01/2026,11:34,11:46,0,6
7557,3,2126,17/01/2026,11:50,12:00,0,7
7558,3,2275,18/01/2026,09:24,09:50,0,1
7559,3,2240,18/01/2026,09:54,10:21,0,2
7560,3,2139,18/01/2026,10:27,10:34,0,3
7561,3,2324,18/01/2026,10:43,11:04,0,4
7562,3,1983,18/01/2026,11:18,11:34,0,5
7563,3,2319,18/01/2026,11:40,11:57,0,6
7564,3,2103,18/01/2026,12:03,12:10,0,7
7565,3,2131,18/01/2026,12:20,12:42,0,8
7566,3,2287,19/01/2026,09:24,09:42,0,1
7567,3,2110,19/01/2026,09:48,10:14,0,2
7568,3,1897,19/01/2026,10:18,10:42,0,3
7569,3,1955,19/01/2026,10:46,11:14,0,4
7570,3,2262,19/01/2026,11:18,11:38,0,5
7571,3,1930,19/01/2026,11:43,,0,6
7572,3,2017,19/01/2026,12:02,12:23,0,7
7573,3,2324,20/01/2026,09:06,09:20,0,1
7574,3,1949,20/01/2026,09:29,09:44,0,2
7575,3,2201,20/01/2026,09:48,10:08,0,3
7576,3,2339,20/01/2026,10:14,10:25,0,4
7577,3,1971,20/01/2026,10:38,11:01,0,5
7578,3,1949,20/01/2026,11:10,11:17,0,6
7579,3,2146,20/01/2026,11:23,11:37,0,7
7580,3,2152,20/01/2026,11:45,12:13,0,8
7581,3,2339,21/01/2026,09:29,09:42,0,1
7582,3,1929,21/01/2026,09:51,10:01,0,2
7583,3,2259,21/01/2026,10:07,10:22,0,3
7584,3,2314,21/01/2026,10:26,10:35,0,4
7585,3,2084,21/01/2026,10:44,10:57,0,5
7586,3,2248,21/01/2026,11:05,11:12,0,6
7587,3,2097,21/01/2026,11:19,11:39,0,7
7588,3,2125,21/01/2026,11:47,12:07,0,8
7589,3,2216,21/01/2026,12:15,12:35,0,9
7590,3,2142,21/01/2026,12:39,12:46,0,10
7591,3,1914,22/01/2026,09:14,09:21,0,1
7592,3,2262,22/01/2026,09:27,09:41,0,2
7593,3,2075,22/01/2026,09:49,10:07,0,3
7594,3,1893,22/01/2026,10:15,10:22,0,4
7595,3,2109,22/01/2026,10:29,10:40,0,5
7596,3,2007,22/01/2026,10:44,11:06,0,6
7597,3,2275,22/01/2026,11:15,11:32,0,7
7598,3,2177,22/01/2026,11:36,12:01,0,8
7599,3,1957,24/01/2026,09:27,,1,1
7600,3,1983,24/01/2026,09:39,09:54,0,2
7601,3,2227,24/01/2026,09:58,10:05,0,3
7602,3,2144,24/01/2026,10:09,10:25,0,4
7603,3,2197,24/01/2026,10:30,10:53,0,5
7604,3,2185,24/01/2026,10:58,11:12,0,6
7605,3,1902,24/01/2026,11:25,11:48,0,7
7606,3,2222,25/01/2026,09:17,09:38,0,1
7607,3,2162,25/01/2026,09:44,09:58,0,2
7608,3,2145,25/01/2026,10:04,10:15,0,3
7609,3,1994,25/01/2026,10:19,10:35,0,4
7610,3,1932,25/01/2026,10:41,11:02,0,5
7611,3,2311,25/01/2026,11:10,11:30,0,6
7612,3,1924,25/01/2026,11:34,11:58,0,7
7613,3,1915,25/01/2026,12:07,12:24,0,8
7614,3,2210,26/01/2026,09:21,09:40,0,1
7615,3,2330,26/01/2026,09:47,10:00,0,2
7616,3,2056,26/01/2026,10:14,10:22,0,3
7617,3,2141,26/01/2026,10:33,10:40,0,4
7618,3,1961,26/01/2026,10:49,11:08,0,5
7619,3,2255,26/01/2026,11:12,11:36,0,6
7620,3,2330,26/01/2026,11:45,11:52,0,7
7621,3,1924,26/01/2026,12:00,12:16,0,8
7622,3,2308,26/01/2026,12:23,12:41,0,9
7623,3,1956,27/01/2026,09:35,09:57,0,1
7624,3,2160,27/01/2026,10:06,10:35,0,2
7625,3,1993,27/01/2026,10:39,10:54,0,3
7626,3,1947,27/01/2026,11:07,,0,4
7627,3,2158,27/01/2026,11:29,11:50,0,5
7628,3,1915,27/01/2026,11:54,12:12,0,6
7629,3,2321,27/01/2026,12:22,12:38,0,7
7630,3,2236,27/01/2026,12:44,13:09,0,8
7631,3,2274,27/01/2026,13:16,13:23,0,9
7632,3,1942,28/01/2026,09:28,09:43,0,1
7633,3,2078,28/01/2026,09:48,10:00,0,2
7634,3,2184,28/01/2026,10:05,10:19,0,3
7635,3,2039,28/01/2026,10:23,10:40,0,4
7636,3,2288,28/01/2026,10:48,11:08,0,5
7637,3,2248,28/01/2026,11:12,11:19,0,6
7638,3,2209,28/01/2026,11:26,11:51,0,7
7639,3,2056,28/01/2026,11:57,12:04,0,8
7640,3,2216,28/01/2026,12:16,,0,9
7641,3,2064,28/01/2026,12:33,,0,10
7642,3,1898,29/01/2026,09:28,09:43,0,1
7643,3,2186,29/01/2026,09:52,10:08,0,2
7644,3,2003,29/01/2026,10:19,10:29,0,3
7645,3,1991,29/01/2026,10:34,,0,4
7646,3,2094,29/01/2026,11:04,11:15,0,5
7647,3,2216,29/01/2026,11:19,11:49,0,6
7648,3,2098,29/01/2026,11:54,12:01,0,7
7649,3,2077,29/01/2026,12:08,12:32,0,8
7650,3,2099,29/01/2026,12:38,13:00,0,9
7651,3,1975,29/01/2026,13:07,13:16,0,10
7652,3,2285,29/01/2026,13:26,13:38,0,11
7653,3,1996,31/01/2026,09:35,10:01,0,1
7654,3,2160,31/01/2026,10:08,10:26,0,2
7655,3,2208,31/01/2026,10:31,10:48,0,3
7656,3,2210,31/01/2026,10:52,11:07,0,4
7657,3,2243,31/01/2026,11:15,11:31,0,5
7658,3,2128,31/01/2026,11:36,,0,6
7659,3,2186,31/01/2026,12:11,12:35,0,7
7660,3,2336,31/01/2026,12:42,13:05,0,8
7661,3,1993,31/01/2026,13:09,13:24,0,9
7662,3,2001,31/01/2026,13:32,13:39,0,10
7663,3,1981,31/01/2026,13:43,14:00,0,11
7664,3,1975,01/02/2026,09:26,,0,1
7665,3,1988,01/02/2026,09:42,09:59,0,2
7666,3,2289,01/02/2026,10:05,10:31,0,3
7667,3,2279,01/02/2026,10:42,10:59,0,4
7668,3,2320,01/02/2026,11:04,11:21,0,5
7669,3,1990,01/02/2026,11:27,11:41,0,6
7670,3,2279,01/02/2026,11:45,12:03,0,7
7671,3,2128,01/02/2026,12:11,12:18,0,8
7672,3,1912,01/02/2026,12:26,12:33,0,9
7673,3,2047,01/02/2026,12:38,,0,10
7674,3,2069,01/02/2026,13:13,13:28,0,11
7675,3,2024,02/02/2026,09:29,09:52,0,1
7676,3,2125,02/02/2026,09:56,10:07,0,2
7677,3,2306,02/02/2026,10:16,10:25,0,3
7678,3,1992,02/02/2026,10:29,10:38,0,4
7679,3,2034,02/02/2026,10:42,10:54,0,5
7680,3,2283,02/02/2026,11:03,11:20,0,6
7681,3,1976,02/02/2026,11:24,11:35,0,7
7682,3,1948,03/02/2026,09:05,09:23,0,1
7683,3,2012,03/02/2026,09:29,09:54,0,2
7684,3,2167,03/02/2026,10:04,10:14,0,3
7685,3,2119,03/02/2026,10:21,10:29,0,4
7686,3,2115,03/02/2026,10:33,10:49,0,5
7687,3,1951,03/02/2026,11:01,11:21,0,6
7688,3,2304,03/02/2026,11:26,11:56,0,7
7689,3,2033,03/02/2026,12:04,12:11,0,8
7690,3,2152,03/02/2026,12:24,12:45,0,9
7691,3,2821,03/02/2026,12:53,13:09,0,10
7692,3,2130,03/02/2026,13:19,13:40,0,11
7693,3,2177,04/02/2026,09:29,09:42,0,1
7694,3,2094,04/02/2026,09:46,09:53,0,2
7695,3,2320,04/02/2026,10:05,,0,3
7696,3,1957,04/02/2026,10:28,10:36,0,4
7697,3,2173,04/02/2026,10:50,11:15,0,5
7698,3,1981,04/02/2026,11:23,11:42,0,6
7699,3,2194,05/02/2026,09:26,09:36,0,1
7700,3,2248,05/02/2026,09:43,09:52,0,2
7701,3,2056,05/02/2026,10:04,10:21,0,3
7702,3,2246,05/02/2026,10:27,10:41,0,4
7703,3,1892,05/02/2026,10:50,11:10,0,5
7704,3,2203,05/02/2026,11:19,11:39,0,6
7705,3,1921,05/02/2026,11:48,11:57,0,7
7706,3,2074,07/02/2026,09:15,09:23,0,1
7707,3,2285,07/02/2026,09:27,09:55,0,2
7708,3,2335,07/02/2026,09:59,10:21,0,3
7709,3,2207,07/02/2026,10:30,10:44,0,4
7710,3,1920,07/02/2026,10:52,11:06,0,5
7711,3,2062,07/02/2026,11:16,11:26,0,6
7712,3,2012,07/02/2026,11:32,11:51,0,7
7713,3,2250,07/02/2026,11:56,12:15,0,8
7714,3,2051,07/02/2026,12:22,12:31,0,9
7715,3,2313,07/02/2026,12:37,12:48,0,10
7716,3,2155,07/02/2026,12:57,13:06,0,11
7717,3,2112,08/02/2026,09:22,09:39,0,1
7718,3,2262,08/02/2026,09:47,10:08,0,2
7719,3,2108,08/02/2026,10:17,10:30,0,3
7720,3,1976,08/02/2026,10:38,10:50,0,4
7721,3,2323,08/02/2026,11:00,11:24,0,5
7722,3,2088,08/02/2026,11:28,11:43,0,6
7723,3,2092,09/02/2026,09:20,09:37,0,1
7724,3,2257,09/02/2026,09:46,10:09,0,2
7725,3,2336,09/02/2026,10:16,10:37,0,3
7726,3,2313,09/02/2026,10:41,,0,4
7727,3,2025,09/02/2026,11:02,11:13,0,5
7728,3,2023,09/02/2026,11:24,11:40,0,6
7729,3,2213,09/02/2026,11:48,12:12,0,7
7730,3,2170,09/02/2026,12:16,,0,8
7731,3,2230,10/02/2026,09:18,09:44,0,1
7732,3,2130,10/02/2026,09:56,10:17,0,2
7733,3,2250,10/02/2026,10:21,10:28,0,3
7734,3,2196,10/02/2026,10:34,,0,4
7735,3,2328,10/02/2026,11:02,11:23,0,5
7736,3,2029,10/02/2026,11:29,11:43,0,6
7737,3,2097,10/02/2026,11:47,12:00,0,7
7738,3,2247,11/02/2026,09:32,09:49,0,1
7739,3,2003,11/02/2026,09:53,10:18,0,2
7740,3,2000,11/02/2026,10:26,,1,3
7741,3,2273,11/02/2026,10:57,11:15,0,4
7742,3,1943,11/02/2026,11:23,11:41,0,5
7743,3,1954,11/02/2026,11:48,11:55,0,6
7744,3,2166,11/02/2026,12:05,12:20,0,7
7745,3,2308,11/02/2026,12:27,12:51,0,8
7746,3,2226,11/02/2026,12:55,13:07,0,9
7747,3,2164,12/02/2026,09:18,09:25,0,1
7748,3,2142,12/02/2026,09:33,09:51,0,2
7749,3,2067,12/02/2026,09:55,10:06,0,3
7750,3,1892,12/02/2026,10:13,10:34,0,4
7751,3,1959,12/02/2026,10:40,11:13,0,5
7752,3,2022,12/02/2026,11:23,11:32,0,6
7753,3,2006,12/02/2026,11:42,11:57,0,7
7754,3,2230,12/02/2026,12:01,12:20,0,8
7755,3,2189,12/02/2026,12:24,12:55,0,9
7756,3,1908,12/02/2026,13:07,13:21,0,10
7757,3,2126,14/02/2026,09:29,09:42,0,1
7758,3,2004,14/02/2026,09:51,10:19,0,2
7759,3,2310,14/02/2026,10:25,10:45,0,3
7760,3,2266,14/02/2026,10:52,10:59,0,4
7761,3,2266,14/02/2026,11:04,11:21,0,5
7762,3,2145,14/02/2026,11:28,11:41,0,6
7763,3,2069,14/02/2026,11:48,12:16,0,7
7764,3,2012,15/02/2026,09:14,09:37,0,1
7765,3,2090,15/02/2026,09:43,10:01,0,2
7766,3,2319,15/02/2026,10:05,10:15,0,3
7767,3,2043,15/02/2026,10:21,10:42,0,4
7768,3,2171,15/02/2026,10:52,,0,5
7769,3,2824,15/02/2026,11:13,11:26,0,6
7770,3,2034,15/02/2026,11:31,11:47,0,7
7771,3,2185,15/02/2026,11:51,12:17,0,8
7772,3,2014,15/02/2026,12:24,12:37,0,9
7773,3,2190,15/02/2026,12:41,12:57,0,10
7774,3,2056,15/02/2026,13:03,13:15,0,11
7775,3,2129,16/02/2026,09:11,09:19,0,1
7776,3,2171,16/02/2026,09:29,09:57,0,2
7777,3,2309,16/02/2026,10:01,,0,3
7778,3,2183,16/02/2026,10:21,10:35,0,4
7779,3,2318,16/02/2026,10:44,10:57,0,5
7780,3,1981,16/02/2026,11:06,11:19,0,6
7781,3,2309,16/02/2026,11:26,11:53,0,7
7782,3,2061,17/02/2026,09:23,09:41,0,1
7783,3,2309,17/02/2026,09:50,10:14,0,2
7784,3,2310,17/02/2026,10:21,,1,3
7785,3,2169,17/02/2026,10:52,11:04,0,4
7786,3,1904,17/02/2026,11:09,11:26,0,5
7787,3,1976,17/02/2026,11:33,,0,6
7788,3,2093,17/02/2026,11:59,12:08,0,7
7789,3,2232,17/02/2026,12:12,12:24,0,8
7790,3,2187,17/02/2026,12:30,12:48,0,9
7791,3,2320,17/02/2026,12:52,12:59,0,10
7792,3,2034,17/02/2026,13:04,13:26,0,11
7793,3,2274,18/02/2026,09:22,09:32,0,1
7794,3,2021,18/02/2026,09:39,09:47,0,2
7795,3,1897,18/02/2026,09:52,10:23,0,3
7796,3,2105,18/02/2026,10:27,10:50,0,4
7797,3,2295,18/02/2026,11:01,11:08,0,5
7798,3,2319,18/02/2026,11:16,11:31,0,6
7799,3,2183,19/02/2026,09:17,09:42,0,1
7800,3,2021,19/02/2026,09:48,09:59,0,2
7801,3,2294,19/02/2026,10:05,10:31,0,3
7802,3,2025,19/02/2026,10:36,10:43,0,4
7803,3,2053,19/02/2026,10:54,11:20,0,5
7804,3,2035,19/02/2026,11:29,11:40,0,6
7805,3,2192,19/02/2026,11:45,12:17,0,7
7806,3,2167,21/02/2026,09:30,09:47,0,1
7807,3,2163,21/02/2026,09:56,10:23,0,2
7808,3,2234,21/02/2026,10:29,10:42,0,3
7809,3,2166,21/02/2026,10:49,10:56,0,4
7810,3,2173,21/02/2026,11:00,11:17,0,5
7811,3,2164,21/02/2026,11:24,11:38,0,6
7812,3,2180,22/02/2026,09:13,09:24,0,1
7813,3,1921,22/02/2026,09:28,09:35,0,2
7814,3,2294,22/02/2026,09:46,10:01,0,3
7815,3,2052,22/02/2026,10:11,10:27,0,4
7816,3,2271,22/02/2026,10:35,10:53,0,5
7817,3,2235,22/02/2026,11:00,11:31,0,6
7818,3,2069,22/02/2026,11:38,11:59,0,7
7819,3,2098,22/02/2026,12:07,12:14,0,8
7820,3,2209,22/02/2026,12:20,12:38,0,9
7821,3,1987,23/02/2026,09:12,09:39,0,1
7822,3,1951,23/02/2026,09:46,10:20,0,2
7823,3,2084,23/02/2026,10:24,10:36,0,3
7824,3,2166,23/02/2026,10:40,10:51,0,4
7825,3,2258,23/02/2026,10:55,11:02,0,5
7826,3,2092,23/02/2026,11:08,11:23,0,6
7827,3,2090,23/02/2026,11:27,11:34,0,7
7828,3,2117,23/02/2026,11:40,11:48,0,8
7829,3,2131,23/02/2026,11:55,12:20,0,9
7830,3,2122,24/02/2026,09:12,,1,1
7831,3,2077,24/02/2026,09:40,10:00,0,2
7832,3,1905,24/02/2026,10:11,10:24,0,3
7833,3,2338,24/02/2026,10:28,10:49,0,4
7834,3,2235,24/02/2026,10:54,11:11,0,5
7835,3,2038,24/02/2026,11:22,11:49,0,6
7836,3,2249,24/02/2026,11:56,12:03,0,7
7837,3,2022,25/02/2026,09:14,09:30,0,1
7838,3,2194,25/02/2026,09:37,,0,2
7839,3,2298,25/02/2026,10:05,10:12,0,3
7840,3,2137,25/02/2026,10:19,10:27,0,4
7841,3,2083,25/02/2026,10:33,10:55,0,5
7842,3,2056,25/02/2026,11:01,11:08,0,6
7843,3,2299,25/02/2026,11:16,11:26,0,7
7844,3,2109,26/02/2026,09:34,09:53,0,1
7845,3,1943,26/02/2026,09:57,10:14,0,2
7846,3,2045,26/02/2026,10:18,10:25,0,3
7847,3,2247,26/02/2026,10:29,10:52,0,4
7848,3,2027,26/02/2026,10:59,11:11,0,5
7849,3,1973,26/02/2026,11:15,,0,6
7850,3,2084,28/02/2026,09:21,09:28,0,1
7851,3,2056,28/02/2026,09:41,09:49,0,2
7852,3,2044,28/02/2026,09:57,,1,3
7853,3,2004,28/02/2026,10:12,10:32,0,4
7854,3,1973,28/02/2026,10:42,10:49,0,5
7855,3,2327,28/02/2026,10:53,11:06,0,6
7856,3,2824,28/02/2026,11:13,11:30,0,7
7857,3,1941,28/02/2026,11:34,11:42,0,8
7858,3,2025,28/02/2026,11:47,11:55,0,9
7859,3,2163,28/02/2026,12:03,12:12,0,10
7860,3,2334,01/03/2026,09:30,09:37,0,1
7861,3,2325,01/03/2026,09:43,10:10,0,2
7862,3,2056,01/03/2026,10:18,10:25,0,3
7863,3,2226,01/03/2026,10:29,10:55,0,4
7864,3,2816,01/03/2026,10:59,11:11,0,5
7865,3,2319,01/03/2026,11:23,11:37,0,6
7866,3,2141,01/03/2026,11:43,11:57,0,7
7867,3,1917,01/03/2026,12:03,12:21,0,8
7868,3,2257,01/03/2026,12:27,12:37,0,9
7869,3,2162,02/03/2026,09:26,09:37,0,1
7870,3,1948,02/03/2026,09:47,09:54,0,2
7871,3,2201,02/03/2026,10:00,10:26,0,3
7872,3,2236,02/03/2026,10:32,11:00,0,4
7873,3,1899,02/03/2026,11:09,11:27,0,5
7874,3,2148,02/03/2026,11:35,11:55,0,6
7875,3,2315,02/03/2026,11:59,12:06,0,7
7876,3,1926,02/03/2026,12:14,12:36,0,8
7877,3,1942,02/03/2026,12:43,12:53,0,9
7878,3,1962,02/03/2026,13:02,13:34,0,10
7879,3,2017,03/03/2026,09:37,09:55,0,1
7880,3,2163,03/03/2026,10:01,10:17,0,2
7881,3,2290,03/03/2026,10:22,10:37,0,3
7882,3,2073,03/03/2026,10:50,11:10,0,4
7883,3,1982,03/03/2026,11:14,11:21,0,5
7884,3,2138,03/03/2026,11:33,11:40,0,6
7885,3,2305,03/03/2026,11:48,,0,7
7886,3,1929,04/03/2026,09:07,09:21,0,1
7887,3,2039,04/03/2026,09:28,09:52,0,2
7888,3,2222,04/03/2026,09:59,10:16,0,3
7889,3,2130,04/03/2026,10:24,10:41,0,4
7890,3,1952,04/03/2026,10:49,10:59,0,5
7891,3,2108,04/03/2026,11:08,11:28,0,6
7892,3,2044,04/03/2026,11:36,12:03,0,7
7893,3,2171,04/03/2026,12:13,12:30,0,8
7894,3,2179,04/03/2026,12:37,12:47,0,9
7895,3,2115,04/03/2026,12:51,,0,10
7896,3,2147,05/03/2026,09:08,09:20,0,1
7897,3,2290,05/03/2026,09:28,09:46,0,2
7898,3,1959,05/03/2026,09:54,10:08,0,3
7899,3,1935,05/03/2026,10:15,10:28,0,4
7900,3,2011,05/03/2026,10:32,10:43,0,5
7901,3,2033,05/03/2026,10:54,11:02,0,6
7902,3,2334,05/03/2026,11:09,11:18,0,7
7903,3,2145,07/03/2026,09:31,09:42,0,1
7904,3,2140,07/03/2026,09:51,10:00,0,2
7905,3,2188,07/03/2026,10:12,10:34,0,3
7906,3,1922,07/03/2026,10:38,11:00,0,4
7907,3,2171,07/03/2026,11:04,11:26,0,5
7908,3,2195,07/03/2026,11:32,11:48,0,6
7909,3,2273,07/03/2026,11:53,12:07,0,7
7910,3,2155,08/03/2026,09:22,09:42,0,1
7911,3,2315,08/03/2026,09:50,09:57,0,2
7912,3,2051,08/03/2026,10:05,10:23,0,3
7913,3,2230,08/03/2026,10:32,10:55,0,4
7914,3,1998,08/03/2026,11:02,11:14,0,5
7915,3,2001,08/03/2026,11:25,11:39,0,6
7916,3,2015,08/03/2026,11:43,12:14,0,7
7917,3,1977,08/03/2026,12:23,12:45,0,8
7918,3,2076,08/03/2026,12:55,13:06,0,9
7919,3,2000,08/03/2026,13:11,13:33,0,10
7920,3,2074,08/03/2026,13:41,14:02,0,11
7921,3,2193,09/03/2026,09:26,09:35,0,1
7922,3,2336,09/03/2026,09:41,09:50,0,2
7923,3,2205,09/03/2026,09:56,10:12,0,3
7924,3,2288,09/03/2026,10:16,10:33,0,4
7925,3,1953,09/03/2026,10:41,,1,5
7926,3,1966,09/03/2026,11:12,11:30,0,6
7927,3,2275,09/03/2026,11:35,12:00,0,7
7928,3,2182,09/03/2026,12:07,12:26,0,8
7929,3,2061,09/03/2026,12:36,12:57,0,9
7930,3,2820,10/03/2026,09:11,,0,1
7931,3,2045,10/03/2026,09:32,09:44,0,2
7932,3,2154,10/03/2026,09:51,10:15,0,3
7933,3,1935,10/03/2026,10:22,10:33,0,4
7934,3,2309,10/03/2026,10:42,11:01,0,5
7935,3,1945,10/03/2026,11:05,11:13,0,6
7936,3,1906,10/03/2026,11:28,11:48,0,7
7937,3,1891,11/03/2026,09:18,09:42,0,1
7938,3,2194,11/03/2026,09:52,10:08,0,2
7939,3,2821,11/03/2026,10:12,10:33,0,3
7940,3,2136,11/03/2026,10:44,10:52,0,4
7941,3,2299,11/03/2026,10:56,,0,5
7942,3,2067,11/03/2026,11:08,11:23,0,6
7943,3,2101,11/03/2026,11:28,11:36,0,7
7944,3,2132,11/03/2026,11:43,11:59,0,8
7945,3,1995,11/03/2026,12:10,12:19,0,9
7946,3,2311,11/03/2026,12:24,12:56,0,10
7947,3,2027,11/03/2026,13:04,13:15,0,11
7948,3,1961,12/03/2026,09:10,,0,1
7949,3,2137,12/03/2026,09:30,09:49,0,2
7950,3,2038,12/03/2026,09:55,10:30,0,3
7951,3,1997,12/03/2026,10:36,10:50,0,4
7952,3,1910,12/03/2026,10:58,11:11,0,5
7953,3,2279,12/03/2026,11:19,11:40,0,6
7954,3,1922,12/03/2026,11:48,12:03,0,7
7955,3,2178,12/03/2026,12:11,12:29,0,8
7956,3,2318,12/03/2026,12:33,12:40,0,9
7957,3,2327,14/03/2026,09:14,09:23,0,1
7958,3,1954,14/03/2026,09:29,09:39,0,2
7959,3,1964,14/03/2026,09:46,09:53,0,3
7960,3,2325,14/03/2026,10:06,10:28,0,4
7961,3,1982,14/03/2026,10:34,10:44,0,5
7962,3,2325,14/03/2026,10:52,11:06,0,6
7963,3,2102,14/03/2026,11:10,11:17,0,7
7964,3,2123,14/03/2026,11:25,11:49,0,8
7965,3,2319,14/03/2026,12:03,12:11,0,9
7966,3,1891,14/03/2026,12:20,12:33,0,10
7967,3,2039,15/03/2026,09:28,09:42,0,1
7968,3,2031,15/03/2026,09:56,10:12,0,2
7969,3,2284,15/03/2026,10:16,10:37,0,3
7970,3,2305,15/03/2026,10:43,10:50,0,4
7971,3,1910,15/03/2026,11:04,11:16,0,5
7972,3,2171,15/03/2026,11:20,11:40,0,6
7973,3,2029,15/03/2026,11:45,11:52,0,7
7974,3,1967,15/03/2026,11:56,12:08,0,8
7975,3,2083,15/03/2026,12:14,12:40,0,9
7976,3,2006,15/03/2026,12:46,13:04,0,10
7977,3,2264,15/03/2026,13:10,13:25,0,11
7978,3,2259,16/03/2026,09:28,09:53,0,1
7979,3,2030,16/03/2026,09:59,10:24,0,2
7980,3,2105,16/03/2026,10:30,10:46,0,3
7981,3,1983,16/03/2026,10:56,11:03,0,4
7982,3,2243,16/03/2026,11:11,11:18,0,5
7983,3,2143,16/03/2026,11:27,11:39,0,6
7984,3,2202,16/03/2026,11:45,11:52,0,7
7985,3,2172,16/03/2026,12:01,12:28,0,8
7986,3,2188,17/03/2026,09:28,09:51,0,1
7987,3,2086,17/03/2026,09:58,10:09,0,2
7988,3,2086,17/03/2026,10:14,10:37,0,3
7989,3,2308,17/03/2026,10:48,11:00,0,4
7990,3,2117,17/03/2026,11:04,11:25,0,5
7991,3,1932,17/03/2026,11:31,11:38,0,6
7992,3,2269,17/03/2026,11:46,11:56,0,7
7993,3,2228,18/03/2026,09:30,09:37,0,1
7994,3,1945,18/03/2026,09:45,09:58,0,2
7995,3,2044,18/03/2026,10:06,10:19,0,3
7996,3,2277,18/03/2026,10:25,10:43,0,4
7997,3,2307,18/03/2026,10:54,11:08,0,5
7998,3,2250,18/03/2026,11:12,11:31,0,6
7999,3,2235,18/03/2026,11:35,11:42,0,7
8000,3,2327,18/03/2026,11:50,12:11,0,8
8001,3,2336,19/03/2026,09:16,09:28,0,1
8002,3,2272,19/03/2026,09:35,09:53,0,2
8003,3,2304,19/03/2026,10:01,10:24,0,3
8004,3,1991,19/03/2026,10:32,,1,4
8005,3,2000,19/03/2026,10:55,11:14,0,5
8006,3,1926,19/03/2026,11:21,,0,6
8007,3,2196,19/03/2026,11:37,11:51,0,7
8008,3,2142,19/03/2026,11:59,12:13,0,8
8009,3,1962,19/03/2026,12:18,12:38,0,9
8010,3,2092,21/03/2026,09:10,09:28,0,1
8011,3,2246,21/03/2026,09:36,09:54,0,2
8012,3,2244,21/03/2026,10:03,10:17,0,3
8013,3,1993,21/03/2026,10:21,10:31,0,4
8014,3,1963,21/03/2026,10:35,11:00,0,5
8015,3,2085,21/03/2026,11:05,11:14,0,6
8016,3,2074,21/03/2026,11:22,11:29,0,7
8017,3,2158,21/03/2026,11:33,11:45,0,8
8018,3,2201,21/03/2026,11:56,,1,9
8019,3,1949,21/03/2026,12:09,12:27,0,10
8020,3,2286,22/03/2026,09:13,09:24,0,1
8021,3,2272,22/03/2026,09:32,09:41,0,2
8022,3,2167,22/03/2026,09:52,10:15,0,3
8023,3,1932,22/03/2026,10:22,10:31,0,4
8024,3,2144,22/03/2026,10:35,10:55,0,5
8025,3,2092,22/03/2026,11:07,11:26,0,6
8026,3,2131,22/03/2026,11:30,11:50,0,7
8027,3,1951,22/03/2026,11:54,12:13,0,8
8028,3,2100,22/03/2026,12:23,12:49,0,9
8029,3,2139,22/03/2026,13:01,13:13,0,10
8030,3,2078,22/03/2026,13:17,13:38,0,11
8031,3,2275,23/03/2026,09:21,09:36,0,1
8032,3,2335,23/03/2026,09:40,09:58,0,2
8033,3,2027,23/03/2026,10:03,10:10,0,3
8034,3,2289,23/03/2026,10:19,10:42,0,4
8035,3,2294,23/03/2026,10:55,11:16,0,5
8036,3,2243,23/03/2026,11:21,11:49,0,6
8037,3,2178,23/03/2026,11:57,12:04,0,7
8038,3,2297,24/03/2026,09:10,09:19,0,1
8039,3,2282,24/03/2026,09:23,09:32,0,2
8040,3,2251,24/03/2026,09:41,10:01,0,3
8041,3,2030,24/03/2026,10:06,10:13,0,4
8042,3,1990,24/03/2026,10:21,10:36,0,5
8043,3,1995,24/03/2026,10:45,11:05,0,6
8044,3,1957,24/03/2026,11:12,,0,7
8045,3,2061,24/03/2026,11:32,11:47,0,8
8046,3,2283,24/03/2026,11:54,12:16,0,9
8047,3,2129,24/03/2026,12:26,12:40,0,10
8048,3,2292,24/03/2026,12:47,13:11,0,11
8049,3,2154,25/03/2026,09:15,09:39,0,1
8050,3,2059,25/03/2026,09:43,09:50,0,2
8051,3,2023,25/03/2026,09:55,10:02,0,3
8052,3,2169,25/03/2026,10:11,10:27,0,4
8053,3,2283,25/03/2026,10:31,10:48,0,5
8054,3,2319,25/03/2026,10:55,11:09,0,6
8055,3,2313,25/03/2026,11:14,11:32,0,7
8056,3,2077,26/03/2026,09:26,09:40,0,1
8057,3,2086,26/03/2026,09:45,09:52,0,2
8058,3,1948,26/03/2026,10:04,10:12,0,3
8059,3,1907,26/03/2026,10:20,10:46,0,4
8060,3,2077,26/03/2026,10:50,10:57,0,5
8061,3,1962,26/03/2026,11:01,11:24,0,6
8062,3,1902,26/03/2026,11:29,11:42,0,7
8063,3,1949,28/03/2026,09:26,09:52,0,1
8064,3,1976,28/03/2026,09:59,,0,2
8065,3,1950,28/03/2026,10:26,10:44,0,3
8066,3,2101,28/03/2026,10:48,11:16,0,4
8067,3,2222,28/03/2026,11:26,11:34,0,5
8068,3,2138,28/03/2026,11:38,11:50,0,6
8069,3,2007,28/03/2026,11:59,12:27,0,7
8070,3,2196,28/03/2026,12:33,12:51,0,8
8071,3,2295,28/03/2026,12:55,13:16,0,9
8072,3,2184,28/03/2026,13:24,13:32,0,10
8073,3,2042,28/03/2026,13:38,14:02,0,11
8074,3,1924,29/03/2026,09:17,,0,1
8075,3,2201,29/03/2026,09:34,09:49,0,2
8076,3,2077,29/03/2026,09:53,10:04,0,3
8077,3,2068,29/03/2026,10:08,10:22,0,4
8078,3,1955,29/03/2026,10:28,10:39,0,5
8079,3,2133,29/03/2026,10:44,11:14,0,6
8080,3,1932,29/03/2026,11:18,11:31,0,7
8081,3,1988,30/03/2026,09:31,09:48,0,1
8082,3,2075,30/03/2026,10:00,10:25,0,2
8083,3,2141,30/03/2026,10:31,10:38,0,3
8084,3,2244,30/03/2026,10:45,10:58,0,4
8085,3,2031,30/03/2026,11:06,11:34,0,5
8086,3,2232,30/03/2026,11:40,11:54,0,6
8087,3,2259,30/03/2026,11:59,12:13,0,7
8088,3,2039,30/03/2026,12:21,12:29,0,8
8089,3,2132,30/03/2026,12:38,12:54,0,9
8090,3,2274,31/03/2026,09:28,09:39,0,1
8091,3,1961,31/03/2026,09:48,10:18,0,2
8092,3,2264,31/03/2026,10:24,10:45,0,3
8093,3,1911,31/03/2026,10:56,11:09,0,4
8094,3,2141,31/03/2026,11:17,11:31,0,5
8095,3,2071,31/03/2026,11:39,11:55,0,6
8096,3,2323,31/03/2026,12:04,12:27,0,7
8097,3,2009,31/03/2026,12:35,12:51,0,8
8098,3,2123,01/04/2026,09:25,09:53,0,1
8099,3,2141,01/04/2026,09:57,10:08,0,2
8100,3,2099,01/04/2026,10:13,10:21,0,3
8101,3,1950,01/04/2026,10:25,10:42,0,4
8102,3,2274,01/04/2026,10:50,10:57,0,5
8103,3,2203,01/04/2026,11:02,11:24,0,6
8104,3,2821,01/04/2026,11:35,11:54,0,7
8105,3,2338,01/04/2026,12:00,12:16,0,8
8106,3,2019,02/04/2026,09:31,09:53,0,1
8107,3,1894,02/04/2026,09:57,,0,2
8108,3,1925,02/04/2026,10:30,10:49,0,3
8109,3,2143,02/04/2026,10:55,11:02,0,4
8110,3,2264,02/04/2026,11:09,,0,5
8111,3,2043,02/04/2026,11:49,12:15,0,6
8112,3,1968,02/04/2026,12:23,12:44,0,7
8113,3,2271,04/04/2026,09:16,09:29,0,1
8114,3,2338,04/04/2026,09:33,,0,2
8115,3,2000,04/04/2026,09:49,10:16,0,3
8116,3,2182,04/04/2026,10:23,10:44,0,4
8117,3,2025,04/04/2026,10:51,10:58,0,5
8118,3,2049,04/04/2026,11:08,11:23,0,6
8119,3,2158,04/04/2026,11:27,11:50,0,7
8120,3,1966,04/04/2026,11:56,12:08,0,8
8121,3,2228,05/04/2026,09:21,09:46,0,1
8122,3,1929,05/04/2026,09:53,10:16,0,2
8123,3,2021,05/04/2026,10:25,,1,3
8124,3,1897,05/04/2026,10:44,10:55,0,4
8125,3,2103,05/04/2026,10:59,11:26,0,5
8126,3,2126,05/04/2026,11:35,11:53,0,6
8127,3,2287,05/04/2026,11:57,12:11,0,7
8128,3,2309,06/04/2026,09:21,09:38,0,1
8129,3,1904,06/04/2026,09:44,10:05,0,2
8130,3,2235,06/04/2026,10:10,10:34,0,3
8131,3,2006,06/04/2026,10:39,10:52,0,4
8132,3,2017,06/04/2026,10:57,11:21,0,5
8133,3,2141,06/04/2026,11:27,11:35,0,6
8134,3,2266,06/04/2026,11:44,11:58,0,7
8135,3,2216,06/04/2026,12:03,,0,8
8136,3,2314,06/04/2026,12:30,12:37,0,9
8137,3,2251,06/04/2026,12:44,13:02,0,10
8138,3,1914,06/04/2026,13:06,13:13,0,11
8139,3,2158,07/04/2026,09:07,09:29,0,1
8140,3,1906,07/04/2026,09:34,09:44,0,2
8141,3,2227,07/04/2026,09:55,10:02,0,3
8142,3,2168,07/04/2026,10:12,10:36,0,4
8143,3,1991,07/04/2026,10:45,11:04,0,5
8144,3,2207,07/04/2026,11:12,11:25,0,6
8145,3,2144,07/04/2026,11:36,11:44,0,7
8146,3,2124,07/04/2026,11:48,12:03,0,8
8147,3,1973,07/04/2026,12:08,12:19,0,9
8148,3,1939,07/04/2026,12:28,12:46,0,10
8149,3,2255,07/04/2026,12:51,13:05,0,11
8150,3,2224,08/04/2026,09:27,09:42,0,1
8151,3,1898,08/04/2026,09:48,10:00,0,2
8152,3,2120,08/04/2026,10:04,10:21,0,3
8153,3,2104,08/04/2026,10:27,10:46,0,4
8154,3,2063,08/04/2026,10:56,11:21,0,5
8155,3,1953,08/04/2026,11:29,11:48,0,6
8156,3,2178,08/04/2026,11:53,12:09,0,7
8157,3,2268,08/04/2026,12:16,12:37,0,8
8158,3,1922,08/04/2026,12:44,,0,9
8159,3,1974,08/04/2026,13:15,13:33,0,10
8160,3,2295,09/04/2026,09:33,09:44,0,1
8161,3,2298,09/04/2026,09:51,10:13,0,2
8162,3,2050,09/04/2026,10:18,10:31,0,3
8163,3,2004,09/04/2026,10:40,11:02,0,4
8164,3,2005,09/04/2026,11:11,11:18,0,5
8165,3,2173,09/04/2026,11:26,11:43,0,6
8166,3,2316,09/04/2026,11:50,12:09,0,7
8167,3,2190,09/04/2026,12:15,12:48,0,8
8168,3,2092,09/04/2026,12:54,13:11,0,9
8169,3,2076,09/04/2026,13:15,13:32,0,10
8170,3,1974,09/04/2026,13:36,13:57,0,11
8171,3,2189,11/04/2026,09:15,09:32,0,1
8172,3,2287,11/04/2026,09:36,09:49,0,2
8173,3,2189,11/04/2026,09:55,10:17,0,3
8174,3,1915,11/04/2026,10:22,10:42,0,4
8175,3,2062,11/04/2026,10:51,11:03,0,5
8176,3,2100,11/04/2026,11:13,11:32,0,6
8177,3,2821,11/04/2026,11:36,11:49,0,7
8178,3,2249,11/04/2026,11:53,12:03,0,8
8179,3,2244,11/04/2026,12:08,12:23,0,9
8180,3,2825,11/04/2026,12:35,12:51,0,10
8181,3,2223,11/04/2026,12:55,13:12,0,11
8182,3,2238,12/04/2026,09:22,09:32,0,1
8183,3,2252,12/04/2026,09:41,10:03,0,2
8184,3,2283,12/04/2026,10:07,10:33,0,3
8185,3,2332,12/04/2026,10:38,10:58,0,4
8186,3,2067,12/04/2026,11:10,,0,5
8187,3,2323,12/04/2026,11:23,11:47,0,6
8188,3,2332,12/04/2026,11:55,12:21,0,7
8189,3,1967,12/04/2026,12:26,12:33,0,8
8190,3,2334,12/04/2026,12:41,13:03,0,9
8191,3,2313,12/04/2026,13:07,13:31,0,10
8192,3,1973,13/04/2026,09:15,09:22,0,1
8193,3,1908,13/04/2026,09:26,09:44,0,2
8194,3,2115,13/04/2026,09:49,10:10,0,3
8195,3,2297,13/04/2026,10:18,10:36,0,4
8196,3,2260,13/04/2026,10:42,10:57,0,5
8197,3,2037,13/04/2026,11:08,,1,6
8198,3,2022,13/04/2026,11:35,11:49,0,7
8199,3,2116,13/04/2026,11:57,12:23,0,8
8200,3,1939,13/04/2026,12:27,12:38,0,9
8201,3,2173,13/04/2026,12:47,13:16,0,10
8202,3,1890,13/04/2026,13:27,13:37,0,11
8203,3,1958,14/04/2026,09:33,,1,1
8204,3,2031,14/04/2026,09:55,10:17,0,2
8205,3,2332,14/04/2026,10:22,10:40,0,3
8206,3,2038,14/04/2026,10:52,11:20,0,4
8207,3,2330,14/04/2026,11:30,11:53,0,5
8208,3,2067,14/04/2026,12:02,12:09,0,6
8209,3,2240,14/04/2026,12:17,12:35,0,7
8210,3,2069,15/04/2026,09:15,09:35,0,1
8211,3,1998,15/04/2026,09:39,09:47,0,2
8212,3,2054,15/04/2026,10:00,10:12,0,3
8213,3,2318,15/04/2026,10:18,10:40,0,4
8214,3,2168,15/04/2026,10:47,11:11,0,5
8215,3,1911,15/04/2026,11:20,,0,6
8216,3,2296,15/04/2026,11:46,11:58,0,7
8217,3,2801,16/04/2026,09:15,09:35,0,1
8218,3,2069,16/04/2026,09:45,10:03,0,2
8219,3,1942,16/04/2026,10:07,10:22,0,3
8220,3,2289,16/04/2026,10:27,10:41,0,4
8221,3,2187,16/04/2026,10:52,11:03,0,5
8222,3,1953,16/04/2026,11:11,11:23,0,6
8223,3,2257,16/04/2026,11:29,11:44,0,7
8224,3,2286,16/04/2026,11:52,11:59,0,8
8225,3,2003,16/04/2026,12:04,12:22,0,9
8226,3,2211,16/04/2026,12:35,12:44,0,10
8227,3,1929,18/04/2026,09:25,09:46,0,1
8228,3,1892,18/04/2026,09:52,10:08,0,2
8229,3,2086,18/04/2026,10:12,10:28,0,3
8230,3,2230,18/04/2026,10:32,10:51,0,4
8231,3,2029,18/04/2026,10:55,11:05,0,5
8232,3,2122,18/04/2026,11:10,11:28,0,6
8233,3,1971,18/04/2026,11:32,11:41,0,7
8234,3,2272,18/04/2026,11:45,12:03,0,8
8235,3,2304,18/04/2026,12:12,12:24,0,9
8236,3,2024,18/04/2026,12:33,12:50,0,10
8237,3,2232,19/04/2026,09:14,09:29,0,1
8238,3,2243,19/04/2026,09:33,09:55,0,2
8239,3,2182,19/04/2026,10:00,10:25,0,3
8240,3,2299,19/04/2026,10:29,10:44,0,4
8241,3,2337,19/04/2026,10:51,11:15,0,5
8242,3,2101,19/04/2026,11:20,11:38,0,6
8243,3,2269,19/04/2026,11:44,11:56,0,7
8244,3,2034,19/04/2026,12:00,12:16,0,8
8245,3,1898,19/04/2026,12:23,12:35,0,9
8246,3,2260,20/04/2026,09:33,09:53,0,1
8247,3,2007,20/04/2026,10:03,10:26,0,2
8248,3,1922,20/04/2026,10:34,10:57,0,3
8249,3,2283,20/04/2026,11:03,11:18,0,4
8250,3,2048,20/04/2026,11:27,11:48,0,5
8251,3,1942,20/04/2026,11:57,12:08,0,6
8252,3,2083,20/04/2026,12:14,12:35,0,7
8253,3,2146,21/04/2026,09:30,09:52,0,1
8254,3,2114,21/04/2026,09:56,,0,2
8255,3,2087,21/04/2026,10:07,10:29,0,3
8256,3,1916,21/04/2026,10:33,10:51,0,4
8257,3,2038,21/04/2026,10:55,11:24,0,5
8258,3,1982,21/04/2026,11:28,11:40,0,6
8259,3,2095,21/04/2026,11:49,12:04,0,7
8260,3,1952,22/04/2026,09:30,09:44,0,1
8261,3,2238,22/04/2026,09:52,10:00,0,2
8262,3,2110,22/04/2026,10:06,10:27,0,3
8263,3,2255,22/04/2026,10:34,10:45,0,4
8264,3,2230,22/04/2026,10:55,11:05,0,5
8265,3,1952,22/04/2026,11:14,11:21,0,6
8266,3,1955,22/04/2026,11:29,11:36,0,7
8267,3,1962,22/04/2026,11:45,12:00,0,8
8268,3,2213,22/04/2026,12:04,12:14,0,9
8269,3,2183,22/04/2026,12:18,12:37,0,10
8270,3,2203,23/04/2026,09:27,09:42,0,1
8271,3,2135,23/04/2026,09:50,10:09,0,2
8272,3,2316,23/04/2026,10:15,10:36,0,3
8273,3,2068,23/04/2026,10:45,10:52,0,4
8274,3,2287,23/04/2026,11:02,11:19,0,5
8275,3,2258,23/04/2026,11:27,11:37,0,6
8276,3,2275,23/04/2026,11:45,12:06,0,7
8277,3,2211,23/04/2026,12:14,12:29,0,8
8278,3,2163,23/04/2026,12:34,12:47,0,9
8279,3,2256,23/04/2026,12:54,13:09,0,10
8280,3,2262,23/04/2026,13:17,13:36,0,11
8281,3,2122,25/04/2026,09:12,09:38,0,1
8282,3,2071,25/04/2026,09:42,09:52,0,2
8283,3,2053,25/04/2026,09:57,10:14,0,3
8284,3,1912,25/04/2026,10:25,10:44,0,4
8285,3,2004,25/04/2026,10:51,11:04,0,5
8286,3,2328,25/04/2026,11:11,11:27,0,6
8287,3,2009,25/04/2026,11:34,11:54,0,7
8288,3,2235,26/04/2026,09:34,09:52,0,1
8289,3,1945,26/04/2026,09:56,10:15,0,2
8290,3,1892,26/04/2026,10:23,10:46,0,3
8291,3,2318,26/04/2026,10:53,11:05,0,4
8292,3,1983,26/04/2026,11:11,11:20,0,5
8293,3,2209,26/04/2026,11:26,11:45,0,6
8294,3,2092,26/04/2026,11:53,,0,7
8295,3,2075,26/04/2026,12:24,12:49,0,8
8296,3,2156,26/04/2026,12:57,13:16,0,9
8297,3,2269,27/04/2026,09:12,09:36,0,1
8298,3,2211,27/04/2026,09:46,09:59,0,2
8299,3,2251,27/04/2026,10:03,10:22,0,3
8300,3,2209,27/04/2026,10:28,,0,4
8301,3,2144,27/04/2026,10:48,11:09,0,5
8302,3,2084,27/04/2026,11:17,11:28,0,6
8303,3,2093,27/04/2026,11:38,,1,7
8304,3,2264,27/04/2026,11:53,12:12,0,8
8305,3,2043,27/04/2026,12:24,12:39,0,9
8306,3,1988,27/04/2026,12:45,12:55,0,10
8307,3,2226,27/04/2026,13:06,,0,11
8308,3,2293,28/04/2026,09:17,09:38,0,1
8309,3,1987,28/04/2026,09:47,10:12,0,2
8310,3,2072,28/04/2026,10:18,10:39,0,3
8311,3,2000,28/04/2026,10:47,11:03,0,4
8312,3,2241,28/04/2026,11:07,11:20,0,5
8313,3,2065,28/04/2026,11:26,11:38,0,6
8314,3,2050,29/04/2026,09:11,09:27,0,1
8315,3,2069,29/04/2026,09:35,09:49,0,2
8316,3,2182,29/04/2026,09:58,10:16,0,3
8317,3,2334,29/04/2026,10:23,10:40,0,4
8318,3,2307,29/04/2026,10:48,10:57,0,5
8319,3,2038,29/04/2026,11:02,11:21,0,6
8320,3,2148,29/04/2026,11:26,11:42,0,7
8321,3,2078,29/04/2026,11:47,12:03,0,8
8322,3,1999,30/04/2026,09:13,09:25,0,1
8323,3,2211,30/04/2026,09:31,09:38,0,2
8324,3,2143,30/04/2026,09:44,09:53,0,3
8325,3,2223,30/04/2026,10:03,10:10,0,4
8326,3,1939,30/04/2026,10:19,10:32,0,5
8327,3,2293,30/04/2026,10:39,11:03,0,6
8328,3,2277,30/04/2026,11:10,11:17,0,7
8329,3,2283,30/04/2026,11:28,11:48,0,8
8330,3,1954,30/04/2026,11:55,12:04,0,9
8331,3,1915,30/04/2026,12:10,12:29,0,10
8332,3,2003,30/04/2026,12:36,12:56,0,11
8333,3,2109,02/05/2026,09:25,09:33,0,1
8334,3,2063,02/05/2026,09:42,,0,2
8335,3,2037,02/05/2026,10:09,10:25,0,3
8336,3,2327,02/05/2026,10:32,10:55,0,4
8337,3,2038,02/05/2026,11:03,,0,5
8338,3,2050,02/05/2026,11:25,11:43,0,6
8339,3,2116,02/05/2026,11:47,12:15,0,7
8340,3,2183,02/05/2026,12:20,12:50,0,8
8341,3,1977,02/05/2026,13:01,13:22,0,9
8342,3,2272,02/05/2026,13:29,13:45,0,10
8343,3,2337,02/05/2026,13:57,14:10,0,11
8344,3,2172,03/05/2026,09:15,09:33,0,1
8345,3,2238,03/05/2026,09:41,09:57,0,2
8346,3,2107,03/05/2026,10:06,,0,3
8347,3,2080,03/05/2026,10:43,10:55,0,4
8348,3,2162,03/05/2026,11:01,11:22,0,5
8349,3,1909,03/05/2026,11:26,11:48,0,6
8350,3,2056,03/05/2026,11:59,12:08,0,7
8351,3,1894,04/05/2026,09:27,,0,1
8352,3,1979,04/05/2026,09:58,10:22,0,2
8353,3,1971,04/05/2026,10:29,10:42,0,3
8354,3,2118,04/05/2026,10:53,,0,4
8355,3,2037,04/05/2026,11:29,11:50,0,5
8356,3,1894,04/05/2026,12:00,12:19,0,6
8357,3,2283,04/05/2026,12:31,12:41,0,7
8358,3,2082,04/05/2026,12:53,13:00,0,8
8359,3,2249,05/05/2026,09:30,09:54,0,1
8360,3,2096,05/05/2026,10:03,10:22,0,2
8361,3,2105,05/05/2026,10:30,10:43,0,3
8362,3,2207,05/05/2026,10:54,11:05,0,4
8363,3,2236,05/05/2026,11:10,11:40,0,5
8364,3,2287,05/05/2026,11:46,12:10,0,6
8365,3,2150,05/05/2026,12:16,12:29,0,7
8366,3,2224,05/05/2026,12:36,,0,8
8367,3,2137,05/05/2026,12:59,13:06,0,9
8368,3,2149,05/05/2026,13:19,13:28,0,10
8369,3,2138,06/05/2026,09:17,09:24,0,1
8370,3,2165,06/05/2026,09:30,09:45,0,2
8371,3,2148,06/05/2026,09:52,10:07,0,3
8372,3,2026,06/05/2026,10:17,10:29,0,4
8373,3,2121,06/05/2026,10:38,10:48,0,5
8374,3,2035,06/05/2026,10:55,11:02,0,6
8375,3,2269,06/05/2026,11:11,11:39,0,7
8376,3,2034,06/05/2026,11:43,12:02,0,8
8377,3,1982,07/05/2026,09:15,09:28,0,1
8378,3,1929,07/05/2026,09:38,10:00,0,2
8379,3,2078,07/05/2026,10:05,10:31,0,3
8380,3,1988,07/05/2026,10:38,11:08,0,4
8381,3,2146,07/05/2026,11:14,11:41,0,5
8382,3,2117,07/05/2026,11:48,11:55,0,6
8383,3,2230,07/05/2026,11:59,12:27,0,7
8384,3,1923,07/05/2026,12:31,12:40,0,8
8385,3,2056,07/05/2026,12:44,13:03,0,9
8386,3,2273,09/05/2026,09:24,09:40,0,1
8387,3,2181,09/05/2026,09:48,10:16,0,2
8388,3,2200,09/05/2026,10:26,10:44,0,3
8389,3,2122,09/05/2026,10:50,11:15,0,4
8390,3,2164,09/05/2026,11:19,11:26,0,5
8391,3,1912,09/05/2026,11:30,11:41,0,6
8392,3,1946,09/05/2026,11:48,11:59,0,7
8393,3,2339,09/05/2026,12:03,12:11,0,8
8394,3,1893,09/05/2026,12:19,12:35,0,9
8395,3,2065,10/05/2026,09:16,09:24,0,1
8396,3,2325,10/05/2026,09:28,09:48,0,2
8397,3,1916,10/05/2026,09:52,10:20,0,3
8398,3,1974,10/05/2026,10:25,10:46,0,4
8399,3,1955,10/05/2026,10:50,10:58,0,5
8400,3,2181,10/05/2026,11:02,11:26,0,6
8401,3,2115,11/05/2026,09:11,09:36,0,1
8402,3,1899,11/05/2026,09:44,10:00,0,2
8403,3,2042,11/05/2026,10:11,10:24,0,3
8404,3,2338,11/05/2026,10:28,10:35,0,4
8405,3,2256,11/05/2026,10:41,10:58,0,5
8406,3,2103,11/05/2026,11:07,11:20,0,6
8407,3,2249,11/05/2026,11:27,11:42,0,7
8408,3,2163,11/05/2026,11:46,12:06,0,8
8409,3,2154,11/05/2026,12:15,12:31,0,9
8410,3,2162,11/05/2026,12:39,12:50,0,10
8411,3,2085,11/05/2026,12:55,13:13,0,11
8412,3,1938,12/05/2026,09:10,,0,1
8413,3,2268,12/05/2026,09:33,09:40,0,2
8414,3,2071,12/05/2026,09:46,10:00,0,3
8415,3,2306,12/05/2026,10:06,10:23,0,4
8416,3,2187,12/05/2026,10:30,10:39,0,5
8417,3,2242,12/05/2026,10:43,11:00,0,6
8418,3,2084,12/05/2026,11:04,11:15,0,7
8419,3,2268,12/05/2026,11:24,11:43,0,8
8420,3,2019,12/05/2026,11:52,12:15,0,9
8421,3,2309,12/05/2026,12:22,12:42,0,10
8422,3,1923,12/05/2026,12:53,13:00,0,11
8423,3,1929,13/05/2026,09:29,,1,1
8424,3,2146,13/05/2026,10:02,10:29,0,2
8425,3,1988,13/05/2026,10:37,,0,3
8426,3,2304,13/05/2026,10:53,11:13,0,4
8427,3,1950,13/05/2026,11:18,11:43,0,5
8428,3,1899,13/05/2026,11:51,12:07,0,6
8429,3,1890,13/05/2026,12:11,12:18,0,7
8430,3,2295,14/05/2026,09:29,09:53,0,1
8431,3,1939,14/05/2026,09:57,10:07,0,2
8432,3,1996,14/05/2026,10:12,,0,3
8433,3,2077,14/05/2026,10:37,10:47,0,4
8434,3,2126,14/05/2026,10:51,11:12,0,5
8435,3,2116,14/05/2026,11:20,11:32,0,6
8436,3,2132,14/05/2026,11:38,11:46,0,7
8437,3,1916,14/05/2026,11:50,12:05,0,8
8438,3,2071,14/05/2026,12:12,12:19,0,9
8439,3,2252,14/05/2026,12:23,12:47,0,10
8440,3,2324,14/05/2026,12:53,13:05,0,11
8441,3,2304,16/05/2026,09:25,09:41,0,1
8442,3,2038,16/05/2026,09:52,10:16,0,2
8443,3,2045,16/05/2026,10:25,10:39,0,3
8444,3,1947,16/05/2026,10:47,11:11,0,4
8445,3,2299,16/05/2026,11:17,11:38,0,5
8446,3,2037,16/05/2026,11:44,12:06,0,6
8447,3,2239,16/05/2026,12:10,12:27,0,7
8448,3,1921,16/05/2026,12:36,12:43,0,8
8449,3,2058,17/05/2026,09:22,09:30,0,1
8450,3,2182,17/05/2026,09:34,09:49,0,2
8451,3,2330,17/05/2026,09:58,10:05,0,3
8452,3,1912,17/05/2026,10:11,10:18,0,4
8453,3,1948,17/05/2026,10:22,10:41,0,5
8454,3,2006,17/05/2026,10:47,11:04,0,6
8455,3,2031,17/05/2026,11:09,11:21,0,7
8456,3,1991,17/05/2026,11:31,,0,8
8457,3,2225,17/05/2026,11:59,12:13,0,9
8458,3,2207,17/05/2026,12:25,12:48,0,10
8459,3,1932,17/05/2026,12:53,13:05,0,11
8460,3,2050,18/05/2026,09:20,09:39,0,1
8461,3,2246,18/05/2026,09:43,10:09,0,2
8462,3,2138,18/05/2026,10:13,10:20,0,3
8463,3,2016,18/05/2026,10:24,10:34,0,4
8464,3,2296,18/05/2026,10:39,10:46,0,5
8465,3,2009,18/05/2026,10:54,11:10,0,6
8466,3,2286,18/05/2026,11:20,11:33,0,7
8467,3,2327,19/05/2026,09:12,09:27,0,1
8468,3,2250,19/05/2026,09:39,09:50,0,2
8469,3,1976,19/05/2026,09:54,10:07,0,3
8470,3,2060,19/05/2026,10:13,10:35,0,4
8471,3,2023,19/05/2026,10:43,11:00,0,5
8472,3,2102,19/05/2026,11:08,11:33,0,6
8473,3,2334,19/05/2026,11:44,12:06,0,7
8474,3,2298,19/05/2026,12:16,12:35,0,8
8475,3,1976,19/05/2026,12:39,12:52,0,9
8476,3,2330,19/05/2026,13:02,13:13,0,10
8477,3,2074,20/05/2026,09:09,09:27,0,1
8478,3,2062,20/05/2026,09:33,09:46,0,2
8479,3,2128,20/05/2026,09:52,09:59,0,3
8480,3,2306,20/05/2026,10:07,10:18,0,4
8481,3,2267,20/05/2026,10:25,10:44,0,5
8482,3,2204,20/05/2026,10:53,11:23,0,6
8483,3,2305,20/05/2026,11:29,11:38,0,7
8484,3,2190,20/05/2026,11:43,12:02,0,8
8485,3,2339,21/05/2026,09:19,09:26,0,1
8486,3,2192,21/05/2026,09:35,09:53,0,2
8487,3,2274,21/05/2026,09:57,,1,3
8488,3,1926,21/05/2026,10:11,10:33,0,4
8489,3,2080,21/05/2026,10:42,11:02,0,5
8490,3,2256,21/05/2026,11:08,11:21,0,6
8491,3,2186,21/05/2026,11:31,11:54,0,7
8492,3,2039,21/05/2026,11:58,12:13,0,8
8493,3,2226,21/05/2026,12:21,12:38,0,9
8494,3,2163,21/05/2026,12:48,12:55,0,10
8495,3,2106,21/05/2026,13:02,13:14,0,11
8496,3,2094,23/05/2026,09:19,09:32,0,1
8497,3,1930,23/05/2026,09:40,10:06,0,2
8498,3,2253,23/05/2026,10:11,10:23,0,3
8499,3,2268,23/05/2026,10:29,10:47,0,4
8500,3,2141,23/05/2026,10:51,11:00,0,5
8501,3,2137,23/05/2026,11:07,11:33,0,6
8502,3,2026,23/05/2026,11:39,11:46,0,7
8503,3,2120,23/05/2026,11:54,12:09,0,8
8504,3,2155,24/05/2026,09:27,09:37,0,1
8505,3,2114,24/05/2026,09:41,09:48,0,2
8506,3,1957,24/05/2026,09:56,10:07,0,3
8507,3,2320,24/05/2026,10:17,10:36,0,4
8508,3,1951,24/05/2026,10:40,10:51,0,5
8509,3,2047,24/05/2026,10:59,11:06,0,6
8510,3,2122,24/05/2026,11:15,11:34,0,7
8511,3,2186,24/05/2026,11:40,12:08,0,8
8512,3,1948,24/05/2026,12:15,12:32,0,9
8513,3,2192,24/05/2026,12:40,12:52,0,10
8514,3,1939,24/05/2026,12:58,13:05,0,11
8515,3,2138,25/05/2026,09:11,09:37,0,1
8516,3,2325,25/05/2026,09:45,,0,2
8517,3,2104,25/05/2026,10:00,10:24,0,3
8518,3,2252,25/05/2026,10:35,10:50,0,4
8519,3,2001,25/05/2026,10:54,11:06,0,5
8520,3,2307,25/05/2026,11:10,11:24,0,6
8521,3,2003,25/05/2026,11:31,11:45,0,7
8522,3,1956,25/05/2026,11:49,12:13,0,8
8523,3,2086,25/05/2026,12:18,12:33,0,9
8524,3,2322,25/05/2026,12:40,13:05,0,10
8525,3,2151,26/05/2026,09:22,09:55,0,1
8526,3,2163,26/05/2026,09:59,10:25,0,2
8527,3,1907,26/05/2026,10:36,10:55,0,3
8528,3,2318,26/05/2026,10:59,11:06,0,4
8529,3,2186,26/05/2026,11:11,,1,5
8530,3,1909,26/05/2026,11:40,12:00,0,6
8531,3,2149,26/05/2026,12:07,12:23,0,7
8532,3,2178,27/05/2026,09:14,09:21,0,1
8533,3,2100,27/05/2026,09:25,09:41,0,2
8534,3,1973,27/05/2026,09:47,09:58,0,3
8535,3,2014,27/05/2026,10:02,10:22,0,4
8536,3,2313,27/05/2026,10:26,10:43,0,5
8537,3,2279,27/05/2026,10:52,11:03,0,6
8538,3,1914,27/05/2026,11:09,,0,7
8539,3,2260,27/05/2026,11:23,11:30,0,8
8540,3,2292,28/05/2026,09:07,09:18,0,1
8541,3,2121,28/05/2026,09:24,09:33,0,2
8542,3,2077,28/05/2026,09:37,09:51,0,3
8543,3,1961,28/05/2026,10:02,10:27,0,4
8544,3,2246,28/05/2026,10:37,11:01,0,5
8545,3,2084,28/05/2026,11:07,11:14,0,6
8546,3,2209,28/05/2026,11:22,11:33,0,7
8547,3,2232,28/05/2026,11:41,11:48,0,8
8548,3,2152,28/05/2026,11:57,12:14,0,9
8549,3,1952,28/05/2026,12:18,12:31,0,10
8550,3,2017,28/05/2026,12:38,12:58,0,11
8551,3,2020,30/05/2026,09:14,09:22,0,1
8552,3,2017,30/05/2026,09:31,09:53,0,2
8553,3,2224,30/05/2026,10:02,10:14,0,3
8554,3,2248,30/05/2026,10:19,10:31,0,4
8555,3,1967,30/05/2026,10:40,10:49,0,5
8556,3,2293,30/05/2026,10:59,,0,6
8557,3,1997,31/05/2026,09:21,09:35,0,1
8558,3,2073,31/05/2026,09:45,09:56,0,2
8559,3,2119,31/05/2026,10:10,10:29,0,3
8560,3,2192,31/05/2026,10:35,10:58,0,4
8561,3,2083,31/05/2026,11:08,11:28,0,5
8562,3,2001,31/05/2026,11:32,11:42,0,6
8563,3,2183,01/06/2026,09:10,09:29,0,1
8564,3,1939,01/06/2026,09:34,09:44,0,2
8565,3,2228,01/06/2026,09:50,10:01,0,3
8566,3,2024,01/06/2026,10:15,10:25,0,4
8567,3,2235,01/06/2026,10:35,10:45,0,5
8568,3,2230,01/06/2026,10:56,11:03,0,6
8569,3,2043,01/06/2026,11:07,11:31,0,7
8570,3,2243,01/06/2026,11:35,11:47,0,8
8571,3,2334,01/06/2026,11:56,12:07,0,9
8572,3,2087,01/06/2026,12:20,12:45,0,10
8573,3,1910,02/06/2026,09:34,09:47,0,1
8574,3,2122,02/06/2026,09:52,10:11,0,2
8575,3,2163,02/06/2026,10:20,10:34,0,3
8576,3,2023,02/06/2026,10:40,10:52,0,4
8577,3,2226,02/06/2026,10:57,11:19,0,5
8578,3,2168,02/06/2026,11:31,11:47,0,6
8579,3,2059,03/06/2026,09:10,09:20,0,1
8580,3,1926,03/06/2026,09:29,,1,2
8581,3,1924,03/06/2026,09:47,09:54,0,3
8582,3,2106,03/06/2026,10:05,10:27,0,4
8583,3,1936,03/06/2026,10:39,11:03,0,5
8584,3,2023,03/06/2026,11:09,11:30,0,6
8585,3,2141,03/06/2026,11:40,11:57,0,7
8586,3,2251,04/06/2026,09:36,10:02,0,1
8587,3,1902,04/06/2026,10:08,10:32,0,2
8588,3,1911,04/06/2026,10:36,10:50,0,3
8589,3,2306,04/06/2026,10:58,11:05,0,4
8590,3,2335,04/06/2026,11:15,11:37,0,5
8591,3,1974,04/06/2026,11:49,12:06,0,6
8592,3,2331,04/06/2026,12:12,12:19,0,7
8593,3,1990,04/06/2026,12:31,,0,8
8594,3,2105,04/06/2026,13:16,13:36,0,9
8595,3,2271,06/06/2026,09:13,,0,1
8596,3,2067,06/06/2026,09:29,09:56,0,2
8597,3,2147,06/06/2026,10:01,10:08,0,3
8598,3,1919,06/06/2026,10:17,10:25,0,4
8599,3,2078,06/06/2026,10:33,11:07,0,5
8600,3,2318,06/06/2026,11:18,11:25,0,6
8601,3,1899,07/06/2026,09:24,09:40,0,1
8602,3,1941,07/06/2026,09:53,10:04,0,2
8603,3,1997,07/06/2026,10:11,,0,3
8604,3,1894,07/06/2026,10:36,,0,4
8605,3,2253,07/06/2026,10:58,11:23,0,5
8606,3,2006,07/06/2026,11:28,11:55,0,6
8607,3,2305,07/06/2026,12:07,12:18,0,7
8608,3,2236,07/06/2026,12:22,12:40,0,8
8609,3,2205,07/06/2026,12:46,13:09,0,9
8610,3,2195,07/06/2026,13:21,13:28,0,10
8611,3,1993,08/06/2026,09:17,09:35,0,1
8612,3,2144,08/06/2026,09:47,10:07,0,2
8613,3,1935,08/06/2026,10:11,,0,3
8614,3,1902,08/06/2026,10:34,10:54,0,4
8615,3,2286,08/06/2026,11:05,,0,5
8616,3,1969,08/06/2026,11:28,11:48,0,6
8617,3,2146,08/06/2026,11:52,12:12,0,7
8618,3,1942,09/06/2026,09:20,09:43,0,1
8619,3,2172,09/06/2026,09:49,10:20,0,2
8620,3,1974,09/06/2026,10:31,10:47,0,3
8621,3,1907,09/06/2026,10:54,11:18,0,4
8622,3,2015,09/06/2026,11:29,11:36,0,5
8623,3,2821,09/06/2026,11:48,12:11,0,6
8624,3,2285,09/06/2026,12:21,12:34,0,7
8625,3,1915,09/06/2026,12:40,12:54,0,8
8626,3,1897,10/06/2026,09:15,09:22,0,1
8627,3,1913,10/06/2026,09:29,09:51,0,2
8628,3,2293,10/06/2026,09:56,10:18,0,3
8629,3,2166,10/06/2026,10:23,10:34,0,4
8630,3,2337,10/06/2026,10:41,10:59,0,5
8631,3,1913,10/06/2026,11:13,11:31,0,6
8632,3,2311,10/06/2026,11:36,11:50,0,7
8633,3,2251,11/06/2026,09:26,09:38,0,1
8634,3,2033,11/06/2026,09:45,09:56,0,2
8635,3,1890,11/06/2026,10:02,10:09,0,3
8636,3,1979,11/06/2026,10:19,10:33,0,4
8637,3,2320,11/06/2026,10:37,10:53,0,5
8638,3,2246,11/06/2026,10:57,11:15,0,6
8639,3,1908,13/06/2026,09:28,09:47,0,1
8640,3,1916,13/06/2026,09:55,10:14,0,2
8641,3,2157,13/06/2026,10:18,10:27,0,3
8642,3,2116,13/06/2026,10:33,11:06,0,4
8643,3,2222,13/06/2026,11:12,11:25,0,5
8644,3,2235,13/06/2026,11:37,11:52,0,6
8645,3,2095,13/06/2026,11:59,12:22,0,7
8646,3,2273,13/06/2026,12:31,12:43,0,8
8647,3,1996,13/06/2026,12:47,13:17,0,9
8648,3,2020,14/06/2026,09:14,09:21,0,1
8649,3,2088,14/06/2026,09:28,09:49,0,2
8650,3,2325,14/06/2026,09:53,10:03,0,3
8651,3,1920,14/06/2026,10:13,10:27,0,4
8652,3,2009,14/06/2026,10:38,10:45,0,5
8653,3,1926,14/06/2026,10:53,11:13,0,6
8654,3,1968,15/06/2026,09:28,,0,1
8655,3,1935,15/06/2026,09:58,10:15,0,2
8656,3,2006,15/06/2026,10:21,10:34,0,3
8657,3,2322,15/06/2026,10:40,11:06,0,4
8658,3,2011,15/06/2026,11:10,11:18,0,5
8659,3,2305,15/06/2026,11:22,11:29,0,6
8660,3,2023,15/06/2026,11:36,12:06,0,7
8661,3,2188,15/06/2026,12:10,12:26,0,8
8662,3,1943,15/06/2026,12:33,12:44,0,9
8663,3,2801,15/06/2026,12:50,13:07,0,10
8664,3,2282,16/06/2026,09:28,09:44,0,1
8665,3,1996,16/06/2026,09:48,10:09,0,2
8666,3,2294,16/06/2026,10:13,10:20,0,3
8667,3,1945,16/06/2026,10:26,10:49,0,4
8668,3,2241,16/06/2026,10:55,11:13,0,5
8669,3,2167,16/06/2026,11:17,11:44,0,6
8670,3,1938,16/06/2026,11:53,12:08,0,7
8671,3,2120,16/06/2026,12:13,12:28,0,8
8672,3,2181,17/06/2026,09:22,09:47,0,1
8673,3,1971,17/06/2026,09:51,09:58,0,2
8674,3,1997,17/06/2026,10:02,10:18,0,3
8675,3,2158,17/06/2026,10:24,10:31,0,4
8676,3,2022,17/06/2026,10:39,10:46,0,5
8677,3,2004,17/06/2026,10:51,11:01,0,6
8678,3,1965,17/06/2026,11:05,11:12,0,7
8679,3,2222,17/06/2026,11:17,11:44,0,8
8680,3,1999,17/06/2026,11:55,12:16,0,9
8681,3,2227,17/06/2026,12:22,12:36,0,10
8682,3,2328,18/06/2026,09:10,09:29,0,1
8683,3,2019,18/06/2026,09:33,09:53,0,2
8684,3,2082,18/06/2026,10:01,10:16,0,3
8685,3,2215,18/06/2026,10:20,10:34,0,4
8686,3,1967,18/06/2026,10:40,10:51,0,5
8687,3,2126,18/06/2026,10:55,11:19,0,6
8688,3,2287,18/06/2026,11:26,11:50,0,7
8689,3,2331,18/06/2026,11:55,,0,8
8690,3,2232,18/06/2026,12:13,12:20,0,9
8691,3,1900,20/06/2026,09:15,09:32,0,1
8692,3,2323,20/06/2026,09:36,09:44,0,2
8693,3,2801,20/06/2026,09:55,10:09,0,3
8694,3,1964,20/06/2026,10:16,10:29,0,4
8695,3,2133,20/06/2026,10:36,11:03,0,5
8696,3,2198,20/06/2026,11:07,11:29,0,6
8697,3,2165,20/06/2026,11:37,11:56,0,7
8698,3,2158,20/06/2026,12:07,12:14,0,8
8699,3,2226,20/06/2026,12:22,12:47,0,9
8700,3,2304,21/06/2026,09:25,,0,1
8701,3,2076,21/06/2026,09:56,10:14,0,2
8702,3,2090,21/06/2026,10:20,10:38,0,3
8703,3,1957,21/06/2026,10:46,10:53,0,4
8704,3,2048,21/06/2026,11:03,11:17,0,5
8705,3,2185,21/06/2026,11:26,,1,6
8706,3,1952,21/06/2026,11:46,,0,7
8707,3,2094,21/06/2026,12:15,12:36,0,8
8708,3,2042,22/06/2026,09:24,09:37,0,1
8709,3,2171,22/06/2026,09:46,10:04,0,2
8710,3,2223,22/06/2026,10:12,10:27,0,3
8711,3,1942,22/06/2026,10:33,10:43,0,4
8712,3,2180,22/06/2026,10:49,11:04,0,5
8713,3,2226,22/06/2026,11:08,11:28,0,6
8714,3,2110,23/06/2026,09:20,09:39,0,1
8715,3,1957,23/06/2026,09:45,09:56,0,2
8716,3,2288,23/06/2026,10:00,10:19,0,3
8717,3,2017,23/06/2026,10:26,10:47,0,4
8718,3,2069,23/06/2026,10:56,11:11,0,5
8719,3,2214,23/06/2026,11:19,11:35,0,6
8720,3,2088,23/06/2026,11:39,11:46,0,7
8721,3,2235,23/06/2026,11:56,12:15,0,8
8722,3,2181,23/06/2026,12:25,12:32,0,9
8723,3,2039,23/06/2026,12:39,12:49,0,10
8724,3,1979,23/06/2026,12:53,13:13,0,11
8725,3,2262,24/06/2026,09:27,09:45,0,1
8726,3,2084,24/06/2026,09:49,10:00,0,2
8727,3,2141,24/06/2026,10:04,,0,3
8728,3,1913,24/06/2026,10:31,10:42,0,4
8729,3,1956,24/06/2026,10:48,11:05,0,5
8730,3,2102,24/06/2026,11:12,11:19,0,6
8731,3,2066,24/06/2026,11:28,11:45,0,7
8732,3,2119,24/06/2026,11:56,12:11,0,8
8733,3,2179,24/06/2026,12:17,12:26,0,9
8734,3,2042,24/06/2026,12:35,12:52,0,10
8735,3,2079,25/06/2026,09:28,09:44,0,1
8736,3,2205,25/06/2026,09:51,09:58,0,2
8737,3,2184,25/06/2026,10:03,10:10,0,3
8738,3,2130,25/06/2026,10:16,10:43,0,4
8739,3,2313,25/06/2026,10:47,11:06,0,5
8740,3,2007,25/06/2026,11:11,11:29,0,6
8741,3,1974,25/06/2026,11:36,11:52,0,7
8742,3,2110,25/06/2026,11:57,12:15,0,8
8743,3,2059,25/06/2026,12:24,12:38,0,9
8744,3,2224,27/06/2026,09:12,09:34,0,1
8745,3,1949,27/06/2026,09:38,09:48,0,2
8746,3,1995,27/06/2026,09:52,09:59,0,3
8747,3,1899,27/06/2026,10:06,10:21,0,4
8748,3,2054,27/06/2026,10:32,10:43,0,5
8749,3,2196,27/06/2026,10:50,11:09,0,6
8750,3,2099,28/06/2026,09:19,09:43,0,1
8751,3,1892,28/06/2026,09:49,10:07,0,2
8752,3,2314,28/06/2026,10:13,10:21,0,3
8753,3,2183,28/06/2026,10:30,10:53,0,4
8754,3,2177,28/06/2026,11:03,11:21,0,5
8755,3,2310,28/06/2026,11:29,11:50,0,6
8756,3,2199,28/06/2026,11:54,12:15,0,7
8757,3,1949,28/06/2026,12:19,12:40,0,8
8758,3,2307,28/06/2026,12:49,13:00,0,9
8759,3,1944,29/06/2026,09:25,09:50,0,1
8760,3,2328,29/06/2026,09:55,10:11,0,2
8761,3,2162,29/06/2026,10:15,10:25,0,3
8762,3,2254,29/06/2026,10:29,10:51,0,4
8763,3,2150,29/06/2026,11:03,11:16,0,5
8764,3,1910,29/06/2026,11:20,11:33,0,6
8765,3,2251,29/06/2026,11:37,11:51,0,7
8766,3,2328,30/06/2026,09:14,09:31,0,1
8767,3,1923,30/06/2026,09:38,,0,2
8768,3,1905,30/06/2026,09:51,10:04,0,3
8769,3,2089,30/06/2026,10:08,10:27,0,4
8770,3,2245,30/06/2026,10:31,10:47,0,5
8771,3,2266,30/06/2026,10:52,10:59,0,6
8772,3,2115,30/06/2026,11:03,11:21,0,7
8773,3,1943,30/06/2026,11:26,,1,8
8774,3,2184,01/07/2026,09:13,09:20,0,1
8775,3,1935,01/07/2026,09:24,09:33,0,2
8776,3,2222,01/07/2026,09:38,10:10,0,3
8777,3,2319,01/07/2026,10:17,10:33,0,4
8778,3,1964,01/07/2026,10:38,10:54,0,5
8779,3,2130,01/07/2026,11:03,11:29,0,6
8780,3,2021,01/07/2026,11:33,11:47,0,7
8781,3,1965,01/07/2026,11:55,12:11,0,8
8782,3,2258,01/07/2026,12:16,12:23,0,9
8783,3,2279,01/07/2026,12:30,12:54,0,10
8784,3,2150,01/07/2026,12:59,13:15,0,11
8785,3,2271,02/07/2026,09:31,09:39,0,1
8786,3,2086,02/07/2026,09:43,09:51,0,2
8787,3,2071,02/07/2026,09:55,10:02,0,3
8788,3,1902,02/07/2026,10:06,10:19,0,4
8789,3,1892,02/07/2026,10:23,10:42,0,5
8790,3,2004,02/07/2026,10:51,11:05,0,6
8791,3,2122,02/07/2026,11:09,11:18,0,7
8792,3,2162,02/07/2026,11:26,11:38,0,8
8793,3,2015,02/07/2026,11:45,12:04,0,9
8794,3,1962,02/07/2026,12:10,12:36,0,10
8795,3,2249,04/07/2026,09:14,09:35,0,1
8796,3,2325,04/07/2026,09:43,09:59,0,2
8797,3,2246,04/07/2026,10:13,10:36,0,3
8798,3,2309,04/07/2026,10:40,10:54,0,4
8799,3,1950,04/07/2026,11:05,11:29,0,5
8800,3,2052,04/07/2026,11:35,12:01,0,6
8801,3,2006,04/07/2026,12:06,12:16,0,7
8802,3,2026,04/07/2026,12:22,12:40,0,8
8803,3,2028,04/07/2026,12:49,13:05,0,9
8804,3,1904,04/07/2026,13:10,13:23,0,10
8805,3,2097,04/07/2026,13:27,13:46,0,11
8806,3,1946,05/07/2026,09:17,09:39,0,1
8807,3,1921,05/07/2026,09:44,10:03,0,2
8808,3,2123,05/07/2026,10:12,10:30,0,3
8809,3,2151,05/07/2026,10:41,10:59,0,4
8810,3,1907,05/07/2026,11:03,11:15,0,5
8811,3,2339,05/07/2026,11:21,11:44,0,6
8812,3,1930,05/07/2026,11:51,12:04,0,7
8813,3,2245,05/07/2026,12:08,12:24,0,8
8814,3,2089,05/07/2026,12:31,12:53,0,9
8815,3,1988,05/07/2026,12:58,13:20,0,10
8816,3,2145,05/07/2026,13:25,13:43,0,11
8817,3,1976,06/07/2026,09:17,09:33,0,1
8818,3,2277,06/07/2026,09:37,09:48,0,2
8819,3,2251,06/07/2026,09:56,10:17,0,3
8820,3,2280,06/07/2026,10:24,10:46,0,4
8821,3,2046,06/07/2026,10:50,11:01,0,5
8822,3,2115,06/07/2026,11:10,11:31,0,6
8823,3,1987,06/07/2026,11:35,12:02,0,7
8824,3,1930,07/07/2026,09:10,09:23,0,1
8825,3,2149,07/07/2026,09:27,09:37,0,2
8826,3,2082,07/07/2026,09:48,10:12,0,3
8827,3,1989,07/07/2026,10:16,10:31,0,4
8828,3,2188,07/07/2026,10:35,10:47,0,5
8829,3,2186,07/07/2026,10:51,11:14,0,6
8830,3,2240,07/07/2026,11:19,11:46,0,7
8831,3,2105,07/07/2026,11:53,12:11,0,8
8832,3,2252,07/07/2026,12:15,12:33,0,9
8833,3,2142,07/07/2026,12:40,12:47,0,10
8834,3,1912,08/07/2026,09:14,09:25,0,1
8835,3,2034,08/07/2026,09:29,09:45,0,2
8836,3,2207,08/07/2026,09:54,,0,3
8837,3,2004,08/07/2026,10:22,10:29,0,4
8838,3,2109,08/07/2026,10:38,10:48,0,5
8839,3,2101,08/07/2026,10:56,11:11,0,6
8840,3,2079,08/07/2026,11:17,11:31,0,7
8841,3,2147,08/07/2026,11:37,11:44,0,8
8842,3,2053,08/07/2026,11:54,12:19,0,9
8843,3,1980,08/07/2026,12:23,12:30,0,10
8844,3,2223,08/07/2026,12:39,12:46,0,11
8845,3,1946,09/07/2026,09:11,09:35,0,1
8846,3,1915,09/07/2026,09:43,09:57,0,2
8847,3,1893,09/07/2026,10:10,10:17,0,3
8848,3,2118,09/07/2026,10:24,10:36,0,4
8849,3,2267,09/07/2026,10:40,11:00,0,5
8850,3,2062,09/07/2026,11:07,11:30,0,6
8851,3,2135,09/07/2026,11:38,11:55,0,7
8852,3,2012,09/07/2026,12:01,12:20,0,8
8853,3,1924,09/07/2026,12:25,12:40,0,9
8854,3,2085,09/07/2026,12:45,,0,10
8855,3,2073,09/07/2026,13:07,13:31,0,11
8856,3,2282,11/07/2026,09:20,09:44,0,1
8857,3,2157,11/07/2026,09:53,10:26,0,2
8858,3,2075,11/07/2026,10:34,10:52,0,3
8859,3,2228,11/07/2026,10:56,11:05,0,4
8860,3,2331,11/07/2026,11:09,11:20,0,5
8861,3,2162,11/07/2026,11:32,11:50,0,6
8862,3,1964,11/07/2026,11:58,12:06,0,7
8863,3,2152,11/07/2026,12:15,12:41,0,8
8864,3,1968,11/07/2026,12:48,13:09,0,9
8865,3,2155,11/07/2026,13:17,,0,10
8866,3,2069,11/07/2026,13:36,13:58,0,11
8867,3,2189,12/07/2026,09:17,09:39,0,1
8868,3,2048,12/07/2026,09:50,10:08,0,2
8869,3,2221,12/07/2026,10:13,10:20,0,3
8870,3,2292,12/07/2026,10:24,10:51,0,4
8871,3,1987,12/07/2026,10:57,11:18,0,5
8872,3,2289,12/07/2026,11:26,11:41,0,6
8873,3,2267,12/07/2026,11:48,12:13,0,7
8874,3,2133,13/07/2026,09:18,09:42,0,1
8875,3,2141,13/07/2026,09:48,09:56,0,2
8876,3,2126,13/07/2026,10:03,10:30,0,3
8877,3,2110,13/07/2026,10:35,10:54,0,4
8878,3,2311,13/07/2026,11:01,11:12,0,5
8879,3,2223,13/07/2026,11:16,11:42,0,6
8880,3,2072,14/07/2026,09:25,09:46,0,1
8881,3,2179,14/07/2026,09:58,10:16,0,2
8882,3,2820,14/07/2026,10:20,10:38,0,3
8883,3,2250,14/07/2026,10:47,,0,4
8884,3,2076,14/07/2026,11:13,11:40,0,5
8885,3,2025,14/07/2026,11:46,12:08,0,6
8886,3,2326,14/07/2026,12:12,12:30,0,7
8887,3,1948,14/07/2026,12:36,12:50,0,8
8888,3,2207,14/07/2026,12:57,13:21,0,9
8889,3,2824,14/07/2026,13:25,13:36,0,10
8890,3,2232,14/07/2026,13:43,13:50,0,11
8891,3,2245,15/07/2026,09:31,09:43,0,1
8892,3,2114,15/07/2026,09:49,10:11,0,2
8893,3,2023,15/07/2026,10:15,10:49,0,3
8894,3,2202,15/07/2026,10:54,11:07,0,4
8895,3,2254,15/07/2026,11:11,11:36,0,5
8896,3,1892,15/07/2026,11:41,12:05,0,6
8897,3,2131,15/07/2026,12:17,12:26,0,7
8898,3,1972,15/07/2026,12:30,12:45,0,8
8899,3,2260,16/07/2026,09:07,,1,1
8900,3,1968,16/07/2026,09:29,09:58,0,2
8901,3,2285,16/07/2026,10:06,10:23,0,3
8902,3,2102,16/07/2026,10:30,10:49,0,4
8903,3,2258,16/07/2026,10:59,11:08,0,5
8904,3,2293,16/07/2026,11:16,11:35,0,6
8905,3,2247,18/07/2026,09:18,09:28,0,1
8906,3,1988,18/07/2026,09:32,10:02,0,2
8907,3,2201,18/07/2026,10:07,10:33,0,3
8908,3,2338,18/07/2026,10:39,10:50,0,4
8909,3,1994,18/07/2026,10:54,11:05,0,5
8910,3,2188,18/07/2026,11:11,11:23,0,6
8911,3,2230,18/07/2026,11:27,11:36,0,7
8912,3,2310,18/07/2026,11:45,12:07,0,8
8913,3,2011,19/07/2026,09:30,09:48,0,1
8914,3,1909,19/07/2026,09:56,10:18,0,2
8915,3,2017,19/07/2026,10:28,10:54,0,3
8916,3,2187,19/07/2026,11:00,11:07,0,4
8917,3,2272,19/07/2026,11:13,11:32,0,5
8918,3,2140,19/07/2026,11:38,12:02,0,6
8919,3,2227,19/07/2026,12:15,12:32,0,7
8920,3,2077,19/07/2026,12:37,12:50,0,8
8921,3,1987,19/07/2026,12:56,13:21,0,9
8922,3,1994,19/07/2026,13:30,13:55,0,10
8923,3,2109,20/07/2026,09:26,09:41,0,1
8924,3,2103,20/07/2026,09:45,10:01,0,2
8925,3,2075,20/07/2026,10:10,10:26,0,3
8926,3,2282,20/07/2026,10:32,10:42,0,4
8927,3,1937,20/07/2026,10:48,10:55,0,5
8928,3,2816,20/07/2026,11:02,11:22,0,6
8929,3,2241,20/07/2026,11:30,11:37,0,7
8930,3,2124,20/07/2026,11:44,11:58,0,8
8931,3,2207,20/07/2026,12:05,12:15,0,9
8932,3,2254,21/07/2026,09:05,09:33,0,1
8933,3,2190,21/07/2026,09:37,09:53,0,2
8934,3,1966,21/07/2026,10:01,10:12,0,3
8935,3,1981,21/07/2026,10:22,10:46,0,4
8936,3,2327,21/07/2026,10:51,11:08,0,5
8937,3,2026,21/07/2026,11:12,11:29,0,6
8938,3,2007,21/07/2026,11:42,11:49,0,7
8939,3,1969,21/07/2026,12:00,12:16,0,8
8940,3,2051,21/07/2026,12:24,12:35,0,9
8941,3,2137,21/07/2026,12:47,13:04,0,10
8942,3,1983,21/07/2026,13:11,13:18,0,11
8943,3,2251,22/07/2026,09:30,09:43,0,1
8944,3,1967,22/07/2026,09:51,09:58,0,2
8945,3,1937,22/07/2026,10:06,10:26,0,3
8946,3,2305,22/07/2026,10:35,11:00,0,4
8947,3,2096,22/07/2026,11:16,11:29,0,5
8948,3,2249,22/07/2026,11:36,11:46,0,6
8949,3,2052,22/07/2026,11:52,12:13,0,7
8950,3,1916,22/07/2026,12:19,12:45,0,8
8951,3,2816,23/07/2026,09:19,09:49,0,1
8952,3,2816,23/07/2026,09:53,,1,2
8953,3,2210,23/07/2026,10:19,10:29,0,3
8954,3,2241,23/07/2026,10:33,10:51,0,4
8955,3,2014,23/07/2026,10:57,11:06,0,5
8956,3,2332,23/07/2026,11:10,,0,6
8957,3,2230,25/07/2026,09:17,09:37,0,1
8958,3,2134,25/07/2026,09:47,10:02,0,2
8959,3,2285,25/07/2026,10:07,10:30,0,3
8960,3,2132,25/07/2026,10:38,10:50,0,4
8961,3,2305,25/07/2026,10:59,11:06,0,5
8962,3,1936,25/07/2026,11:15,11:36,0,6
8963,3,2129,25/07/2026,11:41,12:02,0,7
8964,3,2334,25/07/2026,12:10,12:40,0,8
8965,3,1948,25/07/2026,12:46,12:54,0,9
8966,3,2071,25/07/2026,12:58,13:05,0,10
8967,3,2094,25/07/2026,13:09,13:25,0,11
8968,3,2235,26/07/2026,09:14,09:32,0,1
8969,3,2012,26/07/2026,09:38,10:04,0,2
8970,3,1894,26/07/2026,10:13,10:30,0,3
8971,3,2286,26/07/2026,10:42,11:07,0,4
8972,3,2198,26/07/2026,11:17,11:41,0,5
8973,3,2118,26/07/2026,11:51,12:07,0,6
8974,3,1949,26/07/2026,12:15,12:28,0,7
8975,3,1961,26/07/2026,12:33,12:42,0,8
8976,3,2017,26/07/2026,12:50,13:09,0,9
8977,3,2282,27/07/2026,09:24,09:45,0,1
8978,3,2102,27/07/2026,09:54,10:08,0,2
8979,3,2168,27/07/2026,10:12,10:38,0,3
8980,3,2213,27/07/2026,10:42,11:03,0,4
8981,3,1965,27/07/2026,11:10,11:25,0,5
8982,3,2144,27/07/2026,11:35,11:56,0,6
8983,3,2314,27/07/2026,12:00,12:10,0,7
8984,3,2816,27/07/2026,12:17,12:44,0,8
8985,3,2273,28/07/2026,09:10,09:30,0,1
8986,3,2274,28/07/2026,09:41,09:59,0,2
8987,3,2224,28/07/2026,10:03,10:10,0,3
8988,3,2044,28/07/2026,10:14,10:41,0,4
8989,3,2072,28/07/2026,10:45,11:06,0,5
8990,3,2171,28/07/2026,11:17,11:40,0,6
8991,3,2025,28/07/2026,11:49,,0,7
8992,3,2257,28/07/2026,12:16,12:31,0,8
8993,3,2254,28/07/2026,12:37,13:03,0,9
8994,3,1950,29/07/2026,09:09,09:28,0,1
8995,3,2012,29/07/2026,09:40,10:02,0,2
8996,3,1893,29/07/2026,10:08,10:21,0,3
8997,3,2201,29/07/2026,10:26,10:40,0,4
8998,3,2020,29/07/2026,10:46,10:59,0,5
8999,3,2170,29/07/2026,11:06,11:17,0,6
9000,3,2148,29/07/2026,11:21,11:36,0,7
9001,3,2213,29/07/2026,11:44,11:54,0,8
9002,3,1976,30/07/2026,09:16,09:37,0,1
9003,3,2086,30/07/2026,09:45,09:58,0,2
9004,3,2209,30/07/2026,10:08,10:25,0,3
9005,3,1902,30/07/2026,10:29,10:46,0,4
9006,3,2269,30/07/2026,10:50,,0,5
9007,3,2194,30/07/2026,11:20,11:35,0,6
9008,3,1969,30/07/2026,11:44,12:03,0,7
9009,3,1893,30/07/2026,12:15,12:26,0,8
9010,3,2187,30/07/2026,12:37,,1,9
9011,3,1963,01/08/2026,09:29,09:45,0,1
9012,3,2308,01/08/2026,09:51,10:19,0,2
9013,3,2216,01/08/2026,10:26,10:40,0,3
9014,3,2272,01/08/2026,10:49,11:09,0,4
9015,3,1919,01/08/2026,11:18,11:29,0,5
9016,3,2186,01/08/2026,11:38,11:47,0,6
9017,3,1925,02/08/2026,09:12,09:30,0,1
9018,3,2167,02/08/2026,09:35,09:53,0,2
9019,3,2141,02/08/2026,09:57,10:07,0,3
9020,3,1897,02/08/2026,10:20,10:37,0,4
9021,3,2295,02/08/2026,10:42,10:59,0,5
9022,3,2260,02/08/2026,11:06,11:13,0,6
9023,3,1914,03/08/2026,09:22,09:38,0,1
9024,3,2272,03/08/2026,09:45,10:06,0,2
9025,3,2035,03/08/2026,10:11,10:18,0,3
9026,3,2112,03/08/2026,10:29,10:42,0,4
9027,3,2116,03/08/2026,10:48,10:59,0,5
9028,3,2336,03/08/2026,11:05,11:17,0,6
9029,3,2316,03/08/2026,11:28,,0,7
9030,3,2157,03/08/2026,11:52,,0,8
9031,3,2094,03/08/2026,12:21,12:41,0,9
9032,3,2307,03/08/2026,12:45,13:05,0,10
9033,3,2286,03/08/2026,13:12,13:22,0,11
9034,3,2007,04/08/2026,09:19,09:39,0,1
9035,3,2061,04/08/2026,09:45,10:01,0,2
9036,3,2037,04/08/2026,10:06,10:30,0,3
9037,3,2235,04/08/2026,10:38,10:56,0,4
9038,3,2271,04/08/2026,11:02,11:17,0,5
9039,3,2225,04/08/2026,11:24,11:43,0,6
9040,3,2259,04/08/2026,11:47,12:03,0,7
9041,3,2152,04/08/2026,12:07,12:35,0,8
9042,3,2324,04/08/2026,12:40,12:52,0,9
9043,3,2052,04/08/2026,12:57,13:15,0,10
9044,3,2297,04/08/2026,13:19,13:32,0,11
9045,3,1975,05/08/2026,09:19,09:32,0,1
9046,3,2306,05/08/2026,09:42,09:51,0,2
9047,3,2306,05/08/2026,10:00,10:22,0,3
9048,3,2109,05/08/2026,10:26,10:41,0,4
9049,3,2079,05/08/2026,10:45,10:58,0,5
9050,3,1954,05/08/2026,11:04,,1,6
9051,3,2325,05/08/2026,11:18,11:32,0,7
9052,3,2114,06/08/2026,09:21,09:31,0,1
9053,3,1924,06/08/2026,09:36,,0,2
9054,3,2106,06/08/2026,09:56,10:13,0,3
9055,3,2197,06/08/2026,10:25,10:46,0,4
9056,3,2245,06/08/2026,10:50,10:57,0,5
9057,3,2318,06/08/2026,11:01,11:08,0,6
9058,3,2252,06/08/2026,11:13,11:28,0,7
9059,3,2167,06/08/2026,11:32,11:53,0,8
9060,3,2134,06/08/2026,12:05,12:12,0,9
9061,3,2029,06/08/2026,12:20,12:34,0,10
9062,3,2050,06/08/2026,12:38,12:57,0,11
9063,3,2134,08/08/2026,09:17,09:24,0,1
9064,3,2077,08/08/2026,09:31,09:50,0,2
9065,3,2332,08/08/2026,09:57,10:04,0,3
9066,3,1982,08/08/2026,10:11,10:18,0,4
9067,3,1971,08/08/2026,10:25,10:38,0,5
9068,3,2215,08/08/2026,10:42,10:49,0,6
9069,3,2210,08/08/2026,10:55,11:16,0,7
9070,3,2284,08/08/2026,11:22,11:29,0,8
9071,3,2114,08/08/2026,11:42,11:49,0,9
9072,3,1945,09/08/2026,09:27,09:53,0,1
9073,3,2107,09/08/2026,10:02,,0,2
9074,3,2062,09/08/2026,10:28,10:42,0,3
9075,3,2015,09/08/2026,10:46,11:01,0,4
9076,3,2226,09/08/2026,11:07,11:36,0,5
9077,3,2314,09/08/2026,11:45,11:57,0,6
9078,3,1990,09/08/2026,12:07,12:34,0,7
9079,3,1939,09/08/2026,12:39,12:56,0,8
9080,3,2061,09/08/2026,13:01,13:18,0,9
9081,3,2053,09/08/2026,13:25,13:36,0,10
9082,3,1909,09/08/2026,13:43,14:04,0,11
9083,3,2207,10/08/2026,09:08,09:22,0,1
9084,3,2316,10/08/2026,09:28,09:44,0,2
9085,3,2035,10/08/2026,09:50,,0,3
9086,3,2144,10/08/2026,10:04,10:21,0,4
9087,3,2290,10/08/2026,10:34,11:00,0,5
9088,3,1944,10/08/2026,11:10,11:27,0,6
9089,3,2067,10/08/2026,11:31,11:48,0,7
9090,3,1944,10/08/2026,11:52,12:14,0,8
9091,3,1962,10/08/2026,12:21,12:42,0,9
9092,3,2087,10/08/2026,12:53,13:12,0,10
9093,3,1983,10/08/2026,13:16,13:32,0,11
9094,3,2163,11/08/2026,09:28,09:51,0,1
9095,3,1982,11/08/2026,10:03,10:13,0,2
9096,3,2248,11/08/2026,10:20,10:35,0,3
9097,3,2214,11/08/2026,10:45,11:03,0,4
9098,3,2151,11/08/2026,11:12,11:40,0,5
9099,3,2095,11/08/2026,11:53,12:10,0,6
9100,3,2037,11/08/2026,12:19,12:35,0,7
9101,3,2101,11/08/2026,12:44,,0,8
9102,3,2253,12/08/2026,09:16,09:30,0,1
9103,3,2160,12/08/2026,09:37,09:53,0,2
9104,3,1943,12/08/2026,10:03,10:10,0,3
9105,3,1945,12/08/2026,10:14,10:25,0,4
9106,3,2146,12/08/2026,10:32,10:39,0,5
9107,3,2025,12/08/2026,10:46,10:59,0,6
9108,3,2042,12/08/2026,11:06,11:31,0,7
9109,3,2205,12/08/2026,11:39,11:49,0,8
9110,3,1974,12/08/2026,11:56,12:17,0,9
9111,3,2293,13/08/2026,09:19,09:34,0,1
9112,3,2255,13/08/2026,09:38,10:06,0,2
9113,3,1969,13/08/2026,10:10,10:23,0,3
9114,3,2316,13/08/2026,10:29,10:41,0,4
9115,3,1954,13/08/2026,10:45,11:04,0,5
9116,3,2193,13/08/2026,11:08,11:24,0,6
9117,3,1906,13/08/2026,11:28,11:37,0,7
9118,3,2262,15/08/2026,09:15,09:42,0,1
9119,3,2201,15/08/2026,09:50,10:03,0,2
9120,3,2108,15/08/2026,10:11,10:27,0,3
9121,3,1899,15/08/2026,10:31,10:55,0,4
9122,3,1982,15/08/2026,11:07,11:14,0,5
9123,3,2099,15/08/2026,11:19,11:31,0,6
9124,3,2146,15/08/2026,11:35,11:47,0,7
9125,3,2204,15/08/2026,11:56,12:31,0,8
9126,3,2044,15/08/2026,12:38,12:54,0,9
9127,3,2323,16/08/2026,09:31,09:46,0,1
9128,3,2147,16/08/2026,09:50,10:04,0,2
9129,3,2022,16/08/2026,10:13,10:20,0,3
9130,3,2820,16/08/2026,10:28,10:47,0,4
9131,3,2245,16/08/2026,10:57,11:07,0,5
9132,3,2082,16/08/2026,11:20,11:30,0,6
9133,3,2066,16/08/2026,11:34,12:00,0,7
9134,3,2098,17/08/2026,09:19,09:35,0,1
9135,3,2321,17/08/2026,09:39,09:56,0,2
9136,3,2005,17/08/2026,10:04,10:22,0,3
9137,3,1990,17/08/2026,10:29,10:41,0,4
9138,3,2154,17/08/2026,10:45,10:52,0,5
9139,3,1909,17/08/2026,10:57,11:22,0,6
9140,3,1995,18/08/2026,09:22,09:32,0,1
9141,3,2248,18/08/2026,09:42,09:55,0,2
9142,3,2314,18/08/2026,10:01,10:14,0,3
9143,3,2283,18/08/2026,10:19,10:35,0,4
9144,3,1911,18/08/2026,10:44,11:09,0,5
9145,3,2144,18/08/2026,11:22,11:32,0,6
9146,3,2251,18/08/2026,11:36,11:52,0,7
9147,3,2330,18/08/2026,11:57,12:04,0,8
9148,3,1941,18/08/2026,12:12,12:21,0,9
9149,3,2054,19/08/2026,09:13,09:30,0,1
9150,3,1951,19/08/2026,09:39,09:56,0,2
9151,3,2222,19/08/2026,10:01,10:21,0,3
9152,3,2196,19/08/2026,10:33,10:47,0,4
9153,3,2249,19/08/2026,10:52,11:04,0,5
9154,3,2263,19/08/2026,11:10,11:19,0,6
9155,3,2259,19/08/2026,11:29,11:43,0,7
9156,3,2274,19/08/2026,11:51,11:58,0,8
9157,4,2567,01/07/2025,09:15,09:23,0,1
9158,4,2356,01/07/2025,09:32,09:47,0,2
9159,4,2473,01/07/2025,09:51,10:11,0,3
9160,4,2385,01/07/2025,10:18,10:27,0,4
9161,4,2573,01/07/2025,10:32,,0,5
9162,4,2738,01/07/2025,10:51,11:05,0,6
9163,4,2775,01/07/2025,11:09,11:16,0,7
9164,4,2764,01/07/2025,11:23,11:39,0,8
9165,4,2480,01/07/2025,11:47,11:54,0,9
9166,4,2562,01/07/2025,12:02,12:29,0,10
9167,4,2533,02/07/2025,09:21,09:32,0,1
9168,4,2631,02/07/2025,09:36,10:01,0,2
9169,4,2534,02/07/2025,10:12,10:19,0,3
9170,4,2542,02/07/2025,10:23,10:46,0,4
9171,4,2599,02/07/2025,10:56,11:08,0,5
9172,4,2434,02/07/2025,11:12,11:28,0,6
9173,4,2723,02/07/2025,11:33,11:40,0,7
9174,4,2439,02/07/2025,11:45,12:00,0,8
9175,4,2492,03/07/2025,09:27,09:38,0,1
9176,4,2555,03/07/2025,09:47,10:02,0,2
9177,4,2724,03/07/2025,10:11,10:18,0,3
9178,4,2761,03/07/2025,10:24,10:47,0,4
9179,4,2462,03/07/2025,10:55,11:06,0,5
9180,4,2410,03/07/2025,11:13,,0,6
9181,4,2585,05/07/2025,09:19,09:42,0,1
9182,4,2764,05/07/2025,09:51,10:03,0,2
9183,4,2557,05/07/2025,10:10,10:33,0,3
9184,4,2726,05/07/2025,10:42,,0,4
9185,4,2533,05/07/2025,10:58,11:09,0,5
9186,4,2646,05/07/2025,11:18,11:32,0,6
9187,4,2427,05/07/2025,11:38,11:58,0,7
9188,4,2413,05/07/2025,12:04,12:22,0,8
9189,4,2575,06/07/2025,09:33,09:55,0,1
9190,4,2493,06/07/2025,09:59,,1,2
9191,4,2383,06/07/2025,10:21,10:29,0,3
9192,4,2771,06/07/2025,10:37,10:55,0,4
9193,4,2576,06/07/2025,10:59,11:23,0,5
9194,4,2728,06/07/2025,11:34,11:41,0,6
9195,4,2714,06/07/2025,11:45,11:58,0,7
9196,4,2577,06/07/2025,12:06,12:16,0,8
9197,4,2626,06/07/2025,12:20,12:38,0,9
9198,4,2672,06/07/2025,12:46,13:07,0,10
9199,4,2432,06/07/2025,13:11,13:35,0,11
9200,4,2398,07/07/2025,09:13,09:22,0,1
9201,4,2513,07/07/2025,09:26,09:45,0,2
9202,4,2697,07/07/2025,09:54,10:08,0,3
9203,4,2650,07/07/2025,10:12,10:27,0,4
9204,4,2366,07/07/2025,10:31,10:46,0,5
9205,4,2782,07/07/2025,10:53,11:01,0,6
9206,4,2640,07/07/2025,11:06,11:20,0,7
9207,4,2354,08/07/2025,09:10,09:29,0,1
9208,4,2371,08/07/2025,09:34,,0,2
9209,4,2490,08/07/2025,09:59,10:23,0,3
9210,4,2670,08/07/2025,10:32,10:51,0,4
9211,4,2355,08/07/2025,11:04,11:14,0,5
9212,4,2672,08/07/2025,11:20,11:33,0,6
9213,4,2620,08/07/2025,11:41,11:56,0,7
9214,4,2430,08/07/2025,12:04,12:32,0,8
9215,4,2524,09/07/2025,09:29,09:48,0,1
9216,4,2356,09/07/2025,09:54,10:19,0,2
9217,4,2343,09/07/2025,10:27,10:56,0,3
9218,4,2406,09/07/2025,11:00,,0,4
9219,4,2730,09/07/2025,11:34,11:57,0,5
9220,4,2342,09/07/2025,12:07,12:24,0,6
9221,4,2654,10/07/2025,09:27,09:49,0,1
9222,4,2713,10/07/2025,09:54,10:03,0,2
9223,4,2524,10/07/2025,10:12,10:30,0,3
9224,4,2420,10/07/2025,10:43,10:56,0,4
9225,4,2551,10/07/2025,11:01,11:10,0,5
9226,4,2603,10/07/2025,11:20,11:30,0,6
9227,4,2563,10/07/2025,11:34,11:47,0,7
9228,4,2369,10/07/2025,11:56,12:21,0,8
9229,4,2640,12/07/2025,09:17,09:33,0,1
9230,4,2672,12/07/2025,09:46,09:57,0,2
9231,4,2691,12/07/2025,10:02,10:15,0,3
9232,4,2566,12/07/2025,10:22,10:49,0,4
9233,4,2533,12/07/2025,10:54,11:04,0,5
9234,4,2365,12/07/2025,11:13,11:20,0,6
9235,4,2497,12/07/2025,11:24,11:41,0,7
9236,4,2480,13/07/2025,09:35,09:50,0,1
9237,4,2762,13/07/2025,09:57,10:26,0,2
9238,4,2481,13/07/2025,10:35,,0,3
9239,4,2620,13/07/2025,11:01,11:18,0,4
9240,4,2463,13/07/2025,11:22,11:31,0,5
9241,4,2607,13/07/2025,11:37,12:03,0,6
9242,4,2560,13/07/2025,12:16,12:35,0,7
9243,4,2385,13/07/2025,12:40,12:47,0,8
9244,4,2578,13/07/2025,12:52,13:08,0,9
9245,4,2739,13/07/2025,13:14,,1,10
9246,4,2370,14/07/2025,09:30,09:43,0,1
9247,4,2727,14/07/2025,09:51,10:12,0,2
9248,4,2618,14/07/2025,10:16,10:28,0,3
9249,4,2689,14/07/2025,10:32,10:51,0,4
9250,4,2770,14/07/2025,10:57,11:07,0,5
9251,4,2716,14/07/2025,11:16,11:35,0,6
9252,4,2662,14/07/2025,11:44,,0,7
9253,4,2686,14/07/2025,12:09,12:37,0,8
9254,4,2344,14/07/2025,12:41,13:02,0,9
9255,4,2376,15/07/2025,09:20,,0,1
9256,4,2634,15/07/2025,09:50,10:05,0,2
9257,4,2625,15/07/2025,10:11,10:31,0,3
9258,4,2462,15/07/2025,10:35,10:42,0,4
9259,4,2753,15/07/2025,10:55,11:14,0,5
9260,4,2479,15/07/2025,11:20,11:27,0,6
9261,4,2759,15/07/2025,11:35,12:04,0,7
9262,4,2652,16/07/2025,09:17,09:33,0,1
9263,4,2703,16/07/2025,09:39,09:54,0,2
9264,4,2740,16/07/2025,09:59,10:25,0,3
9265,4,2716,16/07/2025,10:31,,0,4
9266,4,2553,16/07/2025,11:04,11:16,0,5
9267,4,2491,16/07/2025,11:23,11:33,0,6
9268,4,2559,16/07/2025,11:38,11:54,0,7
9269,4,2445,16/07/2025,12:02,12:11,0,8
9270,4,2683,16/07/2025,12:21,12:35,0,9
9271,4,2721,17/07/2025,09:16,09:25,0,1
9272,4,2400,17/07/2025,09:36,10:02,0,2
9273,4,2511,17/07/2025,10:08,10:15,0,3
9274,4,2595,17/07/2025,10:27,10:43,0,4
9275,4,2397,17/07/2025,10:54,11:01,0,5
9276,4,2439,17/07/2025,11:11,11:18,0,6
9277,4,2770,17/07/2025,11:25,11:39,0,7
9278,4,2465,17/07/2025,11:50,11:57,0,8
9279,4,2773,19/07/2025,09:14,09:21,0,1
9280,4,2424,19/07/2025,09:29,09:45,0,2
9281,4,2688,19/07/2025,09:51,09:58,0,3
9282,4,2765,19/07/2025,10:04,10:12,0,4
9283,4,2462,19/07/2025,10:16,10:30,0,5
9284,4,2762,19/07/2025,10:34,10:53,0,6
9285,4,2370,19/07/2025,11:02,11:28,0,7
9286,4,2750,20/07/2025,09:13,09:32,0,1
9287,4,2438,20/07/2025,09:40,,0,2
9288,4,2390,20/07/2025,10:11,10:27,0,3
9289,4,2604,20/07/2025,10:37,10:59,0,4
9290,4,2589,20/07/2025,11:10,11:19,0,5
9291,4,2770,20/07/2025,11:27,11:44,0,6
9292,4,2608,20/07/2025,11:52,12:15,0,7
9293,4,2770,20/07/2025,12:19,12:31,0,8
9294,4,2743,20/07/2025,12:35,12:48,0,9
9295,4,2719,20/07/2025,12:52,13:06,0,10
9296,4,2769,20/07/2025,13:19,13:36,0,11
9297,4,2409,21/07/2025,09:20,09:50,0,1
9298,4,2373,21/07/2025,09:57,10:29,0,2
9299,4,2771,21/07/2025,10:35,,0,3
9300,4,2373,21/07/2025,11:10,11:25,0,4
9301,4,2560,21/07/2025,11:32,11:57,0,5
9302,4,2569,21/07/2025,12:01,12:17,0,6
9303,4,2650,21/07/2025,12:25,12:37,0,7
9304,4,2692,22/07/2025,09:28,09:44,0,1
9305,4,2374,22/07/2025,09:51,10:03,0,2
9306,4,2515,22/07/2025,10:11,10:36,0,3
9307,4,2727,22/07/2025,10:45,11:04,0,4
9308,4,2428,22/07/2025,11:08,11:20,0,5
9309,4,2354,22/07/2025,11:31,11:51,0,6
9310,4,2503,22/07/2025,12:00,12:12,0,7
9311,4,2782,22/07/2025,12:16,12:24,0,8
9312,4,2784,22/07/2025,12:31,,0,9
9313,4,2480,22/07/2025,12:52,13:11,0,10
9314,4,2728,22/07/2025,13:18,13:25,0,11
9315,4,2656,23/07/2025,09:16,09:35,0,1
9316,4,2516,23/07/2025,09:42,10:03,0,2
9317,4,2710,23/07/2025,10:13,10:24,0,3
9318,4,2629,23/07/2025,10:32,10:39,0,4
9319,4,2760,23/07/2025,10:43,11:02,0,5
9320,4,2431,23/07/2025,11:06,11:34,0,6
9321,4,2355,23/07/2025,11:38,11:57,0,7
9322,4,2763,23/07/2025,12:08,12:30,0,8
9323,4,2770,23/07/2025,12:34,12:51,0,9
9324,4,2482,23/07/2025,13:01,13:19,0,10
9325,4,2779,23/07/2025,13:28,13:40,0,11
9326,4,2512,24/07/2025,09:21,09:39,0,1
9327,4,2672,24/07/2025,09:47,10:07,0,2
9328,4,2651,24/07/2025,10:11,10:29,0,3
9329,4,2675,24/07/2025,10:33,10:47,0,4
9330,4,2620,24/07/2025,10:56,11:16,0,5
9331,4,2363,24/07/2025,11:26,11:45,0,6
9332,4,2481,24/07/2025,11:49,12:04,0,7
9333,4,2719,24/07/2025,12:11,12:22,0,8
9334,4,2712,24/07/2025,12:26,12:44,0,9
9335,4,2615,24/07/2025,12:49,13:11,0,10
9336,4,2416,26/07/2025,09:21,09:32,0,1
9337,4,2382,26/07/2025,09:40,09:47,0,2
9338,4,2690,26/07/2025,09:53,,0,3
9339,4,2351,26/07/2025,10:25,10:37,0,4
9340,4,2360,26/07/2025,10:42,10:52,0,5
9341,4,2512,26/07/2025,11:03,11:21,0,6
9342,4,2654,26/07/2025,11:25,11:32,0,7
9343,4,2757,26/07/2025,11:41,12:00,0,8
9344,4,2782,27/07/2025,09:24,09:46,0,1
9345,4,2492,27/07/2025,09:51,09:58,0,2
9346,4,2745,27/07/2025,10:04,10:13,0,3
9347,4,2620,27/07/2025,10:21,10:34,0,4
9348,4,2647,27/07/2025,10:40,10:53,0,5
9349,4,2581,27/07/2025,11:06,,0,6
9350,4,2769,27/07/2025,11:38,11:56,0,7
9351,4,2479,27/07/2025,12:04,12:17,0,8
9352,4,2398,28/07/2025,09:13,09:28,0,1
9353,4,2588,28/07/2025,09:39,09:51,0,2
9354,4,2407,28/07/2025,10:00,10:15,0,3
9355,4,2595,28/07/2025,10:26,10:37,0,4
9356,4,2638,28/07/2025,10:48,11:13,0,5
9357,4,2762,28/07/2025,11:18,11:40,0,6
9358,4,2712,28/07/2025,11:48,11:55,0,7
9359,4,2407,28/07/2025,12:02,12:23,0,8
9360,4,2534,29/07/2025,09:06,09:24,0,1
9361,4,2416,29/07/2025,09:32,09:39,0,2
9362,4,2707,29/07/2025,09:46,09:56,0,3
9363,4,2662,29/07/2025,10:00,10:15,0,4
9364,4,2675,29/07/2025,10:22,10:34,0,5
9365,4,2776,29/07/2025,10:39,10:49,0,6
9366,4,2715,29/07/2025,11:01,11:19,0,7
9367,4,2709,30/07/2025,09:15,09:33,0,1
9368,4,2363,30/07/2025,09:41,09:59,0,2
9369,4,2483,30/07/2025,10:07,10:23,0,3
9370,4,2445,30/07/2025,10:33,10:43,0,4
9371,4,2583,30/07/2025,10:49,11:15,0,5
9372,4,2518,30/07/2025,11:26,11:45,0,6
9373,4,2404,30/07/2025,11:52,11:59,0,7
9374,4,2724,30/07/2025,12:11,12:26,0,8
9375,4,2601,30/07/2025,12:34,12:53,0,9
9376,4,2684,30/07/2025,12:57,13:05,0,10
9377,4,2346,31/07/2025,09:22,09:36,0,1
9378,4,2375,31/07/2025,09:41,10:02,0,2
9379,4,2688,31/07/2025,10:11,10:20,0,3
9380,4,2530,31/07/2025,10:30,10:45,0,4
9381,4,2470,31/07/2025,10:51,11:08,0,5
9382,4,2765,31/07/2025,11:14,11:25,0,6
9383,4,2811,31/07/2025,11:32,11:50,0,7
9384,4,2657,31/07/2025,11:59,12:22,0,8
9385,4,2650,31/07/2025,12:34,13:06,0,9
9386,4,2637,31/07/2025,13:16,13:38,0,10
9387,4,2764,31/07/2025,13:43,13:58,0,11
9388,4,2604,02/08/2025,09:25,09:48,0,1
9389,4,2692,02/08/2025,09:53,10:00,0,2
9390,4,2557,02/08/2025,10:05,,0,3
9391,4,2454,02/08/2025,10:30,10:47,0,4
9392,4,2395,02/08/2025,10:51,11:10,0,5
9393,4,2527,02/08/2025,11:19,11:27,0,6
9394,4,2415,03/08/2025,09:25,09:34,0,1
9395,4,2575,03/08/2025,09:41,09:55,0,2
9396,4,2781,03/08/2025,10:02,10:22,0,3
9397,4,2369,03/08/2025,10:26,11:02,0,4
9398,4,2588,03/08/2025,11:12,11:35,0,5
9399,4,2652,03/08/2025,11:48,11:58,0,6
9400,4,2604,03/08/2025,12:05,12:25,0,7
9401,4,2664,03/08/2025,12:29,12:47,0,8
9402,4,2384,03/08/2025,12:55,13:02,0,9
9403,4,2596,03/08/2025,13:08,13:18,0,10
9404,4,2747,03/08/2025,13:27,13:48,0,11
9405,4,2680,04/08/2025,09:18,09:41,0,1
9406,4,2352,04/08/2025,09:46,09:55,0,2
9407,4,2743,04/08/2025,09:59,10:13,0,3
9408,4,2598,04/08/2025,10:24,10:53,0,4
9409,4,2588,04/08/2025,10:58,11:08,0,5
9410,4,2574,04/08/2025,11:14,11:24,0,6
9411,4,2470,05/08/2025,09:16,09:36,0,1
9412,4,2600,05/08/2025,09:41,09:48,0,2
9413,4,2525,05/08/2025,09:56,10:03,0,3
9414,4,2366,05/08/2025,10:11,10:18,0,4
9415,4,2673,05/08/2025,10:22,10:29,0,5
9416,4,2688,05/08/2025,10:35,10:51,0,6
9417,4,2462,05/08/2025,10:58,11:07,0,7
9418,4,2603,06/08/2025,09:21,09:43,0,1
9419,4,2670,06/08/2025,09:47,09:55,0,2
9420,4,2811,06/08/2025,10:09,10:25,0,3
9421,4,2393,06/08/2025,10:34,10:54,0,4
9422,4,2443,06/08/2025,11:01,11:20,0,5
9423,4,2500,06/08/2025,11:24,11:34,0,6
9424,4,2453,06/08/2025,11:44,12:05,0,7
9425,4,2489,06/08/2025,12:09,12:27,0,8
9426,4,2533,06/08/2025,12:34,12:49,0,9
9427,4,2491,06/08/2025,12:53,13:00,0,10
9428,4,2482,06/08/2025,13:04,,1,11
9429,4,2519,07/08/2025,09:26,09:39,0,1
9430,4,2581,07/08/2025,09:43,10:09,0,2
9431,4,2797,07/08/2025,10:13,10:26,0,3
9432,4,2499,07/08/2025,10:33,10:45,0,4
9433,4,2677,07/08/2025,10:50,11:02,0,5
9434,4,2560,07/08/2025,11:12,11:36,0,6
9435,4,2481,07/08/2025,11:43,11:58,0,7
9436,4,2491,07/08/2025,12:07,12:14,0,8
9437,4,2748,07/08/2025,12:20,12:44,0,9
9438,4,2365,09/08/2025,09:17,,0,1
9439,4,2494,09/08/2025,09:28,09:48,0,2
9440,4,2636,09/08/2025,09:57,10:10,0,3
9441,4,2482,09/08/2025,10:17,10:35,0,4
9442,4,2346,09/08/2025,10:39,10:47,0,5
9443,4,2500,09/08/2025,10:54,11:04,0,6
9444,4,2561,09/08/2025,11:14,11:24,0,7
9445,4,2370,09/08/2025,11:30,11:40,0,8
9446,4,2601,09/08/2025,11:52,12:07,0,9
9447,4,2386,10/08/2025,09:28,09:35,0,1
9448,4,2452,10/08/2025,09:43,09:59,0,2
9449,4,2447,10/08/2025,10:04,10:26,0,3
9450,4,2528,10/08/2025,10:34,10:49,0,4
9451,4,2477,10/08/2025,10:57,11:21,0,5
9452,4,2518,10/08/2025,11:28,11:37,0,6
9453,4,2475,10/08/2025,11:42,11:49,0,7
9454,4,2587,10/08/2025,11:55,12:14,0,8
9455,4,2554,10/08/2025,12:23,12:52,0,9
9456,4,2644,10/08/2025,12:57,13:12,0,10
9457,4,2529,11/08/2025,09:28,09:36,0,1
9458,4,2351,11/08/2025,09:44,09:57,0,2
9459,4,2374,11/08/2025,10:05,10:21,0,3
9460,4,2406,11/08/2025,10:30,10:45,0,4
9461,4,2524,11/08/2025,10:52,11:03,0,5
9462,4,2447,11/08/2025,11:10,11:24,0,6
9463,4,2348,11/08/2025,11:28,11:41,0,7
9464,4,2720,11/08/2025,11:45,12:01,0,8
9465,4,2462,12/08/2025,09:17,09:24,0,1
9466,4,2629,12/08/2025,09:36,09:47,0,2
9467,4,2733,12/08/2025,09:55,10:22,0,3
9468,4,2728,12/08/2025,10:27,10:37,0,4
9469,4,2646,12/08/2025,10:43,10:50,0,5
9470,4,2385,12/08/2025,10:57,11:20,0,6
9471,4,2439,12/08/2025,11:25,11:35,0,7
9472,4,2657,13/08/2025,09:13,09:30,0,1
9473,4,2467,13/08/2025,09:43,09:52,0,2
9474,4,2388,13/08/2025,09:59,10:21,0,3
9475,4,2753,13/08/2025,10:31,10:45,0,4
9476,4,2613,13/08/2025,10:54,11:12,0,5
9477,4,2403,13/08/2025,11:17,11:33,0,6
9478,4,2376,13/08/2025,11:40,12:00,0,7
9479,4,2745,14/08/2025,09:04,09:28,0,1
9480,4,2654,14/08/2025,09:36,09:52,0,2
9481,4,2346,14/08/2025,09:57,10:15,0,3
9482,4,2658,14/08/2025,10:22,10:51,0,4
9483,4,2599,14/08/2025,10:56,11:19,0,5
9484,4,2638,14/08/2025,11:31,12:03,0,6
9485,4,2725,16/08/2025,09:17,09:35,0,1
9486,4,2434,16/08/2025,09:43,10:04,0,2
9487,4,2452,16/08/2025,10:08,10:29,0,3
9488,4,2780,16/08/2025,10:39,,0,4
9489,4,2421,16/08/2025,10:50,11:13,0,5
9490,4,2633,16/08/2025,11:18,11:25,0,6
9491,4,2461,16/08/2025,11:29,11:38,0,7
9492,4,2570,16/08/2025,11:42,11:51,0,8
9493,4,2608,17/08/2025,09:14,09:26,0,1
9494,4,2355,17/08/2025,09:32,09:47,0,2
9495,4,2409,17/08/2025,09:51,10:08,0,3
9496,4,2577,17/08/2025,10:18,10:25,0,4
9497,4,2473,17/08/2025,10:30,10:54,0,5
9498,4,2574,17/08/2025,10:58,11:13,0,6
9499,4,2561,17/08/2025,11:18,11:25,0,7
9500,4,2753,18/08/2025,09:30,09:45,0,1
9501,4,2412,18/08/2025,09:54,,0,2
9502,4,2773,18/08/2025,10:10,10:21,0,3
9503,4,2405,18/08/2025,10:31,10:45,0,4
9504,4,2554,18/08/2025,10:51,11:18,0,5
9505,4,2735,18/08/2025,11:25,11:42,0,6
9506,4,2394,19/08/2025,09:10,09:37,0,1
9507,4,2491,19/08/2025,09:44,10:06,0,2
9508,4,2368,19/08/2025,10:10,10:26,0,3
9509,4,2584,19/08/2025,10:31,10:56,0,4
9510,4,2434,19/08/2025,11:02,11:19,0,5
9511,4,2437,19/08/2025,11:23,11:34,0,6
9512,4,2424,19/08/2025,11:42,11:49,0,7
9513,4,2781,19/08/2025,11:59,12:18,0,8
9514,4,2551,19/08/2025,12:24,12:31,0,9
9515,4,2548,19/08/2025,12:37,12:49,0,10
9516,4,2352,20/08/2025,09:20,09:37,0,1
9517,4,2759,20/08/2025,09:41,09:59,0,2
9518,4,2416,20/08/2025,10:03,10:11,0,3
9519,4,2650,20/08/2025,10:15,10:26,0,4
9520,4,2608,20/08/2025,10:33,10:53,0,5
9521,4,2753,20/08/2025,11:03,11:10,0,6
9522,4,2768,20/08/2025,11:18,,1,7
9523,4,2525,20/08/2025,11:42,11:54,0,8
9524,4,2562,20/08/2025,12:02,12:25,0,9
9525,4,2797,20/08/2025,12:29,12:39,0,10
9526,4,2524,21/08/2025,09:26,09:44,0,1
9527,4,2779,21/08/2025,09:48,09:57,0,2
9528,4,2719,21/08/2025,10:01,10:16,0,3
9529,4,2461,21/08/2025,10:30,10:38,0,4
9530,4,2659,21/08/2025,10:43,10:55,0,5
9531,4,2631,21/08/2025,11:04,11:22,0,6
9532,4,2765,21/08/2025,11:29,11:42,0,7
9533,4,2721,21/08/2025,11:47,12:15,0,8
9534,4,2797,21/08/2025,12:22,12:45,0,9
9535,4,2681,21/08/2025,12:54,13:12,0,10
9536,4,2626,21/08/2025,13:16,13:24,0,11
9537,4,2387,23/08/2025,09:21,09:29,0,1
9538,4,2378,23/08/2025,09:34,09:49,0,2
9539,4,2527,23/08/2025,09:53,10:00,0,3
9540,4,2751,23/08/2025,10:09,10:26,0,4
9541,4,2643,23/08/2025,10:33,10:50,0,5
9542,4,2777,23/08/2025,10:56,11:30,0,6
9543,4,2715,23/08/2025,11:38,12:07,0,7
9544,4,2704,23/08/2025,12:11,12:18,0,8
9545,4,2756,23/08/2025,12:27,12:34,0,9
9546,4,2627,23/08/2025,12:42,12:51,0,10
9547,4,2609,24/08/2025,09:22,09:42,0,1
9548,4,2819,24/08/2025,09:46,09:57,0,2
9549,4,2390,24/08/2025,10:06,10:28,0,3
9550,4,2610,24/08/2025,10:32,10:53,0,4
9551,4,2348,24/08/2025,11:02,11:24,0,5
9552,4,2662,24/08/2025,11:33,11:49,0,6
9553,4,2603,24/08/2025,11:57,12:14,0,7
9554,4,2732,24/08/2025,12:19,12:43,0,8
9555,4,2477,24/08/2025,12:47,13:04,0,9
9556,4,2490,25/08/2025,09:06,09:24,0,1
9557,4,2772,25/08/2025,09:28,09:42,0,2
9558,4,2745,25/08/2025,09:52,10:11,0,3
9559,4,2489,25/08/2025,10:18,10:38,0,4
9560,4,2501,25/08/2025,10:42,10:57,0,5
9561,4,2527,25/08/2025,11:02,,0,6
9562,4,2740,25/08/2025,11:13,11:35,0,7
9563,4,2605,25/08/2025,11:39,11:46,0,8
9564,4,2519,26/08/2025,09:19,09:46,0,1
9565,4,2511,26/08/2025,09:50,09:57,0,2
9566,4,2702,26/08/2025,10:05,10:36,0,3
9567,4,2608,26/08/2025,10:43,11:05,0,4
9568,4,2518,26/08/2025,11:14,11:29,0,5
9569,4,2414,26/08/2025,11:35,12:00,0,6
9570,4,2432,26/08/2025,12:07,12:27,0,7
9571,4,2609,27/08/2025,09:20,09:54,0,1
9572,4,2555,27/08/2025,09:58,10:09,0,2
9573,4,2634,27/08/2025,10:15,10:38,0,3
9574,4,2725,27/08/2025,10:42,10:57,0,4
9575,4,2465,27/08/2025,11:01,11:15,0,5
9576,4,2627,27/08/2025,11:22,11:44,0,6
9577,4,2690,27/08/2025,11:50,12:02,0,7
9578,4,2387,27/08/2025,12:09,12:16,0,8
9579,4,2584,27/08/2025,12:22,12:40,0,9
9580,4,2793,27/08/2025,12:45,13:17,0,10
9581,4,2507,28/08/2025,09:26,09:44,0,1
9582,4,2421,28/08/2025,09:48,09:57,0,2
9583,4,2778,28/08/2025,10:04,10:28,0,3
9584,4,2485,28/08/2025,10:33,,1,4
9585,4,2514,28/08/2025,10:52,11:09,0,5
9586,4,2650,28/08/2025,11:13,11:33,0,6
9587,4,2637,28/08/2025,11:37,11:55,0,7
9588,4,2436,28/08/2025,12:01,12:10,0,8
9589,4,2773,28/08/2025,12:15,12:27,0,9
9590,4,2544,28/08/2025,12:36,13:02,0,10
9591,4,2498,30/08/2025,09:24,09:46,0,1
9592,4,2595,30/08/2025,09:53,10:05,0,2
9593,4,2524,30/08/2025,10:13,10:32,0,3
9594,4,2566,30/08/2025,10:38,10:55,0,4
9595,4,2426,30/08/2025,11:02,11:19,0,5
9596,4,2664,30/08/2025,11:30,11:40,0,6
9597,4,2407,30/08/2025,11:44,11:51,0,7
9598,4,2495,30/08/2025,11:56,12:17,0,8
9599,4,2661,30/08/2025,12:21,12:33,0,9
9600,4,2427,30/08/2025,12:41,13:01,0,10
9601,4,2728,31/08/2025,09:06,09:22,0,1
9602,4,2476,31/08/2025,09:27,09:44,0,2
9603,4,2595,31/08/2025,09:48,10:10,0,3
9604,4,2389,31/08/2025,10:17,10:24,0,4
9605,4,2647,31/08/2025,10:28,10:51,0,5
9606,4,2483,31/08/2025,10:58,11:08,0,6
9607,4,2552,31/08/2025,11:14,11:27,0,7
9608,4,2388,31/08/2025,11:35,11:46,0,8
9609,4,2679,31/08/2025,11:50,12:13,0,9
9610,4,2735,01/09/2025,09:06,09:31,0,1
9611,4,2404,01/09/2025,09:43,09:58,0,2
9612,4,2446,01/09/2025,10:02,10:15,0,3
9613,4,2811,01/09/2025,10:28,10:39,0,4
9614,4,2684,01/09/2025,10:47,10:55,0,5
9615,4,2741,01/09/2025,11:00,11:07,0,6
9616,4,2781,01/09/2025,11:15,11:26,0,7
9617,4,2607,01/09/2025,11:33,11:46,0,8
9618,4,2567,01/09/2025,11:54,12:02,0,9
9619,4,2498,01/09/2025,12:12,12:23,0,10
9620,4,2364,02/09/2025,09:22,09:33,0,1
9621,4,2563,02/09/2025,09:37,09:55,0,2
9622,4,2777,02/09/2025,09:59,10:06,0,3
9623,4,2538,02/09/2025,10:13,10:36,0,4
9624,4,2707,02/09/2025,10:42,10:50,0,5
9625,4,2547,02/09/2025,10:55,11:09,0,6
9626,4,2461,02/09/2025,11:19,11:39,0,7
9627,4,2497,02/09/2025,11:43,12:12,0,8
9628,4,2371,02/09/2025,12:16,12:30,0,9
9629,4,2417,02/09/2025,12:34,,0,10
9630,4,2683,03/09/2025,09:25,09:47,0,1
9631,4,2562,03/09/2025,09:56,10:16,0,2
9632,4,2368,03/09/2025,10:21,,0,3
9633,4,2791,03/09/2025,10:50,11:11,0,4
9634,4,2342,03/09/2025,11:15,11:40,0,5
9635,4,2731,03/09/2025,11:47,11:56,0,6
9636,4,2557,03/09/2025,12:03,,0,7
9637,4,2668,03/09/2025,12:26,12:43,0,8
9638,4,2626,03/09/2025,12:49,13:04,0,9
9639,4,2405,03/09/2025,13:08,13:29,0,10
9640,4,2561,04/09/2025,09:17,09:33,0,1
9641,4,2449,04/09/2025,09:37,09:44,0,2
9642,4,2725,04/09/2025,09:53,10:15,0,3
9643,4,2579,04/09/2025,10:25,10:55,0,4
9644,4,2540,04/09/2025,11:04,11:29,0,5
9645,4,2631,04/09/2025,11:33,11:53,0,6
9646,4,2482,04/09/2025,12:03,12:10,0,7
9647,4,2524,04/09/2025,12:14,12:37,0,8
9648,4,2662,04/09/2025,12:41,12:51,0,9
9649,4,2380,06/09/2025,09:14,09:41,0,1
9650,4,2799,06/09/2025,09:46,09:53,0,2
9651,4,2549,06/09/2025,09:57,10:17,0,3
9652,4,2787,06/09/2025,10:25,10:44,0,4
9653,4,2624,06/09/2025,10:51,11:02,0,5
9654,4,2689,06/09/2025,11:06,11:13,0,6
9655,4,2357,06/09/2025,11:20,11:42,0,7
9656,4,2727,06/09/2025,11:46,11:56,0,8
9657,4,2449,06/09/2025,12:04,12:16,0,9
9658,4,2557,06/09/2025,12:21,12:36,0,10
9659,4,2344,06/09/2025,12:43,12:56,0,11
9660,4,2666,07/09/2025,09:23,09:45,0,1
9661,4,2525,07/09/2025,09:59,10:16,0,2
9662,4,2689,07/09/2025,10:20,10:29,0,3
9663,4,2466,07/09/2025,10:37,11:03,0,4
9664,4,2707,07/09/2025,11:07,11:14,0,5
9665,4,2412,07/09/2025,11:18,11:38,0,6
9666,4,2703,07/09/2025,11:47,12:13,0,7
9667,4,2515,07/09/2025,12:20,12:38,0,8
9668,4,2365,07/09/2025,12:43,12:57,0,9
9669,4,2368,07/09/2025,13:09,13:31,0,10
9670,4,2679,08/09/2025,09:14,09:31,0,1
9671,4,2354,08/09/2025,09:37,10:00,0,2
9672,4,2776,08/09/2025,10:05,,0,3
9673,4,2548,08/09/2025,10:24,10:31,0,4
9674,4,2632,08/09/2025,10:35,11:03,0,5
9675,4,2561,08/09/2025,11:09,11:16,0,6
9676,4,2492,08/09/2025,11:21,11:36,0,7
9677,4,2478,08/09/2025,11:46,12:09,0,8
9678,4,2555,08/09/2025,12:15,12:30,0,9
9679,4,2560,08/09/2025,12:36,12:49,0,10
9680,4,2526,08/09/2025,12:54,13:09,0,11
9681,4,2385,09/09/2025,09:19,,0,1
9682,4,2478,09/09/2025,09:40,09:50,0,2
9683,4,2436,09/09/2025,09:59,10:06,0,3
9684,4,2654,09/09/2025,10:15,10:30,0,4
9685,4,2569,09/09/2025,10:42,10:58,0,5
9686,4,2655,09/09/2025,11:14,11:38,0,6
9687,4,2545,09/09/2025,11:45,12:15,0,7
9688,4,2452,09/09/2025,12:20,12:46,0,8
9689,4,2454,09/09/2025,12:53,13:00,0,9
9690,4,2557,09/09/2025,13:10,13:20,0,10
9691,4,2670,09/09/2025,13:27,13:44,0,11
9692,4,2766,10/09/2025,09:15,09:41,0,1
9693,4,2506,10/09/2025,09:46,10:02,0,2
9694,4,2704,10/09/2025,10:08,10:17,0,3
9695,4,2770,10/09/2025,10:22,,1,4
9696,4,2514,10/09/2025,10:37,10:47,0,5
9697,4,2663,10/09/2025,10:51,11:03,0,6
9698,4,2483,10/09/2025,11:08,11:32,0,7
9699,4,2398,10/09/2025,11:42,11:53,0,8
9700,4,2642,10/09/2025,12:05,12:12,0,9
9701,4,2372,10/09/2025,12:20,12:29,0,10
9702,4,2777,11/09/2025,09:32,09:41,0,1
9703,4,2531,11/09/2025,09:45,10:08,0,2
9704,4,2681,11/09/2025,10:18,10:43,0,3
9705,4,2791,11/09/2025,10:48,11:11,0,4
9706,4,2490,11/09/2025,11:15,11:28,0,5
9707,4,2544,11/09/2025,11:36,11:50,0,6
9708,4,2447,11/09/2025,11:57,12:16,0,7
9709,4,2636,11/09/2025,12:20,12:42,0,8
9710,4,2765,13/09/2025,09:34,09:50,0,1
9711,4,2376,13/09/2025,09:54,10:16,0,2
9712,4,2690,13/09/2025,10:24,10:38,0,3
9713,4,2453,13/09/2025,10:42,10:57,0,4
9714,4,2789,13/09/2025,11:04,11:13,0,5
9715,4,2778,13/09/2025,11:26,11:35,0,6
9716,4,2525,13/09/2025,11:48,12:07,0,7
9717,4,2438,13/09/2025,12:11,12:30,0,8
9718,4,2586,14/09/2025,09:18,09:43,0,1
9719,4,2665,14/09/2025,09:50,10:07,0,2
9720,4,2452,14/09/2025,10:18,10:40,0,3
9721,4,2483,14/09/2025,10:45,11:00,0,4
9722,4,2617,14/09/2025,11:07,11:20,0,5
9723,4,2389,14/09/2025,11:24,11:43,0,6
9724,4,2402,14/09/2025,11:48,12:14,0,7
9725,4,2587,15/09/2025,09:12,09:31,0,1
9726,4,2556,15/09/2025,09:36,09:56,0,2
9727,4,2670,15/09/2025,10:02,,0,3
9728,4,2522,15/09/2025,10:31,10:50,0,4
9729,4,2654,15/09/2025,10:55,11:10,0,5
9730,4,2513,15/09/2025,11:19,,0,6
9731,4,2709,15/09/2025,11:45,12:12,0,7
9732,4,2351,16/09/2025,09:29,09:42,0,1
9733,4,2645,16/09/2025,09:47,10:02,0,2
9734,4,2594,16/09/2025,10:10,10:24,0,3
9735,4,2518,16/09/2025,10:30,10:48,0,4
9736,4,2639,16/09/2025,10:52,,0,5
9737,4,2600,16/09/2025,11:24,11:37,0,6
9738,4,2482,17/09/2025,09:17,09:41,0,1
9739,4,2752,17/09/2025,09:52,10:07,0,2
9740,4,2664,17/09/2025,10:11,10:30,0,3
9741,4,2684,17/09/2025,10:36,10:51,0,4
9742,4,2394,17/09/2025,10:55,11:18,0,5
9743,4,2439,17/09/2025,11:22,11:45,0,6
9744,4,2445,18/09/2025,09:33,,1,1
9745,4,2477,18/09/2025,09:56,,0,2
9746,4,2652,18/09/2025,10:34,,1,3
9747,4,2429,18/09/2025,11:05,11:19,0,4
9748,4,2793,18/09/2025,11:25,,0,5
9749,4,2724,18/09/2025,11:45,11:52,0,6
9750,4,2735,18/09/2025,11:56,12:16,0,7
9751,4,2730,18/09/2025,12:23,12:42,0,8
9752,4,2777,18/09/2025,12:53,13:00,0,9
9753,4,2583,18/09/2025,13:10,13:26,0,10
9754,4,2723,18/09/2025,13:34,13:44,0,11
9755,4,2481,20/09/2025,09:17,09:39,0,1
9756,4,2511,20/09/2025,09:43,09:53,0,2
9757,4,2698,20/09/2025,09:59,10:12,0,3
9758,4,2480,20/09/2025,10:16,10:36,0,4
9759,4,2340,20/09/2025,10:40,10:49,0,5
9760,4,2535,20/09/2025,10:58,11:17,0,6
9761,4,2698,20/09/2025,11:21,11:40,0,7
9762,4,2409,20/09/2025,11:44,12:00,0,8
9763,4,2625,20/09/2025,12:08,12:27,0,9
9764,4,2584,20/09/2025,12:31,12:51,0,10
9765,4,2545,20/09/2025,12:59,13:18,0,11
9766,4,2479,21/09/2025,09:05,09:12,0,1
9767,4,2615,21/09/2025,09:18,09:30,0,2
9768,4,2727,21/09/2025,09:36,09:52,0,3
9769,4,2719,21/09/2025,09:58,10:12,0,4
9770,4,2667,21/09/2025,10:19,10:26,0,5
9771,4,2473,21/09/2025,10:36,10:46,0,6
9772,4,2760,21/09/2025,10:57,11:07,0,7
9773,4,2455,21/09/2025,11:11,11:31,0,8
9774,4,2709,22/09/2025,09:23,09:38,0,1
9775,4,2422,22/09/2025,09:45,09:57,0,2
9776,4,2777,22/09/2025,10:02,10:20,0,3
9777,4,2688,22/09/2025,10:28,10:46,0,4
9778,4,2528,22/09/2025,10:54,11:04,0,5
9779,4,2383,22/09/2025,11:10,11:26,0,6
9780,4,2749,22/09/2025,11:35,11:56,0,7
9781,4,2603,22/09/2025,12:01,12:18,0,8
9782,4,2429,22/09/2025,12:23,12:41,0,9
9783,4,2690,22/09/2025,12:48,13:14,0,10
9784,4,2576,22/09/2025,13:19,,0,11
9785,4,2573,23/09/2025,09:16,09:23,0,1
9786,4,2463,23/09/2025,09:27,09:34,0,2
9787,4,2689,23/09/2025,09:40,10:06,0,3
9788,4,2596,23/09/2025,10:10,10:28,0,4
9789,4,2469,23/09/2025,10:33,10:43,0,5
9790,4,2680,23/09/2025,10:51,11:08,0,6
9791,4,2545,23/09/2025,11:13,11:28,0,7
9792,4,2761,23/09/2025,11:37,11:45,0,8
9793,4,2680,23/09/2025,11:51,12:10,0,9
9794,4,2387,23/09/2025,12:14,12:24,0,10
9795,4,2761,23/09/2025,12:28,12:44,0,11
9796,4,2458,24/09/2025,09:05,09:13,0,1
9797,4,2636,24/09/2025,09:18,09:32,0,2
9798,4,2534,24/09/2025,09:42,10:04,0,3
9799,4,2394,24/09/2025,10:08,10:31,0,4
9800,4,2389,24/09/2025,10:35,10:51,0,5
9801,4,2695,24/09/2025,10:55,11:10,0,6
9802,4,2449,24/09/2025,11:20,11:27,0,7
9803,4,2668,24/09/2025,11:37,11:53,0,8
9804,4,2623,24/09/2025,12:00,12:10,0,9
9805,4,2765,25/09/2025,09:25,09:43,0,1
9806,4,2723,25/09/2025,09:52,10:13,0,2
9807,4,2504,25/09/2025,10:22,10:31,0,3
9808,4,2620,25/09/2025,10:41,11:01,0,4
9809,4,2524,25/09/2025,11:10,11:39,0,5
9810,4,2433,25/09/2025,11:48,12:05,0,6
9811,4,2489,25/09/2025,12:09,12:16,0,7
9812,4,2557,25/09/2025,12:24,12:38,0,8
9813,4,2766,25/09/2025,12:46,13:15,0,9
9814,4,2415,25/09/2025,13:19,13:29,0,10
9815,4,2530,27/09/2025,09:13,09:28,0,1
9816,4,2748,27/09/2025,09:32,09:59,0,2
9817,4,2766,27/09/2025,10:04,10:13,0,3
9818,4,2532,27/09/2025,10:20,10:43,0,4
9819,4,2460,27/09/2025,10:55,11:22,0,5
9820,4,2762,27/09/2025,11:30,11:44,0,6
9821,4,2632,27/09/2025,11:51,12:04,0,7
9822,4,2723,28/09/2025,09:08,09:29,0,1
9823,4,2705,28/09/2025,09:39,09:52,0,2
9824,4,2530,28/09/2025,09:58,10:20,0,3
9825,4,2753,28/09/2025,10:27,10:34,0,4
9826,4,2726,28/09/2025,10:46,,0,5
9827,4,2661,28/09/2025,11:14,11:27,0,6
9828,4,2422,28/09/2025,11:38,,1,7
9829,4,2372,28/09/2025,11:59,12:10,0,8
9830,4,2724,28/09/2025,12:18,12:36,0,9
9831,4,2601,29/09/2025,09:14,09:41,0,1
9832,4,2425,29/09/2025,09:46,09:59,0,2
9833,4,2798,29/09/2025,10:07,10:32,0,3
9834,4,2679,29/09/2025,10:36,10:57,0,4
9835,4,2683,29/09/2025,11:04,11:12,0,5
9836,4,2370,29/09/2025,11:17,11:39,0,6
9837,4,2819,30/09/2025,09:09,09:25,0,1
9838,4,2680,30/09/2025,09:29,09:46,0,2
9839,4,2576,30/09/2025,09:53,10:08,0,3
9840,4,2388,30/09/2025,10:18,10:34,0,4
9841,4,2656,30/09/2025,10:38,11:02,0,5
9842,4,2527,30/09/2025,11:07,11:15,0,6
9843,4,2445,30/09/2025,11:19,11:29,0,7
9844,4,2380,30/09/2025,11:37,11:56,0,8
9845,4,2394,30/09/2025,12:01,12:21,0,9
9846,4,2538,01/10/2025,09:24,09:43,0,1
9847,4,2462,01/10/2025,09:50,09:57,0,2
9848,4,2658,01/10/2025,10:03,10:19,0,3
9849,4,2357,01/10/2025,10:29,10:50,0,4
9850,4,2572,01/10/2025,10:58,11:05,0,5
9851,4,2626,01/10/2025,11:09,11:24,0,6
9852,4,2468,01/10/2025,11:31,11:47,0,7
9853,4,2566,01/10/2025,11:55,12:06,0,8
9854,4,2545,01/10/2025,12:12,12:35,0,9
9855,4,2429,01/10/2025,12:43,12:56,0,10
9856,4,2450,01/10/2025,13:02,13:18,0,11
9857,4,2439,02/10/2025,09:13,09:24,0,1
9858,4,2634,02/10/2025,09:31,09:55,0,2
9859,4,2732,02/10/2025,09:59,10:16,0,3
9860,4,2472,02/10/2025,10:21,,0,4
9861,4,2420,02/10/2025,10:38,10:45,0,5
9862,4,2733,02/10/2025,10:52,,0,6
9863,4,2411,02/10/2025,11:06,11:17,0,7
9864,4,2761,02/10/2025,11:21,11:37,0,8
9865,4,2596,02/10/2025,11:41,11:56,0,9
9866,4,2354,02/10/2025,12:02,12:25,0,10
9867,4,2570,02/10/2025,12:32,12:39,0,11
9868,4,2435,04/10/2025,09:28,09:56,0,1
9869,4,2638,04/10/2025,10:00,10:18,0,2
9870,4,2480,04/10/2025,10:23,10:42,0,3
9871,4,2344,04/10/2025,10:47,11:09,0,4
9872,4,2764,04/10/2025,11:16,11:33,0,5
9873,4,2609,04/10/2025,11:40,11:54,0,6
9874,4,2394,05/10/2025,09:12,09:27,0,1
9875,4,2431,05/10/2025,09:34,09:50,0,2
9876,4,2465,05/10/2025,10:04,,1,3
9877,4,2566,05/10/2025,10:20,10:35,0,4
9878,4,2435,05/10/2025,10:39,10:52,0,5
9879,4,2570,05/10/2025,11:01,11:12,0,6
9880,4,2695,05/10/2025,11:16,11:31,0,7
9881,4,2725,05/10/2025,11:36,11:50,0,8
9882,4,2645,05/10/2025,11:58,12:17,0,9
9883,4,2556,05/10/2025,12:24,12:33,0,10
9884,4,2797,06/10/2025,09:11,09:39,0,1
9885,4,2439,06/10/2025,09:49,09:56,0,2
9886,4,2452,06/10/2025,10:03,10:17,0,3
9887,4,2623,06/10/2025,10:22,10:29,0,4
9888,4,2492,06/10/2025,10:33,10:46,0,5
9889,4,2429,06/10/2025,10:56,11:03,0,6
9890,4,2556,06/10/2025,11:13,,0,7
9891,4,2764,06/10/2025,11:34,11:51,0,8
9892,4,2431,06/10/2025,12:00,12:20,0,9
9893,4,2506,06/10/2025,12:30,12:38,0,10
9894,4,2654,07/10/2025,09:12,09:22,0,1
9895,4,2608,07/10/2025,09:33,09:48,0,2
9896,4,2679,07/10/2025,09:53,10:18,0,3
9897,4,2505,07/10/2025,10:28,,0,4
9898,4,2497,07/10/2025,10:57,11:08,0,5
9899,4,2779,07/10/2025,11:16,11:30,0,6
9900,4,2413,07/10/2025,11:36,11:57,0,7
9901,4,2567,07/10/2025,12:02,12:29,0,8
9902,4,2370,07/10/2025,12:36,12:53,0,9
9903,4,2755,07/10/2025,12:58,13:11,0,10
9904,4,2483,07/10/2025,13:16,13:30,0,11
9905,4,2409,08/10/2025,09:26,,0,1
9906,4,2616,08/10/2025,09:59,,0,2
9907,4,2698,08/10/2025,10:34,11:01,0,3
9908,4,2443,08/10/2025,11:05,11:21,0,4
9909,4,2719,08/10/2025,11:29,11:41,0,5
9910,4,2504,08/10/2025,11:48,12:03,0,6
9911,4,2645,08/10/2025,12:09,,0,7
9912,4,2541,09/10/2025,09:13,09:30,0,1
9913,4,2509,09/10/2025,09:39,10:10,0,2
9914,4,2601,09/10/2025,10:22,10:41,0,3
9915,4,2478,09/10/2025,10:49,11:15,0,4
9916,4,2654,09/10/2025,11:25,11:44,0,5
9917,4,2428,09/10/2025,11:55,12:11,0,6
9918,4,2594,09/10/2025,12:23,12:30,0,7
9919,4,2469,09/10/2025,12:35,12:49,0,8
9920,4,2708,09/10/2025,12:53,13:05,0,9
9921,4,2426,09/10/2025,13:10,13:33,0,10
9922,4,2492,11/10/2025,09:15,09:22,0,1
9923,4,2549,11/10/2025,09:32,,0,2
9924,4,2576,11/10/2025,09:55,10:02,0,3
9925,4,2755,11/10/2025,10:10,10:18,0,4
9926,4,2467,11/10/2025,10:28,10:45,0,5
9927,4,2537,11/10/2025,10:49,11:04,0,6
9928,4,2537,11/10/2025,11:10,11:32,0,7
9929,4,2481,11/10/2025,11:36,11:57,0,8
9930,4,2342,11/10/2025,12:01,12:11,0,9
9931,4,2477,11/10/2025,12:21,12:39,0,10
9932,4,2495,12/10/2025,09:19,09:28,0,1
9933,4,2677,12/10/2025,09:36,09:43,0,2
9934,4,2386,12/10/2025,09:48,09:58,0,3
9935,4,2412,12/10/2025,10:02,,0,4
9936,4,2552,12/10/2025,10:17,10:37,0,5
9937,4,2468,12/10/2025,10:44,11:00,0,6
9938,4,2638,12/10/2025,11:11,,0,7
9939,4,2402,12/10/2025,11:36,11:56,0,8
9940,4,2682,12/10/2025,12:07,12:14,0,9
9941,4,2343,13/10/2025,09:22,09:36,0,1
9942,4,2374,13/10/2025,09:43,09:59,0,2
9943,4,2494,13/10/2025,10:03,10:20,0,3
9944,4,2789,13/10/2025,10:29,10:38,0,4
9945,4,2611,13/10/2025,10:43,10:51,0,5
9946,4,2525,13/10/2025,10:57,11:13,0,6
9947,4,2695,13/10/2025,11:19,11:36,0,7
9948,4,2479,13/10/2025,11:40,11:50,0,8
9949,4,2421,13/10/2025,11:54,12:15,0,9
9950,4,2757,13/10/2025,12:19,12:28,0,10
9951,4,2469,14/10/2025,09:27,09:46,0,1
9952,4,2560,14/10/2025,09:56,10:15,0,2
9953,4,2508,14/10/2025,10:24,10:42,0,3
9954,4,2714,14/10/2025,10:50,11:17,0,4
9955,4,2362,14/10/2025,11:23,11:39,0,5
9956,4,2768,14/10/2025,11:47,12:06,0,6
9957,4,2372,14/10/2025,12:18,12:32,0,7
9958,4,2680,14/10/2025,12:42,13:02,0,8
9959,4,2531,15/10/2025,09:15,09:30,0,1
9960,4,2385,15/10/2025,09:34,09:49,0,2
9961,4,2410,15/10/2025,09:54,10:20,0,3
9962,4,2345,15/10/2025,10:32,10:54,0,4
9963,4,2526,15/10/2025,11:02,11:09,0,5
9964,4,2371,15/10/2025,11:16,,1,6
9965,4,2519,16/10/2025,09:08,09:24,0,1
9966,4,2449,16/10/2025,09:29,09:36,0,2
9967,4,2713,16/10/2025,09:43,09:58,0,3
9968,4,2589,16/10/2025,10:05,10:19,0,4
9969,4,2581,16/10/2025,10:23,10:44,0,5
9970,4,2690,16/10/2025,10:52,11:16,0,6
9971,4,2544,16/10/2025,11:26,11:42,0,7
9972,4,2631,16/10/2025,11:47,12:06,0,8
9973,4,2395,16/10/2025,12:11,12:29,0,9
9974,4,2351,16/10/2025,12:33,12:40,0,10
9975,4,2525,18/10/2025,09:08,09:23,0,1
9976,4,2492,18/10/2025,09:27,09:46,0,2
9977,4,2713,18/10/2025,09:50,09:57,0,3
9978,4,2516,18/10/2025,10:08,10:23,0,4
9979,4,2763,18/10/2025,10:30,10:58,0,5
9980,4,2595,18/10/2025,11:04,11:17,0,6
9981,4,2651,18/10/2025,11:24,11:46,0,7
9982,4,2389,18/10/2025,11:50,12:15,0,8
9983,4,2386,18/10/2025,12:24,12:33,0,9
9984,4,2489,19/10/2025,09:27,09:40,0,1
9985,4,2807,19/10/2025,09:52,10:19,0,2
9986,4,2770,19/10/2025,10:24,,0,3
9987,4,2588,19/10/2025,10:45,11:08,0,4
9988,4,2386,19/10/2025,11:17,11:24,0,5
9989,4,2716,19/10/2025,11:30,11:37,0,6
9990,4,2439,19/10/2025,11:41,11:48,0,7
9991,4,2424,19/10/2025,11:52,12:06,0,8
9992,4,2745,19/10/2025,12:17,12:24,0,9
9993,4,2366,19/10/2025,12:33,12:48,0,10
9994,4,2617,20/10/2025,09:35,09:42,0,1
9995,4,2521,20/10/2025,09:50,10:02,0,2
9996,4,2479,20/10/2025,10:14,10:24,0,3
9997,4,2764,20/10/2025,10:29,10:36,0,4
9998,4,2692,20/10/2025,10:43,10:50,0,5
9999,4,2793,20/10/2025,11:00,11:19,0,6
10000,4,2341,20/10/2025,11:23,11:30,0,7
10001,4,2404,20/10/2025,11:34,11:41,0,8
10002,4,2369,20/10/2025,11:45,12:02,0,9
10003,4,2629,21/10/2025,09:26,09:33,0,1
10004,4,2773,21/10/2025,09:37,09:44,0,2
10005,4,2782,21/10/2025,09:48,10:14,0,3
10006,4,2716,21/10/2025,10:18,10:38,0,4
10007,4,2665,21/10/2025,10:47,11:02,0,5
10008,4,2480,21/10/2025,11:06,11:20,0,6
10009,4,2461,21/10/2025,11:30,11:37,0,7
10010,4,2411,21/10/2025,11:46,11:53,0,8
10011,4,2709,22/10/2025,09:21,09:40,0,1
10012,4,2608,22/10/2025,09:46,09:54,0,2
10013,4,2347,22/10/2025,09:58,,0,3
10014,4,2635,22/10/2025,10:30,10:37,0,4
10015,4,2506,22/10/2025,10:41,10:57,0,5
10016,4,2472,22/10/2025,11:07,11:35,0,6
10017,4,2533,22/10/2025,11:45,11:55,0,7
10018,4,2416,23/10/2025,09:25,09:42,0,1
10019,4,2682,23/10/2025,09:49,09:56,0,2
10020,4,2540,23/10/2025,10:02,10:30,0,3
10021,4,2469,23/10/2025,10:37,10:59,0,4
10022,4,2745,23/10/2025,11:04,11:14,0,5
10023,4,2724,23/10/2025,11:22,11:29,0,6
10024,4,2638,23/10/2025,11:37,12:05,0,7
10025,4,2527,23/10/2025,12:13,12:24,0,8
10026,4,2649,25/10/2025,09:13,09:24,0,1
10027,4,2626,25/10/2025,09:33,09:58,0,2
10028,4,2662,25/10/2025,10:02,10:20,0,3
10029,4,2692,25/10/2025,10:25,10:34,0,4
10030,4,2345,25/10/2025,10:40,11:02,0,5
10031,4,2449,25/10/2025,11:06,11:29,0,6
10032,4,2423,26/10/2025,09:34,09:45,0,1
10033,4,2735,26/10/2025,09:56,10:16,0,2
10034,4,2769,26/10/2025,10:24,10:44,0,3
10035,4,2352,26/10/2025,10:53,11:09,0,4
10036,4,2747,26/10/2025,11:16,11:36,0,5
10037,4,2653,26/10/2025,11:47,,0,6
10038,4,2581,26/10/2025,12:11,12:39,0,7
10039,4,2745,27/10/2025,09:13,09:39,0,1
10040,4,2476,27/10/2025,09:43,09:56,0,2
10041,4,2584,27/10/2025,10:01,10:15,0,3
10042,4,2631,27/10/2025,10:23,10:40,0,4
10043,4,2785,27/10/2025,10:47,11:03,0,5
10044,4,2482,27/10/2025,11:08,11:27,0,6
10045,4,2470,27/10/2025,11:34,11:58,0,7
10046,4,2450,27/10/2025,12:08,12:15,0,8
10047,4,2467,28/10/2025,09:05,09:18,0,1
10048,4,2807,28/10/2025,09:24,09:39,0,2
10049,4,2713,28/10/2025,09:43,09:53,0,3
10050,4,2507,28/10/2025,10:10,10:26,0,4
10051,4,2703,28/10/2025,10:38,10:48,0,5
10052,4,2448,28/10/2025,10:56,11:22,0,6
10053,4,2509,28/10/2025,11:30,12:00,0,7
10054,4,2350,28/10/2025,12:04,12:13,0,8
10055,4,2420,28/10/2025,12:18,12:34,0,9
10056,4,2400,28/10/2025,12:38,12:51,0,10
10057,4,2608,28/10/2025,13:01,13:20,0,11
10058,4,2687,29/10/2025,09:35,09:52,0,1
10059,4,2475,29/10/2025,10:02,10:15,0,2
10060,4,2371,29/10/2025,10:19,10:29,0,3
10061,4,2476,29/10/2025,10:39,10:56,0,4
10062,4,2726,29/10/2025,11:07,11:28,0,5
10063,4,2515,29/10/2025,11:32,11:52,0,6
10064,4,2497,29/10/2025,11:56,12:17,0,7
10065,4,2541,30/10/2025,09:28,09:44,0,1
10066,4,2495,30/10/2025,09:52,10:25,0,2
10067,4,2581,30/10/2025,10:29,10:40,0,3
10068,4,2426,30/10/2025,10:45,11:04,0,4
10069,4,2342,30/10/2025,11:12,11:30,0,5
10070,4,2567,30/10/2025,11:34,11:51,0,6
10071,4,2583,30/10/2025,11:58,12:05,0,7
10072,4,2692,30/10/2025,12:09,12:22,0,8
10073,4,2365,01/11/2025,09:23,,1,1
10074,4,2565,01/11/2025,09:36,09:51,0,2
10075,4,2409,01/11/2025,10:06,10:22,0,3
10076,4,2528,01/11/2025,10:30,10:37,0,4
10077,4,2608,01/11/2025,10:45,11:02,0,5
10078,4,2517,01/11/2025,11:08,11:24,0,6
10079,4,2639,01/11/2025,11:29,11:49,0,7
10080,4,2494,01/11/2025,11:53,,0,8
10081,4,2637,01/11/2025,12:06,12:16,0,9
10082,4,2509,01/11/2025,12:27,12:40,0,10
10083,4,2546,02/11/2025,09:11,09:45,0,1
10084,4,2500,02/11/2025,09:50,09:59,0,2
10085,4,2702,02/11/2025,10:03,10:30,0,3
10086,4,2388,02/11/2025,10:37,10:44,0,4
10087,4,2781,02/11/2025,10:53,11:14,0,5
10088,4,2527,02/11/2025,11:18,11:33,0,6
10089,4,2360,02/11/2025,11:39,11:57,0,7
10090,4,2368,02/11/2025,12:06,12:35,0,8
10091,4,2597,02/11/2025,12:39,13:09,0,9
10092,4,2634,02/11/2025,13:16,13:34,0,10
10093,4,2482,03/11/2025,09:15,,0,1
10094,4,2546,03/11/2025,09:34,,1,2
10095,4,2417,03/11/2025,09:57,10:14,0,3
10096,4,2656,03/11/2025,10:21,10:37,0,4
10097,4,2530,03/11/2025,10:46,11:05,0,5
10098,4,2583,03/11/2025,11:09,11:25,0,6
10099,4,2653,03/11/2025,11:29,,0,7
10100,4,2566,03/11/2025,11:49,11:59,0,8
10101,4,2467,04/11/2025,09:26,09:49,0,1
10102,4,2650,04/11/2025,09:53,,1,2
10103,4,2651,04/11/2025,10:24,10:39,0,3
10104,4,2589,04/11/2025,10:51,11:03,0,4
10105,4,2397,04/11/2025,11:12,11:34,0,5
10106,4,2428,04/11/2025,11:40,11:55,0,6
10107,4,2715,05/11/2025,09:11,09:29,0,1
10108,4,2422,05/11/2025,09:38,09:48,0,2
10109,4,2446,05/11/2025,09:53,10:12,0,3
10110,4,2770,05/11/2025,10:16,10:39,0,4
10111,4,2525,05/11/2025,10:43,10:55,0,5
10112,4,2583,05/11/2025,11:05,11:27,0,6
10113,4,2807,05/11/2025,11:37,11:51,0,7
10114,4,2625,05/11/2025,12:01,12:26,0,8
10115,4,2635,05/11/2025,12:31,12:38,0,9
10116,4,2646,06/11/2025,09:29,09:36,0,1
10117,4,2690,06/11/2025,09:46,10:05,0,2
10118,4,2342,06/11/2025,10:09,10:27,0,3
10119,4,2391,06/11/2025,10:31,10:38,0,4
10120,4,2500,06/11/2025,10:49,11:01,0,5
10121,4,2781,06/11/2025,11:06,,0,6
10122,4,2629,06/11/2025,11:28,11:35,0,7
10123,4,2466,06/11/2025,11:45,12:11,0,8
10124,4,2544,06/11/2025,12:19,12:49,0,9
10125,4,2461,06/11/2025,12:57,13:04,0,10
10126,4,2789,06/11/2025,13:15,13:42,0,11
10127,4,2402,08/11/2025,09:11,09:32,0,1
10128,4,2557,08/11/2025,09:38,10:02,0,2
10129,4,2494,08/11/2025,10:08,10:17,0,3
10130,4,2587,08/11/2025,10:25,10:41,0,4
10131,4,2480,08/11/2025,10:45,,0,5
10132,4,2414,08/11/2025,10:57,11:10,0,6
10133,4,2518,08/11/2025,11:18,11:40,0,7
10134,4,2360,08/11/2025,11:44,12:07,0,8
10135,4,2437,08/11/2025,12:16,12:44,0,9
10136,4,2478,08/11/2025,12:55,,0,10
10137,4,2768,08/11/2025,13:20,13:36,0,11
10138,4,2531,09/11/2025,09:10,09:25,0,1
10139,4,2640,09/11/2025,09:29,09:44,0,2
10140,4,2797,09/11/2025,09:48,10:09,0,3
10141,4,2499,09/11/2025,10:16,10:35,0,4
10142,4,2437,09/11/2025,10:41,10:56,0,5
10143,4,2762,09/11/2025,11:01,,0,6
10144,4,2511,09/11/2025,11:21,,1,7
10145,4,2667,09/11/2025,11:44,,0,8
10146,4,2577,09/11/2025,12:12,12:24,0,9
10147,4,2443,09/11/2025,12:29,12:46,0,10
10148,4,2705,10/11/2025,09:17,09:30,0,1
10149,4,2429,10/11/2025,09:37,10:03,0,2
10150,4,2640,10/11/2025,10:14,10:26,0,3
10151,4,2631,10/11/2025,10:31,10:53,0,4
10152,4,2420,10/11/2025,10:58,11:10,0,5
10153,4,2642,10/11/2025,11:17,11:35,0,6
10154,4,2352,10/11/2025,11:43,12:04,0,7
10155,4,2753,11/11/2025,09:22,09:41,0,1
10156,4,2633,11/11/2025,09:45,10:12,0,2
10157,4,2595,11/11/2025,10:19,10:36,0,3
10158,4,2343,11/11/2025,10:49,11:08,0,4
10159,4,2478,11/11/2025,11:17,11:39,0,5
10160,4,2345,11/11/2025,11:47,12:00,0,6
10161,4,2358,11/11/2025,12:06,12:21,0,7
10162,4,2645,11/11/2025,12:26,12:49,0,8
10163,4,2651,12/11/2025,09:21,09:45,0,1
10164,4,2684,12/11/2025,09:52,10:01,0,2
10165,4,2683,12/11/2025,10:08,10:26,0,3
10166,4,2356,12/11/2025,10:35,10:45,0,4
10167,4,2527,12/11/2025,10:51,11:03,0,5
10168,4,2730,12/11/2025,11:14,11:37,0,6
10169,4,2657,12/11/2025,11:41,12:02,0,7
10170,4,2436,12/11/2025,12:11,,0,8
10171,4,2611,12/11/2025,12:32,12:39,0,9
10172,4,2662,12/11/2025,12:45,13:00,0,10
10173,4,2397,13/11/2025,09:16,09:33,0,1
10174,4,2358,13/11/2025,09:40,10:01,0,2
10175,4,2455,13/11/2025,10:10,10:29,0,3
10176,4,2483,13/11/2025,10:36,11:04,0,4
10177,4,2751,13/11/2025,11:09,11:17,0,5
10178,4,2444,13/11/2025,11:24,11:43,0,6
10179,4,2807,13/11/2025,11:51,12:05,0,7
10180,4,2819,15/11/2025,09:12,09:24,0,1
10181,4,2470,15/11/2025,09:31,09:48,0,2
10182,4,2598,15/11/2025,09:56,10:17,0,3
10183,4,2728,15/11/2025,10:28,10:36,0,4
10184,4,2761,15/11/2025,10:40,10:58,0,5
10185,4,2347,15/11/2025,11:05,11:36,0,6
10186,4,2506,15/11/2025,11:45,12:05,0,7
10187,4,2573,15/11/2025,12:09,12:16,0,8
10188,4,2781,16/11/2025,09:21,09:34,0,1
10189,4,2750,16/11/2025,09:43,09:55,0,2
10190,4,2567,16/11/2025,10:00,10:25,0,3
10191,4,2570,16/11/2025,10:35,10:46,0,4
10192,4,2680,16/11/2025,10:50,11:05,0,5
10193,4,2726,16/11/2025,11:11,11:37,0,6
10194,4,2439,17/11/2025,09:22,09:29,0,1
10195,4,2358,17/11/2025,09:37,10:10,0,2
10196,4,2732,17/11/2025,10:16,10:35,0,3
10197,4,2791,17/11/2025,10:41,10:51,0,4
10198,4,2719,17/11/2025,11:01,11:11,0,5
10199,4,2611,17/11/2025,11:19,11:26,0,6
10200,4,2432,17/11/2025,11:33,11:42,0,7
10201,4,2587,17/11/2025,11:51,12:11,0,8
10202,4,2453,17/11/2025,12:15,12:22,0,9
10203,4,2346,18/11/2025,09:12,09:27,0,1
10204,4,2607,18/11/2025,09:36,10:01,0,2
10205,4,2587,18/11/2025,10:09,,1,3
10206,4,2556,18/11/2025,10:30,10:49,0,4
10207,4,2563,18/11/2025,11:02,11:18,0,5
10208,4,2625,18/11/2025,11:28,11:45,0,6
10209,4,2672,18/11/2025,11:52,12:09,0,7
10210,4,2404,18/11/2025,12:13,12:20,0,8
10211,4,2719,19/11/2025,09:38,09:57,0,1
10212,4,2445,19/11/2025,10:08,10:24,0,2
10213,4,2726,19/11/2025,10:28,10:45,0,3
10214,4,2661,19/11/2025,10:55,11:22,0,4
10215,4,2559,19/11/2025,11:26,11:47,0,5
10216,4,2769,19/11/2025,11:55,12:12,0,6
10217,4,2578,19/11/2025,12:18,12:28,0,7
10218,4,2507,19/11/2025,12:35,12:53,0,8
10219,4,2585,19/11/2025,13:03,13:20,0,9
10220,4,2632,19/11/2025,13:34,13:51,0,10
10221,4,2735,20/11/2025,09:15,09:33,0,1
10222,4,2357,20/11/2025,09:40,,0,2
10223,4,2434,20/11/2025,10:12,10:31,0,3
10224,4,2791,20/11/2025,10:38,,0,4
10225,4,2390,20/11/2025,11:10,11:31,0,5
10226,4,2750,20/11/2025,11:38,11:55,0,6
10227,4,2522,20/11/2025,12:04,12:18,0,7
10228,4,2740,20/11/2025,12:22,12:47,0,8
10229,4,2522,20/11/2025,12:52,13:11,0,9
10230,4,2438,22/11/2025,09:25,09:45,0,1
10231,4,2738,22/11/2025,09:51,10:07,0,2
10232,4,2554,22/11/2025,10:15,10:42,0,3
10233,4,2560,22/11/2025,10:53,11:10,0,4
10234,4,2714,22/11/2025,11:19,,1,5
10235,4,2347,22/11/2025,11:55,12:23,0,6
10236,4,2537,22/11/2025,12:32,13:00,0,7
10237,4,2752,22/11/2025,13:08,13:33,0,8
10238,4,2765,22/11/2025,13:37,13:58,0,9
10239,4,2789,22/11/2025,14:09,14:19,0,10
10240,4,2402,23/11/2025,09:09,,1,1
10241,4,2692,23/11/2025,09:37,,0,2
10242,4,2445,23/11/2025,09:51,10:03,0,3
10243,4,2347,23/11/2025,10:13,10:26,0,4
10244,4,2755,23/11/2025,10:37,11:03,0,5
10245,4,2434,23/11/2025,11:07,11:26,0,6
10246,4,2495,23/11/2025,11:35,11:51,0,7
10247,4,2346,24/11/2025,09:23,09:41,0,1
10248,4,2587,24/11/2025,09:48,10:07,0,2
10249,4,2677,24/11/2025,10:19,10:30,0,3
10250,4,2639,24/11/2025,10:36,11:04,0,4
10251,4,2491,24/11/2025,11:08,11:15,0,5
10252,4,2761,24/11/2025,11:22,11:44,0,6
10253,4,2752,25/11/2025,09:11,09:35,0,1
10254,4,2364,25/11/2025,09:44,10:03,0,2
10255,4,2672,25/11/2025,10:07,10:19,0,3
10256,4,2709,25/11/2025,10:26,10:59,0,4
10257,4,2760,25/11/2025,11:04,11:20,0,5
10258,4,2347,25/11/2025,11:27,11:45,0,6
10259,4,2358,25/11/2025,11:51,12:01,0,7
10260,4,2775,25/11/2025,12:08,12:22,0,8
10261,4,2381,25/11/2025,12:30,12:56,0,9
10262,4,2703,26/11/2025,09:37,10:01,0,1
10263,4,2477,26/11/2025,10:10,10:30,0,2
10264,4,2574,26/11/2025,10:39,10:53,0,3
10265,4,2514,26/11/2025,10:59,11:09,0,4
10266,4,2355,26/11/2025,11:13,,0,5
10267,4,2681,26/11/2025,11:39,11:55,0,6
10268,4,2708,27/11/2025,09:35,09:42,0,1
10269,4,2760,27/11/2025,09:48,09:57,0,2
10270,4,2624,27/11/2025,10:03,10:27,0,3
10271,4,2758,27/11/2025,10:35,10:57,0,4
10272,4,2410,27/11/2025,11:05,11:12,0,5
10273,4,2627,27/11/2025,11:17,11:52,0,6
10274,4,2562,27/11/2025,12:00,12:29,0,7
10275,4,2767,27/11/2025,12:33,12:43,0,8
10276,4,2528,27/11/2025,12:53,13:03,0,9
10277,4,2504,27/11/2025,13:11,13:20,0,10
10278,4,2594,27/11/2025,13:27,13:38,0,11
10279,4,2732,29/11/2025,09:30,09:45,0,1
10280,4,2348,29/11/2025,09:51,10:04,0,2
10281,4,2650,29/11/2025,10:08,10:28,0,3
10282,4,2399,29/11/2025,10:32,10:49,0,4
10283,4,2620,29/11/2025,10:55,11:10,0,5
10284,4,2600,29/11/2025,11:14,11:25,0,6
10285,4,2481,29/11/2025,11:34,,0,7
10286,4,2426,29/11/2025,12:01,12:24,0,8
10287,4,2784,29/11/2025,12:30,12:52,0,9
10288,4,2599,29/11/2025,12:59,13:09,0,10
10289,4,2784,29/11/2025,13:19,13:52,0,11
10290,4,2513,30/11/2025,09:36,09:56,0,1
10291,4,2494,30/11/2025,10:00,10:07,0,2
10292,4,2512,30/11/2025,10:14,10:34,0,3
10293,4,2366,30/11/2025,10:38,10:54,0,4
10294,4,2584,30/11/2025,10:58,,0,5
10295,4,2525,30/11/2025,11:23,11:30,0,6
10296,4,2417,01/12/2025,09:24,09:53,0,1
10297,4,2579,01/12/2025,10:01,10:18,0,2
10298,4,2740,01/12/2025,10:24,10:48,0,3
10299,4,2595,01/12/2025,10:54,11:07,0,4
10300,4,2535,01/12/2025,11:14,11:26,0,5
10301,4,2495,01/12/2025,11:34,11:51,0,6
10302,4,2513,01/12/2025,11:56,12:16,0,7
10303,4,2765,01/12/2025,12:26,12:37,0,8
10304,4,2501,01/12/2025,12:41,12:56,0,9
10305,4,2765,01/12/2025,13:00,13:17,0,10
10306,4,2416,01/12/2025,13:25,13:41,0,11
10307,4,2647,02/12/2025,09:27,09:46,0,1
10308,4,2660,02/12/2025,09:54,10:11,0,2
10309,4,2417,02/12/2025,10:18,10:31,0,3
10310,4,2345,02/12/2025,10:35,10:58,0,4
10311,4,2726,02/12/2025,11:02,11:27,0,5
10312,4,2450,02/12/2025,11:35,11:51,0,6
10313,4,2538,02/12/2025,11:58,12:17,0,7
10314,4,2381,02/12/2025,12:21,12:44,0,8
10315,4,2541,02/12/2025,12:49,13:18,0,9
10316,4,2431,03/12/2025,09:27,09:34,0,1
10317,4,2661,03/12/2025,09:41,09:52,0,2
10318,4,2525,03/12/2025,10:01,10:11,0,3
10319,4,2595,03/12/2025,10:22,10:44,0,4
10320,4,2552,03/12/2025,10:49,11:15,0,5
10321,4,2448,03/12/2025,11:20,,1,6
10322,4,2538,03/12/2025,11:42,11:55,0,7
10323,4,2715,03/12/2025,12:03,,0,8
10324,4,2426,03/12/2025,12:26,12:37,0,9
10325,4,2657,03/12/2025,12:45,,0,10
10326,4,2387,03/12/2025,13:15,,0,11
10327,4,2525,04/12/2025,09:28,09:40,0,1
10328,4,2487,04/12/2025,09:45,10:04,0,2
10329,4,2692,04/12/2025,10:09,,1,3
10330,4,2435,04/12/2025,10:21,10:41,0,4
10331,4,2527,04/12/2025,10:53,11:13,0,5
10332,4,2472,04/12/2025,11:26,11:33,0,6
10333,4,2702,04/12/2025,11:40,11:54,0,7
10334,4,2766,04/12/2025,11:58,12:18,0,8
10335,4,2769,06/12/2025,09:24,,0,1
10336,4,2509,06/12/2025,09:43,09:54,0,2
10337,4,2656,06/12/2025,09:58,10:16,0,3
10338,4,2661,06/12/2025,10:21,10:45,0,4
10339,4,2748,06/12/2025,10:54,11:18,0,5
10340,4,2394,06/12/2025,11:24,11:52,0,6
10341,4,2354,06/12/2025,12:00,12:13,0,7
10342,4,2604,06/12/2025,12:23,12:45,0,8
10343,4,2450,07/12/2025,09:15,09:28,0,1
10344,4,2788,07/12/2025,09:41,10:01,0,2
10345,4,2404,07/12/2025,10:09,10:30,0,3
10346,4,2405,07/12/2025,10:34,10:42,0,4
10347,4,2518,07/12/2025,10:46,11:01,0,5
10348,4,2355,07/12/2025,11:08,11:44,0,6
10349,4,2341,07/12/2025,11:51,12:05,0,7
10350,4,2635,07/12/2025,12:13,12:23,0,8
10351,4,2476,08/12/2025,09:17,09:41,0,1
10352,4,2728,08/12/2025,09:49,10:03,0,2
10353,4,2455,08/12/2025,10:10,10:36,0,3
10354,4,2382,08/12/2025,10:42,10:49,0,4
10355,4,2799,08/12/2025,10:58,11:21,0,5
10356,4,2719,08/12/2025,11:25,11:37,0,6
10357,4,2362,08/12/2025,11:42,12:14,0,7
10358,4,2357,09/12/2025,09:16,09:47,0,1
10359,4,2499,09/12/2025,09:56,10:17,0,2
10360,4,2565,09/12/2025,10:26,10:44,0,3
10361,4,2807,09/12/2025,10:50,11:06,0,4
10362,4,2463,09/12/2025,11:12,11:21,0,5
10363,4,2372,09/12/2025,11:25,11:40,0,6
10364,4,2468,09/12/2025,11:47,12:09,0,7
10365,4,2559,09/12/2025,12:15,12:29,0,8
10366,4,2357,09/12/2025,12:40,13:00,0,9
10367,4,2433,10/12/2025,09:23,09:36,0,1
10368,4,2421,10/12/2025,09:40,09:55,0,2
10369,4,2511,10/12/2025,09:59,10:10,0,3
10370,4,2770,10/12/2025,10:15,10:27,0,4
10371,4,2424,10/12/2025,10:37,,0,5
10372,4,2430,10/12/2025,10:53,11:13,0,6
10373,4,2445,11/12/2025,09:22,09:36,0,1
10374,4,2371,11/12/2025,09:41,09:55,0,2
10375,4,2772,11/12/2025,10:04,10:15,0,3
10376,4,2603,11/12/2025,10:20,10:38,0,4
10377,4,2431,11/12/2025,10:45,11:09,0,5
10378,4,2561,11/12/2025,11:13,11:30,0,6
10379,4,2511,11/12/2025,11:36,12:00,0,7
10380,4,2656,13/12/2025,09:29,09:53,0,1
10381,4,2558,13/12/2025,10:01,,0,2
10382,4,2776,13/12/2025,10:13,,1,3
10383,4,2587,13/12/2025,10:31,10:51,0,4
10384,4,2781,13/12/2025,11:01,11:17,0,5
10385,4,2373,13/12/2025,11:26,11:49,0,6
10386,4,2770,13/12/2025,11:55,12:16,0,7
10387,4,2490,13/12/2025,12:25,12:40,0,8
10388,4,2724,13/12/2025,12:44,12:56,0,9
10389,4,2390,13/12/2025,13:02,13:14,0,10
10390,4,2343,13/12/2025,13:26,13:50,0,11
10391,4,2573,14/12/2025,09:14,09:25,0,1
10392,4,2397,14/12/2025,09:30,09:37,0,2
10393,4,2618,14/12/2025,09:41,09:48,0,3
10394,4,2587,14/12/2025,09:55,10:12,0,4
10395,4,2430,14/12/2025,10:16,10:36,0,5
10396,4,2652,14/12/2025,10:43,11:13,0,6
10397,4,2487,14/12/2025,11:17,11:35,0,7
10398,4,2443,15/12/2025,09:14,09:25,0,1
10399,4,2549,15/12/2025,09:29,10:05,0,2
10400,4,2596,15/12/2025,10:10,10:32,0,3
10401,4,2595,15/12/2025,10:36,10:45,0,4
10402,4,2713,15/12/2025,10:50,11:04,0,5
10403,4,2488,15/12/2025,11:08,11:34,0,6
10404,4,2366,16/12/2025,09:12,09:20,0,1
10405,4,2383,16/12/2025,09:25,09:32,0,2
10406,4,2666,16/12/2025,09:44,10:06,0,3
10407,4,2547,16/12/2025,10:11,10:23,0,4
10408,4,2776,16/12/2025,10:30,10:49,0,5
10409,4,2355,16/12/2025,10:53,11:19,0,6
10410,4,2431,16/12/2025,11:32,11:54,0,7
10411,4,2655,17/12/2025,09:22,09:39,0,1
10412,4,2566,17/12/2025,09:48,10:09,0,2
10413,4,2411,17/12/2025,10:16,10:41,0,3
10414,4,2733,17/12/2025,10:45,11:00,0,4
10415,4,2540,17/12/2025,11:11,,0,5
10416,4,2731,17/12/2025,11:31,11:43,0,6
10417,4,2527,18/12/2025,09:37,09:50,0,1
10418,4,2785,18/12/2025,09:55,10:10,0,2
10419,4,2445,18/12/2025,10:20,10:31,0,3
10420,4,2762,18/12/2025,10:35,10:57,0,4
10421,4,2750,18/12/2025,11:04,11:21,0,5
10422,4,2504,18/12/2025,11:26,11:44,0,6
10423,4,2632,18/12/2025,11:48,12:06,0,7
10424,4,2546,20/12/2025,09:20,09:46,0,1
10425,4,2715,20/12/2025,09:50,10:09,0,2
10426,4,2473,20/12/2025,10:15,10:36,0,3
10427,4,2665,20/12/2025,10:45,10:59,0,4
10428,4,2754,20/12/2025,11:03,11:23,0,5
10429,4,2687,20/12/2025,11:28,11:53,0,6
10430,4,2553,20/12/2025,12:01,12:14,0,7
10431,4,2692,21/12/2025,09:13,09:20,0,1
10432,4,2777,21/12/2025,09:30,,1,2
10433,4,2415,21/12/2025,09:58,10:09,0,3
10434,4,2764,21/12/2025,10:16,10:32,0,4
10435,4,2745,21/12/2025,10:38,10:50,0,5
10436,4,2395,21/12/2025,11:01,11:11,0,6
10437,4,2501,21/12/2025,11:15,11:25,0,7
10438,4,2388,21/12/2025,11:37,11:59,0,8
10439,4,2789,21/12/2025,12:04,12:17,0,9
10440,4,2719,21/12/2025,12:27,12:34,0,10
10441,4,2530,21/12/2025,12:38,13:02,0,11
10442,4,2455,22/12/2025,09:16,09:35,0,1
10443,4,2513,22/12/2025,09:40,09:59,0,2
10444,4,2577,22/12/2025,10:09,10:16,0,3
10445,4,2666,22/12/2025,10:25,10:49,0,4
10446,4,2429,22/12/2025,11:00,11:26,0,5
10447,4,2637,22/12/2025,11:34,11:49,0,6
10448,4,2434,22/12/2025,11:53,12:00,0,7
10449,4,2567,23/12/2025,09:25,09:44,0,1
10450,4,2688,23/12/2025,09:50,10:00,0,2
10451,4,2748,23/12/2025,10:12,10:28,0,3
10452,4,2439,23/12/2025,10:32,10:39,0,4
10453,4,2702,23/12/2025,10:43,11:01,0,5
10454,4,2472,23/12/2025,11:05,11:12,0,6
10455,4,2505,23/12/2025,11:19,11:26,0,7
10456,4,2582,23/12/2025,11:34,,0,8
10457,4,2450,24/12/2025,09:14,09:23,0,1
10458,4,2675,24/12/2025,09:27,09:42,0,2
10459,4,2363,24/12/2025,09:51,10:10,0,3
10460,4,2454,24/12/2025,10:18,10:26,0,4
10461,4,2531,24/12/2025,10:30,10:48,0,5
10462,4,2705,24/12/2025,10:54,11:06,0,6
10463,4,2498,24/12/2025,11:12,11:28,0,7
10464,4,2713,24/12/2025,11:33,11:47,0,8
10465,4,2694,24/12/2025,11:51,,1,9
10466,4,2438,24/12/2025,12:12,12:25,0,10
10467,4,2413,24/12/2025,12:31,13:01,0,11
10468,4,2538,25/12/2025,09:24,09:44,0,1
10469,4,2391,25/12/2025,09:48,09:59,0,2
10470,4,2551,25/12/2025,10:03,10:10,0,3
10471,4,2690,25/12/2025,10:15,10:28,0,4
10472,4,2534,25/12/2025,10:38,10:45,0,5
10473,4,2435,25/12/2025,10:49,11:11,0,6
10474,4,2505,25/12/2025,11:17,11:30,0,7
10475,4,2544,25/12/2025,11:39,11:57,0,8
10476,4,2743,25/12/2025,12:08,12:34,0,9
10477,4,2402,25/12/2025,12:44,13:12,0,10
10478,4,2531,27/12/2025,09:34,09:57,0,1
10479,4,2385,27/12/2025,10:02,10:17,0,2
10480,4,2462,27/12/2025,10:26,10:52,0,3
10481,4,2656,27/12/2025,10:56,11:17,0,4
10482,4,2446,27/12/2025,11:24,11:41,0,5
10483,4,2594,27/12/2025,11:51,12:04,0,6
10484,4,2769,27/12/2025,12:08,12:23,0,7
10485,4,2460,27/12/2025,12:32,12:55,0,8
10486,4,2556,27/12/2025,13:04,13:11,0,9
10487,4,2707,27/12/2025,13:16,13:23,0,10
10488,4,2506,27/12/2025,13:30,13:52,0,11
10489,4,2493,28/12/2025,09:23,09:48,0,1
10490,4,2393,28/12/2025,09:55,10:10,0,2
10491,4,2646,28/12/2025,10:19,10:26,0,3
10492,4,2637,28/12/2025,10:30,10:37,0,4
10493,4,2386,28/12/2025,10:46,11:07,0,5
10494,4,2704,28/12/2025,11:14,11:27,0,6
10495,4,2351,28/12/2025,11:34,11:45,0,7
10496,4,2733,29/12/2025,09:14,09:37,0,1
10497,4,2491,29/12/2025,09:41,09:48,0,2
10498,4,2601,29/12/2025,09:59,10:20,0,3
10499,4,2518,29/12/2025,10:29,10:46,0,4
10500,4,2438,29/12/2025,10:50,10:58,0,5
10501,4,2586,29/12/2025,11:04,11:20,0,6
10502,4,2727,29/12/2025,11:28,11:41,0,7
10503,4,2388,29/12/2025,11:46,12:03,0,8
10504,4,2463,29/12/2025,12:07,12:14,0,9
10505,4,2671,30/12/2025,09:23,09:38,0,1
10506,4,2467,30/12/2025,09:42,09:53,0,2
10507,4,2670,30/12/2025,09:57,10:04,0,3
10508,4,2600,30/12/2025,10:08,10:34,0,4
10509,4,2595,30/12/2025,10:38,10:55,0,5
10510,4,2779,30/12/2025,10:59,11:18,0,6
10511,4,2754,30/12/2025,11:24,11:39,0,7
10512,4,2531,31/12/2025,09:10,09:25,0,1
10513,4,2466,31/12/2025,09:37,09:56,0,2
10514,4,2372,31/12/2025,10:00,10:19,0,3
10515,4,2610,31/12/2025,10:26,10:51,0,4
10516,4,2609,31/12/2025,11:00,11:21,0,5
10517,4,2740,31/12/2025,11:26,11:43,0,6
10518,4,2521,31/12/2025,11:47,11:58,0,7
10519,4,2375,31/12/2025,12:04,12:25,0,8
10520,4,2470,01/01/2026,09:20,09:38,0,1
10521,4,2598,01/01/2026,09:45,,0,2
10522,4,2393,01/01/2026,10:30,10:52,0,3
10523,4,2697,01/01/2026,11:01,11:08,0,4
10524,4,2452,01/01/2026,11:12,11:39,0,5
10525,4,2437,01/01/2026,11:43,12:01,0,6
10526,4,2598,01/01/2026,12:11,12:22,0,7
10527,4,2712,01/01/2026,12:34,12:47,0,8
10528,4,2505,01/01/2026,12:51,13:21,0,9
10529,4,2771,01/01/2026,13:25,13:56,0,10
10530,4,2445,01/01/2026,14:02,14:12,0,11
10531,4,2443,03/01/2026,09:27,09:46,0,1
10532,4,2624,03/01/2026,09:50,10:01,0,2
10533,4,2793,03/01/2026,10:05,10:24,0,3
10534,4,2477,03/01/2026,10:31,10:50,0,4
10535,4,2674,03/01/2026,10:54,11:17,0,5
10536,4,2454,03/01/2026,11:26,11:40,0,6
10537,4,2765,03/01/2026,11:44,12:05,0,7
10538,4,2634,03/01/2026,12:12,12:31,0,8
10539,4,2758,03/01/2026,12:35,13:03,0,9
10540,4,2533,04/01/2026,09:26,09:41,0,1
10541,4,2771,04/01/2026,09:48,10:12,0,2
10542,4,2771,04/01/2026,10:22,10:40,0,3
10543,4,2433,04/01/2026,10:46,11:03,0,4
10544,4,2534,04/01/2026,11:08,11:15,0,5
10545,4,2527,04/01/2026,11:19,,1,6
10546,4,2478,05/01/2026,09:19,09:45,0,1
10547,4,2584,05/01/2026,09:49,10:06,0,2
10548,4,2517,05/01/2026,10:15,10:33,0,3
10549,4,2460,05/01/2026,10:37,10:58,0,4
10550,4,2566,05/01/2026,11:03,11:30,0,5
10551,4,2397,05/01/2026,11:39,11:57,0,6
10552,4,2386,05/01/2026,12:01,12:11,0,7
10553,4,2533,05/01/2026,12:15,12:33,0,8
10554,4,2767,05/01/2026,12:37,12:50,0,9
10555,4,2537,05/01/2026,12:54,13:09,0,10
10556,4,2768,05/01/2026,13:13,13:22,0,11
10557,4,2679,06/01/2026,09:18,09:44,0,1
10558,4,2769,06/01/2026,09:56,10:09,0,2
10559,4,2653,06/01/2026,10:15,10:33,0,3
10560,4,2728,06/01/2026,10:37,10:53,0,4
10561,4,2773,06/01/2026,11:05,11:12,0,5
10562,4,2481,06/01/2026,11:16,11:32,0,6
10563,4,2677,07/01/2026,09:24,09:36,0,1
10564,4,2445,07/01/2026,09:44,09:51,0,2
10565,4,2588,07/01/2026,10:02,10:21,0,3
10566,4,2554,07/01/2026,10:30,10:37,0,4
10567,4,2705,07/01/2026,10:46,10:53,0,5
10568,4,2404,07/01/2026,11:04,11:24,0,6
10569,4,2633,07/01/2026,11:35,11:44,0,7
10570,4,2730,07/01/2026,11:54,12:09,0,8
10571,4,2702,08/01/2026,09:19,09:41,0,1
10572,4,2410,08/01/2026,09:46,10:10,0,2
10573,4,2351,08/01/2026,10:14,10:28,0,3
10574,4,2632,08/01/2026,10:33,10:48,0,4
10575,4,2398,08/01/2026,10:52,,0,5
10576,4,2516,08/01/2026,11:18,11:39,0,6
10577,4,2766,08/01/2026,11:43,11:53,0,7
10578,4,2785,08/01/2026,11:57,12:22,0,8
10579,4,2750,10/01/2026,09:28,09:47,0,1
10580,4,2495,10/01/2026,09:54,10:03,0,2
10581,4,2504,10/01/2026,10:12,10:21,0,3
10582,4,2357,10/01/2026,10:25,10:40,0,4
10583,4,2819,10/01/2026,10:47,11:03,0,5
10584,4,2623,10/01/2026,11:07,11:21,0,6
10585,4,2542,10/01/2026,11:26,11:37,0,7
10586,4,2447,10/01/2026,11:42,12:04,0,8
10587,4,2343,11/01/2026,09:17,09:28,0,1
10588,4,2751,11/01/2026,09:35,10:01,0,2
10589,4,2425,11/01/2026,10:06,10:25,0,3
10590,4,2764,11/01/2026,10:29,10:39,0,4
10591,4,2546,11/01/2026,10:44,11:11,0,5
10592,4,2716,11/01/2026,11:18,11:32,0,6
10593,4,2465,11/01/2026,11:36,11:47,0,7
10594,4,2646,11/01/2026,11:53,12:00,0,8
10595,4,2473,12/01/2026,09:31,09:48,0,1
10596,4,2421,12/01/2026,09:57,10:05,0,2
10597,4,2469,12/01/2026,10:11,10:25,0,3
10598,4,2446,12/01/2026,10:29,10:49,0,4
10599,4,2631,12/01/2026,10:58,11:17,0,5
10600,4,2369,12/01/2026,11:22,11:48,0,6
10601,4,2770,12/01/2026,11:54,12:10,0,7
10602,4,2478,12/01/2026,12:18,12:35,0,8
10603,4,2492,12/01/2026,12:47,13:01,0,9
10604,4,2351,13/01/2026,09:13,09:23,0,1
10605,4,2522,13/01/2026,09:27,,0,2
10606,4,2371,13/01/2026,09:59,10:15,0,3
10607,4,2767,13/01/2026,10:19,10:26,0,4
10608,4,2784,13/01/2026,10:30,10:55,0,5
10609,4,2609,13/01/2026,11:01,,0,6
10610,4,2673,13/01/2026,11:30,11:37,0,7
10611,4,2609,13/01/2026,11:43,12:09,0,8
10612,4,2400,13/01/2026,12:18,12:41,0,9
10613,4,2446,13/01/2026,12:49,13:05,0,10
10614,4,2616,13/01/2026,13:09,13:29,0,11
10615,4,2623,14/01/2026,09:23,09:36,0,1
10616,4,2342,14/01/2026,09:42,09:49,0,2
10617,4,2368,14/01/2026,09:58,10:14,0,3
10618,4,2768,14/01/2026,10:19,10:30,0,4
10619,4,2343,14/01/2026,10:36,10:48,0,5
10620,4,2579,14/01/2026,10:56,11:13,0,6
10621,4,2509,14/01/2026,11:22,11:42,0,7
10622,4,2535,14/01/2026,11:52,11:59,0,8
10623,4,2375,14/01/2026,12:07,12:23,0,9
10624,4,2390,14/01/2026,12:34,12:58,0,10
10625,4,2769,14/01/2026,13:02,13:26,0,11
10626,4,2690,15/01/2026,09:10,09:41,0,1
10627,4,2588,15/01/2026,09:51,10:04,0,2
10628,4,2723,15/01/2026,10:10,10:19,0,3
10629,4,2614,15/01/2026,10:25,10:45,0,4
10630,4,2543,15/01/2026,10:49,10:58,0,5
10631,4,2387,15/01/2026,11:03,11:14,0,6
10632,4,2658,15/01/2026,11:18,11:45,0,7
10633,4,2593,17/01/2026,09:09,09:32,0,1
10634,4,2439,17/01/2026,09:42,09:56,0,2
10635,4,2505,17/01/2026,10:01,10:33,0,3
10636,4,2733,17/01/2026,10:40,10:58,0,4
10637,4,2671,17/01/2026,11:04,11:11,0,5
10638,4,2750,17/01/2026,11:15,11:31,0,6
10639,4,2503,17/01/2026,11:38,11:51,0,7
10640,4,2575,17/01/2026,11:55,12:12,0,8
10641,4,2415,17/01/2026,12:17,12:30,0,9
10642,4,2596,17/01/2026,12:34,12:55,0,10
10643,4,2362,18/01/2026,09:12,09:25,0,1
10644,4,2732,18/01/2026,09:35,09:48,0,2
10645,4,2436,18/01/2026,09:55,,0,3
10646,4,2603,18/01/2026,10:22,10:38,0,4
10647,4,2793,18/01/2026,10:45,11:10,0,5
10648,4,2512,18/01/2026,11:16,,0,6
10649,4,2757,18/01/2026,11:44,11:51,0,7
10650,4,2560,18/01/2026,12:01,12:18,0,8
10651,4,2674,18/01/2026,12:28,12:41,0,9
10652,4,2720,18/01/2026,12:45,,1,10
10653,4,2455,19/01/2026,09:23,,1,1
10654,4,2503,19/01/2026,09:42,10:06,0,2
10655,4,2538,19/01/2026,10:12,10:35,0,3
10656,4,2589,19/01/2026,10:42,10:59,0,4
10657,4,2352,19/01/2026,11:09,11:39,0,5
10658,4,2563,19/01/2026,11:45,12:02,0,6
10659,4,2362,19/01/2026,12:07,12:44,0,7
10660,4,2725,19/01/2026,12:48,13:09,0,8
10661,4,2716,19/01/2026,13:15,,0,9
10662,4,2618,20/01/2026,09:10,09:17,0,1
10663,4,2760,20/01/2026,09:21,09:33,0,2
10664,4,2583,20/01/2026,09:42,09:49,0,3
10665,4,2751,20/01/2026,09:59,10:22,0,4
10666,4,2655,20/01/2026,10:30,10:39,0,5
10667,4,2656,20/01/2026,10:43,11:00,0,6
10668,4,2545,21/01/2026,09:17,09:46,0,1
10669,4,2340,21/01/2026,09:54,10:12,0,2
10670,4,2747,21/01/2026,10:17,10:36,0,3
10671,4,2784,21/01/2026,10:43,11:02,0,4
10672,4,2365,21/01/2026,11:06,11:13,0,5
10673,4,2665,21/01/2026,11:20,11:34,0,6
10674,4,2410,21/01/2026,11:44,12:05,0,7
10675,4,2526,21/01/2026,12:09,,1,8
10676,4,2646,22/01/2026,09:33,09:40,0,1
10677,4,2371,22/01/2026,09:49,10:03,0,2
10678,4,2548,22/01/2026,10:08,10:27,0,3
10679,4,2544,22/01/2026,10:34,11:01,0,4
10680,4,2556,22/01/2026,11:08,11:20,0,5
10681,4,2766,22/01/2026,11:24,11:50,0,6
10682,4,2674,22/01/2026,11:58,12:08,0,7
10683,4,2600,24/01/2026,09:16,09:49,0,1
10684,4,2383,24/01/2026,09:53,10:03,0,2
10685,4,2656,24/01/2026,10:09,10:23,0,3
10686,4,2730,24/01/2026,10:29,11:00,0,4
10687,4,2455,24/01/2026,11:07,11:23,0,5
10688,4,2378,24/01/2026,11:30,11:43,0,6
10689,4,2710,24/01/2026,11:48,11:57,0,7
10690,4,2546,24/01/2026,12:02,12:22,0,8
10691,4,2752,24/01/2026,12:26,12:49,0,9
10692,4,2444,25/01/2026,09:11,09:27,0,1
10693,4,2581,25/01/2026,09:31,09:52,0,2
10694,4,2504,25/01/2026,09:57,10:11,0,3
10695,4,2507,25/01/2026,10:21,10:34,0,4
10696,4,2700,25/01/2026,10:44,11:03,0,5
10697,4,2352,25/01/2026,11:08,11:27,0,6
10698,4,2434,26/01/2026,09:08,09:24,0,1
10699,4,2673,26/01/2026,09:30,,1,2
10700,4,2476,26/01/2026,09:50,10:10,0,3
10701,4,2368,26/01/2026,10:15,10:22,0,4
10702,4,2609,26/01/2026,10:33,10:50,0,5
10703,4,2605,26/01/2026,10:55,11:10,0,6
10704,4,2694,27/01/2026,09:20,09:37,0,1
10705,4,2713,27/01/2026,09:44,09:52,0,2
10706,4,2368,27/01/2026,10:01,10:25,0,3
10707,4,2766,27/01/2026,10:29,10:36,0,4
10708,4,2373,27/01/2026,10:43,10:59,0,5
10709,4,2508,27/01/2026,11:03,11:32,0,6
10710,4,2627,27/01/2026,11:36,11:52,0,7
10711,4,2557,27/01/2026,12:01,,0,8
10712,4,2490,27/01/2026,12:25,12:49,0,9
10713,4,2811,27/01/2026,13:02,13:12,0,10
10714,4,2455,27/01/2026,13:16,13:36,0,11
10715,4,2506,28/01/2026,09:17,09:39,0,1
10716,4,2430,28/01/2026,09:43,10:07,0,2
10717,4,2662,28/01/2026,10:11,10:29,0,3
10718,4,2465,28/01/2026,10:33,10:48,0,4
10719,4,2517,28/01/2026,10:52,11:18,0,5
10720,4,2529,28/01/2026,11:27,11:34,0,6
10721,4,2587,28/01/2026,11:42,12:00,0,7
10722,4,2766,28/01/2026,12:04,12:26,0,8
10723,4,2430,29/01/2026,09:20,09:45,0,1
10724,4,2449,29/01/2026,09:52,10:02,0,2
10725,4,2462,29/01/2026,10:11,10:25,0,3
10726,4,2500,29/01/2026,10:32,10:54,0,4
10727,4,2380,29/01/2026,10:59,11:19,0,5
10728,4,2553,29/01/2026,11:30,,0,6
10729,4,2485,29/01/2026,11:45,12:01,0,7
10730,4,2663,29/01/2026,12:12,12:23,0,8
10731,4,2418,29/01/2026,12:27,12:46,0,9
10732,4,2584,29/01/2026,12:57,13:19,0,10
10733,4,2538,29/01/2026,13:26,13:38,0,11
10734,4,2764,31/01/2026,09:23,09:38,0,1
10735,4,2651,31/01/2026,09:42,09:49,0,2
10736,4,2687,31/01/2026,09:57,10:04,0,3
10737,4,2516,31/01/2026,10:09,10:23,0,4
10738,4,2562,31/01/2026,10:31,10:41,0,5
10739,4,2427,31/01/2026,10:52,11:13,0,6
10740,4,2406,01/02/2026,09:12,09:28,0,1
10741,4,2389,01/02/2026,09:32,09:58,0,2
10742,4,2498,01/02/2026,10:03,10:22,0,3
10743,4,2344,01/02/2026,10:30,10:43,0,4
10744,4,2751,01/02/2026,10:50,11:09,0,5
10745,4,2394,01/02/2026,11:17,11:35,0,6
10746,4,2425,01/02/2026,11:41,11:58,0,7
10747,4,2517,01/02/2026,12:07,12:36,0,8
10748,4,2595,01/02/2026,12:41,12:48,0,9
10749,4,2462,01/02/2026,12:55,13:15,0,10
10750,4,2388,01/02/2026,13:19,13:42,0,11
10751,4,2348,02/02/2026,09:29,09:51,0,1
10752,4,2689,02/02/2026,09:59,10:06,0,2
10753,4,2629,02/02/2026,10:10,10:25,0,3
10754,4,2739,02/02/2026,10:37,11:02,0,4
10755,4,2713,02/02/2026,11:07,11:28,0,5
10756,4,2594,02/02/2026,11:34,11:51,0,6
10757,4,2524,02/02/2026,11:55,12:13,0,7
10758,4,2388,02/02/2026,12:21,12:41,0,8
10759,4,2731,02/02/2026,12:47,13:12,0,9
10760,4,2529,02/02/2026,13:17,13:26,0,10
10761,4,2522,02/02/2026,13:34,14:01,0,11
10762,4,2573,03/02/2026,09:22,09:39,0,1
10763,4,2413,03/02/2026,09:48,10:02,0,2
10764,4,2537,03/02/2026,10:08,10:36,0,3
10765,4,2343,03/02/2026,10:40,,1,4
10766,4,2388,03/02/2026,11:01,11:16,0,5
10767,4,2577,03/02/2026,11:20,11:30,0,6
10768,4,2775,03/02/2026,11:41,12:15,0,7
10769,4,2656,04/02/2026,09:27,09:42,0,1
10770,4,2429,04/02/2026,09:51,10:11,0,2
10771,4,2572,04/02/2026,10:18,10:26,0,3
10772,4,2644,04/02/2026,10:35,10:44,0,4
10773,4,2721,04/02/2026,10:48,11:06,0,5
10774,4,2498,04/02/2026,11:10,11:26,0,6
10775,4,2645,04/02/2026,11:33,11:49,0,7
10776,4,2470,04/02/2026,11:56,12:07,0,8
10777,4,2692,04/02/2026,12:16,12:23,0,9
10778,4,2748,04/02/2026,12:27,12:44,0,10
10779,4,2370,04/02/2026,12:55,13:17,0,11
10780,4,2798,05/02/2026,09:21,09:38,0,1
10781,4,2493,05/02/2026,09:56,10:17,0,2
10782,4,2514,05/02/2026,10:23,10:37,0,3
10783,4,2633,05/02/2026,10:41,10:59,0,4
10784,4,2686,05/02/2026,11:04,11:13,0,5
10785,4,2807,05/02/2026,11:26,11:43,0,6
10786,4,2490,05/02/2026,11:52,12:13,0,7
10787,4,2528,05/02/2026,12:19,12:30,0,8
10788,4,2374,05/02/2026,12:37,13:02,0,9
10789,4,2704,05/02/2026,13:08,13:25,0,10
10790,4,2616,07/02/2026,09:13,09:34,0,1
10791,4,2665,07/02/2026,09:41,09:54,0,2
10792,4,2692,07/02/2026,09:58,10:05,0,3
10793,4,2770,07/02/2026,10:15,10:35,0,4
10794,4,2407,07/02/2026,10:39,10:56,0,5
10795,4,2594,07/02/2026,11:04,11:16,0,6
10796,4,2789,07/02/2026,11:24,11:42,0,7
10797,4,2554,07/02/2026,11:53,12:21,0,8
10798,4,2627,07/02/2026,12:30,12:50,0,9
10799,4,2724,07/02/2026,13:03,13:10,0,10
10800,4,2635,07/02/2026,13:14,13:21,0,11
10801,4,2723,08/02/2026,09:12,09:31,0,1
10802,4,2705,08/02/2026,09:35,09:49,0,2
10803,4,2515,08/02/2026,09:55,10:13,0,3
10804,4,2394,08/02/2026,10:19,10:40,0,4
10805,4,2732,08/02/2026,10:44,11:13,0,5
10806,4,2453,08/02/2026,11:24,11:41,0,6
10807,4,2581,08/02/2026,11:45,12:09,0,7
10808,4,2576,08/02/2026,12:17,12:27,0,8
10809,4,2614,08/02/2026,12:40,12:58,0,9
10810,4,2686,09/02/2026,09:20,09:38,0,1
10811,4,2407,09/02/2026,09:47,10:09,0,2
10812,4,2617,09/02/2026,10:13,10:34,0,3
10813,4,2731,09/02/2026,10:41,11:05,0,4
10814,4,2404,09/02/2026,11:10,11:21,0,5
10815,4,2727,09/02/2026,11:28,,0,6
10816,4,2498,10/02/2026,09:22,09:50,0,1
10817,4,2565,10/02/2026,09:54,10:23,0,2
10818,4,2515,10/02/2026,10:27,10:43,0,3
10819,4,2347,10/02/2026,10:51,11:06,0,4
10820,4,2453,10/02/2026,11:12,11:31,0,5
10821,4,2495,10/02/2026,11:35,12:05,0,6
10822,4,2420,11/02/2026,09:20,09:31,0,1
10823,4,2544,11/02/2026,09:38,09:58,0,2
10824,4,2494,11/02/2026,10:02,10:09,0,3
10825,4,2764,11/02/2026,10:13,10:34,0,4
10826,4,2559,11/02/2026,10:38,11:00,0,5
10827,4,2703,11/02/2026,11:15,11:34,0,6
10828,4,2488,12/02/2026,09:24,09:43,0,1
10829,4,2538,12/02/2026,09:50,10:13,0,2
10830,4,2594,12/02/2026,10:17,10:41,0,3
10831,4,2749,12/02/2026,10:49,11:04,0,4
10832,4,2663,12/02/2026,11:12,11:29,0,5
10833,4,2684,12/02/2026,11:33,11:40,0,6
10834,4,2793,12/02/2026,11:46,11:59,0,7
10835,4,2435,12/02/2026,12:03,12:14,0,8
10836,4,2533,12/02/2026,12:20,12:33,0,9
10837,4,2501,12/02/2026,12:46,13:06,0,10
10838,4,2585,14/02/2026,09:12,09:28,0,1
10839,4,2761,14/02/2026,09:32,09:57,0,2
10840,4,2762,14/02/2026,10:02,10:28,0,3
10841,4,2575,14/02/2026,10:35,10:52,0,4
10842,4,2807,14/02/2026,10:58,11:27,0,5
10843,4,2691,14/02/2026,11:36,11:48,0,6
10844,4,2607,14/02/2026,11:53,12:04,0,7
10845,4,2416,15/02/2026,09:13,09:27,0,1
10846,4,2348,15/02/2026,09:37,10:00,0,2
10847,4,2738,15/02/2026,10:06,10:24,0,3
10848,4,2511,15/02/2026,10:28,10:46,0,4
10849,4,2664,15/02/2026,10:50,11:17,0,5
10850,4,2749,15/02/2026,11:23,,0,6
10851,4,2671,16/02/2026,09:09,09:30,0,1
10852,4,2698,16/02/2026,09:40,10:01,0,2
10853,4,2516,16/02/2026,10:07,10:24,0,3
10854,4,2551,16/02/2026,10:35,10:42,0,4
10855,4,2691,16/02/2026,10:52,11:11,0,5
10856,4,2726,16/02/2026,11:20,11:36,0,6
10857,4,2677,16/02/2026,11:42,11:49,0,7
10858,4,2793,16/02/2026,11:54,12:16,0,8
10859,4,2415,17/02/2026,09:34,09:51,0,1
10860,4,2435,17/02/2026,09:58,10:23,0,2
10861,4,2546,17/02/2026,10:27,10:50,0,3
10862,4,2645,17/02/2026,10:55,11:10,0,4
10863,4,2532,17/02/2026,11:19,11:28,0,5
10864,4,2745,17/02/2026,11:36,11:44,0,6
10865,4,2776,17/02/2026,11:53,12:03,0,7
10866,4,2432,17/02/2026,12:11,12:21,0,8
10867,4,2791,18/02/2026,09:07,09:17,0,1
10868,4,2561,18/02/2026,09:29,09:45,0,2
10869,4,2692,18/02/2026,09:54,10:12,0,3
10870,4,2623,18/02/2026,10:18,10:35,0,4
10871,4,2689,18/02/2026,10:42,10:49,0,5
10872,4,2578,18/02/2026,10:57,11:06,0,6
10873,4,2770,18/02/2026,11:13,11:33,0,7
10874,4,2387,18/02/2026,11:37,11:58,0,8
10875,4,2728,18/02/2026,12:04,12:16,0,9
10876,4,2709,19/02/2026,09:20,09:42,0,1
10877,4,2657,19/02/2026,09:49,10:13,0,2
10878,4,2434,19/02/2026,10:24,10:31,0,3
10879,4,2413,19/02/2026,10:40,11:02,0,4
10880,4,2425,19/02/2026,11:12,11:31,0,5
10881,4,2723,19/02/2026,11:48,11:56,0,6
10882,4,2357,19/02/2026,12:09,12:29,0,7
10883,4,2531,19/02/2026,12:34,12:51,0,8
10884,4,2540,19/02/2026,12:56,13:23,0,9
10885,4,2418,19/02/2026,13:28,13:46,0,10
10886,4,2745,19/02/2026,13:57,14:12,0,11
10887,4,2741,21/02/2026,09:20,09:27,0,1
10888,4,2352,21/02/2026,09:34,09:48,0,2
10889,4,2675,21/02/2026,10:01,,0,3
10890,4,2346,21/02/2026,10:25,10:32,0,4
10891,4,2454,21/02/2026,10:36,10:44,0,5
10892,4,2479,21/02/2026,10:53,11:02,0,6
10893,4,2596,21/02/2026,11:10,11:31,0,7
10894,4,2633,21/02/2026,11:39,12:03,0,8
10895,4,2529,21/02/2026,12:13,12:30,0,9
10896,4,2798,22/02/2026,09:27,,0,1
10897,4,2599,22/02/2026,09:56,10:10,0,2
10898,4,2707,22/02/2026,10:17,10:29,0,3
10899,4,2424,22/02/2026,10:41,10:54,0,4
10900,4,2578,22/02/2026,11:03,11:21,0,5
10901,4,2625,22/02/2026,11:25,11:45,0,6
10902,4,2672,22/02/2026,11:53,12:05,0,7
10903,4,2703,22/02/2026,12:10,12:26,0,8
10904,4,2373,23/02/2026,09:29,09:47,0,1
10905,4,2558,23/02/2026,09:57,10:12,0,2
10906,4,2376,23/02/2026,10:17,,1,3
10907,4,2513,23/02/2026,10:52,11:13,0,4
10908,4,2712,23/02/2026,11:20,11:27,0,5
10909,4,2671,23/02/2026,11:32,11:48,0,6
10910,4,2789,24/02/2026,09:16,09:32,0,1
10911,4,2404,24/02/2026,09:44,09:54,0,2
10912,4,2601,24/02/2026,10:06,10:17,0,3
10913,4,2518,24/02/2026,10:24,10:39,0,4
10914,4,2724,24/02/2026,10:50,10:57,0,5
10915,4,2677,24/02/2026,11:07,11:18,0,6
10916,4,2345,24/02/2026,11:22,11:39,0,7
10917,4,2347,24/02/2026,11:47,12:09,0,8
10918,4,2720,24/02/2026,12:13,12:41,0,9
10919,4,2588,25/02/2026,09:34,10:02,0,1
10920,4,2668,25/02/2026,10:11,10:33,0,2
10921,4,2618,25/02/2026,10:40,11:01,0,3
10922,4,2462,25/02/2026,11:09,11:19,0,4
10923,4,2582,25/02/2026,11:23,11:51,0,5
10924,4,2819,25/02/2026,12:00,12:07,0,6
10925,4,2636,25/02/2026,12:16,12:38,0,7
10926,4,2735,25/02/2026,12:42,13:02,0,8
10927,4,2549,26/02/2026,09:25,09:32,0,1
10928,4,2411,26/02/2026,09:36,09:43,0,2
10929,4,2358,26/02/2026,09:47,,0,3
10930,4,2574,26/02/2026,10:08,10:19,0,4
10931,4,2509,26/02/2026,10:26,10:44,0,5
10932,4,2498,26/02/2026,10:52,11:14,0,6
10933,4,2358,26/02/2026,11:18,11:38,0,7
10934,4,2373,26/02/2026,11:45,12:10,0,8
10935,4,2562,28/02/2026,09:36,09:50,0,1
10936,4,2733,28/02/2026,09:56,10:11,0,2
10937,4,2400,28/02/2026,10:17,10:32,0,3
10938,4,2483,28/02/2026,10:38,11:01,0,4
10939,4,2425,28/02/2026,11:05,11:22,0,5
10940,4,2455,28/02/2026,11:32,11:46,0,6
10941,4,2596,28/02/2026,12:00,12:14,0,7
10942,4,2505,28/02/2026,12:20,12:43,0,8
10943,4,2494,01/03/2026,09:32,09:40,0,1
10944,4,2673,01/03/2026,09:47,10:02,0,2
10945,4,2614,01/03/2026,10:06,10:17,0,3
10946,4,2435,01/03/2026,10:22,10:40,0,4
10947,4,2679,01/03/2026,10:44,11:03,0,5
10948,4,2693,01/03/2026,11:14,11:37,0,6
10949,4,2556,01/03/2026,11:49,12:04,0,7
10950,4,2566,01/03/2026,12:09,,0,8
10951,4,2414,01/03/2026,12:28,12:43,0,9
10952,4,2435,01/03/2026,12:56,13:14,0,10
10953,4,2583,02/03/2026,09:08,09:24,0,1
10954,4,2530,02/03/2026,09:33,09:48,0,2
10955,4,2385,02/03/2026,10:00,10:10,0,3
10956,4,2503,02/03/2026,10:15,10:30,0,4
10957,4,2531,02/03/2026,10:37,11:01,0,5
10958,4,2373,02/03/2026,11:06,11:23,0,6
10959,4,2535,02/03/2026,11:33,12:10,0,7
10960,4,2686,02/03/2026,12:14,12:29,0,8
10961,4,2552,03/03/2026,09:27,09:46,0,1
10962,4,2563,03/03/2026,09:52,10:00,0,2
10963,4,2787,03/03/2026,10:04,,0,3
10964,4,2667,03/03/2026,10:38,10:45,0,4
10965,4,2682,03/03/2026,10:49,11:03,0,5
10966,4,2692,03/03/2026,11:11,11:25,0,6
10967,4,2657,03/03/2026,11:32,11:42,0,7
10968,4,2530,03/03/2026,11:51,12:17,0,8
10969,4,2728,03/03/2026,12:22,,0,9
10970,4,2666,03/03/2026,12:33,12:53,0,10
10971,4,2453,03/03/2026,12:58,13:14,0,11
10972,4,2740,04/03/2026,09:30,09:44,0,1
10973,4,2748,04/03/2026,09:52,10:04,0,2
10974,4,2781,04/03/2026,10:08,,0,3
10975,4,2541,04/03/2026,10:38,10:59,0,4
10976,4,2354,04/03/2026,11:08,,1,5
10977,4,2406,04/03/2026,11:29,11:44,0,6
10978,4,2640,04/03/2026,11:53,12:09,0,7
10979,4,2541,04/03/2026,12:13,12:34,0,8
10980,4,2422,04/03/2026,12:47,13:02,0,9
10981,4,2393,04/03/2026,13:16,13:31,0,10
10982,4,2368,04/03/2026,13:35,13:43,0,11
10983,4,2558,05/03/2026,09:19,09:34,0,1
10984,4,2548,05/03/2026,09:43,09:53,0,2
10985,4,2409,05/03/2026,10:01,10:16,0,3
10986,4,2604,05/03/2026,10:20,10:40,0,4
10987,4,2646,05/03/2026,10:46,11:02,0,5
10988,4,2761,05/03/2026,11:13,11:29,0,6
10989,4,2416,05/03/2026,11:33,11:52,0,7
10990,4,2778,05/03/2026,12:01,12:22,0,8
10991,4,2516,07/03/2026,09:07,09:26,0,1
10992,4,2439,07/03/2026,09:33,,0,2
10993,4,2478,07/03/2026,09:57,10:05,0,3
10994,4,2391,07/03/2026,10:09,10:22,0,4
10995,4,2682,07/03/2026,10:29,10:36,0,5
10996,4,2788,07/03/2026,10:41,11:07,0,6
10997,4,2347,07/03/2026,11:12,11:29,0,7
10998,4,2452,07/03/2026,11:34,11:53,0,8
10999,4,2454,07/03/2026,12:00,12:09,0,9
11000,4,2492,08/03/2026,09:30,09:50,0,1
11001,4,2417,08/03/2026,10:00,10:26,0,2
11002,4,2691,08/03/2026,10:30,10:56,0,3
11003,4,2485,08/03/2026,11:03,11:19,0,4
11004,4,2509,08/03/2026,11:26,11:58,0,5
11005,4,2397,08/03/2026,12:08,,1,6
11006,4,2431,09/03/2026,09:24,09:41,0,1
11007,4,2421,09/03/2026,09:45,10:04,0,2
11008,4,2522,09/03/2026,10:14,10:39,0,3
11009,4,2470,09/03/2026,10:46,11:04,0,4
11010,4,2458,09/03/2026,11:16,11:31,0,5
11011,4,2490,09/03/2026,11:35,11:48,0,6
11012,4,2432,10/03/2026,09:25,09:37,0,1
11013,4,2620,10/03/2026,09:42,10:03,0,2
11014,4,2735,10/03/2026,10:07,10:33,0,3
11015,4,2549,10/03/2026,10:41,10:56,0,4
11016,4,2773,10/03/2026,11:06,11:13,0,5
11017,4,2357,10/03/2026,11:19,11:45,0,6
11018,4,2626,11/03/2026,09:16,09:26,0,1
11019,4,2656,11/03/2026,09:33,10:00,0,2
11020,4,2388,11/03/2026,10:06,10:24,0,3
11021,4,2776,11/03/2026,10:33,,1,4
11022,4,2546,11/03/2026,10:44,11:10,0,5
11023,4,2418,11/03/2026,11:14,,0,6
11024,4,2573,11/03/2026,11:39,11:51,0,7
11025,4,2403,11/03/2026,11:58,12:25,0,8
11026,4,2366,12/03/2026,09:24,09:31,0,1
11027,4,2562,12/03/2026,09:41,09:53,0,2
11028,4,2362,12/03/2026,10:01,10:09,0,3
11029,4,2397,12/03/2026,10:13,10:29,0,4
11030,4,2749,12/03/2026,10:33,,1,5
11031,4,2686,12/03/2026,10:54,11:11,0,6
11032,4,2433,12/03/2026,11:15,11:36,0,7
11033,4,2710,12/03/2026,11:43,11:57,0,8
11034,4,2431,12/03/2026,12:02,12:20,0,9
11035,4,2707,12/03/2026,12:27,12:40,0,10
11036,4,2463,12/03/2026,12:46,12:53,0,11
11037,4,2557,14/03/2026,09:25,09:38,0,1
11038,4,2702,14/03/2026,09:44,09:58,0,2
11039,4,2500,14/03/2026,10:07,10:18,0,3
11040,4,2576,14/03/2026,10:25,10:32,0,4
11041,4,2609,14/03/2026,10:36,10:46,0,5
11042,4,2551,14/03/2026,10:58,11:13,0,6
11043,4,2723,14/03/2026,11:23,11:36,0,7
11044,4,2386,14/03/2026,11:46,11:53,0,8
11045,4,2588,14/03/2026,11:57,12:20,0,9
11046,4,2667,15/03/2026,09:12,09:19,0,1
11047,4,2662,15/03/2026,09:30,09:49,0,2
11048,4,2666,15/03/2026,09:53,,0,3
11049,4,2587,15/03/2026,10:20,,0,4
11050,4,2583,15/03/2026,10:43,10:59,0,5
11051,4,2373,15/03/2026,11:06,11:22,0,6
11052,4,2766,16/03/2026,09:33,09:51,0,1
11053,4,2748,16/03/2026,09:55,10:14,0,2
11054,4,2654,16/03/2026,10:24,10:42,0,3
11055,4,2646,16/03/2026,10:47,11:00,0,4
11056,4,2700,16/03/2026,11:08,11:26,0,5
11057,4,2426,16/03/2026,11:35,11:55,0,6
11058,4,2642,16/03/2026,12:01,12:08,0,7
11059,4,2491,16/03/2026,12:14,12:21,0,8
11060,4,2557,16/03/2026,12:26,12:46,0,9
11061,4,2754,16/03/2026,12:52,13:06,0,10
11062,4,2757,17/03/2026,09:18,09:40,0,1
11063,4,2589,17/03/2026,09:51,10:16,0,2
11064,4,2552,17/03/2026,10:21,10:39,0,3
11065,4,2439,17/03/2026,10:43,11:00,0,4
11066,4,2799,17/03/2026,11:08,11:25,0,5
11067,4,2397,17/03/2026,11:33,11:48,0,6
11068,4,2627,17/03/2026,11:55,12:18,0,7
11069,4,2679,17/03/2026,12:25,12:37,0,8
11070,4,2715,17/03/2026,12:42,12:51,0,9
11071,4,2415,17/03/2026,12:58,13:05,0,10
11072,4,2358,18/03/2026,09:14,09:26,0,1
11073,4,2578,18/03/2026,09:30,09:42,0,2
11074,4,2512,18/03/2026,09:51,10:10,0,3
11075,4,2691,18/03/2026,10:14,10:22,0,4
11076,4,2807,18/03/2026,10:34,10:54,0,5
11077,4,2698,18/03/2026,11:01,11:20,0,6
11078,4,2762,19/03/2026,09:28,09:43,0,1
11079,4,2452,19/03/2026,09:57,10:08,0,2
11080,4,2767,19/03/2026,10:12,10:28,0,3
11081,4,2504,19/03/2026,10:37,10:50,0,4
11082,4,2707,19/03/2026,10:58,11:05,0,5
11083,4,2695,19/03/2026,11:11,11:27,0,6
11084,4,2405,19/03/2026,11:36,,0,7
11085,4,2504,19/03/2026,12:01,12:12,0,8
11086,4,2452,19/03/2026,12:20,12:33,0,9
11087,4,2427,19/03/2026,12:40,13:03,0,10
11088,4,2595,19/03/2026,13:09,13:22,0,11
11089,4,2662,21/03/2026,09:09,09:29,0,1
11090,4,2807,21/03/2026,09:33,10:01,0,2
11091,4,2559,21/03/2026,10:05,10:16,0,3
11092,4,2609,21/03/2026,10:26,10:39,0,4
11093,4,2429,21/03/2026,10:43,11:04,0,5
11094,4,2714,21/03/2026,11:10,11:19,0,6
11095,4,2400,21/03/2026,11:26,11:44,0,7
11096,4,2763,22/03/2026,09:14,09:27,0,1
11097,4,2434,22/03/2026,09:31,09:51,0,2
11098,4,2640,22/03/2026,09:57,10:16,0,3
11099,4,2373,22/03/2026,10:23,10:42,0,4
11100,4,2406,22/03/2026,10:48,11:06,0,5
11101,4,2455,22/03/2026,11:14,11:30,0,6
11102,4,2645,23/03/2026,09:25,09:50,0,1
11103,4,2399,23/03/2026,10:01,10:27,0,2
11104,4,2707,23/03/2026,10:34,10:51,0,3
11105,4,2344,23/03/2026,10:59,11:08,0,4
11106,4,2436,23/03/2026,11:14,,0,5
11107,4,2769,23/03/2026,12:10,12:27,0,6
11108,4,2391,23/03/2026,12:35,12:50,0,7
11109,4,2508,24/03/2026,09:11,09:29,0,1
11110,4,2673,24/03/2026,09:36,09:44,0,2
11111,4,2558,24/03/2026,09:55,10:09,0,3
11112,4,2603,24/03/2026,10:17,10:24,0,4
11113,4,2582,24/03/2026,10:35,10:58,0,5
11114,4,2495,24/03/2026,11:12,11:35,0,6
11115,4,2593,24/03/2026,11:42,12:10,0,7
11116,4,2398,24/03/2026,12:15,12:34,0,8
11117,4,2791,24/03/2026,12:38,12:51,0,9
11118,4,2424,24/03/2026,12:59,13:06,0,10
11119,4,2721,25/03/2026,09:26,09:35,0,1
11120,4,2556,25/03/2026,09:39,09:48,0,2
11121,4,2751,25/03/2026,09:55,10:23,0,3
11122,4,2604,25/03/2026,10:32,10:41,0,4
11123,4,2436,25/03/2026,10:46,11:02,0,5
11124,4,2668,25/03/2026,11:06,,0,6
11125,4,2615,25/03/2026,11:36,12:03,0,7
11126,4,2390,25/03/2026,12:10,12:28,0,8
11127,4,2450,26/03/2026,09:23,09:32,0,1
11128,4,2469,26/03/2026,09:36,09:53,0,2
11129,4,2521,26/03/2026,09:59,10:27,0,3
11130,4,2660,26/03/2026,10:38,10:48,0,4
11131,4,2618,26/03/2026,10:55,11:24,0,5
11132,4,2516,26/03/2026,11:30,11:42,0,6
11133,4,2675,26/03/2026,11:46,12:12,0,7
11134,4,2682,26/03/2026,12:16,12:23,0,8
11135,4,2494,26/03/2026,12:30,12:54,0,9
11136,4,2807,26/03/2026,13:00,13:29,0,10
11137,4,2588,26/03/2026,13:40,13:54,0,11
11138,4,2387,28/03/2026,09:23,09:32,0,1
11139,4,2482,28/03/2026,09:36,09:53,0,2
11140,4,2643,28/03/2026,09:57,,0,3
11141,4,2445,28/03/2026,10:16,,1,4
11142,4,2454,28/03/2026,10:38,10:46,0,5
11143,4,2777,28/03/2026,10:55,11:12,0,6
11144,4,2754,28/03/2026,11:25,11:34,0,7
11145,4,2409,28/03/2026,11:41,12:07,0,8
11146,4,2659,28/03/2026,12:12,,0,9
11147,4,2475,28/03/2026,12:30,12:37,0,10
11148,4,2777,29/03/2026,09:27,09:35,0,1
11149,4,2455,29/03/2026,09:39,09:58,0,2
11150,4,2530,29/03/2026,10:05,10:22,0,3
11151,4,2724,29/03/2026,10:28,10:35,0,4
11152,4,2370,29/03/2026,10:42,10:56,0,5
11153,4,2714,29/03/2026,11:00,11:19,0,6
11154,4,2497,29/03/2026,11:30,11:48,0,7
11155,4,2387,29/03/2026,11:53,12:03,0,8
11156,4,2386,29/03/2026,12:07,12:20,0,9
11157,4,2756,30/03/2026,09:25,09:32,0,1
11158,4,2680,30/03/2026,09:38,09:50,0,2
11159,4,2452,30/03/2026,09:54,10:15,0,3
11160,4,2424,30/03/2026,10:20,10:32,0,4
11161,4,2437,30/03/2026,10:36,10:59,0,5
11162,4,2559,30/03/2026,11:07,11:35,0,6
11163,4,2436,30/03/2026,11:43,12:01,0,7
11164,4,2775,30/03/2026,12:10,12:33,0,8
11165,4,2369,30/03/2026,12:44,13:05,0,9
11166,4,2479,30/03/2026,13:11,13:27,0,10
11167,4,2727,30/03/2026,13:37,13:46,0,11
11168,4,2375,31/03/2026,09:21,09:41,0,1
11169,4,2555,31/03/2026,09:51,10:02,0,2
11170,4,2785,31/03/2026,10:08,10:26,0,3
11171,4,2762,31/03/2026,10:36,10:46,0,4
11172,4,2775,31/03/2026,10:53,11:14,0,5
11173,4,2596,31/03/2026,11:19,11:45,0,6
11174,4,2761,31/03/2026,11:49,12:14,0,7
11175,4,2748,31/03/2026,12:29,12:47,0,8
11176,4,2462,31/03/2026,12:55,13:10,0,9
11177,4,2458,31/03/2026,13:20,13:41,0,10
11178,4,2509,31/03/2026,13:48,14:06,0,11
11179,4,2710,01/04/2026,09:26,09:36,0,1
11180,4,2504,01/04/2026,09:42,09:49,0,2
11181,4,2686,01/04/2026,09:54,10:06,0,3
11182,4,2517,01/04/2026,10:13,10:20,0,4
11183,4,2689,01/04/2026,10:29,10:39,0,5
11184,4,2702,01/04/2026,10:47,11:02,0,6
11185,4,2546,01/04/2026,11:10,11:34,0,7
11186,4,2705,01/04/2026,11:42,11:49,0,8
11187,4,2462,02/04/2026,09:12,09:19,0,1
11188,4,2783,02/04/2026,09:27,09:42,0,2
11189,4,2585,02/04/2026,09:48,,0,3
11190,4,2415,02/04/2026,10:17,10:30,0,4
11191,4,2469,02/04/2026,10:38,11:06,0,5
11192,4,2665,02/04/2026,11:12,11:39,0,6
11193,4,2732,02/04/2026,11:46,11:58,0,7
11194,4,2597,04/04/2026,09:12,09:32,0,1
11195,4,2399,04/04/2026,09:41,09:58,0,2
11196,4,2743,04/04/2026,10:04,10:30,0,3
11197,4,2682,04/04/2026,10:38,10:52,0,4
11198,4,2355,04/04/2026,10:58,11:12,0,5
11199,4,2470,04/04/2026,11:17,11:33,0,6
11200,4,2608,04/04/2026,11:37,11:47,0,7
11201,4,2477,04/04/2026,11:51,12:08,0,8
11202,4,2491,04/04/2026,12:12,12:32,0,9
11203,4,2389,04/04/2026,12:36,13:02,0,10
11204,4,2735,05/04/2026,09:24,09:47,0,1
11205,4,2483,05/04/2026,09:55,10:15,0,2
11206,4,2412,05/04/2026,10:22,10:38,0,3
11207,4,2485,05/04/2026,10:43,,1,4
11208,4,2652,05/04/2026,11:03,11:10,0,5
11209,4,2625,05/04/2026,11:18,11:34,0,6
11210,4,2570,05/04/2026,11:39,11:46,0,7
11211,4,2537,05/04/2026,11:50,12:09,0,8
11212,4,2385,05/04/2026,12:19,12:42,0,9
11213,4,2507,05/04/2026,12:46,,0,10
11214,4,2466,06/04/2026,09:19,09:53,0,1
11215,4,2663,06/04/2026,10:02,10:17,0,2
11216,4,2754,06/04/2026,10:29,10:44,0,3
11217,4,2425,06/04/2026,10:52,11:21,0,4
11218,4,2586,06/04/2026,11:29,,1,5
11219,4,2428,06/04/2026,11:51,,1,6
11220,4,2423,06/04/2026,12:05,12:12,0,7
11221,4,2530,06/04/2026,12:23,12:35,0,8
11222,4,2626,06/04/2026,12:49,13:01,0,9
11223,4,2702,06/04/2026,13:11,13:36,0,10
11224,4,2586,06/04/2026,13:47,14:08,0,11
11225,4,2624,07/04/2026,09:20,09:33,0,1
11226,4,2454,07/04/2026,09:44,09:55,0,2
11227,4,2383,07/04/2026,10:03,10:18,0,3
11228,4,2764,07/04/2026,10:24,10:42,0,4
11229,4,2504,07/04/2026,10:46,10:53,0,5
11230,4,2615,07/04/2026,10:59,11:17,0,6
11231,4,2585,07/04/2026,11:21,11:41,0,7
11232,4,2760,07/04/2026,11:48,11:55,0,8
11233,4,2501,07/04/2026,11:59,12:14,0,9
11234,4,2552,08/04/2026,09:13,09:27,0,1
11235,4,2389,08/04/2026,09:33,09:40,0,2
11236,4,2453,08/04/2026,09:47,10:14,0,3
11237,4,2626,08/04/2026,10:22,10:47,0,4
11238,4,2577,08/04/2026,10:51,11:02,0,5
11239,4,2730,08/04/2026,11:06,11:21,0,6
11240,4,2692,08/04/2026,11:25,11:32,0,7
11241,4,2615,08/04/2026,11:36,12:04,0,8
11242,4,2780,09/04/2026,09:28,09:41,0,1
11243,4,2811,09/04/2026,09:46,,0,2
11244,4,2444,09/04/2026,10:05,10:25,0,3
11245,4,2694,09/04/2026,10:30,10:45,0,4
11246,4,2594,09/04/2026,10:50,11:11,0,5
11247,4,2664,09/04/2026,11:19,11:46,0,6
11248,4,2573,11/04/2026,09:24,09:31,0,1
11249,4,2747,11/04/2026,09:35,09:58,0,2
11250,4,2565,11/04/2026,10:03,10:18,0,3
11251,4,2769,11/04/2026,10:24,10:51,0,4
11252,4,2689,11/04/2026,11:00,11:07,0,5
11253,4,2652,11/04/2026,11:15,11:31,0,6
11254,4,2686,11/04/2026,11:39,11:51,0,7
11255,4,2348,11/04/2026,11:55,12:04,0,8
11256,4,2588,11/04/2026,12:10,,0,9
11257,4,2533,11/04/2026,12:32,12:46,0,10
11258,4,2750,11/04/2026,12:53,13:04,0,11
11259,4,2351,12/04/2026,09:24,09:31,0,1
11260,4,2611,12/04/2026,09:35,09:51,0,2
11261,4,2666,12/04/2026,10:00,10:28,0,3
11262,4,2363,12/04/2026,10:32,10:50,0,4
11263,4,2563,12/04/2026,10:58,11:10,0,5
11264,4,2383,12/04/2026,11:19,11:26,0,6
11265,4,2447,12/04/2026,11:33,11:43,0,7
11266,4,2485,12/04/2026,11:48,12:04,0,8
11267,4,2346,12/04/2026,12:09,12:17,0,9
11268,4,2655,13/04/2026,09:14,09:21,0,1
11269,4,2579,13/04/2026,09:26,09:52,0,2
11270,4,2675,13/04/2026,09:56,10:16,0,3
11271,4,2561,13/04/2026,10:21,10:28,0,4
11272,4,2667,13/04/2026,10:40,10:55,0,5
11273,4,2684,13/04/2026,11:03,11:13,0,6
11274,4,2512,13/04/2026,11:18,11:38,0,7
11275,4,2480,13/04/2026,11:42,11:54,0,8
11276,4,2642,13/04/2026,11:58,12:08,0,9
11277,4,2623,13/04/2026,12:18,12:43,0,10
11278,4,2655,13/04/2026,12:47,13:03,0,11
11279,4,2499,14/04/2026,09:21,,0,1
11280,4,2625,14/04/2026,09:39,,0,2
11281,4,2501,14/04/2026,09:59,10:19,0,3
11282,4,2405,14/04/2026,10:25,10:52,0,4
11283,4,2684,14/04/2026,10:57,11:09,0,5
11284,4,2475,14/04/2026,11:16,11:30,0,6
11285,4,2677,14/04/2026,11:36,11:49,0,7
11286,4,2713,15/04/2026,09:28,09:47,0,1
11287,4,2541,15/04/2026,09:54,10:10,0,2
11288,4,2639,15/04/2026,10:21,10:28,0,3
11289,4,2683,15/04/2026,10:37,10:51,0,4
11290,4,2526,15/04/2026,11:04,11:18,0,5
11291,4,2791,15/04/2026,11:24,11:31,0,6
11292,4,2713,15/04/2026,11:42,11:52,0,7
11293,4,2426,15/04/2026,12:00,12:21,0,8
11294,4,2400,16/04/2026,09:19,09:39,0,1
11295,4,2354,16/04/2026,09:46,10:08,0,2
11296,4,2544,16/04/2026,10:14,10:22,0,3
11297,4,2585,16/04/2026,10:29,10:44,0,4
11298,4,2656,16/04/2026,10:48,11:07,0,5
11299,4,2679,16/04/2026,11:11,11:34,0,6
11300,4,2567,16/04/2026,11:38,11:47,0,7
11301,4,2371,16/04/2026,11:51,12:10,0,8
11302,4,2437,16/04/2026,12:14,12:26,0,9
11303,4,2635,16/04/2026,12:30,12:45,0,10
11304,4,2731,18/04/2026,09:11,09:32,0,1
11305,4,2515,18/04/2026,09:38,09:58,0,2
11306,4,2637,18/04/2026,10:08,,0,3
11307,4,2501,18/04/2026,10:24,10:32,0,4
11308,4,2743,18/04/2026,10:41,10:54,0,5
11309,4,2585,18/04/2026,11:01,11:10,0,6
11310,4,2530,18/04/2026,11:14,11:25,0,7
11311,4,2513,18/04/2026,11:35,11:45,0,8
11312,4,2559,18/04/2026,11:54,,0,9
11313,4,2488,18/04/2026,12:26,12:46,0,10
11314,4,2555,18/04/2026,12:52,12:59,0,11
11315,4,2745,19/04/2026,09:05,09:20,0,1
11316,4,2600,19/04/2026,09:24,09:44,0,2
11317,4,2681,19/04/2026,09:51,10:00,0,3
11318,4,2575,19/04/2026,10:07,10:26,0,4
11319,4,2691,19/04/2026,10:30,10:58,0,5
11320,4,2498,19/04/2026,11:06,11:32,0,6
11321,4,2702,19/04/2026,11:40,12:10,0,7
11322,4,2373,19/04/2026,12:19,12:41,0,8
11323,4,2596,20/04/2026,09:24,09:44,0,1
11324,4,2683,20/04/2026,09:52,10:14,0,2
11325,4,2785,20/04/2026,10:22,10:44,0,3
11326,4,2715,20/04/2026,10:48,,0,4
11327,4,2705,20/04/2026,11:13,11:26,0,5
11328,4,2819,20/04/2026,11:34,11:50,0,6
11329,4,2686,20/04/2026,11:59,12:19,0,7
11330,4,2623,20/04/2026,12:28,12:35,0,8
11331,4,2391,20/04/2026,12:46,12:53,0,9
11332,4,2531,20/04/2026,13:00,13:13,0,10
11333,4,2687,20/04/2026,13:17,13:48,0,11
11334,4,2386,21/04/2026,09:24,09:31,0,1
11335,4,2747,21/04/2026,09:38,10:05,0,2
11336,4,2791,21/04/2026,10:11,10:33,0,3
11337,4,2633,21/04/2026,10:37,,1,4
11338,4,2811,21/04/2026,10:54,11:01,0,5
11339,4,2412,21/04/2026,11:05,11:26,0,6
11340,4,2593,21/04/2026,11:34,11:51,0,7
11341,4,2548,22/04/2026,09:26,09:47,0,1
11342,4,2526,22/04/2026,09:54,10:01,0,2
11343,4,2350,22/04/2026,10:10,10:20,0,3
11344,4,2747,22/04/2026,10:28,10:43,0,4
11345,4,2762,22/04/2026,10:53,11:04,0,5
11346,4,2631,22/04/2026,11:09,11:40,0,6
11347,4,2654,22/04/2026,11:50,12:12,0,7
11348,4,2420,22/04/2026,12:18,12:34,0,8
11349,4,2354,23/04/2026,09:27,09:45,0,1
11350,4,2757,23/04/2026,09:51,10:08,0,2
11351,4,2720,23/04/2026,10:12,10:36,0,3
11352,4,2348,23/04/2026,10:40,11:02,0,4
11353,4,2712,23/04/2026,11:06,11:18,0,5
11354,4,2638,23/04/2026,11:23,11:32,0,6
11355,4,2616,23/04/2026,11:41,11:55,0,7
11356,4,2698,23/04/2026,12:03,12:17,0,8
11357,4,2422,23/04/2026,12:21,,0,9
11358,4,2695,23/04/2026,12:39,12:59,0,10
11359,4,2346,23/04/2026,13:08,13:16,0,11
11360,4,2437,25/04/2026,09:25,09:49,0,1
11361,4,2781,25/04/2026,09:55,10:18,0,2
11362,4,2455,25/04/2026,10:25,10:41,0,3
11363,4,2767,25/04/2026,10:47,10:55,0,4
11364,4,2460,25/04/2026,11:02,11:19,0,5
11365,4,2422,25/04/2026,11:23,11:30,0,6
11366,4,2439,25/04/2026,11:36,11:55,0,7
11367,4,2394,25/04/2026,11:59,12:10,0,8
11368,4,2543,26/04/2026,09:18,09:30,0,1
11369,4,2613,26/04/2026,09:35,09:56,0,2
11370,4,2595,26/04/2026,10:02,10:15,0,3
11371,4,2563,26/04/2026,10:19,10:40,0,4
11372,4,2635,26/04/2026,10:49,11:07,0,5
11373,4,2415,26/04/2026,11:15,11:38,0,6
11374,4,2783,26/04/2026,11:46,12:12,0,7
11375,4,2428,26/04/2026,12:19,12:33,0,8
11376,4,2476,26/04/2026,12:41,13:02,0,9
11377,4,2518,27/04/2026,09:28,09:55,0,1
11378,4,2358,27/04/2026,10:00,10:15,0,2
11379,4,2472,27/04/2026,10:22,10:34,0,3
11380,4,2594,27/04/2026,10:43,11:13,0,4
11381,4,2530,27/04/2026,11:22,11:46,0,5
11382,4,2472,27/04/2026,11:56,12:03,0,6
11383,4,2566,27/04/2026,12:07,12:31,0,7
11384,4,2499,27/04/2026,12:42,13:03,0,8
11385,4,2637,28/04/2026,09:19,09:44,0,1
11386,4,2514,28/04/2026,09:49,09:59,0,2
11387,4,2420,28/04/2026,10:03,10:21,0,3
11388,4,2735,28/04/2026,10:29,10:52,0,4
11389,4,2604,28/04/2026,10:57,11:18,0,5
11390,4,2462,28/04/2026,11:23,,0,6
11391,4,2623,28/04/2026,11:34,11:41,0,7
11392,4,2492,28/04/2026,11:53,12:11,0,8
11393,4,2697,28/04/2026,12:23,12:39,0,9
11394,4,2501,28/04/2026,12:48,13:00,0,10
11395,4,2719,28/04/2026,13:10,13:18,0,11
11396,4,2673,29/04/2026,09:28,09:44,0,1
11397,4,2415,29/04/2026,09:51,,0,2
11398,4,2395,29/04/2026,10:19,10:44,0,3
11399,4,2720,29/04/2026,10:48,11:07,0,4
11400,4,2413,29/04/2026,11:14,11:24,0,5
11401,4,2777,29/04/2026,11:31,11:39,0,6
11402,4,2434,29/04/2026,11:44,12:13,0,7
11403,4,2679,29/04/2026,12:19,12:37,0,8
11404,4,2556,29/04/2026,12:42,12:51,0,9
11405,4,2535,30/04/2026,09:18,09:41,0,1
11406,4,2691,30/04/2026,09:50,10:10,0,2
11407,4,2538,30/04/2026,10:14,10:33,0,3
11408,4,2639,30/04/2026,10:38,10:53,0,4
11409,4,2616,30/04/2026,11:04,11:14,0,5
11410,4,2655,30/04/2026,11:21,11:33,0,6
11411,4,2450,30/04/2026,11:42,11:50,0,7
11412,4,2528,30/04/2026,11:58,12:12,0,8
11413,4,2597,30/04/2026,12:24,12:33,0,9
11414,4,2608,02/05/2026,09:14,09:30,0,1
11415,4,2430,02/05/2026,09:41,09:56,0,2
11416,4,2398,02/05/2026,10:03,10:10,0,3
11417,4,2566,02/05/2026,10:16,10:36,0,4
11418,4,2753,02/05/2026,10:40,10:47,0,5
11419,4,2340,02/05/2026,10:52,11:03,0,6
11420,4,2575,02/05/2026,11:07,11:36,0,7
11421,4,2487,03/05/2026,09:35,09:57,0,1
11422,4,2378,03/05/2026,10:03,10:20,0,2
11423,4,2616,03/05/2026,10:26,10:45,0,3
11424,4,2491,03/05/2026,10:56,11:04,0,4
11425,4,2542,03/05/2026,11:09,11:26,0,5
11426,4,2557,03/05/2026,11:30,11:48,0,6
11427,4,2376,03/05/2026,11:52,12:04,0,7
11428,4,2615,03/05/2026,12:15,12:22,0,8
11429,4,2450,03/05/2026,12:31,12:39,0,9
11430,4,2770,03/05/2026,12:46,12:58,0,10
11431,4,2532,03/05/2026,13:06,13:37,0,11
11432,4,2383,04/05/2026,09:06,09:13,0,1
11433,4,2726,04/05/2026,09:17,09:35,0,2
11434,4,2372,04/05/2026,09:40,09:55,0,3
11435,4,2468,04/05/2026,09:59,10:09,0,4
11436,4,2702,04/05/2026,10:14,,0,5
11437,4,2724,04/05/2026,10:29,10:47,0,6
11438,4,2715,04/05/2026,10:52,11:00,0,7
11439,4,2356,04/05/2026,11:05,11:28,0,8
11440,4,2670,04/05/2026,11:36,11:56,0,9
11441,4,2673,04/05/2026,12:01,12:11,0,10
11442,4,2671,05/05/2026,09:24,09:46,0,1
11443,4,2664,05/05/2026,09:52,10:31,0,2
11444,4,2422,05/05/2026,10:35,10:43,0,3
11445,4,2511,05/05/2026,10:51,11:00,0,4
11446,4,2416,05/05/2026,11:11,11:23,0,5
11447,4,2709,05/05/2026,11:32,12:02,0,6
11448,4,2716,05/05/2026,12:06,12:25,0,7
11449,4,2446,05/05/2026,12:33,12:58,0,8
11450,4,2597,05/05/2026,13:03,13:26,0,9
11451,4,2689,05/05/2026,13:32,13:39,0,10
11452,4,2557,05/05/2026,13:51,,1,11
11453,4,2665,06/05/2026,09:13,09:26,0,1
11454,4,2675,06/05/2026,09:33,09:54,0,2
11455,4,2747,06/05/2026,10:04,,1,3
11456,4,2483,06/05/2026,10:33,10:51,0,4
11457,4,2627,06/05/2026,11:01,11:26,0,5
11458,4,2659,06/05/2026,11:39,11:51,0,6
11459,4,2438,07/05/2026,09:10,09:28,0,1
11460,4,2384,07/05/2026,09:35,,0,2
11461,4,2560,07/05/2026,10:02,10:20,0,3
11462,4,2461,07/05/2026,10:32,10:55,0,4
11463,4,2483,07/05/2026,11:04,11:24,0,5
11464,4,2784,07/05/2026,11:28,11:47,0,6
11465,4,2765,07/05/2026,11:51,12:14,0,7
11466,4,2430,09/05/2026,09:32,,0,1
11467,4,2634,09/05/2026,09:45,10:02,0,2
11468,4,2524,09/05/2026,10:09,,1,3
11469,4,2666,09/05/2026,10:30,10:41,0,4
11470,4,2517,09/05/2026,10:47,11:12,0,5
11471,4,2477,09/05/2026,11:19,11:35,0,6
11472,4,2532,09/05/2026,11:41,12:06,0,7
11473,4,2776,09/05/2026,12:13,12:20,0,8
11474,4,2402,09/05/2026,12:26,12:47,0,9
11475,4,2751,09/05/2026,12:54,13:14,0,10
11476,4,2403,10/05/2026,09:22,09:42,0,1
11477,4,2443,10/05/2026,09:46,10:09,0,2
11478,4,2418,10/05/2026,10:16,10:36,0,3
11479,4,2589,10/05/2026,10:43,11:07,0,4
11480,4,2356,10/05/2026,11:14,11:35,0,5
11481,4,2374,10/05/2026,11:39,11:54,0,6
11482,4,2508,10/05/2026,12:04,,1,7
11483,4,2576,11/05/2026,09:31,09:41,0,1
11484,4,2357,11/05/2026,09:52,10:09,0,2
11485,4,2435,11/05/2026,10:15,10:38,0,3
11486,4,2447,11/05/2026,10:43,11:07,0,4
11487,4,2528,11/05/2026,11:14,11:24,0,5
11488,4,2342,11/05/2026,11:28,11:49,0,6
11489,4,2749,11/05/2026,11:55,12:15,0,7
11490,4,2671,11/05/2026,12:21,12:48,0,8
11491,4,2752,12/05/2026,09:31,09:52,0,1
11492,4,2443,12/05/2026,10:00,10:14,0,2
11493,4,2553,12/05/2026,10:21,10:35,0,3
11494,4,2645,12/05/2026,10:39,11:04,0,4
11495,4,2609,12/05/2026,11:13,11:28,0,5
11496,4,2385,12/05/2026,11:32,11:40,0,6
11497,4,2413,12/05/2026,11:48,12:18,0,7
11498,4,2549,12/05/2026,12:22,12:35,0,8
11499,4,2444,12/05/2026,12:40,13:02,0,9
11500,4,2449,12/05/2026,13:06,13:14,0,10
11501,4,2422,12/05/2026,13:19,13:29,0,11
11502,4,2778,13/05/2026,09:12,09:43,0,1
11503,4,2762,13/05/2026,09:47,09:55,0,2
11504,4,2514,13/05/2026,10:07,10:14,0,3
11505,4,2747,13/05/2026,10:20,10:29,0,4
11506,4,2585,13/05/2026,10:33,10:47,0,5
11507,4,2769,13/05/2026,10:54,11:19,0,6
11508,4,2370,14/05/2026,09:20,09:43,0,1
11509,4,2529,14/05/2026,09:52,10:06,0,2
11510,4,2690,14/05/2026,10:10,10:21,0,3
11511,4,2489,14/05/2026,10:25,10:40,0,4
11512,4,2780,14/05/2026,10:44,10:54,0,5
11513,4,2473,14/05/2026,10:59,11:22,0,6
11514,4,2674,14/05/2026,11:28,11:44,0,7
11515,4,2429,16/05/2026,09:18,09:33,0,1
11516,4,2700,16/05/2026,09:39,09:55,0,2
11517,4,2772,16/05/2026,10:01,10:14,0,3
11518,4,2408,16/05/2026,10:23,10:44,0,4
11519,4,2781,16/05/2026,10:48,11:07,0,5
11520,4,2572,16/05/2026,11:13,11:27,0,6
11521,4,2505,16/05/2026,11:33,11:45,0,7
11522,4,2356,16/05/2026,11:54,12:07,0,8
11523,4,2363,17/05/2026,09:17,09:36,0,1
11524,4,2587,17/05/2026,09:40,10:05,0,2
11525,4,2677,17/05/2026,10:09,10:18,0,3
11526,4,2574,17/05/2026,10:22,10:34,0,4
11527,4,2509,17/05/2026,10:46,10:55,0,5
11528,4,2597,17/05/2026,11:05,,1,6
11529,4,2586,18/05/2026,09:16,09:31,0,1
11530,4,2751,18/05/2026,09:39,09:54,0,2
11531,4,2605,18/05/2026,09:58,10:13,0,3
11532,4,2479,18/05/2026,10:20,10:27,0,4
11533,4,2649,18/05/2026,10:31,10:54,0,5
11534,4,2547,18/05/2026,10:59,11:06,0,6
11535,4,2408,18/05/2026,11:15,11:32,0,7
11536,4,2616,19/05/2026,09:26,09:33,0,1
11537,4,2518,19/05/2026,09:41,09:59,0,2
11538,4,2707,19/05/2026,10:07,10:22,0,3
11539,4,2664,19/05/2026,10:29,10:50,0,4
11540,4,2406,19/05/2026,10:54,11:12,0,5
11541,4,2369,19/05/2026,11:16,11:26,0,6
11542,4,2751,19/05/2026,11:32,11:52,0,7
11543,4,2507,20/05/2026,09:28,09:45,0,1
11544,4,2512,20/05/2026,09:49,10:06,0,2
11545,4,2391,20/05/2026,10:15,10:33,0,3
11546,4,2394,20/05/2026,10:37,10:54,0,4
11547,4,2789,20/05/2026,11:03,,1,5
11548,4,2752,20/05/2026,11:29,11:46,0,6
11549,4,2553,20/05/2026,11:50,11:57,0,7
11550,4,2423,20/05/2026,12:04,12:26,0,8
11551,4,2727,20/05/2026,12:34,,0,9
11552,4,2373,20/05/2026,12:49,13:01,0,10
11553,4,2407,20/05/2026,13:06,13:27,0,11
11554,4,2563,21/05/2026,09:15,09:36,0,1
11555,4,2693,21/05/2026,09:43,10:04,0,2
11556,4,2375,21/05/2026,10:11,10:18,0,3
11557,4,2431,21/05/2026,10:22,10:45,0,4
11558,4,2346,21/05/2026,10:49,11:01,0,5
11559,4,2483,21/05/2026,11:09,11:23,0,6
11560,4,2382,21/05/2026,11:27,11:40,0,7
11561,4,2554,21/05/2026,11:48,12:08,0,8
11562,4,2449,21/05/2026,12:12,12:29,0,9
11563,4,2644,23/05/2026,09:15,09:42,0,1
11564,4,2614,23/05/2026,09:50,09:58,0,2
11565,4,2356,23/05/2026,10:05,10:25,0,3
11566,4,2472,23/05/2026,10:32,10:53,0,4
11567,4,2600,23/05/2026,11:03,11:19,0,5
11568,4,2713,23/05/2026,11:27,11:38,0,6
11569,4,2672,23/05/2026,11:45,12:03,0,7
11570,4,2403,23/05/2026,12:10,12:34,0,8
11571,4,2424,23/05/2026,12:40,12:47,0,9
11572,4,2343,23/05/2026,12:56,13:17,0,10
11573,4,2366,24/05/2026,09:26,09:37,0,1
11574,4,2544,24/05/2026,09:43,09:58,0,2
11575,4,2783,24/05/2026,10:04,10:23,0,3
11576,4,2453,24/05/2026,10:30,10:43,0,4
11577,4,2747,24/05/2026,10:52,11:05,0,5
11578,4,2340,24/05/2026,11:10,11:17,0,6
11579,4,2787,24/05/2026,11:25,11:32,0,7
11580,4,2378,24/05/2026,11:41,12:01,0,8
11581,4,2603,25/05/2026,09:18,,1,1
11582,4,2508,25/05/2026,09:37,09:44,0,2
11583,4,2625,25/05/2026,09:52,10:15,0,3
11584,4,2585,25/05/2026,10:24,10:41,0,4
11585,4,2363,25/05/2026,10:46,11:05,0,5
11586,4,2596,25/05/2026,11:15,,0,6
11587,4,2512,25/05/2026,11:36,,1,7
11588,4,2747,25/05/2026,11:56,12:14,0,8
11589,4,2782,25/05/2026,12:19,12:41,0,9
11590,4,2481,25/05/2026,12:45,13:04,0,10
11591,4,2497,26/05/2026,09:14,09:33,0,1
11592,4,2364,26/05/2026,09:41,09:56,0,2
11593,4,2433,26/05/2026,10:08,10:27,0,3
11594,4,2541,26/05/2026,10:33,,0,4
11595,4,2787,26/05/2026,10:58,11:20,0,5
11596,4,2735,26/05/2026,11:24,11:38,0,6
11597,4,2626,27/05/2026,09:32,09:58,0,1
11598,4,2410,27/05/2026,10:04,10:16,0,2
11599,4,2454,27/05/2026,10:26,10:35,0,3
11600,4,2545,27/05/2026,10:44,11:00,0,4
11601,4,2617,27/05/2026,11:04,11:22,0,5
11602,4,2672,27/05/2026,11:26,11:54,0,6
11603,4,2429,27/05/2026,11:58,12:19,0,7
11604,4,2532,28/05/2026,09:28,09:49,0,1
11605,4,2611,28/05/2026,10:04,10:16,0,2
11606,4,2354,28/05/2026,10:23,10:47,0,3
11607,4,2719,28/05/2026,10:53,11:02,0,4
11608,4,2731,28/05/2026,11:13,11:28,0,5
11609,4,2680,28/05/2026,11:34,,1,6
11610,4,2684,28/05/2026,11:52,12:00,0,7
11611,4,2365,28/05/2026,12:04,12:28,0,8
11612,4,2755,30/05/2026,09:18,09:25,0,1
11613,4,2504,30/05/2026,09:32,09:43,0,2
11614,4,2672,30/05/2026,09:51,10:07,0,3
11615,4,2600,30/05/2026,10:11,10:33,0,4
11616,4,2610,30/05/2026,10:39,10:55,0,5
11617,4,2458,30/05/2026,11:01,11:17,0,6
11618,4,2397,30/05/2026,11:21,11:42,0,7
11619,4,2595,30/05/2026,11:50,11:59,0,8
11620,4,2406,30/05/2026,12:05,12:22,0,9
11621,4,2426,30/05/2026,12:29,,0,10
11622,4,2597,31/05/2026,09:33,09:41,0,1
11623,4,2695,31/05/2026,09:45,09:52,0,2
11624,4,2467,31/05/2026,10:02,10:15,0,3
11625,4,2511,31/05/2026,10:19,10:43,0,4
11626,4,2404,31/05/2026,10:49,10:59,0,5
11627,4,2769,31/05/2026,11:08,11:29,0,6
11628,4,2478,31/05/2026,11:33,11:46,0,7
11629,4,2703,01/06/2026,09:19,09:28,0,1
11630,4,2342,01/06/2026,09:32,09:55,0,2
11631,4,2477,01/06/2026,09:59,,0,3
11632,4,2603,01/06/2026,10:36,10:57,0,4
11633,4,2674,01/06/2026,11:03,11:18,0,5
11634,4,2455,01/06/2026,11:27,11:49,0,6
11635,4,2495,01/06/2026,11:55,12:18,0,7
11636,4,2439,01/06/2026,12:23,12:31,0,8
11637,4,2782,01/06/2026,12:36,12:54,0,9
11638,4,2534,01/06/2026,13:00,13:16,0,10
11639,4,2670,02/06/2026,09:16,09:32,0,1
11640,4,2437,02/06/2026,09:40,09:52,0,2
11641,4,2372,02/06/2026,10:02,10:19,0,3
11642,4,2538,02/06/2026,10:27,10:39,0,4
11643,4,2545,02/06/2026,10:44,10:54,0,5
11644,4,2408,02/06/2026,11:02,11:20,0,6
11645,4,2570,02/06/2026,11:31,,0,7
11646,4,2431,02/06/2026,11:58,12:10,0,8
11647,4,2789,02/06/2026,12:18,12:37,0,9
11648,4,2560,02/06/2026,12:44,13:04,0,10
11649,4,2516,02/06/2026,13:08,13:21,0,11
11650,4,2688,03/06/2026,09:07,09:29,0,1
11651,4,2566,03/06/2026,09:33,10:03,0,2
11652,4,2689,03/06/2026,10:11,10:18,0,3
11653,4,2799,03/06/2026,10:22,10:37,0,4
11654,4,2603,03/06/2026,10:45,11:04,0,5
11655,4,2593,03/06/2026,11:12,11:28,0,6
11656,4,2700,03/06/2026,11:32,,1,7
11657,4,2487,03/06/2026,12:07,12:27,0,8
11658,4,2345,03/06/2026,12:37,13:00,0,9
11659,4,2488,04/06/2026,09:18,09:43,0,1
11660,4,2623,04/06/2026,09:49,09:56,0,2
11661,4,2777,04/06/2026,10:02,10:10,0,3
11662,4,2779,04/06/2026,10:15,10:26,0,4
11663,4,2771,04/06/2026,10:33,10:55,0,5
11664,4,2791,04/06/2026,11:05,,0,6
11665,4,2666,04/06/2026,11:25,11:52,0,7
11666,4,2364,04/06/2026,12:01,12:15,0,8
11667,4,2511,04/06/2026,12:22,12:34,0,9
11668,4,2656,04/06/2026,12:38,12:57,0,10
11669,4,2473,04/06/2026,13:01,13:26,0,11
11670,4,2733,06/06/2026,09:26,09:48,0,1
11671,4,2783,06/06/2026,09:54,10:06,0,2
11672,4,2394,06/06/2026,10:14,10:36,0,3
11673,4,2683,06/06/2026,10:40,10:57,0,4
11674,4,2487,06/06/2026,11:01,,0,5
11675,4,2763,06/06/2026,11:20,11:38,0,6
11676,4,2791,06/06/2026,11:42,11:51,0,7
11677,4,2618,06/06/2026,12:01,12:15,0,8
11678,4,2687,06/06/2026,12:21,12:39,0,9
11679,4,2559,06/06/2026,12:45,13:03,0,10
11680,4,2463,06/06/2026,13:08,13:22,0,11
11681,4,2819,07/06/2026,09:25,09:32,0,1
11682,4,2556,07/06/2026,09:38,09:55,0,2
11683,4,2416,07/06/2026,10:00,10:18,0,3
11684,4,2406,07/06/2026,10:29,10:49,0,4
11685,4,2719,07/06/2026,10:56,11:05,0,5
11686,4,2478,07/06/2026,11:09,11:17,0,6
11687,4,2551,07/06/2026,11:23,11:30,0,7
11688,4,2772,07/06/2026,11:36,11:43,0,8
11689,4,2596,07/06/2026,11:51,12:11,0,9
11690,4,2460,07/06/2026,12:21,12:51,0,10
11691,4,2662,08/06/2026,09:22,09:40,0,1
11692,4,2428,08/06/2026,09:46,09:53,0,2
11693,4,2716,08/06/2026,09:57,10:09,0,3
11694,4,2714,08/06/2026,10:13,10:20,0,4
11695,4,2693,08/06/2026,10:33,,0,5
11696,4,2467,08/06/2026,11:00,11:16,0,6
11697,4,2553,08/06/2026,11:27,11:37,0,7
11698,4,2553,08/06/2026,11:47,12:09,0,8
11699,4,2601,08/06/2026,12:15,12:33,0,9
11700,4,2618,08/06/2026,12:37,,0,10
11701,4,2647,09/06/2026,09:24,09:44,0,1
11702,4,2519,09/06/2026,09:49,10:08,0,2
11703,4,2755,09/06/2026,10:17,10:28,0,3
11704,4,2614,09/06/2026,10:39,10:55,0,4
11705,4,2726,09/06/2026,11:00,,1,5
11706,4,2627,09/06/2026,11:25,11:37,0,6
11707,4,2616,09/06/2026,11:42,11:49,0,7
11708,4,2618,09/06/2026,11:57,12:04,0,8
11709,4,2342,09/06/2026,12:12,12:31,0,9
11710,4,2511,09/06/2026,12:35,12:48,0,10
11711,4,2559,09/06/2026,12:54,13:11,0,11
11712,4,2644,10/06/2026,09:28,09:54,0,1
11713,4,2760,10/06/2026,10:05,10:21,0,2
11714,4,2689,10/06/2026,10:29,10:45,0,3
11715,4,2793,10/06/2026,10:52,,1,4
11716,4,2538,10/06/2026,11:14,11:26,0,5
11717,4,2625,10/06/2026,11:31,11:57,0,6
11718,4,2728,11/06/2026,09:12,09:20,0,1
11719,4,2444,11/06/2026,09:27,09:39,0,2
11720,4,2566,11/06/2026,09:47,09:59,0,3
11721,4,2341,11/06/2026,10:03,10:11,0,4
11722,4,2783,11/06/2026,10:15,10:35,0,5
11723,4,2482,11/06/2026,10:42,11:07,0,6
11724,4,2388,11/06/2026,11:13,11:32,0,7
11725,4,2417,11/06/2026,11:36,11:58,0,8
11726,4,2629,11/06/2026,12:02,12:15,0,9
11727,4,2610,11/06/2026,12:23,12:39,0,10
11728,4,2551,11/06/2026,12:44,12:54,0,11
11729,4,2668,13/06/2026,09:14,09:27,0,1
11730,4,2547,13/06/2026,09:32,,1,2
11731,4,2704,13/06/2026,09:46,10:01,0,3
11732,4,2615,13/06/2026,10:07,10:16,0,4
11733,4,2364,13/06/2026,10:26,10:33,0,5
11734,4,2638,13/06/2026,10:40,11:02,0,6
11735,4,2430,13/06/2026,11:11,11:25,0,7
11736,4,2495,14/06/2026,09:32,09:55,0,1
11737,4,2625,14/06/2026,09:59,10:22,0,2
11738,4,2753,14/06/2026,10:31,10:50,0,3
11739,4,2738,14/06/2026,10:56,11:05,0,4
11740,4,2747,14/06/2026,11:16,11:33,0,5
11741,4,2397,14/06/2026,11:38,11:54,0,6
11742,4,2779,14/06/2026,11:59,12:15,0,7
11743,4,2780,14/06/2026,12:21,12:37,0,8
11744,4,2497,15/06/2026,09:22,09:38,0,1
11745,4,2740,15/06/2026,09:42,10:06,0,2
11746,4,2639,15/06/2026,10:10,10:25,0,3
11747,4,2780,15/06/2026,10:31,10:47,0,4
11748,4,2573,15/06/2026,10:52,11:07,0,5
11749,4,2489,15/06/2026,11:12,11:34,0,6
11750,4,2400,15/06/2026,11:43,12:00,0,7
11751,4,2659,15/06/2026,12:05,12:16,0,8
11752,4,2467,15/06/2026,12:22,12:38,0,9
11753,4,2535,15/06/2026,12:42,12:56,0,10
11754,4,2732,15/06/2026,13:03,13:30,0,11
11755,4,2692,16/06/2026,09:30,09:37,0,1
11756,4,2640,16/06/2026,09:41,09:57,0,2
11757,4,2797,16/06/2026,10:06,10:26,0,3
11758,4,2407,16/06/2026,10:37,11:03,0,4
11759,4,2779,16/06/2026,11:07,11:23,0,5
11760,4,2784,16/06/2026,11:27,11:47,0,6
11761,4,2659,16/06/2026,11:51,12:00,0,7
11762,4,2495,16/06/2026,12:10,12:28,0,8
11763,4,2759,16/06/2026,12:36,13:04,0,9
11764,4,2351,17/06/2026,09:14,09:21,0,1
11765,4,2605,17/06/2026,09:25,09:37,0,2
11766,4,2569,17/06/2026,09:42,09:51,0,3
11767,4,2587,17/06/2026,09:56,10:10,0,4
11768,4,2487,17/06/2026,10:15,10:34,0,5
11769,4,2477,17/06/2026,10:42,10:52,0,6
11770,4,2581,17/06/2026,10:57,11:04,0,7
11771,4,2594,17/06/2026,11:09,11:21,0,8
11772,4,2467,17/06/2026,11:25,11:53,0,9
11773,4,2764,17/06/2026,12:00,,1,10
11774,4,2497,17/06/2026,12:27,12:54,0,11
11775,4,2672,18/06/2026,09:06,09:41,0,1
11776,4,2354,18/06/2026,09:49,10:08,0,2
11777,4,2594,18/06/2026,10:15,10:23,0,3
11778,4,2599,18/06/2026,10:27,10:41,0,4
11779,4,2499,18/06/2026,10:49,11:10,0,5
11780,4,2513,18/06/2026,11:19,11:41,0,6
11781,4,2725,18/06/2026,11:50,12:13,0,7
11782,4,2738,18/06/2026,12:19,,1,8
11783,4,2422,18/06/2026,12:53,13:10,0,9
11784,4,2517,18/06/2026,13:17,13:39,0,10
11785,4,2603,18/06/2026,13:44,14:01,0,11
11786,4,2551,20/06/2026,09:32,09:39,0,1
11787,4,2740,20/06/2026,09:43,10:05,0,2
11788,4,2797,20/06/2026,10:09,10:21,0,3
11789,4,2655,20/06/2026,10:28,10:39,0,4
11790,4,2429,20/06/2026,10:51,11:12,0,5
11791,4,2371,20/06/2026,11:23,11:50,0,6
11792,4,2681,20/06/2026,11:54,12:07,0,7
11793,4,2793,21/06/2026,09:16,09:28,0,1
11794,4,2656,21/06/2026,09:35,09:54,0,2
11795,4,2811,21/06/2026,10:05,,0,3
11796,4,2597,21/06/2026,10:25,10:32,0,4
11797,4,2514,21/06/2026,10:39,10:50,0,5
11798,4,2811,21/06/2026,10:56,11:09,0,6
11799,4,2431,21/06/2026,11:21,11:31,0,7
11800,4,2673,21/06/2026,11:36,11:49,0,8
11801,4,2525,21/06/2026,11:57,12:17,0,9
11802,4,2382,22/06/2026,09:31,09:50,0,1
11803,4,2522,22/06/2026,09:59,10:11,0,2
11804,4,2399,22/06/2026,10:15,10:36,0,3
11805,4,2432,22/06/2026,10:40,10:47,0,4
11806,4,2765,22/06/2026,10:54,11:15,0,5
11807,4,2416,22/06/2026,11:24,11:41,0,6
11808,4,2666,22/06/2026,11:45,,0,7
11809,4,2726,23/06/2026,09:23,09:42,0,1
11810,4,2782,23/06/2026,09:51,10:11,0,2
11811,4,2470,23/06/2026,10:19,10:42,0,3
11812,4,2660,23/06/2026,10:46,10:59,0,4
11813,4,2609,23/06/2026,11:07,11:29,0,5
11814,4,2531,23/06/2026,11:38,12:05,0,6
11815,4,2381,23/06/2026,12:13,12:24,0,7
11816,4,2649,23/06/2026,12:30,12:46,0,8
11817,4,2415,24/06/2026,09:11,09:25,0,1
11818,4,2660,24/06/2026,09:32,09:39,0,2
11819,4,2770,24/06/2026,09:43,10:04,0,3
11820,4,2731,24/06/2026,10:08,,0,4
11821,4,2782,24/06/2026,10:24,10:38,0,5
11822,4,2597,24/06/2026,10:44,11:05,0,6
11823,4,2798,24/06/2026,11:14,11:33,0,7
11824,4,2488,25/06/2026,09:26,09:42,0,1
11825,4,2766,25/06/2026,09:48,09:59,0,2
11826,4,2421,25/06/2026,10:08,10:22,0,3
11827,4,2762,25/06/2026,10:30,10:44,0,4
11828,4,2731,25/06/2026,10:51,11:00,0,5
11829,4,2584,25/06/2026,11:09,11:35,0,6
11830,4,2777,25/06/2026,11:39,11:46,0,7
11831,4,2512,27/06/2026,09:34,10:03,0,1
11832,4,2438,27/06/2026,10:07,10:17,0,2
11833,4,2773,27/06/2026,10:23,10:39,0,3
11834,4,2782,27/06/2026,10:52,11:04,0,4
11835,4,2738,27/06/2026,11:11,11:31,0,5
11836,4,2415,27/06/2026,11:35,11:55,0,6
11837,4,2500,28/06/2026,09:26,09:33,0,1
11838,4,2526,28/06/2026,09:37,09:45,0,2
11839,4,2498,28/06/2026,09:52,10:11,0,3
11840,4,2483,28/06/2026,10:18,10:27,0,4
11841,4,2632,28/06/2026,10:33,,0,5
11842,4,2629,28/06/2026,10:59,11:19,0,6
11843,4,2558,28/06/2026,11:23,11:40,0,7
11844,4,2728,28/06/2026,11:44,12:00,0,8
11845,4,2467,29/06/2026,09:19,09:27,0,1
11846,4,2659,29/06/2026,09:34,09:43,0,2
11847,4,2380,29/06/2026,09:51,10:08,0,3
11848,4,2458,29/06/2026,10:15,10:27,0,4
11849,4,2522,29/06/2026,10:32,10:52,0,5
11850,4,2741,29/06/2026,11:05,11:16,0,6
11851,4,2461,29/06/2026,11:20,11:31,0,7
11852,4,2690,29/06/2026,11:38,11:55,0,8
11853,4,2534,29/06/2026,11:59,12:06,0,9
11854,4,2781,29/06/2026,12:14,12:36,0,10
11855,4,2438,30/06/2026,09:25,09:41,0,1
11856,4,2352,30/06/2026,09:48,10:14,0,2
11857,4,2522,30/06/2026,10:21,10:41,0,3
11858,4,2684,30/06/2026,10:47,10:58,0,4
11859,4,2787,30/06/2026,11:02,11:22,0,5
11860,4,2759,30/06/2026,11:31,,1,6
11861,4,2374,30/06/2026,11:46,12:07,0,7
11862,4,2704,30/06/2026,12:13,12:20,0,8
11863,4,2726,30/06/2026,12:34,12:51,0,9
11864,4,2750,30/06/2026,13:02,13:13,0,10
11865,4,2668,01/07/2026,09:31,09:53,0,1
11866,4,2623,01/07/2026,10:04,10:16,0,2
11867,4,2577,01/07/2026,10:23,10:31,0,3
11868,4,2747,01/07/2026,10:39,10:57,0,4
11869,4,2731,01/07/2026,11:09,11:23,0,5
11870,4,2473,01/07/2026,11:27,11:47,0,6
11871,4,2355,01/07/2026,11:54,12:04,0,7
11872,4,2387,01/07/2026,12:13,12:24,0,8
11873,4,2434,01/07/2026,12:31,12:50,0,9
11874,4,2450,01/07/2026,12:56,13:03,0,10
11875,4,2560,01/07/2026,13:09,13:19,0,11
11876,4,2732,02/07/2026,09:29,,0,1
11877,4,2780,02/07/2026,09:59,10:06,0,2
11878,4,2535,02/07/2026,10:13,10:36,0,3
11879,4,2772,02/07/2026,10:49,10:59,0,4
11880,4,2609,02/07/2026,11:09,11:20,0,5
11881,4,2342,02/07/2026,11:27,,1,6
11882,4,2561,02/07/2026,11:54,12:01,0,7
11883,4,2607,02/07/2026,12:05,,0,8
11884,4,2389,02/07/2026,12:37,12:58,0,9
11885,4,2495,02/07/2026,13:04,13:18,0,10
11886,4,2713,04/07/2026,09:18,09:28,0,1
11887,4,2543,04/07/2026,09:32,09:40,0,2
11888,4,2627,04/07/2026,09:44,,0,3
11889,4,2406,04/07/2026,10:08,10:29,0,4
11890,4,2435,04/07/2026,10:34,10:45,0,5
11891,4,2443,04/07/2026,10:54,11:10,0,6
11892,4,2653,04/07/2026,11:17,,0,7
11893,4,2819,04/07/2026,11:49,,0,8
11894,4,2704,04/07/2026,12:00,12:23,0,9
11895,4,2436,04/07/2026,12:31,12:51,0,10
11896,4,2385,04/07/2026,12:55,13:12,0,11
11897,4,2340,05/07/2026,09:07,09:21,0,1
11898,4,2594,05/07/2026,09:25,09:45,0,2
11899,4,2432,05/07/2026,09:50,10:05,0,3
11900,4,2811,05/07/2026,10:11,10:24,0,4
11901,4,2607,05/07/2026,10:31,10:46,0,5
11902,4,2629,05/07/2026,10:53,11:09,0,6
11903,4,2411,05/07/2026,11:13,11:34,0,7
11904,4,2781,05/07/2026,11:38,11:58,0,8
11905,4,2500,05/07/2026,12:04,12:11,0,9
11906,4,2489,06/07/2026,09:18,09:36,0,1
11907,4,2588,06/07/2026,09:42,09:58,0,2
11908,4,2462,06/07/2026,10:02,10:14,0,3
11909,4,2446,06/07/2026,10:18,10:54,0,4
11910,4,2741,06/07/2026,11:03,11:10,0,5
11911,4,2604,06/07/2026,11:18,11:36,0,6
11912,4,2411,06/07/2026,11:47,11:54,0,7
11913,4,2565,06/07/2026,11:59,12:15,0,8
11914,4,2637,07/07/2026,09:35,09:52,0,1
11915,4,2695,07/07/2026,10:01,,0,2
11916,4,2517,07/07/2026,10:26,10:47,0,3
11917,4,2650,07/07/2026,10:55,11:15,0,4
11918,4,2363,07/07/2026,11:19,11:41,0,5
11919,4,2480,07/07/2026,11:45,11:59,0,6
11920,4,2672,07/07/2026,12:09,12:37,0,7
11921,4,2604,07/07/2026,12:47,12:59,0,8
11922,4,2427,08/07/2026,09:28,09:50,0,1
11923,4,2732,08/07/2026,10:01,10:20,0,2
11924,4,2551,08/07/2026,10:28,10:45,0,3
11925,4,2438,08/07/2026,10:52,11:02,0,4
11926,4,2716,08/07/2026,11:06,11:28,0,5
11927,4,2596,08/07/2026,11:32,11:53,0,6
11928,4,2372,09/07/2026,09:13,09:26,0,1
11929,4,2407,09/07/2026,09:36,09:54,0,2
11930,4,2549,09/07/2026,09:58,10:19,0,3
11931,4,2636,09/07/2026,10:23,10:32,0,4
11932,4,2575,09/07/2026,10:36,10:52,0,5
11933,4,2660,09/07/2026,11:02,11:19,0,6
11934,4,2461,09/07/2026,11:23,11:32,0,7
11935,4,2533,09/07/2026,11:37,11:45,0,8
11936,4,2425,09/07/2026,11:51,12:04,0,9
11937,4,2387,09/07/2026,12:11,12:28,0,10
11938,4,2525,09/07/2026,12:32,12:52,0,11
11939,4,2768,11/07/2026,09:27,09:34,0,1
11940,4,2435,11/07/2026,09:41,09:51,0,2
11941,4,2614,11/07/2026,10:00,10:07,0,3
11942,4,2789,11/07/2026,10:11,10:26,0,4
11943,4,2425,11/07/2026,10:35,10:51,0,5
11944,4,2566,11/07/2026,10:58,11:16,0,6
11945,4,2436,11/07/2026,11:23,11:42,0,7
11946,4,2761,11/07/2026,11:54,12:13,0,8
11947,4,2513,12/07/2026,09:29,10:04,0,1
11948,4,2700,12/07/2026,10:11,10:41,0,2
11949,4,2409,12/07/2026,10:47,10:56,0,3
11950,4,2531,12/07/2026,11:02,11:09,0,4
11951,4,2557,12/07/2026,11:15,11:36,0,5
11952,4,2709,12/07/2026,11:42,11:58,0,6
11953,4,2529,12/07/2026,12:03,12:10,0,7
11954,4,2476,12/07/2026,12:18,12:37,0,8
11955,4,2499,13/07/2026,09:09,,0,1
11956,4,2598,13/07/2026,09:26,,0,2
11957,4,2664,13/07/2026,09:52,10:13,0,3
11958,4,2400,13/07/2026,10:24,10:40,0,4
11959,4,2411,13/07/2026,10:47,10:54,0,5
11960,4,2407,13/07/2026,11:03,11:15,0,6
11961,4,2405,13/07/2026,11:21,11:34,0,7
11962,4,2714,14/07/2026,09:19,09:33,0,1
11963,4,2724,14/07/2026,09:39,09:52,0,2
11964,4,2537,14/07/2026,09:57,10:13,0,3
11965,4,2462,14/07/2026,10:21,10:34,0,4
11966,4,2719,14/07/2026,10:39,11:04,0,5
11967,4,2417,14/07/2026,11:09,11:27,0,6
11968,4,2527,14/07/2026,11:36,11:45,0,7
11969,4,2743,14/07/2026,11:49,,0,8
11970,4,2455,14/07/2026,12:21,12:40,0,9
11971,4,2698,14/07/2026,12:46,13:09,0,10
11972,4,2561,15/07/2026,09:11,09:18,0,1
11973,4,2611,15/07/2026,09:27,09:40,0,2
11974,4,2670,15/07/2026,09:50,10:03,0,3
11975,4,2636,15/07/2026,10:16,10:36,0,4
11976,4,2434,15/07/2026,10:46,11:13,0,5
11977,4,2494,15/07/2026,11:17,11:24,0,6
11978,4,2468,15/07/2026,11:28,11:43,0,7
11979,4,2432,15/07/2026,11:54,12:02,0,8
11980,4,2479,15/07/2026,12:10,12:17,0,9
11981,4,2479,15/07/2026,12:25,12:42,0,10
11982,4,2616,15/07/2026,12:46,12:57,0,11
11983,4,2772,16/07/2026,09:30,09:37,0,1
11984,4,2498,16/07/2026,09:46,10:04,0,2
11985,4,2363,16/07/2026,10:16,10:29,0,3
11986,4,2662,16/07/2026,10:36,10:49,0,4
11987,4,2506,16/07/2026,10:53,11:17,0,5
11988,4,2560,16/07/2026,11:23,11:44,0,6
11989,4,2797,16/07/2026,11:53,12:13,0,7
11990,4,2434,16/07/2026,12:17,12:36,0,8
11991,4,2698,16/07/2026,12:47,13:06,0,9
11992,4,2740,18/07/2026,09:28,09:46,0,1
11993,4,2434,18/07/2026,09:53,10:07,0,2
11994,4,2351,18/07/2026,10:11,10:18,0,3
11995,4,2343,18/07/2026,10:27,10:42,0,4
11996,4,2639,18/07/2026,10:48,11:00,0,5
11997,4,2593,18/07/2026,11:14,11:37,0,6
11998,4,2463,18/07/2026,11:43,11:54,0,7
11999,4,2777,18/07/2026,12:02,12:16,0,8
12000,4,2518,18/07/2026,12:21,12:41,0,9
12001,4,2517,18/07/2026,12:45,12:58,0,10
12002,4,2780,19/07/2026,09:17,09:24,0,1
12003,4,2458,19/07/2026,09:28,09:35,0,2
12004,4,2407,19/07/2026,09:43,10:04,0,3
12005,4,2469,19/07/2026,10:09,,0,4
12006,4,2385,19/07/2026,10:33,10:40,0,5
12007,4,2412,19/07/2026,10:48,11:05,0,6
12008,4,2561,19/07/2026,11:09,11:23,0,7
12009,4,2766,19/07/2026,11:30,,0,8
12010,4,2599,19/07/2026,11:49,12:29,0,9
12011,4,2726,20/07/2026,09:27,,0,1
12012,4,2617,20/07/2026,09:56,10:17,0,2
12013,4,2600,20/07/2026,10:22,10:40,0,3
12014,4,2601,20/07/2026,10:50,11:10,0,4
12015,4,2555,20/07/2026,11:18,11:28,0,5
12016,4,2739,20/07/2026,11:34,11:57,0,6
12017,4,2482,20/07/2026,12:04,12:21,0,7
12018,4,2487,20/07/2026,12:28,12:55,0,8
12019,4,2517,21/07/2026,09:11,09:30,0,1
12020,4,2761,21/07/2026,09:34,09:56,0,2
12021,4,2467,21/07/2026,10:04,10:25,0,3
12022,4,2704,21/07/2026,10:29,10:36,0,4
12023,4,2798,21/07/2026,10:45,11:11,0,5
12024,4,2549,21/07/2026,11:15,11:34,0,6
12025,4,2576,21/07/2026,11:38,11:45,0,7
12026,4,2599,21/07/2026,11:57,12:15,0,8
12027,4,2527,21/07/2026,12:23,12:37,0,9
12028,4,2567,22/07/2026,09:11,,0,1
12029,4,2760,22/07/2026,09:38,09:58,0,2
12030,4,2558,22/07/2026,10:02,10:21,0,3
12031,4,2743,22/07/2026,10:25,10:43,0,4
12032,4,2388,22/07/2026,10:48,11:08,0,5
12033,4,2342,22/07/2026,11:12,11:19,0,6
12034,4,2739,23/07/2026,09:34,09:42,0,1
12035,4,2575,23/07/2026,09:47,10:03,0,2
12036,4,2422,23/07/2026,10:07,10:16,0,3
12037,4,2626,23/07/2026,10:22,10:33,0,4
12038,4,2562,23/07/2026,10:41,11:08,0,5
12039,4,2660,23/07/2026,11:13,11:20,0,6
12040,4,2369,23/07/2026,11:29,11:49,0,7
12041,4,2375,23/07/2026,11:57,12:07,0,8
12042,4,2534,23/07/2026,12:16,12:30,0,9
12043,4,2546,25/07/2026,09:06,09:19,0,1
12044,4,2708,25/07/2026,09:26,09:48,0,2
12045,4,2452,25/07/2026,09:53,10:10,0,3
12046,4,2350,25/07/2026,10:14,10:29,0,4
12047,4,2811,25/07/2026,10:40,10:52,0,5
12048,4,2703,25/07/2026,11:06,11:23,0,6
12049,4,2453,25/07/2026,11:29,11:54,0,7
12050,4,2708,26/07/2026,09:10,09:19,0,1
12051,4,2545,26/07/2026,09:24,09:34,0,2
12052,4,2415,26/07/2026,09:40,,0,3
12053,4,2427,26/07/2026,09:57,10:12,0,4
12054,4,2588,26/07/2026,10:21,10:54,0,5
12055,4,2609,26/07/2026,10:58,11:13,0,6
12056,4,2741,26/07/2026,11:23,11:34,0,7
12057,4,2430,26/07/2026,11:39,11:46,0,8
12058,4,2779,27/07/2026,09:24,,0,1
12059,4,2626,27/07/2026,09:46,10:00,0,2
12060,4,2657,27/07/2026,10:07,10:24,0,3
12061,4,2738,27/07/2026,10:28,10:50,0,4
12062,4,2727,27/07/2026,11:02,11:09,0,5
12063,4,2629,27/07/2026,11:17,11:35,0,6
12064,4,2410,27/07/2026,11:42,12:04,0,7
12065,4,2497,27/07/2026,12:08,12:23,0,8
12066,4,2373,28/07/2026,09:17,09:32,0,1
12067,4,2436,28/07/2026,09:46,10:12,0,2
12068,4,2485,28/07/2026,10:17,10:34,0,3
12069,4,2354,28/07/2026,10:43,10:55,0,4
12070,4,2463,28/07/2026,11:03,11:14,0,5
12071,4,2594,28/07/2026,11:18,11:38,0,6
12072,4,2490,29/07/2026,09:26,09:46,0,1
12073,4,2644,29/07/2026,09:52,10:25,0,2
12074,4,2559,29/07/2026,10:33,10:49,0,3
12075,4,2387,29/07/2026,10:55,11:05,0,4
12076,4,2705,29/07/2026,11:09,11:17,0,5
12077,4,2514,29/07/2026,11:31,11:43,0,6
12078,4,2662,29/07/2026,11:49,12:06,0,7
12079,4,2636,29/07/2026,12:13,12:31,0,8
12080,4,2758,29/07/2026,12:41,13:07,0,9
12081,4,2503,29/07/2026,13:11,13:35,0,10
12082,4,2425,30/07/2026,09:36,10:00,0,1
12083,4,2603,30/07/2026,10:04,10:12,0,2
12084,4,2553,30/07/2026,10:19,10:26,0,3
12085,4,2489,30/07/2026,10:37,10:50,0,4
12086,4,2600,30/07/2026,11:02,11:21,0,5
12087,4,2653,30/07/2026,11:25,11:54,0,6
12088,4,2384,30/07/2026,12:03,12:10,0,7
12089,4,2670,30/07/2026,12:22,,0,8
12090,4,2565,30/07/2026,12:43,,0,9
12091,4,2437,30/07/2026,13:17,13:36,0,10
12092,4,2522,30/07/2026,13:40,14:00,0,11
12093,4,2540,01/08/2026,09:33,,0,1
12094,4,2740,01/08/2026,09:54,10:11,0,2
12095,4,2458,01/08/2026,10:15,10:24,0,3
12096,4,2555,01/08/2026,10:28,10:35,0,4
12097,4,2394,01/08/2026,10:44,11:03,0,5
12098,4,2402,01/08/2026,11:08,11:31,0,6
12099,4,2437,02/08/2026,09:30,09:44,0,1
12100,4,2426,02/08/2026,09:51,10:05,0,2
12101,4,2400,02/08/2026,10:15,10:23,0,3
12102,4,2563,02/08/2026,10:29,10:56,0,4
12103,4,2760,02/08/2026,11:07,11:14,0,5
12104,4,2583,02/08/2026,11:18,11:25,0,6
12105,4,2381,02/08/2026,11:32,11:44,0,7
12106,4,2750,03/08/2026,09:07,09:14,0,1
12107,4,2776,03/08/2026,09:19,09:35,0,2
12108,4,2374,03/08/2026,09:43,09:56,0,3
12109,4,2515,03/08/2026,10:03,10:24,0,4
12110,4,2686,03/08/2026,10:32,10:47,0,5
12111,4,2473,03/08/2026,10:54,11:01,0,6
12112,4,2637,03/08/2026,11:08,11:28,0,7
12113,4,2781,03/08/2026,11:32,11:53,0,8
12114,4,2538,03/08/2026,12:02,12:14,0,9
12115,4,2754,03/08/2026,12:19,12:44,0,10
12116,4,2575,03/08/2026,12:53,13:08,0,11
12117,4,2667,04/08/2026,09:13,09:27,0,1
12118,4,2469,04/08/2026,09:35,09:51,0,2
12119,4,2708,04/08/2026,09:55,10:02,0,3
12120,4,2476,04/08/2026,10:06,10:24,0,4
12121,4,2472,04/08/2026,10:34,10:53,0,5
12122,4,2668,04/08/2026,10:57,11:11,0,6
12123,4,2727,04/08/2026,11:17,11:38,0,7
12124,4,2435,05/08/2026,09:24,09:48,0,1
12125,4,2682,05/08/2026,09:55,10:02,0,2
12126,4,2569,05/08/2026,10:11,10:38,0,3
12127,4,2798,05/08/2026,10:48,11:03,0,4
12128,4,2700,05/08/2026,11:07,11:29,0,5
12129,4,2634,05/08/2026,11:42,11:55,0,6
12130,4,2778,05/08/2026,12:07,12:21,0,7
12131,4,2494,05/08/2026,12:25,12:43,0,8
12132,4,2549,05/08/2026,12:54,13:25,0,9
12133,4,2788,05/08/2026,13:29,13:47,0,10
12134,4,2681,06/08/2026,09:26,09:46,0,1
12135,4,2358,06/08/2026,09:55,10:13,0,2
12136,4,2380,06/08/2026,10:18,10:35,0,3
12137,4,2573,06/08/2026,10:39,10:55,0,4
12138,4,2791,06/08/2026,11:03,11:23,0,5
12139,4,2351,06/08/2026,11:28,11:35,0,6
12140,4,2368,08/08/2026,09:07,09:23,0,1
12141,4,2452,08/08/2026,09:27,09:37,0,2
12142,4,2781,08/08/2026,09:41,10:03,0,3
12143,4,2531,08/08/2026,10:10,10:28,0,4
12144,4,2466,08/08/2026,10:39,10:53,0,5
12145,4,2365,08/08/2026,11:01,11:08,0,6
12146,4,2386,08/08/2026,11:17,11:24,0,7
12147,4,2576,08/08/2026,11:29,11:36,0,8
12148,4,2389,08/08/2026,11:40,12:02,0,9
12149,4,2468,09/08/2026,09:24,09:51,0,1
12150,4,2506,09/08/2026,09:57,,0,2
12151,4,2383,09/08/2026,10:22,10:33,0,3
12152,4,2650,09/08/2026,10:40,10:48,0,4
12153,4,2340,09/08/2026,10:55,11:17,0,5
12154,4,2791,09/08/2026,11:26,11:44,0,6
12155,4,2540,09/08/2026,11:52,12:18,0,7
12156,4,2380,09/08/2026,12:30,12:38,0,8
12157,4,2557,10/08/2026,09:20,09:45,0,1
12158,4,2364,10/08/2026,09:50,09:57,0,2
12159,4,2785,10/08/2026,10:04,10:29,0,3
12160,4,2493,10/08/2026,10:36,10:50,0,4
12161,4,2787,10/08/2026,10:56,11:04,0,5
12162,4,2512,10/08/2026,11:11,11:35,0,6
12163,4,2646,10/08/2026,11:46,12:00,0,7
12164,4,2341,10/08/2026,12:08,,1,8
12165,4,2662,11/08/2026,09:25,09:48,0,1
12166,4,2650,11/08/2026,09:52,,0,2
12167,4,2479,11/08/2026,10:23,10:43,0,3
12168,4,2417,11/08/2026,10:52,11:11,0,4
12169,4,2765,11/08/2026,11:17,11:32,0,5
12170,4,2555,11/08/2026,11:40,11:54,0,6
12171,4,2705,11/08/2026,12:00,12:07,0,7
12172,4,2640,12/08/2026,09:08,09:15,0,1
12173,4,2436,12/08/2026,09:22,09:35,0,2
12174,4,2576,12/08/2026,09:39,09:57,0,3
12175,4,2557,12/08/2026,10:01,10:25,0,4
12176,4,2730,12/08/2026,10:29,10:36,0,5
12177,4,2755,12/08/2026,10:45,,0,6
12178,4,2707,12/08/2026,10:57,11:17,0,7
12179,4,2530,12/08/2026,11:23,11:56,0,8
12180,4,2605,12/08/2026,12:00,12:15,0,9
12181,4,2570,12/08/2026,12:19,12:30,0,10
12182,4,2610,12/08/2026,12:34,12:58,0,11
12183,4,2489,13/08/2026,09:23,09:40,0,1
12184,4,2409,13/08/2026,09:46,10:01,0,2
12185,4,2387,13/08/2026,10:05,,0,3
12186,4,2632,13/08/2026,10:19,10:37,0,4
12187,4,2433,13/08/2026,10:42,11:04,0,5
12188,4,2789,13/08/2026,11:08,,0,6
12189,4,2726,15/08/2026,09:28,09:39,0,1
12190,4,2581,15/08/2026,09:47,10:20,0,2
12191,4,2587,15/08/2026,10:29,10:48,0,3
12192,4,2399,15/08/2026,10:54,11:08,0,4
12193,4,2526,15/08/2026,11:16,11:23,0,5
12194,4,2707,15/08/2026,11:29,11:40,0,6
12195,4,2721,15/08/2026,11:44,12:11,0,7
12196,4,2607,15/08/2026,12:15,12:42,0,8
12197,4,2402,15/08/2026,12:49,13:13,0,9
12198,4,2505,16/08/2026,09:22,09:45,0,1
12199,4,2670,16/08/2026,09:49,10:08,0,2
12200,4,2719,16/08/2026,10:12,10:29,0,3
12201,4,2682,16/08/2026,10:38,10:55,0,4
12202,4,2723,16/08/2026,11:01,11:12,0,5
12203,4,2709,16/08/2026,11:18,11:32,0,6
12204,4,2637,16/08/2026,11:36,11:55,0,7
12205,4,2793,16/08/2026,11:59,12:25,0,8
12206,4,2370,16/08/2026,12:29,12:50,0,9
12207,4,2745,16/08/2026,12:54,13:01,0,10
12208,4,2616,17/08/2026,09:24,09:44,0,1
12209,4,2635,17/08/2026,09:50,10:05,0,2
12210,4,2748,17/08/2026,10:09,10:30,0,3
12211,4,2480,17/08/2026,10:44,10:56,0,4
12212,4,2497,17/08/2026,11:05,11:26,0,5
12213,4,2601,17/08/2026,11:37,11:57,0,6
12214,4,2351,18/08/2026,09:34,09:44,0,1
12215,4,2421,18/08/2026,09:52,10:07,0,2
12216,4,2478,18/08/2026,10:16,10:38,0,3
12217,4,2797,18/08/2026,10:43,10:50,0,4
12218,4,2368,18/08/2026,10:54,,0,5
12219,4,2791,18/08/2026,11:13,11:30,0,6
12220,4,2465,18/08/2026,11:36,11:51,0,7
12221,4,2341,18/08/2026,11:56,12:12,0,8
12222,4,2397,18/08/2026,12:24,12:45,0,9
12223,4,2453,18/08/2026,12:56,13:21,0,10
12224,4,2708,18/08/2026,13:26,13:45,0,11
12225,4,2667,19/08/2026,09:21,09:36,0,1
12226,4,2422,19/08/2026,09:46,09:58,0,2
12227,4,2819,19/08/2026,10:03,,0,3
12228,4,2769,19/08/2026,10:14,10:44,0,4
12229,4,2433,19/08/2026,10:52,,1,5
12230,4,2698,19/08/2026,11:12,11:42,0,6
12231,4,2689,19/08/2026,11:50,11:57,0,7
