doc_no,account_ref,doc_date_text,doc_time,doc_type,junk_note,stated_lines
300001,P:1019,15/09/2024,09:24,INV,,3
300002,P:1019,03/09/2024,13:18,INV,,11
300003,P:1026,05/09/2024,15:37,INV,,13
300004,P:1029,07/09/2024,09:18,INV,,8
300005,P:1079,09/09/2024,14:50,INV,,6
300008,P:1226,09/09/2024,17:37,INV,,4
300011,P:1301,12/09/2024,11:37,INV,,5
300013,P:1333,14/09/2024,08:49,INV,,2
300015,P:1364,11/09/2024,12:39,INV,,10
300017,P:1366,11/09/2024,13:39,INV,,4
300018,P:1389,08/09/2024,13:09,INV,,2
300019,P:1389,08/09/2024,14:56,INV,,7
300020,P:1421,16/09/2024,08:02,INV,,4
300022,P:1444,22/09/2024,16:17,INV,,9
300024,P:1449,19/09/2024,11:48,INV,,4
300025,P:1458,10/09/2024,18:18,INV,,11
300028,P:1469,04/09/2024,08:23,INV,,7
300035,P:1547,21/09/2024,14:58,INV,,4
300037,P:1562,07/09/2024,15:29,INV,,7
300040,P:1584,01/09/2024,11:18,INV,,3
300041,P:1584,03/09/2024,08:38,INV,,4
300042,P:1591,19/09/2024,14:58,INV,,15
300043,P:1601,24/09/2024,10:57,INV,,10
300044,P:1609,09/09/2024,20:18,INV,,7
300049,P:1708,16/09/2024,08:52,INV,,10
300050,P:1708,04/09/2024,18:15,INV,,12
300052,P:1788,08/09/2024,15:26,INV,,5
300053,P:1846,06/09/2024,18:56,INV,,4
300054,P:1846,08/09/2024,08:48,INV,,4
300058,P:1914,22/09/2024,12:15,INV,,2
300059,P:1926,01/09/2024,14:16,INV,,6
300060,P:1956,21/09/2024,14:14,INV,,6
300062,P:2016,11/09/2024,08:34,INV,,7
300063,P:2024,07/09/2024,08:13,INV,,7
300065,P:2026,03/09/2024,11:50,INV,,6
300066,P:2026,08/09/2024,19:01,INV,,6
300069,P:2032,04/09/2024,08:01,INV,,8
300071,P:2090,23/09/2024,09:21,INV,,15
300072,P:2094,28/09/2024,16:19,INV,,5
300074,P:2094,15/09/2024,15:02,INV,,13
300075,P:2110,09/09/2024,18:43,INV,,7
300079,P:2144,01/09/2024,10:30,INV,,8
300083,P:2229,09/09/2024,15:13,INV,,10
300084,P:2232,09/09/2024,14:23,INV,,11
300085,P:2240,19/09/2024,14:07,INV,,8
300086,P:2265,08/09/2024,11:09,INV,,6
300087,P:2289,15/09/2024,15:47,INV,,5
300088,P:2289,03/09/2024,16:07,INV,,11
300089,P:2289,16/09/2024,08:56,INV,,14
300090,P:2327,11/09/2024,10:43,INV,,9
300091,P:2333,26/09/2024,13:27,INV,,4
300092,P:2334,06/09/2024,10:00,INV,,6
300093,P:2334,05/09/2024,14:55,INV,,5
300094,P:2334,10/09/2024,13:24,INV,,6
300095,P:2345,11/09/2024,09:49,INV,,9
300101,P:2508,11/09/2024,10:45,INV,,4
300102,P:2542,23/09/2024,13:59,INV,,10
300106,P:2591,03/09/2024,11:34,INV,,6
300107,P:2609,03/09/2024,18:12,INV,,4
300108,P:2630,07/09/2024,11:43,INV,,5
300110,P:2664,22/09/2024,08:20,INV,,6
300111,P:2668,25/09/2024,18:18,INV,,10
300112,P:2671,20/09/2024,09:27,INV,,6
300116,P:2678,28/09/2024,10:19,INV,,6
300117,P:2683,16/09/2024,21:59,INV,,8
300118,P:2683,08/09/2024,12:37,INV,,9
300123,P:2738,22/09/2024,11:46,INV,,3
300124,P:2740,14/09/2024,14:19,INV,,5
300126,P:2760,21/09/2024,11:19,INV,,4
300127,P:2769,02/09/2024,10:14,INV,,4
300128,P:2774,11/09/2024,12:25,INV,,4
300129,P:2789,02/09/2024,14:17,INV,,7
300131,P:1019,04/10/2024,08:34,INV,,10
300135,P:1079,02/10/2024,10:29,INV,,6
300136,P:1079,04/10/2024,14:40,INV,,4
300137,P:1080,10/10/2024,10:44,INV,,9
300139,P:1115,09/10/2024,10:29,INV,,6
300141,P:1135,21/10/2024,16:13,INV,,9
300142,P:1136,27/10/2024,11:23,INV,,6
300143,P:1136,16/10/2024,16:57,INV,,6
300144,P:1175,23/10/2024,08:34,INV,,12
300145,P:1186,05/10/2024,15:56,INV,,6
300146,P:1189,11/10/2024,14:07,INV,,8
300148,P:1203,21/10/2024,16:20,INV,,6
300149,P:1230,18/10/2024,08:05,INV,,11
300153,P:1274,09/10/2024,12:13,INV,,5
300154,P:1278,09/10/2024,13:35,INV,,6
300155,P:1288,11/10/2024,09:34,INV,,4
300156,P:1288,19/10/2024,11:24,INV,,15
300160,P:1323,06/10/2024,19:34,INV,,6
9300160,P:1323,06/10/2024,23:34,CR,,2
300162,P:1326,01/10/2024,17:27,INV,,7
300163,P:1333,16/10/2024,14:50,INV,,3
300164,P:1333,19/10/2024,13:11,INV,,7
300172,P:1365,01/10/2024,10:54,INV,,9
300173,P:1383,15/10/2024,12:04,INV,,3
300175,P:1389,18/10/2024,08:13,INV,,9
300177,P:1394,17/10/2024,09:38,INV,,5
300180,P:1394,03/10/2024,14:43,INV,,8
300185,P:1449,13/10/2024,14:49,INV,,5
300187,P:1449,18/10/2024,12:50,INV,,3
300188,P:1449,03/10/2024,14:03,INV,,8
300189,P:1462,01/10/2024,16:09,INV,,6
300190,P:1472,03/10/2024,16:00,INV,,9
300191,P:1472,21/10/2024,11:06,INV,,6
300194,P:1481,03/10/2024,09:27,INV,,10
300198,P:1513,28/10/2024,11:07,INV,,9
300199,P:1535,17/10/2024,16:55,INV,,7
300200,P:1562,04/10/2024,12:04,INV,,5
300201,P:1562,08/10/2024,15:21,INV,,5
300202,P:1562,13/10/2024,08:40,INV,,8
300203,P:1564,26/10/2024,11:47,INV,,9
300206,P:1583,13/10/2024,14:06,INV,,9
300209,P:1584,28/10/2024,12:10,INV,,11
300210,P:1599,24/10/2024,17:36,INV,,8
300212,P:1609,16/10/2024,15:01,INV,,2
300217,P:1629,17/10/2024,11:43,INV,,6
300218,P:1629,25/10/2024,08:46,INV,,4
300219,P:1640,13/10/2024,17:31,INV,,4
300220,P:1641,18/10/2024,14:16,INV,,8
300222,P:1668,20/10/2024,11:34,INV,,8
300224,P:1668,13/10/2024,12:50,INV,,6
300225,P:1671,07/10/2024,10:26,INV,,8
300226,P:1671,05/10/2024,10:00,INV,,9
300228,P:1691,24/10/2024,10:32,INV,,6
300229,P:1701,03/10/2024,13:34,INV,,8
300233,P:1711,07/10/2024,12:22,INV,,9
300236,P:1788,08/10/2024,19:06,INV,,4
300237,P:1794,26/10/2024,08:36,INV,,8
300241,P:1835,14/10/2024,11:36,INV,,11
300242,P:1839,13/10/2024,15:27,INV,,6
300243,P:1841,28/10/2024,11:27,INV,,11
300244,P:1846,15/10/2024,09:39,INV,,4
300245,P:1848,28/10/2024,12:24,INV,,3
300247,P:1872,16/10/2024,08:55,INV,,4
300251,P:1893,11/10/2024,12:45,INV,,3
300252,P:1903,21/10/2024,15:08,INV,,4
300258,P:1938,18/10/2024,12:19,INV,,5
300259,P:1944,11/10/2024,13:16,INV,,3
300261,P:1956,17/10/2024,15:45,INV,,5
300262,P:1975,09/10/2024,13:58,INV,,4
300263,P:1975,20/10/2024,14:12,INV,,7
300266,P:1999,23/10/2024,13:14,INV,,7
300267,P:2000,17/10/2024,15:40,INV,,8
300268,P:2007,14/10/2024,18:30,INV,,9
300269,P:2007,23/10/2024,14:08,INV,,7
300271,P:2016,02/10/2024,10:59,INV,,5
9300271,P:2016,02/10/2024,17:59,CR,,2
300272,P:2016,23/10/2024,15:09,INV,,5
300275,P:2024,25/10/2024,08:49,INV,,3
300277,P:2057,19/10/2024,13:53,INV,,8
300278,P:2057,01/10/2024,12:39,INV,,5
300279,P:2057,10/10/2024,09:24,INV,,6
300280,P:2057,22/10/2024,14:34,INV,,6
300283,P:2116,20/10/2024,10:32,INV,,7
300286,P:2144,06/10/2024,12:43,INV,,7
300288,P:2150,02/10/2024,10:00,INV,,7
300289,P:2152,18/10/2024,08:26,INV,,9
300291,P:2154,06/10/2024,15:13,INV,,9
300292,P:2183,27/10/2024,16:37,INV,,5
300294,P:2183,20/10/2024,14:57,INV,,15
300297,P:2229,22/10/2024,15:00,INV,,4
300300,P:2232,03/10/2024,11:43,INV,,5
300301,P:2240,09/10/2024,13:39,INV,,6
300304,P:2252,28/10/2024,17:39,INV,,2
300305,P:2272,28/10/2024,09:41,INV,,5
300309,P:2333,07/10/2024,08:46,INV,,9
300310,P:2333,03/10/2024,09:16,INV,,15
9300310,P:2333,03/10/2024,10:16,CR,,2
300311,P:2333,08/10/2024,13:14,INV,,4
300312,P:2334,02/10/2024,12:01,INV,,11
300313,P:2334,17/10/2024,13:01,INV,,4
300316,P:2339,17/10/2024,20:54,INV,,9
300317,P:2339,18/10/2024,11:43,INV,,9
300318,P:2339,09/10/2024,15:39,INV,,7
300321,P:2362,21/10/2024,11:06,INV,,3
300322,P:2362,07/10/2024,15:41,INV,,8
300324,P:2399,10/10/2024,08:52,INV,,9
300327,P:2454,28/10/2024,09:45,INV,,8
300328,P:2459,07/10/2024,15:27,INV,,5
300329,P:2459,01/10/2024,08:13,INV,,5
300330,P:2468,27/10/2024,13:07,INV,,11
300331,P:2468,23/10/2024,12:07,INV,,15
300335,P:2506,03/10/2024,08:18,INV,,15
300337,P:2518,08/10/2024,15:31,INV,,9
300338,P:2532,13/10/2024,14:22,INV,,8
300342,P:2568,05/10/2024,08:07,INV,,5
300343,P:2568,22/10/2024,14:28,INV,,8
300344,P:2575,11/10/2024,11:30,INV,,11
300346,P:2609,16/10/2024,10:13,INV,,8
300348,P:2623,04/10/2024,08:50,INV,,3
300350,P:2644,02/10/2024,13:06,INV,,4
300353,P:2654,17/10/2024,12:18,INV,,4
300355,P:2656,10/10/2024,15:42,INV,,13
300356,P:2662,21/10/2024,09:32,INV,,11
300361,P:2693,14/10/2024,11:34,INV,,7
300365,P:2728,09/10/2024,14:48,INV,,4
300366,P:2729,28/10/2024,08:14,INV,,4
300368,P:2729,25/10/2024,14:35,INV,,3
300369,P:2736,11/10/2024,08:18,INV,,3
300370,P:2736,07/10/2024,11:23,INV,,8
300372,P:2738,20/10/2024,09:56,INV,,8
300373,P:2752,21/10/2024,12:04,INV,,8
300374,P:2752,05/10/2024,09:59,INV,,7
300375,P:2752,22/10/2024,10:33,INV,,2
300376,P:2762,26/10/2024,13:11,INV,,5
9300376,P:2762,26/10/2024,15:11,CR,,2
300378,P:2769,23/10/2024,15:05,INV,,13
300382,P:2789,06/10/2024,11:29,INV,,3
300384,P:2790,02/10/2024,18:43,INV,,7
300390,P:1016,18/11/2024,14:27,INV,,4
300391,P:1019,05/11/2024,13:42,INV,,3
300394,P:1019,16/11/2024,15:44,INV,,10
300397,P:1021,13/11/2024,11:07,INV,,2
300398,P:1026,17/11/2024,08:37,INV,,15
300401,P:1041,25/11/2024,10:06,INV,,13
300402,P:1049,21/11/2024,16:12,INV,,2
300404,P:1064,24/11/2024,13:14,INV,,12
300406,P:1076,17/11/2024,11:39,INV,,6
300407,P:1084,12/11/2024,08:50,INV,,8
300409,P:1099,19/11/2024,16:59,INV,,5
300412,P:1135,07/11/2024,15:19,INV,,11
300413,P:1136,22/11/2024,14:36,INV,,13
300415,P:1144,20/11/2024,09:41,INV,,6
300419,P:1165,17/11/2024,14:48,INV,,6
300420,P:1165,13/11/2024,13:38,INV,,10
300421,P:1175,24/11/2024,16:18,INV,,5
300424,P:1180,27/11/2024,10:17,INV,,7
300425,P:1180,04/11/2024,08:28,INV,,9
300426,P:1181,10/11/2024,08:31,INV,,10
300427,P:1181,01/11/2024,08:18,INV,,7
300428,P:1181,05/11/2024,10:45,INV,,6
300432,P:1206,06/11/2024,13:15,INV,,2
300433,P:1206,23/11/2024,13:17,INV,,9
300438,P:1228,22/11/2024,12:48,INV,,4
300440,P:1241,13/11/2024,11:14,INV,,6
300442,P:1263,14/11/2024,13:48,INV,,5
300443,P:1263,24/11/2024,12:45,INV,,7
300444,P:1267,08/11/2024,09:12,INV,,12
300445,P:1274,16/11/2024,14:17,INV,,6
300447,P:1288,06/11/2024,12:44,INV,,5
300448,P:1288,06/11/2024,15:40,INV,,6
300449,P:1289,09/11/2024,09:59,INV,,7
300451,P:1306,08/11/2024,11:08,INV,,6
300452,P:1306,28/11/2024,10:28,INV,,4
300454,P:1319,11/11/2024,08:04,INV,,9
300457,P:1324,18/11/2024,16:26,INV,,5
9300457,P:1324,18/11/2024,17:26,CR,,2
300459,P:1331,22/11/2024,12:48,INV,,12
300460,P:1331,01/11/2024,11:41,INV,,10
300461,P:1348,06/11/2024,15:07,INV,,8
300463,P:1351,25/11/2024,14:43,INV,,9
300466,P:1383,23/11/2024,10:57,INV,,8
300468,P:1383,19/11/2024,15:01,INV,,6
300469,P:1391,09/11/2024,17:22,INV,,8
300472,P:1394,16/11/2024,12:03,INV,,6
300474,P:1419,26/11/2024,09:45,INV,,8
300475,P:1419,21/11/2024,11:02,INV,,11
300476,P:1419,28/11/2024,15:32,INV,,7
300477,P:1421,07/11/2024,12:45,INV,,10
300478,P:1426,03/11/2024,11:34,INV,,10
300481,P:1432,16/11/2024,10:38,INV,,11
300484,P:1433,21/11/2024,14:12,INV,,15
300486,P:1433,19/11/2024,08:34,INV,,8
300493,P:1472,15/11/2024,09:27,INV,,15
300494,P:1490,05/11/2024,11:13,INV,,7
300498,P:1492,05/11/2024,18:48,INV,,9
300499,P:1498,22/11/2024,12:45,INV,,4
300500,P:1498,03/11/2024,12:35,INV,,7
300502,P:1535,21/11/2024,11:11,INV,,9
300503,P:1535,06/11/2024,15:27,INV,,9
300505,P:1535,25/11/2024,20:23,INV,,2
300506,P:1538,19/11/2024,12:48,INV,,6
300511,P:1552,16/11/2024,10:51,INV,,2
300512,P:1563,26/11/2024,19:39,INV,,5
300515,P:1564,16/11/2024,17:20,INV,,11
300517,P:1573,10/11/2024,12:21,INV,,9
300518,P:1599,14/11/2024,12:46,INV,,8
300519,P:1599,19/11/2024,14:42,INV,,8
300520,P:1599,23/11/2024,10:37,INV,,8
300521,P:1601,12/11/2024,13:20,INV,,8
300526,P:1620,03/11/2024,15:50,INV,,9
300528,P:1621,24/11/2024,13:29,INV,,10
300530,P:1624,19/11/2024,11:56,INV,,7
300532,P:1640,24/11/2024,09:11,INV,,15
300533,P:1664,04/11/2024,18:36,INV,,6
300534,P:1671,19/11/2024,11:16,INV,,7
300535,P:1671,18/11/2024,12:41,INV,,8
300536,P:1688,12/11/2024,12:50,INV,,6
300537,P:1688,16/11/2024,16:39,INV,,3
300539,P:1699,18/11/2024,08:32,INV,,4
300542,P:1706,23/11/2024,11:14,INV,,9
300544,P:1708,16/11/2024,14:53,INV,,7
300546,P:1708,19/11/2024,12:53,INV,,8
300547,P:1710,10/11/2024,13:17,INV,,6
300548,P:1710,25/11/2024,16:08,INV,,6
300549,P:1711,03/11/2024,13:18,INV,,9
300551,P:1719,18/11/2024,09:34,INV,,8
300554,P:1750,09/11/2024,16:19,INV,,12
300556,P:1762,02/11/2024,16:49,INV,,6
300557,P:1767,22/11/2024,17:36,INV,,3
300558,P:1767,28/11/2024,14:31,INV,,8
300559,P:1767,18/11/2024,14:15,INV,,14
300561,P:1794,08/11/2024,13:12,INV,,2
300563,P:1814,11/11/2024,14:10,INV,,6
300564,P:1817,26/11/2024,13:07,INV,,5
300566,P:1838,10/11/2024,09:43,INV,,8
300567,P:1839,16/11/2024,15:17,INV,,5
300573,P:1856,16/11/2024,08:18,INV,,5
300574,P:1856,01/11/2024,11:49,INV,,5
300575,P:1872,08/11/2024,16:09,INV,,4
300576,P:1882,20/11/2024,13:04,INV,,7
300581,P:1908,22/11/2024,13:46,INV,,7
300584,P:1914,20/11/2024,14:39,INV,,6
300585,P:1914,11/11/2024,13:22,INV,,5
300586,P:1914,21/11/2024,11:33,INV,,4
300588,P:1915,19/11/2024,10:45,INV,,5
300589,P:1920,27/11/2024,11:03,INV,,9
300590,P:1929,27/11/2024,11:03,INV,,8
300591,P:1929,06/11/2024,15:09,INV,,13
300592,P:1929,20/11/2024,13:11,INV,,3
300593,P:1938,05/11/2024,09:32,INV,,7
300595,P:1938,20/11/2024,13:21,INV,,8
300597,P:1944,21/11/2024,10:29,INV,,4
300598,P:1944,23/11/2024,10:43,INV,,5
300599,P:1956,14/11/2024,11:57,INV,,13
300601,P:1957,10/11/2024,15:36,INV,,3
300602,P:1957,07/11/2024,20:37,INV,,7
300604,P:1970,17/11/2024,08:00,INV,,8
300607,P:1989,01/11/2024,08:43,INV,,9
300609,P:1994,09/11/2024,08:50,INV,,6
300617,P:2030,10/11/2024,10:30,INV,,7
300618,P:2030,14/11/2024,11:12,INV,,8
300620,P:2036,24/11/2024,14:25,INV,,4
300622,P:2050,21/11/2024,11:39,INV,,4
300625,P:2057,25/11/2024,12:21,INV,,10
300628,P:2078,09/11/2024,15:37,INV,,15
300630,P:2090,05/11/2024,15:00,INV,,12
300631,P:2094,06/11/2024,13:26,INV,,5
300633,P:2107,06/11/2024,11:56,INV,,10
300634,P:2118,11/11/2024,11:27,INV,,10
300636,P:2149,25/11/2024,11:58,INV,,8
300642,P:2180,19/11/2024,11:14,INV,,6
300645,P:2180,13/11/2024,14:55,INV,,7
300650,P:2201,23/11/2024,12:06,INV,,7
300651,P:2219,26/11/2024,10:10,INV,,4
300653,P:2225,20/11/2024,11:32,INV,,5
300654,P:2227,20/11/2024,11:13,INV,,4
300655,P:2240,21/11/2024,13:49,INV,,4
300656,P:2264,25/11/2024,15:08,INV,,12
300657,P:2265,03/11/2024,09:56,INV,,8
300661,P:2272,26/11/2024,08:44,INV,,9
300662,P:2274,22/11/2024,13:28,INV,,15
300670,P:2308,04/11/2024,12:05,INV,,4
300671,P:2311,12/11/2024,16:11,INV,,10
9300671,P:2311,12/11/2024,22:11,CR,,2
300672,P:2319,05/11/2024,15:14,INV,,9
300673,P:2327,01/11/2024,12:41,INV,,7
9300673,P:2327,01/11/2024,19:41,CR,,2
300676,P:2333,27/11/2024,10:34,INV,,8
300679,P:2334,13/11/2024,11:26,INV,,8
300683,P:2362,25/11/2024,15:53,INV,,4
300687,P:2362,16/11/2024,12:29,INV,,8
300688,P:2368,05/11/2024,12:03,INV,,4
300689,P:2375,16/11/2024,08:56,INV,,6
300695,P:2388,06/11/2024,08:22,INV,,5
300696,P:2394,19/11/2024,15:32,INV,,4
300697,P:2395,23/11/2024,14:23,INV,,4
300700,P:2399,27/11/2024,12:54,INV,,4
300701,P:2400,02/11/2024,11:26,INV,,8
300704,P:2408,11/11/2024,09:12,INV,,5
300705,P:2413,24/11/2024,08:19,INV,,14
300708,P:2426,15/11/2024,16:17,INV,,5
300709,P:2426,02/11/2024,13:53,INV,,6
300710,P:2434,04/11/2024,13:31,INV,,7
300711,P:2434,08/11/2024,11:53,INV,,9
300712,P:2435,09/11/2024,17:12,INV,,7
300713,P:2442,15/11/2024,14:51,INV,,4
300714,P:2444,16/11/2024,14:20,INV,,4
300716,P:2482,11/11/2024,11:17,INV,,7
300718,P:2500,02/11/2024,13:26,INV,,4
300725,P:2530,04/11/2024,10:26,INV,,12
300726,P:2540,23/11/2024,11:21,INV,,7
300731,P:2544,26/11/2024,15:34,INV,,5
300732,P:2546,01/11/2024,16:39,INV,,4
300733,P:2546,28/11/2024,13:26,INV,,5
300734,P:2549,24/11/2024,11:07,INV,,6
300735,P:2549,20/11/2024,16:04,INV,,8
300737,P:2554,03/11/2024,12:04,INV,,7
300738,P:2554,14/11/2024,14:05,INV,,9
300739,P:2562,07/11/2024,11:15,INV,,11
300743,P:2568,12/11/2024,10:25,INV,,7
300745,P:2579,26/11/2024,14:24,INV,,5
300748,P:2588,21/11/2024,09:18,INV,,5
300750,P:2591,08/11/2024,15:58,INV,,7
300752,P:2606,05/11/2024,14:52,INV,,6
300754,P:2609,18/11/2024,21:52,INV,,8
300756,P:2628,23/11/2024,15:35,INV,,3
300757,P:2636,06/11/2024,08:15,INV,,13
300758,P:2636,13/11/2024,12:20,INV,,5
300760,P:2638,18/11/2024,11:46,INV,,7
300762,P:2649,16/11/2024,13:11,INV,,9
300763,P:2653,14/11/2024,08:30,INV,,7
300764,P:2654,14/11/2024,14:16,INV,,13
300765,P:2656,27/11/2024,17:12,INV,,13
300766,P:2656,07/11/2024,12:00,INV,,5
300768,P:2656,07/11/2024,11:29,INV,,5
300769,P:2656,14/11/2024,16:33,INV,,5
300770,P:2662,09/11/2024,09:07,INV,,4
300772,P:2662,25/11/2024,15:19,INV,,10
300774,P:2674,12/11/2024,16:55,INV,,9
300775,P:2678,28/11/2024,14:37,INV,,5
300776,P:2678,14/11/2024,14:45,INV,,9
300777,P:2678,03/11/2024,10:26,INV,,8
300779,P:2683,28/11/2024,16:05,INV,,3
300781,P:2693,16/11/2024,16:55,INV,,4
300782,P:2693,17/11/2024,11:00,INV,,9
300783,P:2700,15/11/2024,10:02,INV,,4
300785,P:2707,11/11/2024,12:29,INV,,3
300786,P:2707,18/11/2024,10:10,INV,,6
300790,P:2729,02/11/2024,18:39,INV,,7
300797,P:2752,14/11/2024,12:01,INV,,9
300798,P:2752,26/11/2024,11:15,INV,,10
300800,P:2754,18/11/2024,14:52,INV,,11
300801,P:2759,06/11/2024,08:22,INV,,9
300802,P:2759,21/11/2024,10:15,INV,,2
300805,P:2765,27/11/2024,14:09,INV,,10
300806,P:2769,11/11/2024,11:23,INV,,5
300808,P:2772,15/11/2024,08:09,INV,,5
9300808,P:2772,15/11/2024,13:09,CR,,2
300810,P:2783,26/11/2024,10:58,INV,,6
300812,P:2784,22/11/2024,13:38,INV,,15
300814,P:2784,06/11/2024,12:52,INV,,7
300815,P:2784,10/11/2024,12:20,INV,,7
300819,P:1003,15/12/2024,11:39,INV,,7
300820,P:1011,15/12/2024,17:39,INV,,7
300821,P:1016,20/12/2024,10:08,INV,,6
300824,P:1021,12/12/2024,11:20,INV,,6
300826,P:1029,23/12/2024,12:38,INV,,9
300827,P:1029,24/12/2024,13:10,INV,,11
300828,P:1041,18/12/2024,08:46,INV,,6
300830,P:1049,05/12/2024,11:38,INV,,2
300832,P:1049,21/12/2024,15:11,INV,,7
300841,P:1076,20/12/2024,12:24,INV,,6
300843,P:1079,19/12/2024,16:34,INV,,7
300844,P:1079,10/12/2024,14:42,INV,,2
300849,P:1099,17/12/2024,17:08,INV,,8
300850,P:1099,24/12/2024,08:01,INV,,3
300851,P:1102,23/12/2024,10:35,INV,,11
300852,P:1102,05/12/2024,09:36,INV,,8
300856,P:1106,27/12/2024,10:30,INV,,7
300858,P:1115,26/12/2024,10:56,INV,,11
300859,P:1116,27/12/2024,08:54,INV,,5
300860,P:1116,21/12/2024,14:01,INV,,12
300861,P:1116,17/12/2024,10:19,INV,,7
300867,P:1144,07/12/2024,08:49,INV,,8
300869,P:1144,07/12/2024,14:23,INV,,8
300872,P:1159,13/12/2024,19:08,INV,,10
300873,P:1160,14/12/2024,14:15,INV,,12
300874,P:1175,28/12/2024,09:04,INV,,4
300876,P:1178,03/12/2024,14:44,INV,,4
300877,P:1178,04/12/2024,13:51,INV,,6
300879,P:1178,26/12/2024,18:39,INV,,2
300880,P:1178,17/12/2024,11:28,INV,,3
300882,P:1180,18/12/2024,14:40,INV,,9
300883,P:1181,08/12/2024,11:34,INV,,12
300889,P:1189,20/12/2024,14:30,INV,,5
300890,P:1199,25/12/2024,10:52,INV,,13
300892,P:1200,20/12/2024,08:19,INV,,4
300893,P:1206,08/12/2024,17:08,INV,,11
300894,P:1213,03/12/2024,12:14,INV,,9
300896,P:1213,28/12/2024,14:50,INV,,5
300898,P:1220,23/12/2024,12:05,INV,,9
300902,P:1227,06/12/2024,13:02,INV,,4
300903,P:1227,22/12/2024,11:26,INV,,10
300906,P:1228,27/12/2024,10:23,INV,,9
300907,P:1228,06/12/2024,16:53,INV,,6
300908,P:1228,08/12/2024,11:00,INV,,3
300909,P:1228,07/12/2024,13:53,INV,,6
300910,P:1228,08/12/2024,16:02,INV,,6
300911,P:1229,08/12/2024,12:48,INV,,11
300912,P:1229,16/12/2024,08:52,INV,,5
300914,P:1230,16/12/2024,15:20,INV,,11
300916,P:1230,11/12/2024,08:30,INV,,4
300932,P:1297,19/12/2024,13:05,INV,,14
300933,P:1297,16/12/2024,12:31,INV,,6
300935,P:1305,07/12/2024,17:07,INV,,15
300936,P:1306,22/12/2024,14:23,INV,,7
300938,P:1315,21/12/2024,14:05,INV,,8
300939,P:1315,14/12/2024,09:26,INV,,7
300942,P:1320,21/12/2024,11:27,INV,,7
300943,P:1320,24/12/2024,12:43,INV,,9
300944,P:1320,19/12/2024,08:07,INV,,6
300945,P:1322,15/12/2024,17:24,INV,,6
300946,P:1322,03/12/2024,13:35,INV,,5
300947,P:1322,16/12/2024,11:17,INV,,8
300955,P:1335,24/12/2024,11:33,INV,,7
300956,P:1336,15/12/2024,11:28,INV,,3
300957,P:1348,11/12/2024,09:48,INV,,5
300958,P:1351,19/12/2024,14:45,INV,,4
300960,P:1362,14/12/2024,18:41,INV,,6
300964,P:1364,14/12/2024,18:52,INV,,10
300968,P:1373,19/12/2024,12:07,INV,,2
300972,P:1389,03/12/2024,15:54,INV,,9
300973,P:1391,08/12/2024,09:24,INV,,4
300974,P:1394,15/12/2024,13:14,INV,,8
300977,P:1418,09/12/2024,10:00,INV,,4
300980,P:1419,23/12/2024,10:56,INV,,2
300983,P:1444,14/12/2024,09:04,INV,,4
300985,P:1446,16/12/2024,11:24,INV,,3
300988,P:1449,18/12/2024,12:40,INV,,6
300990,P:1451,06/12/2024,11:00,INV,,9
300991,P:1451,26/12/2024,09:25,INV,,6
300993,P:1458,25/12/2024,12:21,INV,,4
300994,P:1458,27/12/2024,12:48,INV,,4
300996,P:1461,14/12/2024,08:47,INV,,11
300997,P:1472,25/12/2024,13:08,INV,,11
300999,P:1474,14/12/2024,16:26,INV,,15
301002,P:1481,05/12/2024,08:01,INV,,11
301003,P:1481,22/12/2024,13:59,INV,,9
301004,P:1483,03/12/2024,14:20,INV,,11
301005,P:1483,05/12/2024,12:37,INV,,4
301006,P:1490,14/12/2024,10:37,INV,,10
301007,P:1492,11/12/2024,08:41,INV,,5
301011,P:1511,21/12/2024,11:13,INV,,12
301017,P:1551,21/12/2024,09:13,INV,,10
301018,P:1551,09/12/2024,08:31,INV,,9
301020,P:1552,20/12/2024,14:07,INV,,3
301021,P:1552,27/12/2024,08:45,INV,,7
301023,P:1562,19/12/2024,12:49,INV,,6
301024,P:1571,05/12/2024,15:10,INV,,5
301026,P:1573,01/12/2024,15:48,INV,,9
301027,P:1573,03/12/2024,13:32,INV,,9
301029,P:1577,20/12/2024,10:53,INV,,2
301031,P:1584,27/12/2024,11:21,INV,,11
301033,P:1590,06/12/2024,10:40,INV,,5
301035,P:1593,06/12/2024,16:46,INV,,10
301037,P:1601,13/12/2024,14:14,INV,,6
301038,P:1609,17/12/2024,10:06,INV,,3
301039,P:1609,06/12/2024,12:30,INV,,9
301040,P:1610,10/12/2024,15:41,INV,,4
301043,P:1614,25/12/2024,15:31,INV,,8
301045,P:1619,22/12/2024,14:19,INV,,5
301050,P:1627,18/12/2024,15:38,INV,,6
301054,P:1637,27/12/2024,11:42,INV,,12
301055,P:1637,23/12/2024,15:30,INV,,9
301056,P:1650,16/12/2024,12:49,INV,,8
301061,P:1668,04/12/2024,11:03,INV,,6
301063,P:1672,16/12/2024,16:26,INV,,5
301067,P:1675,09/12/2024,15:53,INV,,6
301068,P:1676,05/12/2024,12:10,INV,,4
301069,P:1676,07/12/2024,12:31,INV,,10
301071,P:1702,26/12/2024,13:20,INV,,7
301073,P:1708,05/12/2024,08:47,INV,,7
301074,P:1708,23/12/2024,08:53,INV,,12
301075,P:1708,21/12/2024,09:19,INV,,5
301079,P:1733,20/12/2024,14:32,INV,,4
301088,P:1767,26/12/2024,15:38,INV,,5
301089,P:1767,01/12/2024,10:02,INV,,5
301093,P:1786,17/12/2024,18:09,INV,,6
301099,P:1793,15/12/2024,11:16,INV,,12
301102,P:1793,05/12/2024,12:50,INV,,3
301106,P:1798,28/12/2024,09:38,INV,,8
301107,P:1802,28/12/2024,18:53,INV,,4
301112,P:1835,28/12/2024,09:03,INV,,2
301113,P:1838,05/12/2024,08:31,INV,,8
301114,P:1842,10/12/2024,11:40,INV,,3
301115,P:1846,21/12/2024,14:13,INV,,9
301116,P:1846,10/12/2024,12:08,INV,,2
301118,P:1848,12/12/2024,10:44,INV,,2
301120,P:1877,01/12/2024,17:09,INV,,8
301121,P:1877,05/12/2024,11:47,INV,,2
301124,P:1885,10/12/2024,13:57,INV,,3
301131,P:1915,19/12/2024,08:21,INV,,5
301132,P:1915,07/12/2024,12:35,INV,,9
301134,P:1931,17/12/2024,10:11,INV,,4
301135,P:1938,10/12/2024,17:59,INV,,4
301136,P:1941,04/12/2024,15:35,INV,,13
301138,P:1944,21/12/2024,15:22,INV,,6
301139,P:1945,18/12/2024,11:30,INV,,7
9301139,P:1945,18/12/2024,18:30,CR,,2
301141,P:1956,08/12/2024,12:07,INV,,11
301142,P:1956,23/12/2024,18:16,INV,,7
301143,P:1956,05/12/2024,10:06,INV,,7
301149,P:1989,28/12/2024,13:49,INV,,7
301152,P:1990,16/12/2024,16:35,INV,,6
301153,P:1993,12/12/2024,09:46,INV,,5
301154,P:1993,24/12/2024,13:32,INV,,14
301157,P:1994,26/12/2024,17:41,INV,,6
301158,P:1994,03/12/2024,08:11,INV,,11
301159,P:2000,03/12/2024,12:23,INV,,7
301161,P:2007,07/12/2024,15:37,INV,,5
301162,P:2010,25/12/2024,13:22,INV,,3
301163,P:2010,05/12/2024,09:00,INV,,4
301164,P:2016,15/12/2024,11:47,INV,,6
301165,P:2019,20/12/2024,09:24,INV,,6
301167,P:2026,20/12/2024,08:24,INV,,11
301168,P:2028,10/12/2024,08:01,INV,,6
301169,P:2028,16/12/2024,15:27,INV,,5
301171,P:2034,02/12/2024,20:18,INV,,11
301173,P:2045,02/12/2024,12:34,INV,,6
301175,P:2054,18/12/2024,15:16,INV,,5
301177,P:2064,03/12/2024,15:17,INV,,8
301178,P:2078,25/12/2024,09:54,INV,,6
301180,P:2094,10/12/2024,11:55,INV,,4
301181,P:2094,21/12/2024,12:44,INV,,6
301185,P:2103,03/12/2024,12:27,INV,,3
301186,P:2103,07/12/2024,13:17,INV,,4
301187,P:2104,12/12/2024,08:15,INV,,3
301188,P:2104,09/12/2024,09:52,INV,,8
301191,P:2118,28/12/2024,08:10,INV,,4
301192,P:2120,28/12/2024,15:26,INV,,7
301196,P:2138,14/12/2024,08:43,INV,,10
301197,P:2144,13/12/2024,12:00,INV,,3
301198,P:2144,19/12/2024,10:54,INV,,4
301201,P:2149,04/12/2024,08:55,INV,,7
301202,P:2154,18/12/2024,15:39,INV,,7
301203,P:2158,11/12/2024,19:56,INV,,4
301204,P:2169,04/12/2024,10:37,INV,,5
301207,P:2177,03/12/2024,14:48,INV,,7
301208,P:2177,18/12/2024,08:43,INV,,8
301209,P:2180,08/12/2024,14:02,INV,,6
301210,P:2180,11/12/2024,11:33,INV,,6
301211,P:2180,21/12/2024,14:21,INV,,11
301214,P:2183,01/12/2024,14:33,INV,,15
301215,P:2183,01/12/2024,15:20,INV,,5
301216,P:2191,12/12/2024,13:36,INV,,5
301217,P:2199,13/12/2024,12:08,INV,,6
301219,P:2200,20/12/2024,11:22,INV,,3
301221,P:2202,11/12/2024,12:42,INV,,2
301223,P:2225,21/12/2024,16:07,INV,,6
301224,P:2227,22/12/2024,14:36,INV,,5
301225,P:2230,12/12/2024,19:59,INV,,3
301226,P:2230,06/12/2024,16:36,INV,,5
301228,P:2240,21/12/2024,10:04,INV,,8
301231,P:2246,24/12/2024,11:51,INV,,5
301232,P:2246,03/12/2024,13:46,INV,,6
301233,P:2264,03/12/2024,17:26,INV,,7
301235,P:2270,12/12/2024,12:51,INV,,10
301236,P:2270,21/12/2024,16:06,INV,,6
301239,P:2276,10/12/2024,16:50,INV,,6
301240,P:2277,07/12/2024,13:16,INV,,7
301241,P:2279,02/12/2024,09:43,INV,,2
301243,P:2279,28/12/2024,14:12,INV,,6
301246,P:2283,11/12/2024,20:13,INV,,5
301248,P:2294,23/12/2024,18:25,INV,,4
301250,P:2305,17/12/2024,09:10,INV,,3
301253,P:2316,09/12/2024,11:54,INV,,5
301255,P:2329,26/12/2024,12:50,INV,,6
301259,P:2334,02/12/2024,15:50,INV,,15
301261,P:2335,18/12/2024,12:09,INV,,9
301263,P:2341,06/12/2024,09:48,INV,,15
301264,P:2341,10/12/2024,15:39,INV,,5
301266,P:2360,11/12/2024,12:20,INV,,7
301267,P:2362,04/12/2024,12:40,INV,,11
301272,P:2368,11/12/2024,08:35,INV,,9
301273,P:2369,17/12/2024,10:47,INV,,4
301274,P:2375,15/12/2024,09:26,INV,,8
301276,P:2378,17/12/2024,15:31,INV,,6
301278,P:2385,23/12/2024,12:52,INV,,7
301280,P:2388,26/12/2024,11:30,INV,,12
301281,P:2388,25/12/2024,13:02,INV,,5
301285,P:2395,28/12/2024,09:20,INV,,5
301286,P:2399,18/12/2024,08:00,INV,,5
301287,P:2399,14/12/2024,11:56,INV,,10
301289,P:2400,12/12/2024,15:13,INV,,11
301290,P:2401,15/12/2024,14:28,INV,,9
301294,P:2408,25/12/2024,13:23,INV,,7
301295,P:2413,14/12/2024,10:52,INV,,7
301296,P:2415,07/12/2024,12:45,INV,,8
301299,P:2417,10/12/2024,12:31,INV,,7
301300,P:2426,05/12/2024,13:50,INV,,7
301301,P:2434,03/12/2024,14:36,INV,,4
301302,P:2434,16/12/2024,08:36,INV,,5
301303,P:2434,18/12/2024,09:52,INV,,6
301304,P:2434,21/12/2024,13:06,INV,,6
301306,P:2435,02/12/2024,10:51,INV,,6
301308,P:2444,01/12/2024,11:16,INV,,8
301309,P:2444,10/12/2024,10:53,INV,,5
301310,P:2455,06/12/2024,15:34,INV,,4
301311,P:2455,02/12/2024,12:23,INV,,5
301313,P:2473,19/12/2024,18:53,INV,,9
301315,P:2473,10/12/2024,11:27,INV,,5
301321,P:2493,11/12/2024,13:23,INV,,9
301322,P:2500,11/12/2024,11:10,INV,,4
301324,P:2506,04/12/2024,11:57,INV,,10
301325,P:2508,07/12/2024,10:29,INV,,3
301326,P:2508,01/12/2024,15:43,INV,,4
301331,P:2518,07/12/2024,16:29,INV,,11
301332,P:2523,05/12/2024,12:29,INV,,9
301333,P:2523,15/12/2024,11:31,INV,,3
301335,P:2526,03/12/2024,11:23,INV,,14
301336,P:2532,07/12/2024,15:41,INV,,4
301337,P:2536,08/12/2024,10:26,INV,,3
301339,P:2540,09/12/2024,12:52,INV,,4
301340,P:2542,13/12/2024,16:43,INV,,8
301341,P:2542,02/12/2024,14:57,INV,,9
301342,P:2542,14/12/2024,19:44,INV,,8
301344,P:2546,19/12/2024,13:07,INV,,3
301345,P:2546,25/12/2024,14:52,INV,,11
301347,P:2565,08/12/2024,08:49,INV,,8
301348,P:2566,14/12/2024,15:15,INV,,4
301349,P:2568,15/12/2024,12:07,INV,,9
301350,P:2568,08/12/2024,08:35,INV,,6
301351,P:2577,24/12/2024,11:32,INV,,2
301354,P:2579,09/12/2024,11:06,INV,,4
301357,P:2603,17/12/2024,14:24,INV,,6
301358,P:2606,18/12/2024,11:33,INV,,5
301361,P:2607,13/12/2024,15:17,INV,,3
301362,P:2609,21/12/2024,08:12,INV,,5
301365,P:2616,11/12/2024,12:33,INV,,2
301366,P:2616,02/12/2024,12:54,INV,,12
301367,P:2627,19/12/2024,21:56,INV,,4
301368,P:2627,01/12/2024,10:04,INV,,11
301370,P:2639,23/12/2024,08:04,INV,,11
301371,P:2639,27/12/2024,12:59,INV,,7
301374,P:2649,28/12/2024,11:47,INV,,7
301380,P:2662,11/12/2024,13:46,INV,,8
301381,P:2662,17/12/2024,08:48,INV,,4
301382,P:2664,27/12/2024,11:36,INV,,5
301383,P:2668,17/12/2024,15:15,INV,,4
301384,P:2668,03/12/2024,09:01,INV,,8
301386,P:2671,11/12/2024,12:30,INV,,11
301387,P:2672,09/12/2024,12:31,INV,,6
301389,P:2674,21/12/2024,16:38,INV,,12
301390,P:2678,26/12/2024,10:44,INV,,9
301391,P:2678,07/12/2024,16:45,INV,,3
301392,P:2682,14/12/2024,14:42,INV,,4
301396,P:2692,23/12/2024,16:16,INV,,8
301399,P:2693,01/12/2024,14:25,INV,,8
301400,P:2693,18/12/2024,10:21,INV,,7
301401,P:2693,28/12/2024,09:15,INV,,4
301404,P:2709,19/12/2024,16:42,INV,,6
301409,P:2729,14/12/2024,16:42,INV,,3
301410,P:2729,05/12/2024,08:29,INV,,9
301412,P:2729,16/12/2024,09:25,INV,,2
301413,P:2740,21/12/2024,12:55,INV,,4
301414,P:2742,25/12/2024,11:44,INV,,2
301415,P:2742,20/12/2024,08:01,INV,,2
301416,P:2745,15/12/2024,15:25,INV,,4
301418,P:2746,26/12/2024,09:27,INV,,11
301419,P:2751,06/12/2024,15:33,INV,,4
301422,P:2759,13/12/2024,15:48,INV,,9
301424,P:2765,25/12/2024,15:08,INV,,5
301426,P:2765,07/12/2024,08:34,INV,,8
301428,P:2773,22/12/2024,13:56,INV,,6
301429,P:2774,10/12/2024,10:34,INV,,2
301430,P:2774,07/12/2024,08:30,INV,,4
301432,P:2779,24/12/2024,08:38,INV,,11
301433,P:2779,02/12/2024,09:53,INV,,8
301434,P:2781,20/12/2024,15:40,INV,,7
301435,P:2782,12/12/2024,10:05,INV,,5
301436,P:2782,21/12/2024,09:30,INV,,9
301437,P:2782,03/12/2024,11:54,INV,,7
301439,P:2784,01/12/2024,14:43,INV,,5
301440,P:2784,02/12/2024,08:17,INV,,5
301443,P:2789,25/12/2024,11:35,INV,,5
301444,P:2791,04/12/2024,11:07,INV,,7
301445,P:2807,21/12/2024,10:05,INV,,6
301448,P:2809,25/12/2024,11:37,INV,,8
301449,P:1001,04/01/2025,13:21,INV,,10
301450,P:1001,27/01/2025,10:33,INV,,8
301451,P:1002,18/01/2025,11:36,INV,,8
301454,P:1009,27/01/2025,13:40,INV,,3
301455,P:1015,02/01/2025,13:57,INV,,11
301458,P:1019,22/01/2025,08:33,INV,,4
301459,P:1021,11/01/2025,10:27,INV,,9
301465,P:1025,18/01/2025,13:07,INV,,6
301469,P:1038,19/01/2025,15:29,INV,,6
301472,P:1052,24/01/2025,09:03,INV,,5
9301472,P:1052,24/01/2025,10:03,CR,,2
301473,P:1052,28/01/2025,11:30,INV,,2
301474,P:1052,22/01/2025,10:46,INV,,13
301479,P:1076,23/01/2025,14:16,INV,,5
301480,P:1079,08/01/2025,14:11,INV,,7
301481,P:1079,20/01/2025,16:00,INV,,2
301482,P:1089,14/01/2025,09:52,INV,,9
301483,P:1091,21/01/2025,08:35,INV,,10
301484,P:1093,02/01/2025,11:28,INV,,2
301487,P:1100,18/01/2025,09:39,INV,,7
301489,P:1100,07/01/2025,12:46,INV,,7
301494,P:1134,04/01/2025,15:08,INV,,5
301495,P:1134,23/01/2025,12:26,INV,,3
301496,P:1138,20/01/2025,17:48,INV,,9
301498,P:1144,10/01/2025,10:46,INV,,6
9301498,P:1144,10/01/2025,16:46,CR,,2
301501,P:1160,20/01/2025,18:52,INV,,4
301502,P:1160,20/01/2025,14:40,INV,,6
301504,P:1162,02/01/2025,12:26,INV,,5
301507,P:1175,17/01/2025,10:17,INV,,5
301508,P:1178,20/01/2025,08:19,INV,,5
301509,P:1178,22/01/2025,15:22,INV,,8
301511,P:1181,27/01/2025,08:05,INV,,7
301514,P:1183,26/01/2025,16:32,INV,,4
301516,P:1191,18/01/2025,08:54,INV,,4
301518,P:1206,15/01/2025,13:02,INV,,2
301519,P:1208,20/01/2025,11:26,INV,,6
301520,P:1208,18/01/2025,12:42,INV,,5
301521,P:1211,02/01/2025,08:30,INV,,7
301529,P:1228,17/01/2025,16:53,INV,,5
301530,P:1228,05/01/2025,08:12,INV,,5
301531,P:1229,21/01/2025,10:45,INV,,11
301533,P:1243,09/01/2025,10:15,INV,,5
301537,P:1263,22/01/2025,13:56,INV,,5
301538,P:1267,28/01/2025,08:33,INV,,9
301543,P:1274,06/01/2025,08:35,INV,,2
301545,P:1276,05/01/2025,09:57,INV,,11
301546,P:1276,09/01/2025,11:17,INV,,10
301547,P:1278,07/01/2025,14:27,INV,,3
301549,P:1279,01/01/2025,10:53,INV,,10
301550,P:1279,06/01/2025,13:36,INV,,3
301551,P:1279,24/01/2025,20:28,INV,,8
301552,P:1279,16/01/2025,15:47,INV,,3
301554,P:1297,18/01/2025,13:48,INV,,3
301555,P:1305,07/01/2025,14:09,INV,,5
301556,P:1305,21/01/2025,14:59,INV,,7
301557,P:1306,28/01/2025,15:24,INV,,3
301558,P:1313,03/01/2025,14:04,INV,,2
301562,P:1324,09/01/2025,15:57,INV,,5
301565,P:1329,10/01/2025,08:39,INV,,9
301567,P:1329,20/01/2025,12:37,INV,,7
301569,P:1335,26/01/2025,08:24,INV,,14
301570,P:1336,20/01/2025,09:45,INV,,6
301574,P:1348,22/01/2025,16:50,INV,,8
301576,P:1351,14/01/2025,14:32,INV,,12
301577,P:1356,25/01/2025,15:01,INV,,8
301582,P:1362,03/01/2025,12:47,INV,,9
301583,P:1365,16/01/2025,08:42,INV,,4
9301583,P:1365,16/01/2025,15:42,CR,,2
301584,P:1365,28/01/2025,12:00,INV,,11
301585,P:1368,02/01/2025,08:39,INV,,13
301586,P:1370,26/01/2025,09:16,INV,,11
301588,P:1373,11/01/2025,12:18,INV,,12
301590,P:1380,02/01/2025,11:57,INV,,6
301591,P:1380,01/01/2025,08:31,INV,,5
301595,P:1382,21/01/2025,14:39,INV,,7
301597,P:1382,01/01/2025,12:40,INV,,4
301600,P:1383,01/01/2025,13:06,INV,,10
301601,P:1389,08/01/2025,11:19,INV,,11
301602,P:1394,14/01/2025,14:34,INV,,8
301606,P:1404,01/01/2025,17:27,INV,,8
301607,P:1404,16/01/2025,14:03,INV,,6
301608,P:1407,26/01/2025,08:48,INV,,8
301610,P:1411,20/01/2025,14:58,INV,,4
301611,P:1413,07/01/2025,11:52,INV,,6
301613,P:1426,16/01/2025,10:16,INV,,12
301614,P:1427,24/01/2025,12:11,INV,,6
301615,P:1429,06/01/2025,08:37,INV,,6
301619,P:1440,05/01/2025,12:27,INV,,5
301620,P:1443,08/01/2025,12:06,INV,,12
301621,P:1446,18/01/2025,10:16,INV,,7
301622,P:1451,15/01/2025,08:24,INV,,12
301623,P:1451,26/01/2025,12:58,INV,,7
301625,P:1453,13/01/2025,10:34,INV,,5
301629,P:1472,14/01/2025,11:36,INV,,4
301630,P:1474,01/01/2025,08:25,INV,,8
301631,P:1477,05/01/2025,16:17,INV,,13
301632,P:1479,20/01/2025,09:15,INV,,11
301634,P:1483,07/01/2025,12:24,INV,,6
301635,P:1492,10/01/2025,09:48,INV,,6
301637,P:1498,03/01/2025,12:08,INV,,10
301638,P:1505,17/01/2025,12:59,INV,,12
301639,P:1511,06/01/2025,11:05,INV,,8
301642,P:1538,16/01/2025,09:15,INV,,6
301643,P:1538,05/01/2025,12:33,INV,,6
301644,P:1539,24/01/2025,12:27,INV,,3
301645,P:1547,18/01/2025,10:54,INV,,11
301647,P:1549,04/01/2025,11:38,INV,,6
301649,P:1561,18/01/2025,11:11,INV,,5
301650,P:1564,21/01/2025,08:48,INV,,6
301651,P:1564,02/01/2025,09:51,INV,,2
301656,P:1573,05/01/2025,17:41,INV,,9
301658,P:1577,13/01/2025,08:44,INV,,5
301661,P:1585,11/01/2025,13:42,INV,,5
301666,P:1599,02/01/2025,11:48,INV,,11
301668,P:1599,02/01/2025,08:35,INV,,5
301669,P:1601,01/01/2025,08:46,INV,,3
301671,P:1619,01/01/2025,09:16,INV,,11
301672,P:1620,17/01/2025,08:42,INV,,6
301675,P:1631,24/01/2025,09:44,INV,,7
301676,P:1631,22/01/2025,14:02,INV,,11
301678,P:1637,19/01/2025,10:02,INV,,15
301682,P:1650,13/01/2025,12:53,INV,,4
301683,P:1651,25/01/2025,21:22,INV,,8
301684,P:1651,11/01/2025,12:55,INV,,11
301685,P:1671,23/01/2025,14:44,INV,,4
301686,P:1671,24/01/2025,10:30,INV,,6
301689,P:1671,19/01/2025,08:50,INV,,7
301690,P:1671,11/01/2025,11:49,INV,,7
301691,P:1671,27/01/2025,10:21,INV,,12
301693,P:1673,27/01/2025,15:58,INV,,5
301695,P:1675,15/01/2025,09:59,INV,,5
301696,P:1677,15/01/2025,10:20,INV,,7
301697,P:1690,23/01/2025,11:28,INV,,6
301702,P:1702,09/01/2025,20:27,INV,,6
301705,P:1706,12/01/2025,12:29,INV,,12
301706,P:1710,03/01/2025,12:15,INV,,3
301709,P:1720,24/01/2025,10:43,INV,,11
301710,P:1720,17/01/2025,16:54,INV,,8
301711,P:1720,17/01/2025,12:31,INV,,3
301712,P:1722,14/01/2025,12:58,INV,,5
301715,P:1733,24/01/2025,08:59,INV,,5
301717,P:1733,13/01/2025,15:23,INV,,5
301718,P:1745,01/01/2025,16:27,INV,,5
301719,P:1747,11/01/2025,16:41,INV,,10
301722,P:1750,10/01/2025,14:21,INV,,9
301724,P:1750,04/01/2025,11:40,INV,,12
9301724,P:1750,04/01/2025,13:40,CR,,2
301727,P:1755,23/01/2025,15:21,INV,,5
301728,P:1756,15/01/2025,16:37,INV,,7
301733,P:1770,28/01/2025,08:11,INV,,5
301734,P:1773,05/01/2025,12:58,INV,,4
301735,P:1780,07/01/2025,13:49,INV,,4
301736,P:1786,07/01/2025,09:37,INV,,6
301737,P:1788,26/01/2025,11:59,INV,,10
301738,P:1788,15/01/2025,09:43,INV,,13
301741,P:1793,19/01/2025,16:40,INV,,7
301742,P:1795,03/01/2025,08:59,INV,,6
301744,P:1814,10/01/2025,14:22,INV,,7
301745,P:1817,04/01/2025,11:58,INV,,7
301746,P:1817,20/01/2025,09:55,INV,,8
301747,P:1819,02/01/2025,18:26,INV,,12
301748,P:1837,15/01/2025,08:59,INV,,9
301750,P:1838,25/01/2025,12:15,INV,,10
301754,P:1843,08/01/2025,08:04,INV,,5
301755,P:1844,19/01/2025,17:30,INV,,8
301756,P:1845,05/01/2025,12:09,INV,,13
301757,P:1851,20/01/2025,13:12,INV,,11
301758,P:1851,26/01/2025,14:15,INV,,5
301761,P:1863,13/01/2025,08:08,INV,,9
301762,P:1865,10/01/2025,08:33,INV,,9
301763,P:1865,10/01/2025,12:05,INV,,8
301764,P:1869,07/01/2025,09:30,INV,,6
301765,P:1870,19/01/2025,09:57,INV,,9
301766,P:1882,15/01/2025,12:16,INV,,8
301767,P:1886,24/01/2025,08:51,INV,,15
301769,P:1904,04/01/2025,14:33,INV,,8
301770,P:1904,10/01/2025,12:29,INV,,5
301771,P:1908,03/01/2025,13:20,INV,,6
301774,P:1911,11/01/2025,14:24,INV,,8
301776,P:1915,05/01/2025,12:28,INV,,7
301777,P:1915,27/01/2025,14:24,INV,,10
301780,P:1926,10/01/2025,08:24,INV,,8
301781,P:1926,17/01/2025,14:32,INV,,3
301782,P:1937,05/01/2025,10:29,INV,,8
301783,P:1938,15/01/2025,18:12,INV,,5
301784,P:1938,25/01/2025,08:53,INV,,5
301786,P:1944,22/01/2025,16:50,INV,,11
301790,P:1951,16/01/2025,09:21,INV,,6
301791,P:1951,16/01/2025,15:35,INV,,15
301792,P:1952,09/01/2025,09:37,INV,,5
301794,P:1957,17/01/2025,16:18,INV,,10
301796,P:1961,28/01/2025,14:09,INV,,8
301799,P:1975,18/01/2025,08:21,INV,,7
301805,P:1989,08/01/2025,12:51,INV,,4
301809,P:1993,04/01/2025,08:13,INV,,6
301811,P:1994,26/01/2025,13:41,INV,,2
301812,P:2000,05/01/2025,12:15,INV,,8
301813,P:2000,22/01/2025,14:58,INV,,8
301816,P:2013,09/01/2025,16:43,INV,,6
301818,P:2020,17/01/2025,11:52,INV,,9
301819,P:2024,10/01/2025,12:43,INV,,5
301822,P:2034,09/01/2025,14:21,INV,,7
301824,P:2040,28/01/2025,15:43,INV,,3
301825,P:2047,17/01/2025,12:51,INV,,8
301826,P:2047,28/01/2025,09:25,INV,,11
301827,P:2048,13/01/2025,16:48,INV,,8
301828,P:2048,05/01/2025,10:08,INV,,4
301829,P:2048,20/01/2025,17:54,INV,,10
301830,P:2052,22/01/2025,09:10,INV,,7
301831,P:2054,22/01/2025,12:43,INV,,11
301835,P:2066,22/01/2025,13:52,INV,,15
9301835,P:2066,22/01/2025,15:52,CR,,2
301836,P:2077,25/01/2025,11:21,INV,,6
301838,P:2084,02/01/2025,12:20,INV,,11
301841,P:2099,08/01/2025,13:24,INV,,8
301842,P:2099,08/01/2025,17:32,INV,,9
301843,P:2103,22/01/2025,16:32,INV,,9
301849,P:2123,05/01/2025,09:56,INV,,2
301852,P:2123,02/01/2025,13:38,INV,,8
301853,P:2123,18/01/2025,11:19,INV,,5
301860,P:2152,28/01/2025,14:49,INV,,5
301862,P:2158,25/01/2025,14:13,INV,,11
301865,P:2167,01/01/2025,13:47,INV,,7
301866,P:2167,11/01/2025,12:42,INV,,10
301867,P:2180,19/01/2025,14:20,INV,,3
301871,P:2183,14/01/2025,14:24,INV,,5
301873,P:2191,14/01/2025,11:10,INV,,6
301875,P:2199,08/01/2025,18:51,INV,,5
301878,P:2201,04/01/2025,13:13,INV,,8
301879,P:2204,04/01/2025,08:44,INV,,6
301881,P:2222,14/01/2025,09:23,INV,,6
301882,P:2222,07/01/2025,14:28,INV,,4
301885,P:2227,07/01/2025,08:28,INV,,8
301888,P:2235,24/01/2025,12:48,INV,,5
301890,P:2240,17/01/2025,18:42,INV,,6
301892,P:2246,19/01/2025,12:03,INV,,6
301893,P:2246,13/01/2025,08:09,INV,,8
301894,P:2247,12/01/2025,13:17,INV,,10
301896,P:2260,21/01/2025,16:00,INV,,6
301898,P:2265,26/01/2025,11:50,INV,,4
301902,P:2272,08/01/2025,14:42,INV,,8
301903,P:2273,25/01/2025,12:45,INV,,5
301904,P:2273,10/01/2025,08:25,INV,,13
301906,P:2279,21/01/2025,14:50,INV,,13
301908,P:2279,21/01/2025,14:20,INV,,6
301909,P:2283,13/01/2025,08:42,INV,,3
301910,P:2285,12/01/2025,14:27,INV,,6
301911,P:2291,01/01/2025,13:53,INV,,8
301912,P:2294,04/01/2025,10:11,INV,,8
301913,P:2294,15/01/2025,09:06,INV,,10
301914,P:2296,18/01/2025,08:15,INV,,6
301915,P:2300,19/01/2025,12:50,INV,,4
301917,P:2300,14/01/2025,14:47,INV,,5
301919,P:2312,18/01/2025,13:30,INV,,11
301920,P:2312,15/01/2025,14:09,INV,,9
301922,P:2329,14/01/2025,10:12,INV,,9
301923,P:2332,03/01/2025,08:37,INV,,3
301928,P:2334,02/01/2025,08:34,INV,,5
301929,P:2339,20/01/2025,16:03,INV,,15
301931,P:2360,17/01/2025,16:09,INV,,4
301933,P:2364,27/01/2025,13:13,INV,,4
301934,P:2368,25/01/2025,16:02,INV,,5
301937,P:2369,12/01/2025,09:18,INV,,7
301938,P:2370,21/01/2025,12:32,INV,,8
301941,P:2373,15/01/2025,09:37,INV,,8
301943,P:2375,26/01/2025,12:54,INV,,4
301951,P:2400,20/01/2025,15:52,INV,,10
301955,P:2422,16/01/2025,15:24,INV,,4
301956,P:2426,19/01/2025,08:12,INV,,8
301959,P:2426,08/01/2025,20:40,INV,,5
301961,P:2427,28/01/2025,17:25,INV,,6
301962,P:2427,17/01/2025,09:49,INV,,6
301963,P:2435,02/01/2025,10:41,INV,,5
301964,P:2435,17/01/2025,12:12,INV,,6
301965,P:2435,23/01/2025,10:15,INV,,5
301966,P:2441,25/01/2025,08:53,INV,,8
301967,P:2451,26/01/2025,14:58,INV,,12
301968,P:2458,08/01/2025,09:41,INV,,7
301969,P:2466,15/01/2025,14:27,INV,,4
301970,P:2468,24/01/2025,11:50,INV,,15
301975,P:2482,09/01/2025,13:59,INV,,4
301976,P:2485,11/01/2025,11:09,INV,,7
301977,P:2485,28/01/2025,09:52,INV,,7
301978,P:2485,10/01/2025,16:29,INV,,6
301982,P:2486,25/01/2025,11:23,INV,,7
301985,P:2500,16/01/2025,09:25,INV,,5
301987,P:2507,27/01/2025,10:22,INV,,4
301990,P:2515,20/01/2025,15:45,INV,,15
301991,P:2516,23/01/2025,11:22,INV,,5
9301991,P:2516,23/01/2025,18:22,CR,,2
301992,P:2516,02/01/2025,08:19,INV,,3
301993,P:2518,17/01/2025,13:16,INV,,12
301995,P:2522,28/01/2025,10:24,INV,,15
301998,P:2530,04/01/2025,10:52,INV,,5
301999,P:2530,03/01/2025,10:01,INV,,8
302000,P:2532,15/01/2025,18:24,INV,,7
302001,P:2536,25/01/2025,08:46,INV,,11
302004,P:2544,19/01/2025,15:51,INV,,11
302005,P:2546,10/01/2025,12:18,INV,,8
9302005,P:2546,10/01/2025,15:18,CR,,2
302006,P:2546,22/01/2025,16:39,INV,,6
302007,P:2547,24/01/2025,14:14,INV,,2
302011,P:2562,05/01/2025,12:42,INV,,4
302014,P:2562,13/01/2025,15:31,INV,,6
302016,P:2566,16/01/2025,13:25,INV,,6
302017,P:2566,07/01/2025,16:21,INV,,14
302018,P:2577,15/01/2025,14:35,INV,,7
302021,P:2577,21/01/2025,08:00,INV,,4
302024,P:2579,19/01/2025,10:17,INV,,4
302026,P:2587,24/01/2025,16:01,INV,,6
302029,P:2588,11/01/2025,14:23,INV,,4
302030,P:2594,09/01/2025,10:20,INV,,5
302032,P:2594,08/01/2025,13:26,INV,,5
302034,P:2596,22/01/2025,14:55,INV,,2
302035,P:2596,26/01/2025,14:28,INV,,4
302036,P:2602,18/01/2025,14:57,INV,,2
302038,P:2609,05/01/2025,10:35,INV,,13
302042,P:2609,09/01/2025,08:15,INV,,6
302044,P:2612,28/01/2025,12:41,INV,,9
302046,P:2612,28/01/2025,17:52,INV,,9
302047,P:2612,10/01/2025,10:57,INV,,6
302048,P:2613,10/01/2025,10:18,INV,,12
9302048,P:2613,10/01/2025,16:18,CR,,2
302049,P:2616,21/01/2025,15:38,INV,,6
302050,P:2616,01/01/2025,14:48,INV,,6
302052,P:2616,22/01/2025,15:53,INV,,3
302053,P:2616,01/01/2025,13:45,INV,,6
302054,P:2620,14/01/2025,18:10,INV,,12
302055,P:2624,18/01/2025,13:23,INV,,10
302056,P:2624,21/01/2025,08:07,INV,,8
302057,P:2626,25/01/2025,10:43,INV,,6
302058,P:2626,23/01/2025,08:08,INV,,6
302059,P:2628,06/01/2025,13:15,INV,,5
302060,P:2638,01/01/2025,10:05,INV,,7
302061,P:2638,03/01/2025,11:15,INV,,2
302063,P:2641,08/01/2025,12:34,INV,,3
9302063,P:2641,08/01/2025,14:34,CR,,2
302064,P:2641,23/01/2025,11:14,INV,,3
302065,P:2642,03/01/2025,12:11,INV,,6
302066,P:2642,15/01/2025,13:14,INV,,13
302069,P:2656,11/01/2025,08:10,INV,,2
302070,P:2664,09/01/2025,08:25,INV,,11
302071,P:2664,16/01/2025,11:20,INV,,7
302074,P:2672,18/01/2025,10:42,INV,,4
302075,P:2672,11/01/2025,11:19,INV,,3
302076,P:2674,21/01/2025,13:41,INV,,10
302077,P:2678,20/01/2025,10:30,INV,,13
302078,P:2680,07/01/2025,09:19,INV,,3
302081,P:2693,01/01/2025,10:15,INV,,4
302084,P:2700,20/01/2025,09:56,INV,,5
302085,P:2705,25/01/2025,08:13,INV,,4
302086,P:2709,09/01/2025,15:57,INV,,9
302087,P:2709,21/01/2025,14:15,INV,,6
302094,P:2729,12/01/2025,11:09,INV,,5
302095,P:2732,22/01/2025,11:21,INV,,7
302102,P:2740,14/01/2025,10:46,INV,,8
302103,P:2740,23/01/2025,16:29,INV,,7
302104,P:2740,17/01/2025,12:52,INV,,6
302106,P:2745,17/01/2025,11:15,INV,,9
302107,P:2745,26/01/2025,11:12,INV,,5
302108,P:2746,21/01/2025,11:59,INV,,11
302109,P:2746,10/01/2025,16:03,INV,,6
302110,P:2747,26/01/2025,08:43,INV,,6
302112,P:2751,02/01/2025,10:49,INV,,8
302120,P:2758,24/01/2025,16:04,INV,,8
302121,P:2758,18/01/2025,12:30,INV,,8
302125,P:2759,05/01/2025,13:47,INV,,7
302126,P:2759,06/01/2025,08:39,INV,,2
302127,P:2760,18/01/2025,11:55,INV,,4
302128,P:2762,14/01/2025,13:52,INV,,8
302129,P:2765,05/01/2025,08:15,INV,,7
302130,P:2773,07/01/2025,10:21,INV,,10
302135,P:2782,02/01/2025,16:15,INV,,9
302138,P:2783,09/01/2025,09:04,INV,,13
302141,P:2790,02/01/2025,15:01,INV,,2
302142,P:2791,28/01/2025,10:10,INV,,8
302144,P:2798,11/01/2025,10:06,INV,,6
302146,P:2798,13/01/2025,08:09,INV,,3
302147,P:2816,01/01/2025,13:46,INV,,7
302148,P:1001,11/02/2025,17:01,INV,,4
302149,P:1003,23/02/2025,13:37,INV,,8
302150,P:1003,17/02/2025,13:49,INV,,6
302153,P:1011,02/02/2025,13:33,INV,,8
302155,P:1016,22/02/2025,13:29,INV,,7
302156,P:1016,23/02/2025,09:44,INV,,8
302157,P:1018,15/02/2025,09:54,INV,,4
302159,P:1019,01/02/2025,13:26,INV,,5
302161,P:1020,08/02/2025,13:13,INV,,5
302163,P:1022,17/02/2025,10:20,INV,,7
302164,P:1024,07/02/2025,09:20,INV,,12
302165,P:1025,17/02/2025,09:24,INV,,9
302167,P:1029,19/02/2025,09:06,INV,,11
302168,P:1038,27/02/2025,14:41,INV,,4
302169,P:1038,03/02/2025,15:37,INV,,5
302170,P:1040,13/02/2025,09:09,INV,,5
302171,P:1046,17/02/2025,08:59,INV,,7
302174,P:1049,02/02/2025,14:37,INV,,15
302176,P:1051,17/02/2025,11:24,INV,,6
9302176,P:1051,17/02/2025,12:24,CR,,2
302179,P:1052,28/02/2025,08:08,INV,,7
302181,P:1055,22/02/2025,17:12,INV,,7
302184,P:1059,16/02/2025,12:15,INV,,6
302185,P:1064,19/02/2025,15:41,INV,,13
302186,P:1064,03/02/2025,15:51,INV,,7
302187,P:1067,21/02/2025,14:45,INV,,2
302188,P:1067,18/02/2025,13:21,INV,,7
302189,P:1067,20/02/2025,16:12,INV,,2
302191,P:1069,05/02/2025,09:22,INV,,2
302193,P:1074,08/02/2025,16:00,INV,,8
302194,P:1074,01/02/2025,14:47,INV,,8
302195,P:1074,24/02/2025,12:22,INV,,3
302196,P:1079,25/02/2025,11:49,INV,,7
302198,P:1083,24/02/2025,13:42,INV,,6
302200,P:1084,13/02/2025,14:39,INV,,9
302202,P:1089,26/02/2025,15:44,INV,,9
302205,P:1099,13/02/2025,12:01,INV,,9
302206,P:1102,02/02/2025,12:37,INV,,9
302207,P:1102,15/02/2025,15:28,INV,,15
302209,P:1102,01/02/2025,15:48,INV,,2
302210,P:1102,23/02/2025,11:32,INV,,12
302211,P:1105,05/02/2025,08:04,INV,,9
302213,P:1106,17/02/2025,14:49,INV,,4
302214,P:1112,16/02/2025,11:02,INV,,4
302217,P:1115,03/02/2025,13:14,INV,,5
302219,P:1122,24/02/2025,16:45,INV,,2
302220,P:1131,14/02/2025,11:25,INV,,11
302221,P:1131,17/02/2025,12:36,INV,,4
302222,P:1134,03/02/2025,10:16,INV,,10
302223,P:1135,12/02/2025,15:36,INV,,13
302225,P:1146,22/02/2025,08:13,INV,,6
302226,P:1159,15/02/2025,12:01,INV,,5
302229,P:1165,09/02/2025,16:21,INV,,3
302231,P:1177,11/02/2025,13:32,INV,,6
302232,P:1178,07/02/2025,13:33,INV,,7
302233,P:1178,21/02/2025,13:33,INV,,6
302234,P:1183,28/02/2025,09:36,INV,,9
302236,P:1183,09/02/2025,08:05,INV,,7
302238,P:1191,03/02/2025,12:04,INV,,11
302240,P:1192,21/02/2025,17:46,INV,,7
302242,P:1204,19/02/2025,13:39,INV,,7
302246,P:1208,02/02/2025,11:21,INV,,6
302248,P:1209,12/02/2025,13:11,INV,,5
302253,P:1222,15/02/2025,14:05,INV,,6
302255,P:1223,20/02/2025,14:26,INV,,7
302257,P:1228,22/02/2025,12:37,INV,,6
302260,P:1230,18/02/2025,14:52,INV,,6
302261,P:1230,26/02/2025,10:34,INV,,15
302262,P:1230,05/02/2025,13:50,INV,,8
302265,P:1237,02/02/2025,11:36,INV,,10
302268,P:1243,02/02/2025,13:18,INV,,14
302271,P:1260,06/02/2025,12:53,INV,,9
302272,P:1262,23/02/2025,12:33,INV,,9
302273,P:1262,23/02/2025,08:02,INV,,7
302276,P:1262,20/02/2025,13:30,INV,,7
302278,P:1263,01/02/2025,16:35,INV,,7
302281,P:1271,08/02/2025,10:01,INV,,5
302285,P:1289,26/02/2025,11:39,INV,,3
302286,P:1293,20/02/2025,08:11,INV,,7
302288,P:1297,22/02/2025,09:17,INV,,3
302294,P:1305,17/02/2025,15:07,INV,,5
302295,P:1308,06/02/2025,14:36,INV,,9
302297,P:1313,13/02/2025,08:09,INV,,6
302301,P:1313,17/02/2025,12:01,INV,,7
302305,P:1315,24/02/2025,11:09,INV,,4
302306,P:1317,15/02/2025,17:37,INV,,7
302309,P:1320,08/02/2025,10:45,INV,,8
302310,P:1323,23/02/2025,13:44,INV,,10
302313,P:1324,13/02/2025,10:17,INV,,4
302314,P:1324,11/02/2025,10:11,INV,,4
302315,P:1324,14/02/2025,17:04,INV,,13
302317,P:1324,13/02/2025,10:57,INV,,7
302320,P:1331,25/02/2025,13:57,INV,,4
302327,P:1341,03/02/2025,08:05,INV,,3
302328,P:1342,18/02/2025,08:54,INV,,9
302330,P:1348,12/02/2025,10:12,INV,,9
302332,P:1348,03/02/2025,22:48,INV,,2
302333,P:1351,01/02/2025,17:39,INV,,14
302338,P:1368,14/02/2025,09:02,INV,,4
302339,P:1368,17/02/2025,12:47,INV,,15
302340,P:1379,26/02/2025,09:58,INV,,5
302342,P:1380,02/02/2025,15:03,INV,,11
302343,P:1382,13/02/2025,11:50,INV,,12
302346,P:1386,27/02/2025,14:46,INV,,4
9302346,P:1386,27/02/2025,20:46,CR,,2
302347,P:1386,19/02/2025,13:41,INV,,3
302348,P:1389,08/02/2025,16:16,INV,,10
302349,P:1392,05/02/2025,09:38,INV,,10
9302349,P:1392,05/02/2025,14:38,CR,,2
302350,P:1394,15/02/2025,12:20,INV,,7
302352,P:1400,23/02/2025,13:56,INV,,7
302356,P:1413,23/02/2025,13:34,INV,,9
302358,P:1413,13/02/2025,12:31,INV,,4
302359,P:1419,03/02/2025,08:19,INV,,3
302360,P:1423,25/02/2025,08:27,INV,,7
302361,P:1423,11/02/2025,18:34,INV,,12
302363,P:1427,05/02/2025,11:18,INV,,10
302364,P:1428,05/02/2025,16:34,INV,,10
302365,P:1428,01/02/2025,18:18,INV,,4
302366,P:1428,04/02/2025,18:06,INV,,6
302367,P:1433,02/02/2025,16:50,INV,,6
302369,P:1433,12/02/2025,16:58,INV,,5
302371,P:1440,26/02/2025,20:57,INV,,6
302373,P:1440,22/02/2025,16:40,INV,,7
302375,P:1441,03/02/2025,10:20,INV,,4
302379,P:1446,02/02/2025,13:31,INV,,8
302382,P:1453,23/02/2025,11:01,INV,,13
302383,P:1454,12/02/2025,10:23,INV,,2
302384,P:1457,01/02/2025,13:01,INV,,7
302385,P:1458,14/02/2025,11:02,INV,,8
302386,P:1458,20/02/2025,15:33,INV,,12
302388,P:1461,28/02/2025,14:02,INV,,4
302389,P:1467,10/02/2025,14:57,INV,,12
302390,P:1472,02/02/2025,11:30,INV,,4
302391,P:1472,03/02/2025,15:50,INV,,10
302392,P:1474,11/02/2025,09:57,INV,,5
302395,P:1481,28/02/2025,12:44,INV,,2
302396,P:1483,10/02/2025,13:51,INV,,6
302399,P:1485,09/02/2025,10:32,INV,,5
302405,P:1495,14/02/2025,12:07,INV,,13
302411,P:1530,17/02/2025,12:56,INV,,6
302413,P:1535,17/02/2025,13:44,INV,,4
302417,P:1539,13/02/2025,15:28,INV,,2
302419,P:1539,15/02/2025,08:34,INV,,13
302421,P:1545,11/02/2025,13:19,INV,,6
302425,P:1551,11/02/2025,11:16,INV,,5
302426,P:1552,04/02/2025,09:15,INV,,6
302428,P:1555,22/02/2025,10:13,INV,,7
302429,P:1558,02/02/2025,09:00,INV,,5
302430,P:1561,21/02/2025,13:33,INV,,8
302431,P:1561,10/02/2025,09:20,INV,,7
302432,P:1564,24/02/2025,15:25,INV,,6
302434,P:1564,28/02/2025,20:57,INV,,9
302435,P:1565,10/02/2025,11:20,INV,,5
302436,P:1568,12/02/2025,09:34,INV,,9
302439,P:1571,24/02/2025,18:38,INV,,5
302440,P:1571,10/02/2025,11:33,INV,,14
302442,P:1584,04/02/2025,20:19,INV,,3
302443,P:1585,05/02/2025,13:19,INV,,7
302445,P:1596,03/02/2025,08:03,INV,,3
302450,P:1609,18/02/2025,10:01,INV,,8
302451,P:1610,08/02/2025,08:18,INV,,11
302452,P:1610,09/02/2025,12:17,INV,,8
302454,P:1617,28/02/2025,15:05,INV,,11
302455,P:1617,16/02/2025,11:13,INV,,6
302456,P:1617,11/02/2025,10:01,INV,,3
302458,P:1618,22/02/2025,13:44,INV,,8
302460,P:1619,23/02/2025,12:11,INV,,3
302461,P:1619,16/02/2025,14:15,INV,,10
302463,P:1623,23/02/2025,12:09,INV,,3
302464,P:1624,09/02/2025,10:36,INV,,13
302465,P:1624,25/02/2025,12:01,INV,,9
302467,P:1627,13/02/2025,14:52,INV,,8
302469,P:1631,17/02/2025,17:34,INV,,5
302472,P:1635,23/02/2025,09:20,INV,,6
302475,P:1644,28/02/2025,14:34,INV,,11
302476,P:1644,10/02/2025,12:18,INV,,11
302477,P:1648,28/02/2025,13:42,INV,,4
302478,P:1650,16/02/2025,11:52,INV,,5
302483,P:1659,27/02/2025,13:32,INV,,5
302486,P:1668,10/02/2025,08:08,INV,,15
302487,P:1671,28/02/2025,10:41,INV,,5
302489,P:1671,04/02/2025,16:36,INV,,2
302490,P:1671,07/02/2025,12:36,INV,,10
302492,P:1675,06/02/2025,17:36,INV,,5
302493,P:1675,20/02/2025,08:36,INV,,4
302495,P:1688,12/02/2025,17:12,INV,,4
302499,P:1690,03/02/2025,10:43,INV,,12
302500,P:1691,10/02/2025,14:28,INV,,15
302501,P:1691,13/02/2025,14:39,INV,,8
302506,P:1708,24/02/2025,13:13,INV,,2
302509,P:1709,11/02/2025,09:03,INV,,4
302511,P:1719,13/02/2025,12:38,INV,,4
302512,P:1719,23/02/2025,11:48,INV,,7
302513,P:1720,23/02/2025,09:11,INV,,8
302515,P:1722,10/02/2025,14:03,INV,,3
302516,P:1722,05/02/2025,14:09,INV,,7
302517,P:1722,15/02/2025,15:13,INV,,14
302519,P:1723,01/02/2025,08:13,INV,,6
302521,P:1733,03/02/2025,12:23,INV,,2
302522,P:1733,24/02/2025,12:37,INV,,4
302524,P:1733,27/02/2025,11:50,INV,,8
302526,P:1738,10/02/2025,09:51,INV,,3
302527,P:1747,01/02/2025,13:09,INV,,8
302529,P:1747,19/02/2025,10:53,INV,,8
302530,P:1750,16/02/2025,17:13,INV,,4
302531,P:1750,21/02/2025,09:22,INV,,11
302532,P:1755,25/02/2025,13:35,INV,,4
302533,P:1756,18/02/2025,11:03,INV,,7
302535,P:1764,26/02/2025,08:22,INV,,7
302537,P:1767,05/02/2025,19:25,INV,,11
302539,P:1767,08/02/2025,13:12,INV,,5
302541,P:1767,05/02/2025,11:00,INV,,9
302542,P:1768,07/02/2025,08:50,INV,,4
302543,P:1771,02/02/2025,12:44,INV,,15
302546,P:1773,06/02/2025,08:19,INV,,8
302548,P:1782,05/02/2025,14:53,INV,,7
302551,P:1793,18/02/2025,11:06,INV,,5
302553,P:1795,28/02/2025,12:30,INV,,10
302554,P:1800,08/02/2025,09:42,INV,,4
302555,P:1801,25/02/2025,14:57,INV,,13
302557,P:1802,03/02/2025,10:12,INV,,15
302558,P:1806,27/02/2025,10:17,INV,,7
9302558,P:1806,27/02/2025,17:17,CR,,2
302559,P:1809,04/02/2025,12:42,INV,,3
302560,P:1817,01/02/2025,09:40,INV,,6
302562,P:1819,18/02/2025,14:30,INV,,8
302563,P:1825,21/02/2025,13:58,INV,,6
302565,P:1827,21/02/2025,09:13,INV,,12
302573,P:1846,14/02/2025,17:14,INV,,13
302574,P:1846,08/02/2025,11:05,INV,,2
302575,P:1847,12/02/2025,09:56,INV,,3
302576,P:1848,12/02/2025,10:36,INV,,6
302577,P:1860,13/02/2025,18:22,INV,,4
302578,P:1860,01/02/2025,13:42,INV,,6
302579,P:1860,03/02/2025,15:52,INV,,3
302580,P:1861,01/02/2025,10:59,INV,,5
302582,P:1863,22/02/2025,08:48,INV,,5
302583,P:1864,22/02/2025,11:35,INV,,5
302586,P:1865,03/02/2025,10:20,INV,,4
302587,P:1866,09/02/2025,12:02,INV,,6
302590,P:1870,05/02/2025,15:46,INV,,7
302592,P:1872,26/02/2025,08:41,INV,,4
302593,P:1877,09/02/2025,13:35,INV,,9
302594,P:1877,11/02/2025,15:13,INV,,5
302595,P:1882,24/02/2025,12:46,INV,,4
302596,P:1882,23/02/2025,11:22,INV,,7
302597,P:1888,13/02/2025,08:43,INV,,13
302598,P:1888,17/02/2025,10:59,INV,,8
302600,P:1893,27/02/2025,15:30,INV,,8
302601,P:1894,16/02/2025,19:31,INV,,7
302603,P:1896,08/02/2025,16:07,INV,,5
302604,P:1906,10/02/2025,08:38,INV,,7
302605,P:1907,28/02/2025,18:19,INV,,5
302606,P:1907,08/02/2025,13:41,INV,,5
302608,P:1908,06/02/2025,16:39,INV,,6
302613,P:1909,17/02/2025,12:16,INV,,8
302614,P:1911,07/02/2025,14:09,INV,,11
302619,P:1915,16/02/2025,08:36,INV,,3
302620,P:1915,24/02/2025,13:40,INV,,15
302625,P:1925,21/02/2025,11:22,INV,,8
302626,P:1925,01/02/2025,12:43,INV,,6
302627,P:1929,10/02/2025,11:41,INV,,3
302630,P:1938,22/02/2025,08:16,INV,,7
302633,P:1944,26/02/2025,08:57,INV,,14
302634,P:1944,20/02/2025,11:52,INV,,5
302640,P:1956,01/02/2025,09:47,INV,,10
302641,P:1961,01/02/2025,12:46,INV,,7
302642,P:1968,05/02/2025,12:04,INV,,10
302643,P:1970,16/02/2025,13:08,INV,,13
302644,P:1970,28/02/2025,08:34,INV,,13
302649,P:1986,13/02/2025,10:29,INV,,4
302651,P:1987,01/02/2025,12:04,INV,,4
302655,P:1993,22/02/2025,13:03,INV,,5
302658,P:1999,03/02/2025,14:43,INV,,9
302659,P:1999,24/02/2025,15:14,INV,,6
302662,P:2007,18/02/2025,08:39,INV,,5
302663,P:2010,23/02/2025,13:40,INV,,6
302664,P:2010,17/02/2025,11:45,INV,,8
302665,P:2010,16/02/2025,08:31,INV,,7
302668,P:2017,21/02/2025,17:07,INV,,5
302669,P:2020,22/02/2025,10:00,INV,,12
302674,P:2028,23/02/2025,16:58,INV,,11
302677,P:2034,27/02/2025,14:46,INV,,5
302678,P:2034,09/02/2025,16:00,INV,,5
302679,P:2041,03/02/2025,11:07,INV,,15
302681,P:2052,13/02/2025,10:35,INV,,4
302685,P:2066,26/02/2025,17:43,INV,,13
302687,P:2071,11/02/2025,12:18,INV,,6
302688,P:2078,17/02/2025,12:17,INV,,6
302690,P:2101,06/02/2025,13:28,INV,,8
302692,P:2104,08/02/2025,13:35,INV,,3
302693,P:2106,26/02/2025,13:27,INV,,13
302694,P:2107,06/02/2025,13:23,INV,,6
302696,P:2110,09/02/2025,08:39,INV,,6
302697,P:2112,23/02/2025,13:36,INV,,3
302698,P:2112,20/02/2025,13:48,INV,,11
302699,P:2116,15/02/2025,10:33,INV,,7
302700,P:2119,20/02/2025,09:47,INV,,9
302704,P:2122,11/02/2025,14:35,INV,,12
302705,P:2123,23/02/2025,14:24,INV,,8
302707,P:2123,18/02/2025,14:47,INV,,8
302710,P:2138,10/02/2025,08:32,INV,,10
302713,P:2148,24/02/2025,16:45,INV,,5
302716,P:2154,07/02/2025,14:57,INV,,4
302717,P:2156,12/02/2025,15:24,INV,,6
302718,P:2156,05/02/2025,09:06,INV,,8
302719,P:2158,04/02/2025,12:07,INV,,12
302722,P:2159,27/02/2025,13:43,INV,,6
302723,P:2171,18/02/2025,09:30,INV,,9
302726,P:2180,21/02/2025,09:07,INV,,12
302727,P:2180,24/02/2025,11:16,INV,,6
302728,P:2180,19/02/2025,13:42,INV,,2
302730,P:2185,25/02/2025,10:38,INV,,8
302732,P:2191,02/02/2025,10:16,INV,,2
302733,P:2199,24/02/2025,12:18,INV,,9
302734,P:2199,16/02/2025,10:55,INV,,4
302736,P:2201,13/02/2025,11:54,INV,,5
302738,P:2210,21/02/2025,08:11,INV,,5
302739,P:2222,20/02/2025,08:06,INV,,7
302742,P:2229,25/02/2025,10:27,INV,,6
302745,P:2231,01/02/2025,14:53,INV,,10
302746,P:2231,17/02/2025,14:17,INV,,5
302748,P:2232,10/02/2025,14:21,INV,,5
302750,P:2235,04/02/2025,10:25,INV,,10
302751,P:2240,09/02/2025,12:57,INV,,6
9302751,P:2240,09/02/2025,16:57,CR,,2
302754,P:2247,24/02/2025,10:08,INV,,5
302758,P:2249,10/02/2025,10:04,INV,,9
302759,P:2250,13/02/2025,11:45,INV,,6
302760,P:2250,20/02/2025,14:30,INV,,5
302762,P:2264,06/02/2025,08:43,INV,,8
302764,P:2273,26/02/2025,15:22,INV,,6
302767,P:2276,12/02/2025,10:33,INV,,8
302770,P:2278,15/02/2025,13:22,INV,,13
302771,P:2279,16/02/2025,13:12,INV,,15
9302771,P:2279,16/02/2025,16:12,CR,,2
302772,P:2279,16/02/2025,14:24,INV,,4
302773,P:2279,18/02/2025,16:25,INV,,4
302775,P:2280,12/02/2025,10:59,INV,,4
302776,P:2284,21/02/2025,08:24,INV,,3
302777,P:2284,08/02/2025,09:29,INV,,3
302778,P:2284,24/02/2025,11:34,INV,,8
302779,P:2289,14/02/2025,13:30,INV,,15
302780,P:2289,10/02/2025,11:48,INV,,8
302782,P:2292,05/02/2025,17:36,INV,,11
302783,P:2292,12/02/2025,10:07,INV,,4
302787,P:2306,19/02/2025,12:27,INV,,4
302789,P:2308,20/02/2025,08:00,INV,,4
302791,P:2316,14/02/2025,13:25,INV,,6
302792,P:2322,17/02/2025,11:28,INV,,4
302793,P:2323,08/02/2025,08:11,INV,,2
302794,P:2327,20/02/2025,15:39,INV,,8
302796,P:2332,21/02/2025,12:20,INV,,6
302798,P:2333,22/02/2025,13:41,INV,,4
302801,P:2345,19/02/2025,11:01,INV,,7
302802,P:2345,20/02/2025,14:28,INV,,3
302803,P:2351,04/02/2025,12:08,INV,,8
302805,P:2353,22/02/2025,12:37,INV,,2
302808,P:2362,26/02/2025,17:38,INV,,7
302809,P:2362,04/02/2025,16:47,INV,,8
302813,P:2368,24/02/2025,09:02,INV,,15
302814,P:2369,25/02/2025,11:47,INV,,14
302816,P:2376,24/02/2025,13:15,INV,,4
302819,P:2380,02/02/2025,15:34,INV,,8
302821,P:2380,04/02/2025,08:17,INV,,4
302822,P:2391,24/02/2025,13:14,INV,,8
302823,P:2395,21/02/2025,16:42,INV,,13
302826,P:2399,15/02/2025,08:10,INV,,4
302827,P:2401,05/02/2025,18:24,INV,,9
302828,P:2401,01/02/2025,12:59,INV,,7
302829,P:2410,06/02/2025,12:25,INV,,8
302831,P:2413,22/02/2025,08:40,INV,,7
302832,P:2414,27/02/2025,14:08,INV,,2
302833,P:2415,08/02/2025,09:28,INV,,6
302834,P:2415,10/02/2025,08:36,INV,,4
302835,P:2417,13/02/2025,13:44,INV,,4
302836,P:2417,07/02/2025,09:52,INV,,3
302837,P:2417,26/02/2025,11:31,INV,,6
302839,P:2417,28/02/2025,14:10,INV,,5
302840,P:2418,03/02/2025,17:43,INV,,4
9302840,P:2418,03/02/2025,19:43,CR,,2
302841,P:2419,03/02/2025,09:38,INV,,2
302843,P:2424,15/02/2025,12:27,INV,,13
302845,P:2427,13/02/2025,16:58,INV,,11
302847,P:2431,10/02/2025,09:37,INV,,9
302848,P:2434,16/02/2025,16:26,INV,,15
302851,P:2435,09/02/2025,14:11,INV,,5
302852,P:2439,20/02/2025,15:39,INV,,11
302853,P:2441,24/02/2025,12:13,INV,,4
302855,P:2441,22/02/2025,14:24,INV,,4
302856,P:2442,14/02/2025,11:06,INV,,6
302857,P:2443,20/02/2025,14:01,INV,,11
302859,P:2444,13/02/2025,11:12,INV,,11
302860,P:2448,09/02/2025,14:31,INV,,10
302862,P:2455,20/02/2025,12:29,INV,,10
302863,P:2455,06/02/2025,10:16,INV,,6
302865,P:2462,03/02/2025,18:17,INV,,5
302866,P:2467,14/02/2025,11:43,INV,,6
302871,P:2477,24/02/2025,12:27,INV,,6
302875,P:2482,10/02/2025,12:25,INV,,3
302876,P:2482,03/02/2025,14:34,INV,,7
302877,P:2485,22/02/2025,08:30,INV,,13
302879,P:2498,15/02/2025,11:02,INV,,8
302880,P:2498,07/02/2025,08:49,INV,,6
302885,P:2511,21/02/2025,11:15,INV,,10
302886,P:2512,17/02/2025,11:32,INV,,4
302887,P:2514,27/02/2025,11:29,INV,,6
9302887,P:2514,27/02/2025,13:29,CR,,2
302889,P:2515,19/02/2025,11:11,INV,,6
302890,P:2516,05/02/2025,15:27,INV,,4
302891,P:2516,06/02/2025,17:02,INV,,9
302892,P:2518,03/02/2025,14:34,INV,,6
302894,P:2522,23/02/2025,12:17,INV,,4
302895,P:2523,01/02/2025,12:47,INV,,8
302896,P:2524,24/02/2025,11:43,INV,,7
302899,P:2542,17/02/2025,11:25,INV,,8
302900,P:2542,07/02/2025,15:32,INV,,8
302901,P:2544,27/02/2025,14:58,INV,,6
302902,P:2544,21/02/2025,13:26,INV,,11
302903,P:2544,15/02/2025,16:37,INV,,8
302904,P:2548,25/02/2025,16:47,INV,,5
302907,P:2560,06/02/2025,10:34,INV,,5
302910,P:2565,14/02/2025,13:45,INV,,5
302911,P:2565,28/02/2025,11:00,INV,,9
302912,P:2566,18/02/2025,14:54,INV,,3
302913,P:2566,26/02/2025,18:12,INV,,10
302915,P:2568,12/02/2025,12:12,INV,,10
302917,P:2568,10/02/2025,11:00,INV,,4
302923,P:2579,08/02/2025,09:52,INV,,9
302924,P:2581,17/02/2025,16:20,INV,,5
302925,P:2581,18/02/2025,13:40,INV,,5
302927,P:2585,16/02/2025,12:22,INV,,6
302928,P:2587,01/02/2025,08:36,INV,,10
302933,P:2596,16/02/2025,13:04,INV,,10
302934,P:2602,24/02/2025,12:20,INV,,9
302935,P:2603,13/02/2025,14:26,INV,,3
302937,P:2606,19/02/2025,11:47,INV,,11
302938,P:2607,11/02/2025,18:29,INV,,7
302940,P:2609,13/02/2025,14:06,INV,,7
302942,P:2612,18/02/2025,09:11,INV,,7
302943,P:2612,16/02/2025,08:23,INV,,5
302947,P:2614,10/02/2025,14:34,INV,,8
302949,P:2616,03/02/2025,11:10,INV,,11
302952,P:2626,09/02/2025,13:48,INV,,2
302957,P:2628,16/02/2025,14:49,INV,,7
302960,P:2636,26/02/2025,11:23,INV,,5
302962,P:2639,01/02/2025,08:14,INV,,6
302963,P:2644,12/02/2025,16:02,INV,,4
9302963,P:2644,12/02/2025,17:02,CR,,2
302964,P:2648,04/02/2025,14:01,INV,,2
302965,P:2648,05/02/2025,10:49,INV,,7
302966,P:2648,17/02/2025,08:02,INV,,6
302967,P:2648,06/02/2025,08:37,INV,,7
302968,P:2650,02/02/2025,08:34,INV,,14
302969,P:2652,20/02/2025,11:09,INV,,9
302970,P:2652,19/02/2025,09:24,INV,,11
302972,P:2656,26/02/2025,13:37,INV,,10
302975,P:2656,15/02/2025,16:57,INV,,15
302976,P:2662,09/02/2025,11:52,INV,,7
302979,P:2668,28/02/2025,12:59,INV,,11
302981,P:2673,21/02/2025,10:54,INV,,3
302983,P:2678,03/02/2025,11:49,INV,,6
302984,P:2680,14/02/2025,17:50,INV,,4
302985,P:2682,17/02/2025,12:05,INV,,5
302986,P:2682,05/02/2025,15:01,INV,,9
302987,P:2692,20/02/2025,08:52,INV,,9
302990,P:2693,19/02/2025,14:34,INV,,11
302991,P:2693,21/02/2025,08:26,INV,,7
302992,P:2693,16/02/2025,13:25,INV,,4
302993,P:2696,23/02/2025,10:26,INV,,8
302996,P:2700,25/02/2025,09:37,INV,,7
302997,P:2705,19/02/2025,08:07,INV,,4
303005,P:2723,25/02/2025,13:59,INV,,5
303006,P:2723,15/02/2025,13:49,INV,,6
303008,P:2732,01/02/2025,10:52,INV,,4
303009,P:2734,25/02/2025,09:14,INV,,7
303011,P:2734,23/02/2025,13:32,INV,,2
303015,P:2734,16/02/2025,13:55,INV,,7
303018,P:2736,12/02/2025,12:25,INV,,3
303021,P:2741,11/02/2025,13:06,INV,,10
9303021,P:2741,11/02/2025,15:06,CR,,2
303022,P:2744,06/02/2025,14:20,INV,,4
303027,P:2747,27/02/2025,12:13,INV,,7
303028,P:2747,21/02/2025,10:22,INV,,4
303031,P:2752,13/02/2025,14:02,INV,,2
303036,P:2754,05/02/2025,12:00,INV,,4
303037,P:2756,13/02/2025,10:21,INV,,6
303039,P:2758,21/02/2025,12:02,INV,,8
303042,P:2759,15/02/2025,08:46,INV,,6
303044,P:2759,07/02/2025,12:04,INV,,10
303045,P:2760,09/02/2025,08:22,INV,,3
303046,P:2766,12/02/2025,09:07,INV,,7
303048,P:2776,19/02/2025,10:26,INV,,2
303049,P:2779,24/02/2025,13:42,INV,,8
303050,P:2781,15/02/2025,14:52,INV,,6
303051,P:2781,22/02/2025,08:18,INV,,3
303052,P:2781,07/02/2025,08:05,INV,,10
303053,P:2784,27/02/2025,13:14,INV,,6
303058,P:2798,19/02/2025,13:49,INV,,6
303059,P:2798,27/02/2025,10:30,INV,,7
303060,P:2798,04/02/2025,08:25,INV,,10
303061,P:2807,28/02/2025,10:10,INV,,5
303063,P:1001,27/03/2025,23:15,INV,,7
303064,P:1006,16/03/2025,23:46,INV,,6
303065,P:1009,18/03/2025,18:16,INV,,7
303066,P:1011,12/03/2025,16:11,INV,,13
303067,P:1011,07/03/2025,14:31,INV,,3
303069,P:1016,01/03/2025,21:24,INV,,4
303070,P:1018,22/03/2025,19:39,INV,,8
303071,P:1019,27/03/2025,21:23,INV,,2
303073,P:1021,24/03/2025,19:27,INV,,8
303074,P:1025,02/03/2025,21:16,INV,,4
303077,P:1037,13/03/2025,20:42,INV,,5
303079,P:1038,15/03/2025,19:09,INV,,11
303080,P:1041,24/03/2025,20:57,INV,,7
303082,P:1047,11/03/2025,23:53,INV,,5
303083,P:1047,03/03/2025,16:18,INV,,9
303084,P:1049,06/03/2025,17:28,INV,,8
303086,P:1050,28/03/2025,18:55,INV,,15
303088,P:1051,16/03/2025,20:50,INV,,5
303089,P:1055,04/03/2025,23:59,INV,,11
303092,P:1067,25/03/2025,22:38,INV,,6
303094,P:1071,24/03/2025,19:32,INV,,4
303096,P:1074,07/03/2025,22:01,INV,,7
303098,P:1076,01/03/2025,22:28,INV,,15
303099,P:1076,20/03/2025,15:12,INV,,9
303101,P:1076,03/03/2025,22:04,INV,,7
303104,P:1079,06/03/2025,22:54,INV,,10
303106,P:1083,11/03/2025,22:33,INV,,7
303109,P:1086,20/03/2025,19:35,INV,,12
303113,P:1089,13/03/2025,17:44,INV,,2
303117,P:1105,22/03/2025,16:24,INV,,8
303120,P:1106,17/03/2025,21:43,INV,,6
303121,P:1112,18/03/2025,23:21,INV,,11
303124,P:1112,04/03/2025,18:41,INV,,4
9303124,P:1112,04/03/2025,21:41,CR,,2
303126,P:1115,28/03/2025,18:58,INV,,9
303127,P:1115,08/03/2025,18:55,INV,,5
303128,P:1116,14/03/2025,20:08,INV,,6
303129,P:1116,05/03/2025,20:14,INV,,6
303131,P:1117,09/03/2025,21:13,INV,,4
303132,P:1118,24/03/2025,14:30,INV,,6
303133,P:1118,01/03/2025,21:28,INV,,13
303134,P:1131,07/03/2025,20:11,INV,,4
303135,P:1134,20/03/2025,23:38,INV,,7
303137,P:1158,19/03/2025,15:57,INV,,7
303143,P:1171,27/03/2025,15:19,INV,,6
303145,P:1173,27/03/2025,22:20,INV,,8
303147,P:1178,18/03/2025,19:17,INV,,6
303149,P:1178,16/03/2025,20:45,INV,,7
9303149,P:1178,16/03/2025,21:45,CR,,2
303151,P:1180,06/03/2025,23:45,INV,,10
303153,P:1183,23/03/2025,19:34,INV,,10
303155,P:1187,03/03/2025,19:22,INV,,6
303157,P:1191,21/03/2025,21:49,INV,,9
303159,P:1192,11/03/2025,18:26,INV,,11
303160,P:1193,24/03/2025,22:53,INV,,8
303161,P:1193,13/03/2025,18:52,INV,,7
303162,P:1193,15/03/2025,21:49,INV,,4
303168,P:1209,26/03/2025,23:21,INV,,10
303169,P:1209,27/03/2025,21:39,INV,,6
303170,P:1220,26/03/2025,18:56,INV,,3
303171,P:1220,11/03/2025,21:50,INV,,5
303173,P:1228,23/03/2025,23:20,INV,,14
303174,P:1228,15/03/2025,21:05,INV,,6
303175,P:1230,06/03/2025,22:44,INV,,8
303177,P:1230,15/03/2025,22:07,INV,,9
303178,P:1232,10/03/2025,14:11,INV,,4
303179,P:1232,08/03/2025,21:14,INV,,11
303183,P:1237,18/03/2025,22:24,INV,,6
303186,P:1241,10/03/2025,21:25,INV,,5
303187,P:1243,11/03/2025,20:23,INV,,8
303188,P:1245,02/03/2025,23:43,INV,,8
303191,P:1255,26/03/2025,22:10,INV,,8
303192,P:1260,08/03/2025,18:00,INV,,12
303193,P:1262,16/03/2025,19:20,INV,,9
303194,P:1262,02/03/2025,19:24,INV,,9
303196,P:1262,08/03/2025,17:11,INV,,6
303198,P:1263,02/03/2025,20:19,INV,,9
303200,P:1266,28/03/2025,22:58,INV,,7
303201,P:1267,27/03/2025,18:31,INV,,4
303202,P:1267,07/03/2025,17:45,INV,,7
303203,P:1268,10/03/2025,23:33,INV,,9
303206,P:1274,13/03/2025,18:38,INV,,10
303208,P:1275,20/03/2025,22:17,INV,,10
303209,P:1276,16/03/2025,21:36,INV,,9
303210,P:1278,16/03/2025,21:05,INV,,5
303211,P:1279,05/03/2025,15:40,INV,,9
303213,P:1290,09/03/2025,20:03,INV,,3
9303213,P:1290,09/03/2025,01:03,CR,,2
303223,P:1313,02/03/2025,20:54,INV,,10
303226,P:1314,06/03/2025,22:39,INV,,14
303229,P:1317,23/03/2025,16:09,INV,,13
303231,P:1317,17/03/2025,23:24,INV,,6
303232,P:1320,24/03/2025,19:19,INV,,14
303237,P:1336,26/03/2025,22:46,INV,,4
303239,P:1337,01/03/2025,18:45,INV,,2
303243,P:1346,24/03/2025,21:52,INV,,14
303244,P:1346,19/03/2025,21:41,INV,,2
303245,P:1349,19/03/2025,23:10,INV,,3
303246,P:1349,07/03/2025,18:33,INV,,7
303249,P:1358,15/03/2025,19:26,INV,,7
303250,P:1358,01/03/2025,18:39,INV,,6
303251,P:1359,18/03/2025,23:45,INV,,3
303252,P:1359,17/03/2025,22:55,INV,,8
303253,P:1362,18/03/2025,20:18,INV,,4
303257,P:1373,07/03/2025,20:46,INV,,3
303258,P:1378,14/03/2025,22:53,INV,,6
303259,P:1380,08/03/2025,23:41,INV,,2
303265,P:1383,25/03/2025,21:08,INV,,9
303267,P:1386,14/03/2025,14:05,INV,,5
303268,P:1386,23/03/2025,16:45,INV,,5
303269,P:1386,15/03/2025,21:57,INV,,6
303270,P:1389,13/03/2025,19:44,INV,,10
303271,P:1392,17/03/2025,18:41,INV,,5
303272,P:1394,21/03/2025,21:27,INV,,7
303273,P:1394,12/03/2025,22:18,INV,,6
303276,P:1404,13/03/2025,23:00,INV,,2
303277,P:1405,01/03/2025,23:56,INV,,9
303278,P:1405,12/03/2025,19:26,INV,,4
303279,P:1405,11/03/2025,20:10,INV,,7
303286,P:1413,24/03/2025,17:16,INV,,2
303289,P:1418,10/03/2025,18:13,INV,,11
303290,P:1418,03/03/2025,20:34,INV,,6
303292,P:1424,27/03/2025,19:18,INV,,9
303295,P:1427,04/03/2025,19:09,INV,,7
303297,P:1428,12/03/2025,18:46,INV,,10
303298,P:1428,13/03/2025,23:01,INV,,8
303300,P:1431,28/03/2025,22:21,INV,,5
303301,P:1431,16/03/2025,23:56,INV,,5
303303,P:1438,15/03/2025,18:35,INV,,2
303305,P:1440,02/03/2025,23:29,INV,,9
303309,P:1445,13/03/2025,21:47,INV,,7
303311,P:1446,28/03/2025,23:13,INV,,8
303313,P:1449,25/03/2025,17:12,INV,,8
303314,P:1453,27/03/2025,18:17,INV,,6
303317,P:1463,01/03/2025,22:19,INV,,10
303318,P:1465,17/03/2025,18:06,INV,,11
303320,P:1467,17/03/2025,21:09,INV,,5
303322,P:1468,19/03/2025,22:20,INV,,10
303324,P:1469,20/03/2025,18:00,INV,,5
303327,P:1474,15/03/2025,19:01,INV,,6
303330,P:1478,12/03/2025,23:04,INV,,4
303332,P:1478,10/03/2025,21:11,INV,,5
303337,P:1485,12/03/2025,20:48,INV,,10
303338,P:1490,27/03/2025,18:46,INV,,3
303340,P:1492,23/03/2025,23:05,INV,,4
303342,P:1500,20/03/2025,15:25,INV,,7
303344,P:1522,20/03/2025,21:15,INV,,6
303345,P:1529,23/03/2025,19:12,INV,,8
303346,P:1529,27/03/2025,21:23,INV,,7
303347,P:1535,06/03/2025,19:24,INV,,7
303348,P:1538,27/03/2025,15:35,INV,,4
303351,P:1539,26/03/2025,17:06,INV,,3
303353,P:1540,23/03/2025,20:07,INV,,4
303355,P:1545,12/03/2025,15:51,INV,,4
303356,P:1546,17/03/2025,20:50,INV,,5
303358,P:1551,15/03/2025,17:30,INV,,8
303359,P:1551,17/03/2025,19:44,INV,,5
303361,P:1555,22/03/2025,23:18,INV,,5
303362,P:1555,15/03/2025,23:37,INV,,7
303364,P:1564,04/03/2025,23:09,INV,,6
303365,P:1565,13/03/2025,20:57,INV,,7
303366,P:1565,06/03/2025,21:00,INV,,10
303368,P:1568,20/03/2025,20:12,INV,,6
303369,P:1569,03/03/2025,22:35,INV,,6
303372,P:1573,21/03/2025,21:28,INV,,7
303373,P:1577,08/03/2025,21:42,INV,,6
303375,P:1583,15/03/2025,23:25,INV,,8
303378,P:1584,06/03/2025,17:35,INV,,7
303379,P:1584,09/03/2025,16:31,INV,,6
303380,P:1584,23/03/2025,20:30,INV,,13
303385,P:1587,26/03/2025,23:15,INV,,3
303386,P:1589,09/03/2025,22:07,INV,,4
303389,P:1590,27/03/2025,22:29,INV,,5
303390,P:1590,06/03/2025,17:09,INV,,11
303391,P:1593,19/03/2025,20:21,INV,,6
303395,P:1603,03/03/2025,14:51,INV,,9
303397,P:1609,24/03/2025,16:53,INV,,15
303398,P:1616,22/03/2025,16:40,INV,,5
303399,P:1617,09/03/2025,21:55,INV,,4
303401,P:1623,06/03/2025,18:09,INV,,6
303402,P:1627,26/03/2025,23:31,INV,,8
303404,P:1629,04/03/2025,22:11,INV,,4
303406,P:1631,06/03/2025,23:19,INV,,5
303408,P:1633,21/03/2025,23:43,INV,,9
303411,P:1635,25/03/2025,19:28,INV,,14
303415,P:1648,14/03/2025,19:47,INV,,8
303416,P:1648,09/03/2025,15:36,INV,,6
303417,P:1650,24/03/2025,23:50,INV,,9
303418,P:1650,08/03/2025,22:08,INV,,6
303424,P:1671,14/03/2025,23:37,INV,,10
303425,P:1671,06/03/2025,23:02,INV,,8
303430,P:1688,27/03/2025,20:18,INV,,8
303431,P:1691,21/03/2025,23:48,INV,,10
303432,P:1691,25/03/2025,16:56,INV,,12
303435,P:1696,07/03/2025,23:00,INV,,4
303437,P:1701,05/03/2025,17:13,INV,,6
303440,P:1702,27/03/2025,19:57,INV,,6
303442,P:1708,15/03/2025,21:29,INV,,10
303443,P:1708,12/03/2025,16:34,INV,,7
303444,P:1709,16/03/2025,21:09,INV,,4
303447,P:1722,06/03/2025,21:10,INV,,5
303448,P:1722,26/03/2025,23:36,INV,,7
303450,P:1723,09/03/2025,21:21,INV,,9
303454,P:1731,06/03/2025,23:20,INV,,7
303455,P:1733,14/03/2025,19:55,INV,,5
303456,P:1735,01/03/2025,21:35,INV,,13
303457,P:1735,09/03/2025,23:05,INV,,7
303458,P:1735,25/03/2025,23:33,INV,,10
303459,P:1736,21/03/2025,23:17,INV,,10
303460,P:1738,05/03/2025,21:44,INV,,10
303462,P:1750,22/03/2025,21:32,INV,,3
303463,P:1750,12/03/2025,19:43,INV,,3
9303463,P:1750,12/03/2025,22:43,CR,,2
303464,P:1750,17/03/2025,23:05,INV,,15
303466,P:1750,05/03/2025,14:41,INV,,6
303470,P:1760,17/03/2025,21:44,INV,,9
9303470,P:1760,17/03/2025,01:44,CR,,2
303471,P:1765,10/03/2025,19:02,INV,,8
303474,P:1767,16/03/2025,22:13,INV,,6
303476,P:1773,27/03/2025,23:49,INV,,9
303477,P:1777,01/03/2025,23:55,INV,,3
303481,P:1780,02/03/2025,16:58,INV,,6
303482,P:1786,12/03/2025,21:16,INV,,5
303484,P:1789,26/03/2025,23:40,INV,,4
303485,P:1793,09/03/2025,10:49,INV,,9
303486,P:1795,27/03/2025,16:40,INV,,2
303489,P:1800,28/03/2025,20:13,INV,,6
303492,P:1804,26/03/2025,19:24,INV,,11
303493,P:1809,17/03/2025,19:16,INV,,10
303494,P:1811,18/03/2025,19:54,INV,,7
303495,P:1812,04/03/2025,20:58,INV,,2
303497,P:1817,04/03/2025,17:05,INV,,7
303498,P:1817,10/03/2025,23:33,INV,,13
303499,P:1819,12/03/2025,22:00,INV,,5
303502,P:1824,05/03/2025,21:03,INV,,11
303505,P:1838,05/03/2025,20:56,INV,,2
303506,P:1839,19/03/2025,15:13,INV,,5
303507,P:1842,21/03/2025,17:09,INV,,8
303509,P:1842,25/03/2025,19:32,INV,,6
303512,P:1845,12/03/2025,18:21,INV,,6
303513,P:1845,16/03/2025,23:45,INV,,13
303514,P:1846,04/03/2025,16:26,INV,,10
303516,P:1856,17/03/2025,22:53,INV,,8
303521,P:1863,17/03/2025,23:53,INV,,8
303525,P:1864,09/03/2025,18:39,INV,,9
303526,P:1864,22/03/2025,23:03,INV,,6
303527,P:1864,06/03/2025,21:03,INV,,2
303528,P:1865,28/03/2025,19:33,INV,,4
303529,P:1865,24/03/2025,15:23,INV,,5
303531,P:1872,10/03/2025,18:13,INV,,8
303532,P:1872,13/03/2025,21:46,INV,,7
303533,P:1876,17/03/2025,21:41,INV,,5
303535,P:1879,06/03/2025,21:26,INV,,9
303536,P:1882,15/03/2025,17:41,INV,,7
303540,P:1888,04/03/2025,15:07,INV,,6
303541,P:1894,03/03/2025,19:14,INV,,3
303542,P:1894,21/03/2025,19:23,INV,,4
303546,P:1907,09/03/2025,22:42,INV,,3
303551,P:1909,26/03/2025,18:12,INV,,4
303552,P:1909,05/03/2025,19:42,INV,,8
303553,P:1909,22/03/2025,19:19,INV,,13
303554,P:1909,20/03/2025,19:20,INV,,5
303555,P:1915,09/03/2025,23:53,INV,,6
303560,P:1929,28/03/2025,17:52,INV,,8
303562,P:1930,06/03/2025,19:52,INV,,12
303564,P:1938,02/03/2025,19:43,INV,,10
303565,P:1938,11/03/2025,23:57,INV,,4
303569,P:1945,02/03/2025,20:29,INV,,9
303571,P:1951,17/03/2025,19:42,INV,,2
303575,P:1956,09/03/2025,23:11,INV,,8
303577,P:1960,06/03/2025,22:10,INV,,6
303578,P:1960,07/03/2025,21:24,INV,,7
303581,P:1968,06/03/2025,23:10,INV,,6
303582,P:1968,10/03/2025,20:55,INV,,8
303583,P:1968,06/03/2025,21:04,INV,,10
303585,P:1970,05/03/2025,20:49,INV,,8
303586,P:1975,10/03/2025,23:52,INV,,9
303587,P:1975,01/03/2025,21:03,INV,,3
303588,P:1975,17/03/2025,22:46,INV,,3
303590,P:1979,15/03/2025,20:58,INV,,5
303593,P:1985,02/03/2025,23:53,INV,,8
303595,P:1987,28/03/2025,18:51,INV,,12
303598,P:1988,28/03/2025,23:50,INV,,8
303599,P:1989,10/03/2025,22:53,INV,,8
303600,P:1989,06/03/2025,19:27,INV,,4
303601,P:1989,28/03/2025,18:10,INV,,7
303602,P:1990,03/03/2025,18:58,INV,,4
303603,P:1991,10/03/2025,21:10,INV,,15
303604,P:1991,03/03/2025,21:23,INV,,10
303606,P:1993,25/03/2025,21:44,INV,,6
303609,P:1994,25/03/2025,18:28,INV,,4
303611,P:1999,23/03/2025,23:31,INV,,10
303612,P:2000,04/03/2025,22:54,INV,,9
303614,P:2013,05/03/2025,16:14,INV,,2
303615,P:2014,16/03/2025,16:50,INV,,15
303617,P:2017,18/03/2025,17:55,INV,,4
303620,P:2019,01/03/2025,19:13,INV,,10
303621,P:2019,07/03/2025,21:59,INV,,5
303622,P:2023,06/03/2025,19:50,INV,,5
303624,P:2024,22/03/2025,20:58,INV,,4
303625,P:2026,22/03/2025,18:27,INV,,8
303626,P:2026,23/03/2025,20:34,INV,,3
303629,P:2030,14/03/2025,20:01,INV,,9
303630,P:2034,22/03/2025,23:36,INV,,7
303632,P:2040,09/03/2025,21:46,INV,,10
303633,P:2041,28/03/2025,19:36,INV,,3
303635,P:2050,23/03/2025,23:53,INV,,8
303636,P:2052,22/03/2025,14:14,INV,,6
303637,P:2057,04/03/2025,22:05,INV,,8
303639,P:2066,19/03/2025,17:26,INV,,8
303640,P:2067,13/03/2025,16:35,INV,,8
303643,P:2078,19/03/2025,20:54,INV,,15
303645,P:2094,07/03/2025,21:03,INV,,8
9303645,P:2094,07/03/2025,23:03,CR,,2
303647,P:2103,07/03/2025,20:55,INV,,6
303651,P:2104,02/03/2025,19:02,INV,,5
303652,P:2106,03/03/2025,20:53,INV,,10
303654,P:2107,20/03/2025,23:14,INV,,12
303656,P:2110,10/03/2025,20:52,INV,,6
303657,P:2110,12/03/2025,23:36,INV,,11
303658,P:2110,05/03/2025,23:07,INV,,10
303660,P:2113,26/03/2025,20:43,INV,,8
303661,P:2118,25/03/2025,18:05,INV,,3
303662,P:2122,17/03/2025,19:35,INV,,8
9303662,P:2122,17/03/2025,00:35,CR,,2
303664,P:2123,19/03/2025,12:53,INV,,8
303666,P:2123,12/03/2025,23:09,INV,,6
303668,P:2124,05/03/2025,17:16,INV,,7
303670,P:2136,19/03/2025,14:28,INV,,5
303671,P:2143,19/03/2025,19:42,INV,,10
303673,P:2148,26/03/2025,23:07,INV,,4
303675,P:2152,14/03/2025,17:06,INV,,10
303676,P:2157,18/03/2025,22:16,INV,,8
9303676,P:2157,18/03/2025,01:16,CR,,2
303679,P:2159,02/03/2025,17:51,INV,,2
303680,P:2162,21/03/2025,20:55,INV,,10
303681,P:2162,06/03/2025,21:57,INV,,8
303682,P:2167,15/03/2025,17:41,INV,,4
303683,P:2171,21/03/2025,23:59,INV,,6
303684,P:2171,27/03/2025,19:42,INV,,7
303686,P:2182,01/03/2025,20:06,INV,,3
303688,P:2183,17/03/2025,17:10,INV,,4
303689,P:2185,28/03/2025,21:24,INV,,4
303691,P:2189,11/03/2025,16:12,INV,,2
303692,P:2190,07/03/2025,23:55,INV,,6
303693,P:2190,07/03/2025,18:46,INV,,12
303696,P:2195,03/03/2025,16:39,INV,,5
303697,P:2196,07/03/2025,23:00,INV,,7
303698,P:2196,23/03/2025,16:37,INV,,8
303703,P:2199,18/03/2025,17:01,INV,,11
303704,P:2199,22/03/2025,23:21,INV,,8
303705,P:2200,21/03/2025,21:53,INV,,4
303707,P:2201,23/03/2025,19:50,INV,,5
303714,P:2225,04/03/2025,23:20,INV,,6
303716,P:2226,23/03/2025,23:36,INV,,3
303717,P:2226,13/03/2025,23:11,INV,,10
303719,P:2227,04/03/2025,22:24,INV,,6
303720,P:2227,19/03/2025,15:57,INV,,8
303721,P:2229,25/03/2025,23:53,INV,,12
303722,P:2230,09/03/2025,19:06,INV,,9
303723,P:2231,04/03/2025,23:27,INV,,2
303724,P:2235,20/03/2025,20:39,INV,,11
303730,P:2240,27/03/2025,21:19,INV,,6
303731,P:2241,18/03/2025,22:49,INV,,6
303732,P:2246,04/03/2025,14:59,INV,,9
303733,P:2250,25/03/2025,23:58,INV,,9
303734,P:2252,20/03/2025,20:08,INV,,5
303735,P:2264,12/03/2025,22:34,INV,,7
9303735,P:2264,12/03/2025,23:34,CR,,2
303736,P:2268,26/03/2025,18:12,INV,,5
303739,P:2277,06/03/2025,23:51,INV,,8
303740,P:2277,11/03/2025,20:16,INV,,7
303742,P:2279,21/03/2025,18:28,INV,,9
303745,P:2279,25/03/2025,21:17,INV,,7
303746,P:2283,19/03/2025,19:45,INV,,5
303747,P:2284,22/03/2025,18:59,INV,,8
303748,P:2285,20/03/2025,19:13,INV,,3
303749,P:2285,04/03/2025,19:02,INV,,6
303751,P:2289,12/03/2025,16:03,INV,,4
303753,P:2294,01/03/2025,19:43,INV,,4
303755,P:2300,23/03/2025,23:07,INV,,6
303756,P:2303,10/03/2025,18:03,INV,,5
303757,P:2303,13/03/2025,15:19,INV,,4
303758,P:2305,12/03/2025,23:38,INV,,7
303761,P:2316,23/03/2025,23:43,INV,,7
303763,P:2316,26/03/2025,19:58,INV,,6
303769,P:2327,24/03/2025,21:47,INV,,4
303772,P:2333,01/03/2025,18:42,INV,,4
303774,P:2334,20/03/2025,20:20,INV,,6
303775,P:2334,09/03/2025,13:35,INV,,2
303776,P:2335,06/03/2025,16:48,INV,,7
303777,P:2337,15/03/2025,19:36,INV,,7
303779,P:2339,18/03/2025,16:29,INV,,15
303780,P:2341,21/03/2025,20:09,INV,,6
303782,P:2350,16/03/2025,19:19,INV,,9
303783,P:2353,03/03/2025,23:30,INV,,12
303785,P:2358,21/03/2025,16:15,INV,,8
303786,P:2359,03/03/2025,22:19,INV,,3
303788,P:2360,26/03/2025,18:37,INV,,12
303789,P:2361,26/03/2025,21:34,INV,,12
303791,P:2362,25/03/2025,23:57,INV,,7
303792,P:2362,05/03/2025,16:10,INV,,6
303793,P:2364,13/03/2025,19:04,INV,,14
303795,P:2372,26/03/2025,23:52,INV,,4
303797,P:2380,26/03/2025,21:07,INV,,9
303798,P:2381,03/03/2025,23:17,INV,,4
303802,P:2391,22/03/2025,15:31,INV,,7
303803,P:2399,09/03/2025,19:16,INV,,11
9303803,P:2399,09/03/2025,21:16,CR,,2
303804,P:2399,20/03/2025,22:54,INV,,9
303807,P:2400,02/03/2025,22:57,INV,,9
303811,P:2402,20/03/2025,23:08,INV,,6
303814,P:2405,07/03/2025,19:24,INV,,4
303816,P:2409,08/03/2025,22:13,INV,,4
303819,P:2413,16/03/2025,23:52,INV,,6
303820,P:2414,23/03/2025,17:01,INV,,3
303823,P:2417,05/03/2025,22:18,INV,,5
303826,P:2420,18/03/2025,23:52,INV,,3
303827,P:2426,26/03/2025,19:18,INV,,6
303829,P:2431,11/03/2025,23:54,INV,,6
303830,P:2441,27/03/2025,21:49,INV,,4
303834,P:2444,14/03/2025,15:07,INV,,9
303836,P:2461,15/03/2025,20:31,INV,,2
303838,P:2465,05/03/2025,17:12,INV,,7
303846,P:2473,03/03/2025,17:32,INV,,7
303847,P:2477,07/03/2025,23:36,INV,,3
303849,P:2485,26/03/2025,14:18,INV,,10
303850,P:2485,08/03/2025,20:37,INV,,9
303851,P:2485,19/03/2025,23:55,INV,,4
303852,P:2488,05/03/2025,20:01,INV,,4
9303852,P:2488,05/03/2025,03:01,CR,,2
303853,P:2498,24/03/2025,20:07,INV,,11
303854,P:2501,12/03/2025,19:45,INV,,9
303855,P:2506,20/03/2025,15:43,INV,,15
303860,P:2520,26/03/2025,18:21,INV,,13
303861,P:2520,03/03/2025,17:13,INV,,9
303862,P:2520,06/03/2025,18:31,INV,,9
303863,P:2523,08/03/2025,19:02,INV,,9
303864,P:2523,07/03/2025,16:14,INV,,8
303867,P:2525,18/03/2025,20:55,INV,,10
303868,P:2530,11/03/2025,21:34,INV,,6
303869,P:2530,06/03/2025,20:20,INV,,4
303871,P:2532,12/03/2025,23:40,INV,,7
303873,P:2540,10/03/2025,13:31,INV,,4
303874,P:2541,12/03/2025,22:03,INV,,8
303877,P:2544,22/03/2025,23:57,INV,,4
303880,P:2560,17/03/2025,23:06,INV,,5
303883,P:2568,13/03/2025,18:41,INV,,8
303885,P:2575,15/03/2025,14:11,INV,,4
303886,P:2578,12/03/2025,18:25,INV,,14
303888,P:2579,05/03/2025,17:42,INV,,4
303889,P:2579,16/03/2025,20:22,INV,,5
303893,P:2587,24/03/2025,23:33,INV,,8
303894,P:2588,15/03/2025,18:14,INV,,2
303900,P:2603,21/03/2025,17:12,INV,,6
303904,P:2609,03/03/2025,23:17,INV,,2
303907,P:2612,21/03/2025,16:19,INV,,8
303908,P:2612,28/03/2025,22:35,INV,,5
303909,P:2612,01/03/2025,17:08,INV,,3
303910,P:2616,01/03/2025,23:31,INV,,9
303911,P:2620,12/03/2025,22:55,INV,,8
303912,P:2624,25/03/2025,19:11,INV,,5
303913,P:2624,27/03/2025,15:59,INV,,15
303915,P:2626,06/03/2025,23:27,INV,,6
303919,P:2635,06/03/2025,16:15,INV,,7
303920,P:2639,25/03/2025,23:44,INV,,7
303921,P:2641,18/03/2025,18:15,INV,,4
303922,P:2644,10/03/2025,19:17,INV,,6
303924,P:2648,09/03/2025,16:36,INV,,12
303925,P:2648,14/03/2025,14:24,INV,,9
303926,P:2648,06/03/2025,21:00,INV,,6
9303926,P:2648,06/03/2025,23:00,CR,,2
303928,P:2650,20/03/2025,22:35,INV,,6
303929,P:2650,21/03/2025,18:05,INV,,5
303931,P:2652,23/03/2025,19:20,INV,,5
303933,P:2654,14/03/2025,22:50,INV,,7
303935,P:2657,25/03/2025,21:20,INV,,9
303936,P:2662,12/03/2025,23:01,INV,,10
303940,P:2668,23/03/2025,23:48,INV,,10
303941,P:2671,19/03/2025,22:51,INV,,10
303942,P:2673,25/03/2025,18:22,INV,,3
303944,P:2674,16/03/2025,17:10,INV,,15
303946,P:2678,04/03/2025,23:00,INV,,7
303947,P:2679,02/03/2025,21:56,INV,,5
303948,P:2680,10/03/2025,14:58,INV,,6
303951,P:2693,19/03/2025,20:13,INV,,5
303953,P:2697,22/03/2025,21:14,INV,,9
303956,P:2698,12/03/2025,16:45,INV,,6
303958,P:2700,17/03/2025,20:24,INV,,9
303960,P:2705,23/03/2025,21:26,INV,,7
303961,P:2705,10/03/2025,19:37,INV,,5
303963,P:2709,25/03/2025,20:42,INV,,5
303965,P:2709,23/03/2025,19:58,INV,,11
303967,P:2713,19/03/2025,19:01,INV,,4
303968,P:2714,04/03/2025,21:44,INV,,6
303970,P:2717,02/03/2025,23:55,INV,,6
303972,P:2720,07/03/2025,21:23,INV,,7
303973,P:2723,03/03/2025,18:08,INV,,5
303975,P:2726,24/03/2025,21:19,INV,,3
303977,P:2726,04/03/2025,15:34,INV,,7
303978,P:2729,21/03/2025,18:57,INV,,9
303979,P:2729,19/03/2025,23:09,INV,,6
303980,P:2732,08/03/2025,21:56,INV,,3
303982,P:2734,16/03/2025,23:13,INV,,8
303983,P:2734,04/03/2025,17:19,INV,,7
303984,P:2734,01/03/2025,18:37,INV,,3
303989,P:2744,14/03/2025,20:41,INV,,13
303990,P:2746,27/03/2025,21:42,INV,,6
303991,P:2747,01/03/2025,21:31,INV,,6
303992,P:2752,17/03/2025,20:35,INV,,14
303993,P:2752,05/03/2025,21:11,INV,,9
303997,P:2759,23/03/2025,17:06,INV,,10
303999,P:2759,22/03/2025,21:02,INV,,5
304004,P:2766,16/03/2025,23:29,INV,,5
304005,P:2766,17/03/2025,17:18,INV,,9
304006,P:2767,06/03/2025,17:41,INV,,5
304007,P:2769,17/03/2025,18:40,INV,,5
304014,P:2781,11/03/2025,20:44,INV,,7
304015,P:2783,10/03/2025,12:12,INV,,3
304019,P:2784,19/03/2025,19:07,INV,,5
304021,P:2790,10/03/2025,22:16,INV,,3
304025,P:2794,11/03/2025,17:09,INV,,15
304026,P:2797,01/03/2025,20:42,INV,,9
304029,P:2809,13/03/2025,22:48,INV,,2
304031,P:1011,02/04/2025,12:59,INV,,5
304035,P:1016,14/04/2025,08:50,INV,,3
304036,P:1017,24/04/2025,10:09,INV,,9
304037,P:1018,02/04/2025,08:30,INV,,7
304039,P:1019,20/04/2025,09:12,INV,,4
304040,P:1019,22/04/2025,08:46,INV,,7
304041,P:1021,14/04/2025,16:29,INV,,9
304043,P:1021,05/04/2025,15:55,INV,,7
304045,P:1024,02/04/2025,09:21,INV,,4
304046,P:1025,20/04/2025,12:02,INV,,7
304047,P:1026,01/04/2025,10:43,INV,,4
304048,P:1026,18/04/2025,11:37,INV,,14
304049,P:1026,17/04/2025,14:52,INV,,3
304051,P:1028,24/04/2025,14:15,INV,,13
304054,P:1036,22/04/2025,13:26,INV,,10
304055,P:1039,22/04/2025,14:04,INV,,4
304057,P:1040,06/04/2025,08:58,INV,,6
304058,P:1049,28/04/2025,10:35,INV,,8
304059,P:1051,28/04/2025,18:49,INV,,7
304061,P:1055,18/04/2025,09:26,INV,,7
304062,P:1056,02/04/2025,14:35,INV,,9
304064,P:1056,05/04/2025,10:22,INV,,9
304065,P:1058,02/04/2025,13:06,INV,,9
304066,P:1058,23/04/2025,13:39,INV,,12
304067,P:1060,12/04/2025,15:37,INV,,6
304075,P:1066,06/04/2025,11:25,INV,,5
9304075,P:1066,06/04/2025,13:25,CR,,2
304076,P:1069,08/04/2025,09:18,INV,,5
304079,P:1074,20/04/2025,14:35,INV,,6
304080,P:1076,02/04/2025,15:49,INV,,10
304081,P:1077,12/04/2025,12:23,INV,,9
304082,P:1079,05/04/2025,16:48,INV,,12
304084,P:1080,08/04/2025,14:43,INV,,9
304086,P:1084,26/04/2025,10:16,INV,,9
304087,P:1086,15/04/2025,08:36,INV,,5
304088,P:1086,26/04/2025,13:08,INV,,8
304091,P:1100,20/04/2025,12:45,INV,,10
304092,P:1102,11/04/2025,11:37,INV,,11
304095,P:1112,06/04/2025,17:44,INV,,6
304096,P:1112,15/04/2025,11:08,INV,,9
304097,P:1112,23/04/2025,11:09,INV,,11
304098,P:1112,19/04/2025,14:16,INV,,2
304099,P:1115,08/04/2025,15:55,INV,,10
304100,P:1115,17/04/2025,08:12,INV,,7
304101,P:1115,15/04/2025,11:31,INV,,8
304102,P:1115,10/04/2025,08:51,INV,,10
304103,P:1117,16/04/2025,11:12,INV,,8
304104,P:1118,28/04/2025,16:48,INV,,13
304105,P:1118,08/04/2025,08:39,INV,,3
304107,P:1144,25/04/2025,12:57,INV,,5
304113,P:1160,06/04/2025,09:16,INV,,8
304115,P:1162,26/04/2025,12:21,INV,,9
304118,P:1171,03/04/2025,14:27,INV,,8
304121,P:1178,26/04/2025,12:47,INV,,11
304122,P:1181,02/04/2025,12:21,INV,,6
304123,P:1189,13/04/2025,12:20,INV,,8
304125,P:1192,05/04/2025,08:12,INV,,4
304126,P:1193,04/04/2025,12:24,INV,,4
304127,P:1199,06/04/2025,09:11,INV,,11
304128,P:1204,18/04/2025,10:44,INV,,2
304130,P:1208,18/04/2025,10:35,INV,,6
304131,P:1211,15/04/2025,10:34,INV,,2
304132,P:1212,05/04/2025,13:10,INV,,4
304133,P:1216,02/04/2025,14:30,INV,,8
304135,P:1220,08/04/2025,10:01,INV,,6
304139,P:1223,06/04/2025,13:22,INV,,4
304141,P:1227,10/04/2025,10:22,INV,,9
304143,P:1228,01/04/2025,13:59,INV,,7
304144,P:1228,18/04/2025,12:11,INV,,6
9304144,P:1228,18/04/2025,14:11,CR,,2
304149,P:1232,28/04/2025,09:41,INV,,10
304151,P:1237,19/04/2025,14:23,INV,,4
304152,P:1237,21/04/2025,08:00,INV,,4
304154,P:1243,07/04/2025,12:09,INV,,4
304159,P:1246,25/04/2025,18:41,INV,,2
304160,P:1248,23/04/2025,12:43,INV,,4
304161,P:1256,21/04/2025,08:30,INV,,3
304162,P:1256,09/04/2025,11:21,INV,,3
9304162,P:1256,09/04/2025,18:21,CR,,2
304163,P:1256,12/04/2025,11:34,INV,,10
304164,P:1257,20/04/2025,13:47,INV,,7
304167,P:1263,24/04/2025,08:10,INV,,6
304168,P:1263,10/04/2025,16:07,INV,,13
304170,P:1267,22/04/2025,10:27,INV,,3
304173,P:1271,16/04/2025,08:44,INV,,12
304176,P:1274,21/04/2025,12:01,INV,,6
304178,P:1275,12/04/2025,14:30,INV,,3
304179,P:1276,01/04/2025,15:57,INV,,8
304186,P:1290,24/04/2025,08:27,INV,,9
304187,P:1294,06/04/2025,15:06,INV,,10
304188,P:1294,14/04/2025,13:32,INV,,9
304189,P:1294,05/04/2025,14:13,INV,,5
304190,P:1294,01/04/2025,12:53,INV,,8
304191,P:1294,16/04/2025,12:31,INV,,9
304195,P:1298,14/04/2025,11:35,INV,,4
304196,P:1298,25/04/2025,11:18,INV,,7
304197,P:1301,20/04/2025,08:45,INV,,8
304198,P:1302,09/04/2025,15:59,INV,,7
304200,P:1305,12/04/2025,10:16,INV,,7
9304200,P:1305,12/04/2025,11:16,CR,,2
304201,P:1305,10/04/2025,13:38,INV,,4
304202,P:1305,01/04/2025,09:00,INV,,7
304203,P:1306,11/04/2025,10:42,INV,,11
9304203,P:1306,11/04/2025,15:42,CR,,2
304205,P:1315,22/04/2025,11:01,INV,,8
304208,P:1317,04/04/2025,11:22,INV,,4
304212,P:1322,14/04/2025,12:47,INV,,15
304213,P:1323,13/04/2025,12:30,INV,,3
304215,P:1324,17/04/2025,10:59,INV,,12
304222,P:1335,24/04/2025,11:33,INV,,10
304224,P:1336,16/04/2025,08:23,INV,,12
304225,P:1336,10/04/2025,11:47,INV,,8
304227,P:1342,25/04/2025,16:45,INV,,7
304228,P:1345,04/04/2025,08:28,INV,,3
304230,P:1346,09/04/2025,08:51,INV,,5
304233,P:1348,02/04/2025,08:11,INV,,4
304234,P:1352,08/04/2025,11:31,INV,,9
304237,P:1362,04/04/2025,12:02,INV,,9
304238,P:1373,13/04/2025,14:52,INV,,8
304239,P:1373,15/04/2025,10:03,INV,,5
304242,P:1374,16/04/2025,14:17,INV,,13
304244,P:1376,23/04/2025,09:27,INV,,3
304246,P:1379,05/04/2025,08:37,INV,,6
304247,P:1380,20/04/2025,08:27,INV,,6
304248,P:1380,09/04/2025,11:16,INV,,3
304253,P:1388,26/04/2025,10:32,INV,,15
304254,P:1391,11/04/2025,09:45,INV,,13
304255,P:1392,26/04/2025,10:44,INV,,4
304257,P:1394,05/04/2025,15:07,INV,,4
304258,P:1394,06/04/2025,09:43,INV,,3
304261,P:1394,06/04/2025,11:00,INV,,8
304262,P:1395,13/04/2025,12:24,INV,,6
304263,P:1395,06/04/2025,14:46,INV,,4
304265,P:1405,23/04/2025,12:44,INV,,11
304266,P:1405,25/04/2025,08:35,INV,,5
304268,P:1410,04/04/2025,16:55,INV,,6
304270,P:1416,20/04/2025,14:56,INV,,4
304272,P:1419,13/04/2025,10:07,INV,,9
304275,P:1431,25/04/2025,11:13,INV,,7
304276,P:1431,14/04/2025,14:23,INV,,4
304277,P:1432,18/04/2025,14:40,INV,,9
304279,P:1433,02/04/2025,08:32,INV,,4
304281,P:1443,06/04/2025,13:59,INV,,11
304283,P:1445,15/04/2025,15:41,INV,,5
304285,P:1446,02/04/2025,13:03,INV,,4
304286,P:1446,27/04/2025,15:31,INV,,11
304287,P:1449,06/04/2025,16:06,INV,,7
304290,P:1451,17/04/2025,10:26,INV,,6
304291,P:1457,10/04/2025,15:53,INV,,6
304293,P:1458,16/04/2025,08:49,INV,,6
304294,P:1458,22/04/2025,08:56,INV,,12
304299,P:1467,24/04/2025,12:30,INV,,4
304303,P:1469,19/04/2025,12:58,INV,,4
304304,P:1469,06/04/2025,12:47,INV,,10
304307,P:1473,26/04/2025,10:01,INV,,5
304310,P:1478,27/04/2025,08:40,INV,,2
304311,P:1478,27/04/2025,15:36,INV,,8
304312,P:1479,03/04/2025,14:28,INV,,3
304313,P:1479,09/04/2025,08:30,INV,,12
304315,P:1483,04/04/2025,08:04,INV,,4
304316,P:1485,09/04/2025,19:24,INV,,6
304319,P:1489,20/04/2025,16:43,INV,,4
304324,P:1500,17/04/2025,10:19,INV,,5
9304324,P:1500,17/04/2025,12:19,CR,,2
304325,P:1513,05/04/2025,08:40,INV,,5
304326,P:1526,07/04/2025,11:25,INV,,6
304331,P:1539,08/04/2025,10:54,INV,,7
304333,P:1543,15/04/2025,13:55,INV,,7
304334,P:1545,10/04/2025,12:49,INV,,4
304335,P:1546,08/04/2025,13:19,INV,,9
304338,P:1558,16/04/2025,15:16,INV,,14
304341,P:1563,28/04/2025,12:46,INV,,11
304342,P:1563,24/04/2025,21:35,INV,,4
304345,P:1565,24/04/2025,14:37,INV,,4
304346,P:1567,10/04/2025,09:27,INV,,9
304347,P:1568,17/04/2025,10:31,INV,,5
304348,P:1569,15/04/2025,12:40,INV,,8
304349,P:1569,25/04/2025,13:52,INV,,12
304350,P:1569,10/04/2025,11:45,INV,,6
304352,P:1571,16/04/2025,12:47,INV,,11
304354,P:1572,25/04/2025,10:39,INV,,7
304355,P:1573,17/04/2025,14:22,INV,,7
304360,P:1585,17/04/2025,14:22,INV,,6
304361,P:1587,20/04/2025,11:04,INV,,5
304362,P:1589,06/04/2025,14:10,INV,,6
304365,P:1599,14/04/2025,11:27,INV,,4
304368,P:1601,07/04/2025,11:09,INV,,13
304370,P:1603,05/04/2025,08:23,INV,,8
304372,P:1604,10/04/2025,18:45,INV,,5
304373,P:1604,15/04/2025,11:48,INV,,6
304375,P:1605,03/04/2025,14:32,INV,,3
304379,P:1607,05/04/2025,11:33,INV,,5
304380,P:1608,08/04/2025,08:01,INV,,3
304381,P:1609,20/04/2025,13:45,INV,,7
304383,P:1610,05/04/2025,13:27,INV,,10
304386,P:1614,03/04/2025,10:44,INV,,2
304387,P:1617,24/04/2025,13:10,INV,,7
304388,P:1617,06/04/2025,16:51,INV,,3
304394,P:1621,22/04/2025,09:36,INV,,15
304395,P:1623,09/04/2025,08:01,INV,,6
304399,P:1629,17/04/2025,11:26,INV,,7
304401,P:1629,02/04/2025,11:03,INV,,4
304403,P:1632,01/04/2025,09:38,INV,,4
304404,P:1635,19/04/2025,12:55,INV,,7
304406,P:1639,16/04/2025,09:06,INV,,7
304407,P:1639,13/04/2025,10:12,INV,,7
304408,P:1640,15/04/2025,11:49,INV,,11
304409,P:1644,04/04/2025,11:36,INV,,8
304410,P:1645,04/04/2025,13:45,INV,,15
304412,P:1648,17/04/2025,16:04,INV,,6
304415,P:1648,19/04/2025,19:22,INV,,4
304416,P:1650,08/04/2025,14:45,INV,,4
304422,P:1660,19/04/2025,13:31,INV,,5
304423,P:1664,19/04/2025,08:42,INV,,11
304424,P:1664,15/04/2025,15:29,INV,,6
304425,P:1664,18/04/2025,14:21,INV,,6
304426,P:1664,10/04/2025,15:32,INV,,10
304430,P:1675,07/04/2025,11:41,INV,,12
304431,P:1676,15/04/2025,09:43,INV,,5
304434,P:1680,04/04/2025,13:40,INV,,5
304436,P:1688,22/04/2025,12:24,INV,,4
304437,P:1696,21/04/2025,12:10,INV,,5
304439,P:1702,19/04/2025,13:16,INV,,4
304440,P:1702,21/04/2025,16:02,INV,,5
304441,P:1708,13/04/2025,14:46,INV,,10
304443,P:1709,28/04/2025,18:13,INV,,4
304444,P:1718,21/04/2025,11:35,INV,,11
304445,P:1719,12/04/2025,17:41,INV,,5
304446,P:1720,09/04/2025,13:51,INV,,9
304448,P:1722,28/04/2025,21:18,INV,,6
304449,P:1722,03/04/2025,15:15,INV,,7
304450,P:1722,21/04/2025,11:09,INV,,6
304454,P:1723,01/04/2025,13:35,INV,,5
304456,P:1731,10/04/2025,08:10,INV,,10
304460,P:1736,15/04/2025,15:59,INV,,8
304461,P:1738,28/04/2025,12:51,INV,,11
304468,P:1750,08/04/2025,15:17,INV,,5
304473,P:1765,26/04/2025,15:55,INV,,3
304474,P:1767,23/04/2025,13:39,INV,,6
304475,P:1767,18/04/2025,12:03,INV,,4
304483,P:1780,24/04/2025,12:17,INV,,13
304484,P:1780,09/04/2025,08:32,INV,,8
304487,P:1789,19/04/2025,10:49,INV,,7
304489,P:1793,14/04/2025,16:39,INV,,8
304490,P:1795,04/04/2025,09:30,INV,,7
304491,P:1795,18/04/2025,08:34,INV,,12
304493,P:1801,08/04/2025,14:10,INV,,4
304494,P:1802,03/04/2025,11:25,INV,,11
304495,P:1809,21/04/2025,13:01,INV,,11
304499,P:1817,06/04/2025,13:29,INV,,5
304501,P:1819,24/04/2025,12:52,INV,,6
304505,P:1827,04/04/2025,12:22,INV,,4
304506,P:1827,12/04/2025,13:31,INV,,3
304508,P:1830,15/04/2025,13:47,INV,,5
304510,P:1832,18/04/2025,19:23,INV,,7
304511,P:1839,19/04/2025,16:14,INV,,6
304514,P:1844,10/04/2025,08:31,INV,,12
304517,P:1851,18/04/2025,11:03,INV,,4
304518,P:1854,22/04/2025,11:17,INV,,2
304522,P:1858,07/04/2025,09:52,INV,,3
304524,P:1860,27/04/2025,12:59,INV,,13
304525,P:1860,28/04/2025,08:24,INV,,8
304526,P:1861,24/04/2025,08:32,INV,,3
304527,P:1862,06/04/2025,11:48,INV,,6
304528,P:1864,18/04/2025,11:47,INV,,9
304530,P:1865,03/04/2025,08:53,INV,,4
304531,P:1865,22/04/2025,14:40,INV,,5
304533,P:1865,13/04/2025,17:19,INV,,5
304534,P:1865,24/04/2025,10:13,INV,,6
304537,P:1868,11/04/2025,08:04,INV,,10
304538,P:1869,06/04/2025,14:50,INV,,8
304542,P:1887,21/04/2025,08:30,INV,,12
304547,P:1900,19/04/2025,13:16,INV,,3
304548,P:1900,17/04/2025,12:22,INV,,5
304549,P:1900,17/04/2025,11:29,INV,,9
304550,P:1903,19/04/2025,12:14,INV,,3
304551,P:1903,05/04/2025,13:48,INV,,4
304553,P:1905,08/04/2025,11:44,INV,,9
304554,P:1906,28/04/2025,16:18,INV,,8
304556,P:1908,22/04/2025,12:44,INV,,4
304557,P:1909,25/04/2025,08:46,INV,,5
304559,P:1914,20/04/2025,12:59,INV,,5
304560,P:1914,12/04/2025,08:28,INV,,10
304564,P:1917,14/04/2025,11:29,INV,,6
304565,P:1917,21/04/2025,15:59,INV,,9
304566,P:1920,06/04/2025,13:39,INV,,8
304567,P:1920,18/04/2025,15:20,INV,,9
304572,P:1929,01/04/2025,08:21,INV,,9
304575,P:1930,04/04/2025,18:39,INV,,8
304578,P:1936,10/04/2025,11:58,INV,,9
304579,P:1936,18/04/2025,17:53,INV,,4
304583,P:1944,27/04/2025,13:02,INV,,4
304584,P:1944,26/04/2025,12:39,INV,,5
304585,P:1945,09/04/2025,12:16,INV,,9
304589,P:1947,13/04/2025,12:56,INV,,4
304590,P:1949,14/04/2025,18:25,INV,,4
304591,P:1949,01/04/2025,09:48,INV,,8
304592,P:1951,01/04/2025,12:14,INV,,5
304593,P:1951,08/04/2025,12:01,INV,,11
304594,P:1961,04/04/2025,12:46,INV,,11
304596,P:1961,26/04/2025,15:12,INV,,7
304598,P:1968,27/04/2025,08:26,INV,,7
304599,P:1975,04/04/2025,13:11,INV,,5
304602,P:1981,20/04/2025,14:21,INV,,3
304604,P:1984,25/04/2025,16:16,INV,,5
304607,P:1988,02/04/2025,08:24,INV,,7
304608,P:1988,13/04/2025,15:51,INV,,3
304610,P:1990,15/04/2025,09:39,INV,,5
304611,P:1990,22/04/2025,12:57,INV,,11
304612,P:1994,03/04/2025,09:07,INV,,8
304613,P:1999,20/04/2025,16:42,INV,,6
304616,P:2013,14/04/2025,08:50,INV,,3
304618,P:2017,22/04/2025,18:59,INV,,3
304621,P:2019,06/04/2025,09:10,INV,,5
304625,P:2026,27/04/2025,09:12,INV,,13
304627,P:2026,05/04/2025,20:28,INV,,7
304628,P:2029,28/04/2025,10:04,INV,,9
304630,P:2030,15/04/2025,12:59,INV,,9
304634,P:2042,05/04/2025,14:21,INV,,8
304635,P:2042,14/04/2025,14:43,INV,,7
304637,P:2046,16/04/2025,14:24,INV,,5
304638,P:2046,20/04/2025,10:22,INV,,5
304639,P:2047,06/04/2025,14:42,INV,,7
304642,P:2053,02/04/2025,10:50,INV,,3
304643,P:2059,20/04/2025,18:58,INV,,4
304645,P:2066,04/04/2025,10:11,INV,,7
304651,P:2077,19/04/2025,12:58,INV,,3
304656,P:2092,19/04/2025,18:10,INV,,4
304657,P:2094,27/04/2025,09:51,INV,,7
304659,P:2094,21/04/2025,11:30,INV,,9
304664,P:2107,16/04/2025,17:46,INV,,5
304665,P:2107,01/04/2025,11:34,INV,,9
304671,P:2117,04/04/2025,08:10,INV,,9
304672,P:2117,19/04/2025,16:11,INV,,4
304673,P:2121,24/04/2025,09:25,INV,,2
304675,P:2123,01/04/2025,17:17,INV,,9
304677,P:2128,15/04/2025,13:37,INV,,8
304679,P:2134,04/04/2025,10:30,INV,,15
304680,P:2138,26/04/2025,09:34,INV,,6
304682,P:2143,15/04/2025,13:54,INV,,6
304683,P:2144,22/04/2025,09:16,INV,,7
304684,P:2144,03/04/2025,10:19,INV,,6
304687,P:2146,19/04/2025,11:58,INV,,5
304693,P:2157,21/04/2025,10:57,INV,,7
304694,P:2158,28/04/2025,13:20,INV,,6
304695,P:2159,28/04/2025,11:00,INV,,7
304696,P:2159,21/04/2025,15:22,INV,,4
304701,P:2169,14/04/2025,09:20,INV,,6
304702,P:2175,02/04/2025,14:05,INV,,8
304710,P:2187,23/04/2025,10:47,INV,,5
304711,P:2189,22/04/2025,11:01,INV,,4
304715,P:2200,22/04/2025,08:51,INV,,15
304717,P:2201,08/04/2025,12:23,INV,,5
304718,P:2209,07/04/2025,13:50,INV,,8
304719,P:2209,11/04/2025,09:24,INV,,9
304720,P:2210,09/04/2025,10:58,INV,,7
304721,P:2212,24/04/2025,11:47,INV,,12
304722,P:2214,02/04/2025,08:02,INV,,12
304723,P:2214,04/04/2025,13:41,INV,,15
304729,P:2223,01/04/2025,11:36,INV,,4
304730,P:2224,25/04/2025,08:36,INV,,9
304733,P:2229,20/04/2025,09:49,INV,,10
304735,P:2231,02/04/2025,10:31,INV,,12
304739,P:2235,09/04/2025,08:34,INV,,3
304743,P:2237,18/04/2025,16:03,INV,,7
304747,P:2247,08/04/2025,12:37,INV,,8
304753,P:2250,21/04/2025,10:32,INV,,7
304756,P:2266,10/04/2025,08:27,INV,,3
304758,P:2268,20/04/2025,18:56,INV,,2
304759,P:2270,20/04/2025,08:00,INV,,4
304760,P:2272,28/04/2025,16:52,INV,,4
304761,P:2272,02/04/2025,16:20,INV,,2
304762,P:2272,08/04/2025,13:30,INV,,8
304765,P:2276,06/04/2025,18:41,INV,,4
304766,P:2279,28/04/2025,13:13,INV,,8
304768,P:2279,19/04/2025,08:36,INV,,4
304770,P:2289,14/04/2025,08:33,INV,,7
304773,P:2292,28/04/2025,15:00,INV,,12
304776,P:2300,09/04/2025,10:27,INV,,8
304778,P:2303,03/04/2025,12:23,INV,,7
304779,P:2308,27/04/2025,10:42,INV,,9
304782,P:2316,06/04/2025,14:26,INV,,5
304786,P:2322,23/04/2025,11:54,INV,,10
9304786,P:2322,23/04/2025,18:54,CR,,2
304791,P:2332,26/04/2025,09:49,INV,,7
304793,P:2334,18/04/2025,10:42,INV,,9
304795,P:2334,02/04/2025,10:15,INV,,4
304799,P:2346,18/04/2025,13:24,INV,,4
304800,P:2351,16/04/2025,08:45,INV,,5
304805,P:2362,04/04/2025,15:35,INV,,3
304806,P:2362,16/04/2025,11:42,INV,,6
304809,P:2368,12/04/2025,11:34,INV,,7
304811,P:2372,20/04/2025,18:44,INV,,7
304813,P:2373,13/04/2025,11:09,INV,,14
304815,P:2379,02/04/2025,11:42,INV,,5
304819,P:2396,03/04/2025,09:46,INV,,6
304823,P:2400,17/04/2025,09:44,INV,,5
304824,P:2401,03/04/2025,08:14,INV,,4
304825,P:2401,04/04/2025,12:13,INV,,10
304826,P:2402,05/04/2025,11:55,INV,,6
304828,P:2405,16/04/2025,13:06,INV,,3
304830,P:2410,10/04/2025,15:54,INV,,7
304831,P:2412,19/04/2025,15:05,INV,,7
304834,P:2414,03/04/2025,08:45,INV,,4
304835,P:2414,08/04/2025,15:02,INV,,7
304839,P:2419,16/04/2025,08:05,INV,,12
304841,P:2420,08/04/2025,11:38,INV,,7
304844,P:2421,01/04/2025,14:25,INV,,6
304846,P:2427,16/04/2025,13:45,INV,,10
304849,P:2439,01/04/2025,11:23,INV,,4
304851,P:2441,03/04/2025,11:34,INV,,6
304853,P:2442,04/04/2025,10:03,INV,,5
304854,P:2442,09/04/2025,08:33,INV,,3
304856,P:2444,16/04/2025,14:20,INV,,6
304857,P:2453,11/04/2025,16:57,INV,,7
304859,P:2457,25/04/2025,10:01,INV,,6
304860,P:2461,13/04/2025,19:07,INV,,6
304861,P:2462,11/04/2025,11:39,INV,,13
304864,P:2474,21/04/2025,09:56,INV,,2
304866,P:2477,02/04/2025,13:54,INV,,4
304868,P:2478,09/04/2025,11:25,INV,,6
304869,P:2481,28/04/2025,13:13,INV,,4
304870,P:2482,11/04/2025,08:42,INV,,6
304874,P:2498,04/04/2025,21:45,INV,,5
304875,P:2500,12/04/2025,15:29,INV,,9
304876,P:2504,05/04/2025,13:35,INV,,5
304877,P:2504,10/04/2025,14:24,INV,,3
304878,P:2506,24/04/2025,12:15,INV,,6
304880,P:2507,27/04/2025,15:26,INV,,5
304881,P:2508,07/04/2025,08:53,INV,,9
304882,P:2515,01/04/2025,14:15,INV,,11
304883,P:2516,13/04/2025,10:38,INV,,8
304886,P:2520,04/04/2025,12:50,INV,,11
304887,P:2520,02/04/2025,14:04,INV,,4
304890,P:2524,13/04/2025,15:46,INV,,2
304891,P:2524,20/04/2025,16:50,INV,,5
304893,P:2525,07/04/2025,15:58,INV,,4
304895,P:2526,26/04/2025,15:07,INV,,11
304900,P:2542,03/04/2025,16:07,INV,,7
304903,P:2554,17/04/2025,08:34,INV,,5
304904,P:2555,27/04/2025,09:11,INV,,11
304906,P:2560,25/04/2025,09:56,INV,,4
304907,P:2560,03/04/2025,11:46,INV,,6
304908,P:2562,12/04/2025,11:59,INV,,6
304911,P:2566,15/04/2025,12:04,INV,,12
304912,P:2566,15/04/2025,14:19,INV,,6
304916,P:2572,08/04/2025,21:42,INV,,6
304917,P:2575,02/04/2025,08:07,INV,,6
304919,P:2579,10/04/2025,12:45,INV,,4
304920,P:2579,04/04/2025,10:55,INV,,4
304921,P:2579,04/04/2025,16:49,INV,,7
304922,P:2580,27/04/2025,08:29,INV,,9
304923,P:2582,05/04/2025,08:33,INV,,3
304924,P:2585,13/04/2025,17:28,INV,,4
304925,P:2585,03/04/2025,14:35,INV,,7
304928,P:2588,15/04/2025,18:03,INV,,7
304935,P:2614,24/04/2025,11:30,INV,,9
304936,P:2614,14/04/2025,09:51,INV,,4
304938,P:2616,02/04/2025,12:53,INV,,15
304939,P:2620,01/04/2025,12:20,INV,,4
304941,P:2624,27/04/2025,14:37,INV,,7
304942,P:2625,15/04/2025,13:38,INV,,8
304948,P:2628,09/04/2025,08:47,INV,,8
304953,P:2641,06/04/2025,10:41,INV,,4
304954,P:2641,18/04/2025,08:39,INV,,5
304955,P:2641,07/04/2025,08:39,INV,,7
304957,P:2645,18/04/2025,11:00,INV,,5
304960,P:2654,22/04/2025,09:41,INV,,4
304961,P:2654,21/04/2025,15:57,INV,,5
304963,P:2654,10/04/2025,13:35,INV,,8
304964,P:2656,17/04/2025,09:48,INV,,8
304966,P:2657,17/04/2025,12:41,INV,,2
304968,P:2662,09/04/2025,16:09,INV,,9
304970,P:2668,20/04/2025,11:16,INV,,11
304973,P:2671,27/04/2025,09:49,INV,,5
304975,P:2675,02/04/2025,13:36,INV,,5
304976,P:2677,19/04/2025,11:23,INV,,10
304978,P:2679,15/04/2025,14:13,INV,,9
304980,P:2682,03/04/2025,19:13,INV,,9
304981,P:2683,13/04/2025,15:55,INV,,6
304989,P:2698,16/04/2025,09:05,INV,,12
304991,P:2698,06/04/2025,14:36,INV,,5
304995,P:2700,24/04/2025,15:58,INV,,6
304997,P:2706,09/04/2025,12:39,INV,,4
304998,P:2707,06/04/2025,08:36,INV,,12
304999,P:2709,14/04/2025,11:55,INV,,13
305001,P:2711,13/04/2025,11:11,INV,,6
305002,P:2714,18/04/2025,18:39,INV,,7
305003,P:2714,11/04/2025,10:24,INV,,5
305004,P:2716,18/04/2025,13:58,INV,,6
305007,P:2720,15/04/2025,08:29,INV,,7
305009,P:2722,03/04/2025,13:41,INV,,6
305010,P:2725,02/04/2025,16:11,INV,,7
305011,P:2726,17/04/2025,08:37,INV,,4
305013,P:2728,24/04/2025,15:07,INV,,15
305014,P:2729,03/04/2025,10:10,INV,,5
305015,P:2729,08/04/2025,13:45,INV,,3
305016,P:2732,12/04/2025,11:56,INV,,7
305022,P:2742,28/04/2025,13:07,INV,,5
305024,P:2742,13/04/2025,11:13,INV,,10
305026,P:2747,18/04/2025,12:35,INV,,5
305028,P:2747,04/04/2025,12:23,INV,,3
305030,P:2752,16/04/2025,12:29,INV,,12
305032,P:2752,15/04/2025,14:19,INV,,8
9305032,P:2752,15/04/2025,21:19,CR,,2
305033,P:2752,28/04/2025,10:10,INV,,8
305034,P:2754,27/04/2025,09:11,INV,,5
305036,P:2758,07/04/2025,13:50,INV,,7
305038,P:2758,06/04/2025,13:51,INV,,7
305041,P:2761,25/04/2025,15:29,INV,,8
305043,P:2766,10/04/2025,09:18,INV,,6
305045,P:2766,25/04/2025,15:32,INV,,8
305047,P:2772,24/04/2025,16:53,INV,,6
305048,P:2772,20/04/2025,14:36,INV,,10
305050,P:2781,13/04/2025,10:41,INV,,8
305052,P:2781,22/04/2025,13:47,INV,,10
305053,P:2782,23/04/2025,09:28,INV,,7
305056,P:2784,27/04/2025,12:12,INV,,7
305057,P:2784,16/04/2025,08:59,INV,,11
305059,P:2787,25/04/2025,11:21,INV,,4
305061,P:2787,14/04/2025,08:00,INV,,5
305063,P:2790,24/04/2025,09:31,INV,,9
305065,P:2791,09/04/2025,11:14,INV,,10
305066,P:2797,10/04/2025,18:05,INV,,8
305069,P:2805,04/04/2025,11:04,INV,,8
305071,P:2809,27/04/2025,12:10,INV,,5
305072,P:2816,10/04/2025,12:30,INV,,10
305073,P:2816,03/04/2025,11:22,INV,,9
305075,P:1001,18/05/2025,11:36,INV,,15
305076,P:1001,27/05/2025,11:49,INV,,7
305077,P:1001,10/05/2025,14:44,INV,,9
305078,P:1002,03/05/2025,08:27,INV,,6
305080,P:1003,09/05/2025,10:51,INV,,3
305082,P:1006,05/05/2025,17:50,INV,,9
305085,P:1011,23/05/2025,11:06,INV,,3
305088,P:1013,13/05/2025,10:09,INV,,4
305092,P:1017,27/05/2025,12:51,INV,,7
305095,P:1022,02/05/2025,20:54,INV,,5
305096,P:1023,14/05/2025,12:44,INV,,13
305097,P:1024,16/05/2025,13:39,INV,,3
305100,P:1026,18/05/2025,12:37,INV,,11
305102,P:1027,06/05/2025,14:41,INV,,2
305103,P:1028,11/05/2025,10:02,INV,,8
305105,P:1029,22/05/2025,15:44,INV,,7
305106,P:1035,27/05/2025,12:22,INV,,9
305107,P:1035,23/05/2025,16:36,INV,,9
305109,P:1038,02/05/2025,12:53,INV,,10
305111,P:1039,27/05/2025,12:11,INV,,3
305116,P:1042,24/05/2025,11:37,INV,,11
305117,P:1043,20/05/2025,13:36,INV,,3
305118,P:1043,26/05/2025,08:00,INV,,5
305120,P:1046,24/05/2025,16:38,INV,,8
305122,P:1051,06/05/2025,13:52,INV,,9
305124,P:1056,13/05/2025,10:52,INV,,13
305125,P:1060,28/05/2025,12:41,INV,,11
305128,P:1063,21/05/2025,13:38,INV,,12
305130,P:1064,26/05/2025,08:28,INV,,15
305131,P:1065,03/05/2025,13:37,INV,,5
305133,P:1067,03/05/2025,14:49,INV,,6
305134,P:1067,25/05/2025,12:44,INV,,7
305135,P:1082,04/05/2025,10:16,INV,,8
305136,P:1083,17/05/2025,09:21,INV,,5
305138,P:1083,06/05/2025,13:17,INV,,9
305140,P:1087,09/05/2025,14:58,INV,,6
305143,P:1093,21/05/2025,14:40,INV,,4
305147,P:1097,19/05/2025,12:11,INV,,7
305148,P:1100,14/05/2025,10:14,INV,,15
305150,P:1105,18/05/2025,11:46,INV,,12
305151,P:1105,16/05/2025,14:23,INV,,4
305152,P:1109,16/05/2025,12:40,INV,,14
305153,P:1111,09/05/2025,08:42,INV,,5
305154,P:1111,28/05/2025,10:47,INV,,6
305158,P:1119,18/05/2025,17:22,INV,,3
305160,P:1126,07/05/2025,11:03,INV,,2
305165,P:1131,15/05/2025,09:09,INV,,10
305167,P:1135,07/05/2025,16:10,INV,,10
305169,P:1144,17/05/2025,08:47,INV,,12
305170,P:1144,18/05/2025,11:00,INV,,4
305172,P:1145,06/05/2025,08:43,INV,,7
305173,P:1148,08/05/2025,09:10,INV,,7
305176,P:1154,04/05/2025,16:39,INV,,3
305177,P:1157,19/05/2025,13:37,INV,,6
305182,P:1166,06/05/2025,14:19,INV,,5
305185,P:1169,13/05/2025,13:49,INV,,7
305187,P:1171,11/05/2025,14:15,INV,,4
305191,P:1178,20/05/2025,12:48,INV,,5
305192,P:1178,15/05/2025,13:24,INV,,13
305200,P:1192,27/05/2025,10:47,INV,,7
305202,P:1193,20/05/2025,10:25,INV,,9
305203,P:1200,02/05/2025,14:32,INV,,3
305204,P:1201,14/05/2025,08:28,INV,,3
9305204,P:1201,14/05/2025,12:28,CR,,2
305205,P:1201,20/05/2025,12:58,INV,,12
305206,P:1203,22/05/2025,08:00,INV,,2
305207,P:1204,06/05/2025,15:26,INV,,9
305208,P:1204,09/05/2025,14:05,INV,,7
305209,P:1204,01/05/2025,17:57,INV,,7
305211,P:1208,21/05/2025,12:06,INV,,7
305213,P:1213,28/05/2025,15:18,INV,,8
305214,P:1213,21/05/2025,11:57,INV,,7
305216,P:1222,27/05/2025,09:31,INV,,6
305219,P:1224,03/05/2025,13:19,INV,,15
305220,P:1225,06/05/2025,12:22,INV,,8
305221,P:1225,05/05/2025,09:09,INV,,11
305222,P:1226,12/05/2025,11:02,INV,,6
305224,P:1228,07/05/2025,15:57,INV,,4
305228,P:1230,02/05/2025,08:06,INV,,4
305229,P:1232,15/05/2025,16:22,INV,,7
305230,P:1233,05/05/2025,11:25,INV,,13
305232,P:1239,13/05/2025,12:23,INV,,7
305233,P:1239,12/05/2025,12:18,INV,,4
305236,P:1244,21/05/2025,13:36,INV,,15
305237,P:1245,27/05/2025,16:11,INV,,5
305238,P:1249,10/05/2025,14:44,INV,,6
305239,P:1260,23/05/2025,13:39,INV,,3
305240,P:1260,18/05/2025,16:16,INV,,6
305242,P:1262,23/05/2025,11:16,INV,,5
305243,P:1262,13/05/2025,13:05,INV,,10
305247,P:1263,05/05/2025,10:44,INV,,6
305248,P:1265,14/05/2025,08:50,INV,,6
305251,P:1267,06/05/2025,18:25,INV,,13
305252,P:1268,16/05/2025,13:45,INV,,8
305253,P:1271,24/05/2025,12:36,INV,,6
305254,P:1271,12/05/2025,15:14,INV,,2
305255,P:1271,11/05/2025,12:40,INV,,15
305261,P:1284,13/05/2025,13:34,INV,,8
305263,P:1287,14/05/2025,13:26,INV,,6
305264,P:1288,02/05/2025,12:53,INV,,7
305266,P:1289,21/05/2025,16:52,INV,,8
305267,P:1290,01/05/2025,08:00,INV,,3
305268,P:1290,22/05/2025,09:18,INV,,2
305269,P:1293,05/05/2025,11:40,INV,,7
305272,P:1296,07/05/2025,11:22,INV,,9
305273,P:1296,25/05/2025,11:01,INV,,8
305274,P:1297,25/05/2025,08:54,INV,,5
305276,P:1297,12/05/2025,16:31,INV,,13
305277,P:1298,26/05/2025,08:46,INV,,12
305280,P:1305,13/05/2025,08:45,INV,,5
305286,P:1315,25/05/2025,12:23,INV,,7
305289,P:1322,18/05/2025,08:05,INV,,2
305290,P:1322,11/05/2025,11:53,INV,,10
305293,P:1324,16/05/2025,12:56,INV,,10
305295,P:1335,20/05/2025,12:26,INV,,9
305297,P:1337,04/05/2025,08:14,INV,,3
305304,P:1346,02/05/2025,11:00,INV,,10
305305,P:1346,26/05/2025,13:38,INV,,4
305306,P:1346,05/05/2025,09:45,INV,,11
305309,P:1351,24/05/2025,09:12,INV,,3
305310,P:1351,02/05/2025,15:34,INV,,3
305311,P:1351,08/05/2025,16:56,INV,,10
305313,P:1368,20/05/2025,12:03,INV,,5
305314,P:1371,02/05/2025,10:39,INV,,5
305315,P:1373,26/05/2025,16:27,INV,,6
305317,P:1374,13/05/2025,11:25,INV,,4
305318,P:1374,09/05/2025,09:52,INV,,8
305319,P:1377,20/05/2025,18:49,INV,,5
305320,P:1379,22/05/2025,13:18,INV,,9
305323,P:1383,20/05/2025,09:12,INV,,8
305326,P:1386,25/05/2025,10:40,INV,,9
305330,P:1394,20/05/2025,17:15,INV,,4
305333,P:1407,13/05/2025,16:53,INV,,6
305334,P:1407,28/05/2025,12:27,INV,,9
305335,P:1411,04/05/2025,14:07,INV,,5
305337,P:1416,24/05/2025,10:37,INV,,9
305340,P:1419,12/05/2025,08:27,INV,,7
305342,P:1425,03/05/2025,08:10,INV,,5
305343,P:1426,10/05/2025,11:23,INV,,3
305344,P:1426,04/05/2025,14:28,INV,,7
305345,P:1427,12/05/2025,13:41,INV,,4
305346,P:1428,03/05/2025,09:48,INV,,15
305347,P:1429,19/05/2025,14:28,INV,,9
305350,P:1431,12/05/2025,13:38,INV,,4
305351,P:1433,28/05/2025,15:34,INV,,5
305357,P:1447,22/05/2025,14:23,INV,,6
305358,P:1448,17/05/2025,12:07,INV,,9
305359,P:1448,05/05/2025,12:11,INV,,7
305363,P:1453,14/05/2025,12:51,INV,,11
305365,P:1454,16/05/2025,08:09,INV,,15
305366,P:1454,19/05/2025,11:10,INV,,4
305367,P:1454,07/05/2025,14:52,INV,,6
305371,P:1467,08/05/2025,08:40,INV,,9
305372,P:1467,27/05/2025,13:59,INV,,3
305373,P:1468,09/05/2025,08:07,INV,,13
305374,P:1470,20/05/2025,08:31,INV,,9
305375,P:1471,05/05/2025,13:41,INV,,7
305379,P:1477,15/05/2025,13:22,INV,,5
305380,P:1477,10/05/2025,11:18,INV,,7
305383,P:1478,08/05/2025,13:41,INV,,3
305385,P:1478,11/05/2025,15:11,INV,,6
305387,P:1479,19/05/2025,13:41,INV,,9
305388,P:1481,27/05/2025,10:51,INV,,15
305390,P:1482,25/05/2025,08:56,INV,,6
305391,P:1490,10/05/2025,10:23,INV,,8
305393,P:1492,15/05/2025,09:45,INV,,2
305394,P:1495,16/05/2025,14:38,INV,,8
305395,P:1495,18/05/2025,12:00,INV,,9
305400,P:1505,08/05/2025,14:11,INV,,7
305403,P:1524,04/05/2025,10:58,INV,,5
305404,P:1529,19/05/2025,08:47,INV,,14
305407,P:1534,14/05/2025,08:03,INV,,3
305410,P:1538,27/05/2025,18:48,INV,,3
305413,P:1540,24/05/2025,14:50,INV,,9
305414,P:1547,21/05/2025,14:00,INV,,6
305415,P:1548,26/05/2025,14:37,INV,,7
305417,P:1548,19/05/2025,13:17,INV,,6
305418,P:1548,25/05/2025,09:57,INV,,12
305419,P:1549,06/05/2025,08:57,INV,,7
305423,P:1554,26/05/2025,12:37,INV,,5
305425,P:1558,07/05/2025,10:03,INV,,13
305426,P:1558,12/05/2025,12:50,INV,,10
305427,P:1558,13/05/2025,08:07,INV,,14
305428,P:1558,16/05/2025,18:06,INV,,7
305432,P:1563,11/05/2025,13:54,INV,,2
305433,P:1565,08/05/2025,10:24,INV,,2
305434,P:1571,22/05/2025,13:13,INV,,8
305436,P:1571,04/05/2025,11:04,INV,,7
305437,P:1572,13/05/2025,14:24,INV,,11
9305437,P:1572,13/05/2025,17:24,CR,,2
305439,P:1573,15/05/2025,11:09,INV,,9
305443,P:1584,01/05/2025,14:30,INV,,2
305445,P:1587,12/05/2025,15:19,INV,,9
305446,P:1587,27/05/2025,13:26,INV,,4
305450,P:1593,22/05/2025,12:51,INV,,5
305452,P:1596,17/05/2025,09:36,INV,,5
305455,P:1599,06/05/2025,11:09,INV,,8
305456,P:1599,19/05/2025,14:32,INV,,8
305459,P:1601,20/05/2025,17:12,INV,,4
305460,P:1605,25/05/2025,12:53,INV,,5
305462,P:1605,16/05/2025,12:07,INV,,8
305463,P:1605,19/05/2025,14:44,INV,,3
305467,P:1610,25/05/2025,17:48,INV,,13
305469,P:1613,05/05/2025,14:15,INV,,5
305470,P:1613,19/05/2025,15:27,INV,,8
305471,P:1614,11/05/2025,15:49,INV,,6
305473,P:1616,08/05/2025,18:56,INV,,9
305477,P:1621,07/05/2025,14:19,INV,,10
9305477,P:1621,07/05/2025,17:19,CR,,2
305478,P:1625,07/05/2025,08:29,INV,,8
305481,P:1629,02/05/2025,14:23,INV,,12
305482,P:1631,10/05/2025,14:48,INV,,9
305484,P:1632,15/05/2025,12:52,INV,,5
305485,P:1632,15/05/2025,15:51,INV,,9
305493,P:1645,13/05/2025,12:02,INV,,3
305495,P:1655,11/05/2025,12:55,INV,,6
305497,P:1664,27/05/2025,13:32,INV,,6
305499,P:1664,07/05/2025,09:32,INV,,6
305500,P:1664,28/05/2025,12:57,INV,,7
305501,P:1665,05/05/2025,09:53,INV,,6
305502,P:1668,09/05/2025,15:30,INV,,5
305505,P:1671,18/05/2025,08:33,INV,,7
305507,P:1672,20/05/2025,17:34,INV,,7
305508,P:1673,17/05/2025,11:56,INV,,8
305510,P:1673,25/05/2025,12:43,INV,,7
305511,P:1675,15/05/2025,08:12,INV,,7
305513,P:1676,13/05/2025,16:24,INV,,7
305515,P:1677,22/05/2025,16:20,INV,,9
305516,P:1680,23/05/2025,13:20,INV,,5
305517,P:1680,11/05/2025,09:49,INV,,12
305518,P:1683,24/05/2025,18:28,INV,,8
305519,P:1689,09/05/2025,14:50,INV,,7
305520,P:1690,13/05/2025,08:31,INV,,9
305521,P:1696,13/05/2025,13:21,INV,,12
305522,P:1696,07/05/2025,17:56,INV,,8
305524,P:1698,24/05/2025,11:11,INV,,6
305525,P:1698,10/05/2025,12:12,INV,,7
305526,P:1699,28/05/2025,18:52,INV,,8
305530,P:1704,18/05/2025,14:40,INV,,7
305534,P:1706,25/05/2025,12:19,INV,,3
305535,P:1707,17/05/2025,13:01,INV,,9
305536,P:1707,02/05/2025,10:54,INV,,9
305537,P:1708,15/05/2025,10:57,INV,,6
305538,P:1708,20/05/2025,15:20,INV,,8
305539,P:1708,15/05/2025,09:24,INV,,11
305542,P:1719,01/05/2025,12:10,INV,,3
305543,P:1723,15/05/2025,14:01,INV,,7
305547,P:1726,13/05/2025,14:55,INV,,7
305548,P:1726,25/05/2025,08:23,INV,,8
305549,P:1728,24/05/2025,09:03,INV,,6
305552,P:1733,18/05/2025,17:08,INV,,10
305555,P:1746,13/05/2025,14:32,INV,,2
305557,P:1750,21/05/2025,15:51,INV,,9
305558,P:1750,20/05/2025,14:16,INV,,7
305559,P:1750,02/05/2025,12:25,INV,,6
305560,P:1753,23/05/2025,14:46,INV,,8
305562,P:1754,12/05/2025,17:39,INV,,4
305563,P:1755,14/05/2025,15:41,INV,,6
305565,P:1756,14/05/2025,15:27,INV,,4
305568,P:1758,09/05/2025,18:38,INV,,7
305570,P:1764,28/05/2025,14:32,INV,,11
305571,P:1765,09/05/2025,17:56,INV,,4
305576,P:1776,01/05/2025,11:02,INV,,7
305577,P:1778,01/05/2025,08:10,INV,,2
305581,P:1778,16/05/2025,08:43,INV,,3
305582,P:1778,23/05/2025,12:31,INV,,3
305584,P:1780,23/05/2025,15:44,INV,,13
305586,P:1781,08/05/2025,10:13,INV,,9
305587,P:1784,13/05/2025,12:46,INV,,3
305588,P:1784,26/05/2025,11:42,INV,,15
305591,P:1793,17/05/2025,13:26,INV,,7
305593,P:1800,21/05/2025,11:37,INV,,5
305595,P:1804,01/05/2025,08:57,INV,,6
305596,P:1806,17/05/2025,14:16,INV,,15
305598,P:1810,23/05/2025,10:38,INV,,9
305599,P:1819,01/05/2025,13:47,INV,,7
305600,P:1820,26/05/2025,12:18,INV,,6
305601,P:1820,22/05/2025,13:43,INV,,13
305604,P:1821,14/05/2025,09:07,INV,,10
305606,P:1825,20/05/2025,17:35,INV,,4
305609,P:1837,18/05/2025,11:15,INV,,5
305614,P:1844,17/05/2025,11:25,INV,,4
305615,P:1844,23/05/2025,10:15,INV,,7
305616,P:1846,11/05/2025,11:30,INV,,3
305617,P:1847,07/05/2025,14:23,INV,,10
305618,P:1851,23/05/2025,09:33,INV,,12
9305618,P:1851,23/05/2025,10:33,CR,,2
305619,P:1854,02/05/2025,15:39,INV,,4
305622,P:1861,23/05/2025,17:10,INV,,6
305624,P:1862,19/05/2025,18:35,INV,,2
305629,P:1865,09/05/2025,12:36,INV,,7
305634,P:1869,25/05/2025,11:41,INV,,5
305635,P:1871,19/05/2025,12:58,INV,,4
9305635,P:1871,19/05/2025,13:58,CR,,2
305638,P:1872,14/05/2025,08:58,INV,,4
305641,P:1879,10/05/2025,13:47,INV,,5
305642,P:1879,07/05/2025,10:30,INV,,5
305644,P:1882,09/05/2025,10:06,INV,,8
305645,P:1882,13/05/2025,10:37,INV,,14
305646,P:1887,04/05/2025,11:44,INV,,10
305647,P:1888,20/05/2025,09:14,INV,,6
305655,P:1896,20/05/2025,11:07,INV,,10
305656,P:1896,20/05/2025,13:02,INV,,5
305657,P:1896,18/05/2025,12:24,INV,,11
305661,P:1901,18/05/2025,10:30,INV,,11
305663,P:1902,17/05/2025,08:42,INV,,5
305664,P:1904,06/05/2025,16:33,INV,,3
305665,P:1904,27/05/2025,13:39,INV,,8
305669,P:1911,03/05/2025,13:49,INV,,10
305670,P:1918,24/05/2025,13:41,INV,,10
305671,P:1918,17/05/2025,17:04,INV,,9
305676,P:1925,21/05/2025,10:57,INV,,6
305677,P:1926,04/05/2025,17:41,INV,,7
305681,P:1930,19/05/2025,08:33,INV,,2
305683,P:1931,02/05/2025,13:46,INV,,8
305684,P:1934,02/05/2025,12:30,INV,,5
305686,P:1936,04/05/2025,12:19,INV,,8
305687,P:1938,23/05/2025,10:42,INV,,6
305690,P:1938,17/05/2025,10:57,INV,,15
305696,P:1946,18/05/2025,13:26,INV,,7
305697,P:1947,06/05/2025,16:39,INV,,9
305698,P:1948,20/05/2025,14:46,INV,,6
305700,P:1950,15/05/2025,12:14,INV,,7
305701,P:1951,23/05/2025,11:39,INV,,9
305702,P:1953,19/05/2025,16:09,INV,,4
305703,P:1953,07/05/2025,11:00,INV,,3
305706,P:1960,28/05/2025,18:15,INV,,15
305712,P:1961,12/05/2025,12:23,INV,,14
305713,P:1962,19/05/2025,10:01,INV,,8
305714,P:1962,25/05/2025,14:42,INV,,6
305716,P:1963,13/05/2025,13:32,INV,,11
305717,P:1965,15/05/2025,13:32,INV,,12
305719,P:1970,19/05/2025,08:10,INV,,14
305722,P:1980,11/05/2025,09:03,INV,,5
305726,P:1987,26/05/2025,13:48,INV,,12
305727,P:1987,26/05/2025,09:24,INV,,8
305731,P:1989,24/05/2025,15:07,INV,,4
305734,P:1991,23/05/2025,09:20,INV,,10
305737,P:1993,24/05/2025,18:06,INV,,4
305738,P:1998,22/05/2025,17:11,INV,,9
305739,P:1999,16/05/2025,13:26,INV,,4
305740,P:2000,20/05/2025,11:13,INV,,6
305742,P:2002,24/05/2025,15:21,INV,,8
305745,P:2010,17/05/2025,10:59,INV,,3
305746,P:2010,03/05/2025,09:34,INV,,7
305749,P:2017,24/05/2025,13:04,INV,,8
305755,P:2020,08/05/2025,12:29,INV,,5
305756,P:2023,13/05/2025,16:20,INV,,4
305759,P:2029,26/05/2025,14:41,INV,,4
305762,P:2029,16/05/2025,10:48,INV,,7
305763,P:2030,17/05/2025,14:54,INV,,8
305765,P:2032,21/05/2025,14:41,INV,,14
305767,P:2034,08/05/2025,13:45,INV,,7
305768,P:2036,22/05/2025,14:01,INV,,5
305769,P:2039,22/05/2025,13:05,INV,,6
305770,P:2042,22/05/2025,11:42,INV,,15
305772,P:2043,23/05/2025,11:44,INV,,7
305773,P:2044,11/05/2025,13:29,INV,,15
305774,P:2044,23/05/2025,14:33,INV,,8
305776,P:2046,09/05/2025,11:56,INV,,3
305777,P:2047,21/05/2025,08:32,INV,,5
305778,P:2050,23/05/2025,15:18,INV,,7
305779,P:2050,05/05/2025,12:37,INV,,6
305780,P:2050,20/05/2025,11:34,INV,,12
305781,P:2052,05/05/2025,08:46,INV,,11
305782,P:2053,01/05/2025,11:58,INV,,4
305786,P:2062,03/05/2025,12:44,INV,,7
305787,P:2062,16/05/2025,12:47,INV,,15
305791,P:2066,22/05/2025,12:12,INV,,2
305792,P:2068,27/05/2025,15:39,INV,,8
305793,P:2068,11/05/2025,11:01,INV,,8
305795,P:2070,09/05/2025,11:29,INV,,7
305798,P:2076,22/05/2025,11:24,INV,,3
305801,P:2080,14/05/2025,15:01,INV,,5
305802,P:2080,14/05/2025,14:40,INV,,3
305804,P:2087,23/05/2025,09:05,INV,,5
305806,P:2091,11/05/2025,08:01,INV,,14
305807,P:2092,15/05/2025,08:33,INV,,4
305808,P:2094,03/05/2025,13:15,INV,,5
305811,P:2096,26/05/2025,08:55,INV,,8
305812,P:2099,03/05/2025,10:16,INV,,3
305814,P:2101,28/05/2025,12:31,INV,,8
305815,P:2101,27/05/2025,08:45,INV,,11
305816,P:2101,03/05/2025,08:34,INV,,4
305819,P:2110,15/05/2025,10:31,INV,,11
305822,P:2112,01/05/2025,10:22,INV,,8
305824,P:2113,02/05/2025,09:08,INV,,3
305826,P:2116,24/05/2025,13:19,INV,,5
305835,P:2133,01/05/2025,13:31,INV,,5
305836,P:2133,27/05/2025,15:37,INV,,5
305837,P:2151,16/05/2025,12:41,INV,,7
305838,P:2158,27/05/2025,13:35,INV,,9
305839,P:2159,20/05/2025,16:28,INV,,4
305841,P:2162,06/05/2025,09:19,INV,,8
305843,P:2167,12/05/2025,16:38,INV,,4
305845,P:2169,21/05/2025,11:20,INV,,8
305846,P:2169,05/05/2025,10:55,INV,,6
305848,P:2177,23/05/2025,12:50,INV,,8
305849,P:2180,17/05/2025,11:06,INV,,6
305850,P:2180,19/05/2025,14:28,INV,,8
305853,P:2180,07/05/2025,12:05,INV,,15
305857,P:2183,25/05/2025,15:18,INV,,7
305858,P:2184,25/05/2025,12:07,INV,,6
305859,P:2185,18/05/2025,12:22,INV,,2
305861,P:2189,04/05/2025,12:50,INV,,4
305864,P:2199,03/05/2025,08:27,INV,,6
305865,P:2199,10/05/2025,08:51,INV,,14
305866,P:2199,08/05/2025,09:16,INV,,2
305874,P:2214,09/05/2025,09:45,INV,,8
305875,P:2215,18/05/2025,11:49,INV,,5
305876,P:2215,26/05/2025,11:20,INV,,6
305878,P:2222,06/05/2025,13:22,INV,,4
305880,P:2223,10/05/2025,11:12,INV,,5
305882,P:2224,01/05/2025,13:47,INV,,9
305885,P:2226,10/05/2025,11:54,INV,,6
305888,P:2227,28/05/2025,13:16,INV,,6
9305888,P:2227,28/05/2025,17:16,CR,,2
305889,P:2227,27/05/2025,14:42,INV,,7
305891,P:2230,21/05/2025,10:46,INV,,4
305893,P:2231,09/05/2025,11:53,INV,,8
305894,P:2233,08/05/2025,13:03,INV,,9
305895,P:2235,18/05/2025,14:47,INV,,6
9305895,P:2235,18/05/2025,16:47,CR,,2
305897,P:2245,12/05/2025,08:40,INV,,9
305898,P:2247,19/05/2025,08:09,INV,,5
305900,P:2250,24/05/2025,08:33,INV,,6
305907,P:2265,15/05/2025,13:39,INV,,3
305909,P:2266,01/05/2025,15:59,INV,,13
305910,P:2272,23/05/2025,09:52,INV,,11
305913,P:2277,24/05/2025,11:34,INV,,10
305914,P:2279,13/05/2025,12:43,INV,,4
305915,P:2279,27/05/2025,17:45,INV,,9
305916,P:2279,06/05/2025,18:41,INV,,10
305917,P:2280,11/05/2025,14:55,INV,,7
305918,P:2283,27/05/2025,11:13,INV,,7
305920,P:2284,02/05/2025,08:20,INV,,12
305922,P:2285,21/05/2025,11:55,INV,,8
305924,P:2290,07/05/2025,10:23,INV,,9
305925,P:2292,12/05/2025,13:47,INV,,4
305926,P:2292,02/05/2025,10:15,INV,,9
305927,P:2293,02/05/2025,09:33,INV,,8
305929,P:2296,20/05/2025,08:57,INV,,5
305931,P:2300,03/05/2025,15:36,INV,,7
305932,P:2307,02/05/2025,11:02,INV,,5
305933,P:2315,10/05/2025,08:06,INV,,10
305935,P:2322,12/05/2025,16:54,INV,,15
305936,P:2323,18/05/2025,13:28,INV,,6
305937,P:2326,11/05/2025,15:48,INV,,6
305941,P:2329,16/05/2025,17:19,INV,,2
305943,P:2332,12/05/2025,10:42,INV,,9
305945,P:2333,02/05/2025,15:30,INV,,5
305946,P:2334,18/05/2025,13:26,INV,,5
305949,P:2342,16/05/2025,13:56,INV,,10
9305949,P:2342,16/05/2025,16:56,CR,,2
305952,P:2345,01/05/2025,17:16,INV,,7
305953,P:2349,17/05/2025,08:18,INV,,6
305955,P:2349,11/05/2025,13:51,INV,,5
305958,P:2353,05/05/2025,15:26,INV,,10
305959,P:2354,26/05/2025,10:15,INV,,8
305961,P:2354,14/05/2025,11:27,INV,,3
305962,P:2356,07/05/2025,13:57,INV,,10
305963,P:2356,22/05/2025,15:46,INV,,7
305964,P:2356,14/05/2025,09:22,INV,,6
305965,P:2358,22/05/2025,15:57,INV,,5
305968,P:2362,24/05/2025,08:20,INV,,9
305969,P:2362,27/05/2025,12:09,INV,,7
305970,P:2362,08/05/2025,09:18,INV,,7
305971,P:2362,27/05/2025,16:28,INV,,2
305975,P:2368,16/05/2025,13:04,INV,,5
305976,P:2368,24/05/2025,11:53,INV,,4
305978,P:2373,10/05/2025,14:41,INV,,8
305979,P:2375,18/05/2025,08:22,INV,,5
305980,P:2375,23/05/2025,15:22,INV,,6
305981,P:2376,01/05/2025,12:40,INV,,9
305983,P:2379,02/05/2025,08:43,INV,,6
305984,P:2385,16/05/2025,14:53,INV,,15
305987,P:2395,11/05/2025,08:20,INV,,6
305988,P:2396,13/05/2025,09:50,INV,,5
305989,P:2396,20/05/2025,11:26,INV,,3
305990,P:2399,21/05/2025,16:52,INV,,8
305992,P:2400,20/05/2025,11:45,INV,,4
305993,P:2401,13/05/2025,08:20,INV,,3
305994,P:2401,19/05/2025,12:24,INV,,3
305996,P:2409,22/05/2025,10:03,INV,,2
305997,P:2410,27/05/2025,08:26,INV,,12
305999,P:2411,07/05/2025,08:34,INV,,9
306000,P:2412,21/05/2025,17:43,INV,,7
306001,P:2413,09/05/2025,14:35,INV,,6
306003,P:2414,23/05/2025,17:41,INV,,11
9306003,P:2414,23/05/2025,23:41,CR,,2
306005,P:2417,14/05/2025,11:37,INV,,10
306007,P:2417,17/05/2025,09:08,INV,,11
306009,P:2419,25/05/2025,16:19,INV,,6
306011,P:2420,10/05/2025,14:28,INV,,8
306013,P:2421,22/05/2025,14:46,INV,,10
306018,P:2438,20/05/2025,13:13,INV,,5
306022,P:2451,10/05/2025,13:59,INV,,10
306026,P:2467,08/05/2025,13:34,INV,,2
306031,P:2474,04/05/2025,14:29,INV,,7
306034,P:2478,26/05/2025,19:10,INV,,2
306036,P:2478,03/05/2025,10:09,INV,,8
306041,P:2486,07/05/2025,12:10,INV,,11
306043,P:2488,17/05/2025,08:18,INV,,10
306044,P:2489,10/05/2025,11:48,INV,,6
306045,P:2491,04/05/2025,15:27,INV,,8
306046,P:2493,27/05/2025,08:56,INV,,8
306054,P:2509,27/05/2025,15:02,INV,,10
306057,P:2511,22/05/2025,09:49,INV,,13
306058,P:2515,04/05/2025,14:12,INV,,4
306063,P:2523,26/05/2025,16:27,INV,,9
306064,P:2524,07/05/2025,14:47,INV,,7
306065,P:2530,25/05/2025,16:19,INV,,10
306069,P:2541,04/05/2025,14:42,INV,,5
306070,P:2543,10/05/2025,11:05,INV,,14
306071,P:2547,03/05/2025,12:38,INV,,11
306075,P:2549,03/05/2025,11:13,INV,,11
306076,P:2549,25/05/2025,08:52,INV,,14
306077,P:2551,01/05/2025,13:38,INV,,6
306078,P:2554,01/05/2025,08:23,INV,,7
306079,P:2554,12/05/2025,10:15,INV,,3
306083,P:2562,27/05/2025,09:48,INV,,7
306084,P:2565,25/05/2025,14:59,INV,,6
306085,P:2566,11/05/2025,16:27,INV,,4
306087,P:2573,13/05/2025,15:37,INV,,3
306088,P:2575,02/05/2025,10:09,INV,,4
306089,P:2578,13/05/2025,14:51,INV,,3
306090,P:2582,20/05/2025,13:07,INV,,7
306091,P:2585,15/05/2025,11:48,INV,,3
306092,P:2585,05/05/2025,13:14,INV,,4
306093,P:2586,12/05/2025,14:02,INV,,9
306094,P:2587,22/05/2025,10:59,INV,,6
306096,P:2594,24/05/2025,16:51,INV,,7
306097,P:2594,07/05/2025,16:21,INV,,7
306100,P:2606,11/05/2025,18:51,INV,,7
306101,P:2607,27/05/2025,13:55,INV,,14
306103,P:2614,17/05/2025,09:41,INV,,7
306104,P:2615,25/05/2025,12:41,INV,,6
306105,P:2615,15/05/2025,13:15,INV,,5
306107,P:2615,02/05/2025,13:46,INV,,9
306109,P:2616,14/05/2025,13:17,INV,,4
306110,P:2616,02/05/2025,09:18,INV,,15
306115,P:2622,05/05/2025,18:26,INV,,10
306116,P:2622,19/05/2025,09:12,INV,,7
306118,P:2624,03/05/2025,12:14,INV,,8
306120,P:2628,15/05/2025,17:52,INV,,3
306121,P:2628,13/05/2025,12:46,INV,,4
306124,P:2633,13/05/2025,08:32,INV,,2
306126,P:2639,04/05/2025,14:56,INV,,4
306127,P:2639,16/05/2025,13:58,INV,,4
306128,P:2639,24/05/2025,11:18,INV,,4
306130,P:2640,24/05/2025,08:56,INV,,4
306134,P:2644,16/05/2025,14:00,INV,,8
306136,P:2647,18/05/2025,13:33,INV,,4
306137,P:2648,01/05/2025,14:08,INV,,9
306138,P:2648,26/05/2025,11:28,INV,,11
306141,P:2648,13/05/2025,11:52,INV,,11
306143,P:2651,14/05/2025,17:04,INV,,6
306144,P:2651,14/05/2025,15:21,INV,,8
306145,P:2651,14/05/2025,09:22,INV,,6
306149,P:2657,20/05/2025,12:04,INV,,10
306153,P:2664,05/05/2025,12:12,INV,,3
306155,P:2672,19/05/2025,11:52,INV,,3
306156,P:2674,16/05/2025,08:10,INV,,2
306158,P:2675,22/05/2025,16:22,INV,,3
306159,P:2675,27/05/2025,10:36,INV,,4
306160,P:2675,13/05/2025,11:30,INV,,6
306162,P:2678,14/05/2025,20:52,INV,,7
306163,P:2678,02/05/2025,14:43,INV,,7
306165,P:2683,20/05/2025,15:12,INV,,2
306168,P:2685,22/05/2025,14:23,INV,,5
306172,P:2690,09/05/2025,14:15,INV,,9
306173,P:2694,03/05/2025,12:17,INV,,9
306175,P:2695,03/05/2025,13:02,INV,,9
306177,P:2702,17/05/2025,09:07,INV,,7
306178,P:2705,21/05/2025,17:44,INV,,4
306181,P:2709,03/05/2025,11:28,INV,,12
306182,P:2711,19/05/2025,15:05,INV,,6
306183,P:2711,28/05/2025,12:06,INV,,10
306184,P:2714,19/05/2025,15:28,INV,,3
306185,P:2714,22/05/2025,14:52,INV,,9
306186,P:2714,10/05/2025,10:06,INV,,4
306187,P:2716,19/05/2025,08:19,INV,,12
306191,P:2726,19/05/2025,15:22,INV,,7
306192,P:2727,11/05/2025,13:51,INV,,5
306194,P:2729,25/05/2025,16:30,INV,,13
306196,P:2733,24/05/2025,13:42,INV,,5
306197,P:2736,14/05/2025,15:43,INV,,6
306199,P:2738,21/05/2025,17:18,INV,,8
306200,P:2738,07/05/2025,15:00,INV,,9
9306200,P:2738,07/05/2025,16:00,CR,,2
306201,P:2739,19/05/2025,08:33,INV,,7
306202,P:2740,03/05/2025,12:04,INV,,3
306203,P:2746,25/05/2025,13:28,INV,,12
306204,P:2746,03/05/2025,08:18,INV,,9
306205,P:2746,22/05/2025,13:04,INV,,9
306210,P:2756,03/05/2025,08:57,INV,,7
306212,P:2757,09/05/2025,14:23,INV,,11
306216,P:2762,25/05/2025,16:48,INV,,7
306221,P:2766,20/05/2025,11:48,INV,,8
306222,P:2769,08/05/2025,17:34,INV,,7
306224,P:2774,02/05/2025,12:31,INV,,5
306226,P:2779,17/05/2025,17:36,INV,,3
306227,P:2782,14/05/2025,10:33,INV,,6
306232,P:2789,14/05/2025,13:01,INV,,2
306233,P:2790,12/05/2025,15:40,INV,,5
306234,P:2790,05/05/2025,09:25,INV,,9
306237,P:2798,07/05/2025,12:59,INV,,6
306239,P:2802,26/05/2025,08:17,INV,,5
306240,P:2805,28/05/2025,10:03,INV,,5
306241,P:2805,11/05/2025,12:56,INV,,3
306244,P:2815,27/05/2025,09:21,INV,,7
306245,P:2816,12/05/2025,13:31,INV,,10
306246,P:2816,27/05/2025,09:34,INV,,6
306247,P:1002,26/06/2025,10:55,INV,,4
306248,P:1004,22/06/2025,16:00,INV,,15
306249,P:1004,14/06/2025,08:09,INV,,12
306250,P:1005,28/06/2025,11:47,INV,,6
306256,P:1014,21/06/2025,12:01,INV,,5
306257,P:1014,21/06/2025,13:44,INV,,2
306258,P:1015,16/06/2025,13:35,INV,,7
306262,P:1022,09/06/2025,13:10,INV,,15
306264,P:1036,11/06/2025,10:57,INV,,3
306267,P:1038,19/06/2025,13:08,INV,,6
306268,P:1038,22/06/2025,15:45,INV,,3
306270,P:1039,16/06/2025,10:15,INV,,6
306271,P:1039,15/06/2025,16:30,INV,,10
306279,P:1052,03/06/2025,15:09,INV,,3
306280,P:1052,16/06/2025,10:29,INV,,5
306281,P:1053,02/06/2025,11:46,INV,,2
306282,P:1055,19/06/2025,08:17,INV,,3
306284,P:1059,01/06/2025,12:37,INV,,4
306286,P:1065,25/06/2025,12:11,INV,,5
306287,P:1066,13/06/2025,10:26,INV,,8
306292,P:1079,02/06/2025,14:36,INV,,5
306295,P:1083,08/06/2025,11:50,INV,,7
306296,P:1086,27/06/2025,14:33,INV,,2
306297,P:1086,11/06/2025,08:47,INV,,5
306300,P:1092,23/06/2025,14:52,INV,,6
306303,P:1099,14/06/2025,08:49,INV,,4
306304,P:1100,13/06/2025,08:38,INV,,6
306306,P:1103,25/06/2025,13:41,INV,,4
306307,P:1103,16/06/2025,16:20,INV,,5
306309,P:1105,24/06/2025,10:33,INV,,9
306310,P:1110,13/06/2025,09:49,INV,,11
306311,P:1110,23/06/2025,12:55,INV,,6
306312,P:1115,26/06/2025,08:18,INV,,5
306316,P:1118,15/06/2025,14:28,INV,,6
306320,P:1132,16/06/2025,12:59,INV,,5
306322,P:1134,22/06/2025,09:29,INV,,10
306323,P:1144,24/06/2025,14:36,INV,,5
306328,P:1152,27/06/2025,11:03,INV,,8
306329,P:1154,25/06/2025,08:55,INV,,8
306331,P:1158,25/06/2025,16:31,INV,,6
306332,P:1164,27/06/2025,16:16,INV,,3
306334,P:1165,14/06/2025,09:26,INV,,11
306335,P:1166,13/06/2025,14:08,INV,,4
306336,P:1167,13/06/2025,09:50,INV,,6
306338,P:1169,02/06/2025,12:25,INV,,10
306342,P:1177,15/06/2025,10:47,INV,,4
306343,P:1177,13/06/2025,08:44,INV,,7
306344,P:1178,17/06/2025,13:04,INV,,8
306345,P:1178,18/06/2025,14:53,INV,,12
306348,P:1188,08/06/2025,14:49,INV,,10
306349,P:1188,23/06/2025,12:20,INV,,8
306350,P:1188,14/06/2025,14:07,INV,,5
306351,P:1189,05/06/2025,13:34,INV,,7
306352,P:1195,03/06/2025,15:41,INV,,5
306354,P:1196,27/06/2025,11:04,INV,,5
306356,P:1200,09/06/2025,11:03,INV,,9
306358,P:1204,25/06/2025,14:40,INV,,3
306359,P:1204,07/06/2025,11:21,INV,,6
306362,P:1207,20/06/2025,10:12,INV,,5
306363,P:1207,25/06/2025,12:50,INV,,7
306366,P:1216,03/06/2025,08:29,INV,,12
306368,P:1216,16/06/2025,17:20,INV,,2
306371,P:1220,26/06/2025,12:43,INV,,8
306373,P:1227,18/06/2025,13:42,INV,,4
306374,P:1227,04/06/2025,12:35,INV,,6
306375,P:1227,26/06/2025,15:56,INV,,7
306376,P:1227,14/06/2025,11:02,INV,,7
306377,P:1229,28/06/2025,11:27,INV,,5
306378,P:1229,17/06/2025,12:08,INV,,3
306380,P:1230,11/06/2025,15:23,INV,,3
306385,P:1232,01/06/2025,13:58,INV,,8
306386,P:1232,15/06/2025,14:45,INV,,5
306387,P:1233,14/06/2025,10:20,INV,,8
306389,P:1234,18/06/2025,12:22,INV,,9
306391,P:1239,25/06/2025,10:22,INV,,13
306392,P:1241,06/06/2025,08:23,INV,,13
306393,P:1243,21/06/2025,11:12,INV,,12
306394,P:1244,10/06/2025,09:45,INV,,10
306395,P:1246,04/06/2025,14:03,INV,,7
306397,P:1249,03/06/2025,08:23,INV,,3
306400,P:1252,19/06/2025,15:13,INV,,7
306401,P:1253,18/06/2025,09:57,INV,,6
306403,P:1257,26/06/2025,17:24,INV,,8
306404,P:1262,21/06/2025,11:28,INV,,5
306405,P:1262,08/06/2025,09:59,INV,,2
306407,P:1263,12/06/2025,08:56,INV,,11
306408,P:1263,13/06/2025,10:52,INV,,8
306411,P:1266,03/06/2025,10:45,INV,,8
306412,P:1266,05/06/2025,08:45,INV,,6
306415,P:1271,03/06/2025,08:38,INV,,5
306418,P:1275,18/06/2025,13:53,INV,,15
306419,P:1276,28/06/2025,12:02,INV,,5
306422,P:1284,04/06/2025,13:30,INV,,8
306423,P:1286,26/06/2025,17:54,INV,,2
306428,P:1297,19/06/2025,13:57,INV,,7
306429,P:1297,04/06/2025,14:37,INV,,4
306430,P:1298,25/06/2025,13:39,INV,,6
306433,P:1298,12/06/2025,08:53,INV,,4
306434,P:1298,04/06/2025,18:32,INV,,4
306439,P:1306,17/06/2025,14:08,INV,,8
306440,P:1306,20/06/2025,08:59,INV,,9
306441,P:1306,04/06/2025,11:56,INV,,5
306445,P:1313,16/06/2025,15:46,INV,,3
306450,P:1315,12/06/2025,15:39,INV,,6
306451,P:1317,19/06/2025,11:08,INV,,9
306452,P:1319,15/06/2025,11:26,INV,,13
306453,P:1320,24/06/2025,08:32,INV,,10
306457,P:1324,09/06/2025,08:58,INV,,6
306459,P:1329,21/06/2025,13:42,INV,,5
306462,P:1332,19/06/2025,13:20,INV,,9
306464,P:1334,01/06/2025,15:49,INV,,6
306466,P:1335,03/06/2025,13:44,INV,,4
306468,P:1337,14/06/2025,08:43,INV,,5
306472,P:1346,12/06/2025,15:31,INV,,7
306473,P:1348,03/06/2025,12:16,INV,,5
306474,P:1348,17/06/2025,11:24,INV,,5
306475,P:1348,06/06/2025,11:02,INV,,6
306477,P:1349,14/06/2025,09:37,INV,,9
306479,P:1349,02/06/2025,17:36,INV,,6
306482,P:1354,07/06/2025,12:36,INV,,3
306485,P:1356,20/06/2025,12:15,INV,,11
306488,P:1362,09/06/2025,09:19,INV,,7
306494,P:1380,24/06/2025,11:18,INV,,3
306495,P:1383,15/06/2025,10:08,INV,,2
306496,P:1383,20/06/2025,17:55,INV,,6
306499,P:1386,24/06/2025,08:20,INV,,9
306504,P:1394,21/06/2025,12:24,INV,,8
306506,P:1396,10/06/2025,12:50,INV,,2
306507,P:1399,08/06/2025,15:11,INV,,4
306508,P:1399,16/06/2025,14:39,INV,,6
306510,P:1399,05/06/2025,10:04,INV,,5
306512,P:1407,12/06/2025,08:16,INV,,12
306513,P:1409,27/06/2025,14:56,INV,,5
306514,P:1410,16/06/2025,14:28,INV,,5
306515,P:1413,15/06/2025,11:46,INV,,10
306516,P:1413,22/06/2025,17:10,INV,,3
306517,P:1413,21/06/2025,11:31,INV,,5
306519,P:1414,26/06/2025,10:38,INV,,4
306520,P:1414,02/06/2025,14:46,INV,,8
306521,P:1415,20/06/2025,13:25,INV,,7
306526,P:1423,18/06/2025,13:28,INV,,3
306529,P:1426,16/06/2025,10:12,INV,,15
306532,P:1428,26/06/2025,08:18,INV,,6
306535,P:1431,26/06/2025,14:21,INV,,5
306537,P:1433,16/06/2025,13:09,INV,,8
306539,P:1435,11/06/2025,11:21,INV,,8
306540,P:1436,03/06/2025,13:30,INV,,4
306541,P:1436,24/06/2025,19:00,INV,,5
306543,P:1440,22/06/2025,18:26,INV,,8
306545,P:1440,17/06/2025,15:46,INV,,5
306549,P:1447,16/06/2025,16:24,INV,,4
306550,P:1449,22/06/2025,11:49,INV,,6
306551,P:1451,09/06/2025,13:29,INV,,10
306552,P:1456,25/06/2025,13:20,INV,,4
306554,P:1456,22/06/2025,11:21,INV,,5
306556,P:1457,02/06/2025,11:53,INV,,10
306559,P:1457,06/06/2025,15:14,INV,,9
306560,P:1458,07/06/2025,11:20,INV,,7
306563,P:1463,08/06/2025,19:41,INV,,2
306565,P:1466,05/06/2025,19:16,INV,,14
306566,P:1467,23/06/2025,10:07,INV,,7
306570,P:1469,04/06/2025,15:49,INV,,5
306572,P:1472,20/06/2025,15:27,INV,,6
306573,P:1473,16/06/2025,11:55,INV,,5
306574,P:1473,21/06/2025,09:44,INV,,9
306577,P:1477,28/06/2025,11:47,INV,,9
306578,P:1479,20/06/2025,09:39,INV,,5
306580,P:1481,25/06/2025,13:38,INV,,7
306581,P:1482,26/06/2025,17:50,INV,,9
306584,P:1486,25/06/2025,16:06,INV,,8
306586,P:1489,24/06/2025,08:43,INV,,4
9306586,P:1489,24/06/2025,09:43,CR,,2
306587,P:1490,25/06/2025,12:26,INV,,7
306588,P:1490,23/06/2025,12:52,INV,,6
306589,P:1492,11/06/2025,12:05,INV,,13
306592,P:1496,12/06/2025,08:38,INV,,10
306593,P:1497,26/06/2025,14:10,INV,,7
306597,P:1505,13/06/2025,15:36,INV,,6
306598,P:1506,16/06/2025,10:27,INV,,7
306600,P:1510,23/06/2025,12:51,INV,,8
306601,P:1510,16/06/2025,13:00,INV,,4
306605,P:1511,20/06/2025,13:02,INV,,4
306607,P:1518,19/06/2025,12:24,INV,,15
306608,P:1518,09/06/2025,15:21,INV,,9
306616,P:1526,15/06/2025,08:25,INV,,7
306619,P:1529,10/06/2025,08:10,INV,,7
306620,P:1534,23/06/2025,13:54,INV,,7
306622,P:1536,28/06/2025,12:04,INV,,2
306625,P:1539,09/06/2025,08:50,INV,,11
306626,P:1540,18/06/2025,12:34,INV,,14
306627,P:1543,13/06/2025,13:36,INV,,4
306629,P:1546,03/06/2025,08:53,INV,,5
306630,P:1546,04/06/2025,14:32,INV,,4
306631,P:1547,10/06/2025,12:06,INV,,8
306636,P:1552,05/06/2025,12:19,INV,,5
306637,P:1553,11/06/2025,15:16,INV,,9
306640,P:1555,04/06/2025,12:15,INV,,3
306645,P:1558,11/06/2025,14:08,INV,,8
306647,P:1563,21/06/2025,14:45,INV,,4
9306647,P:1563,21/06/2025,17:45,CR,,2
306649,P:1564,27/06/2025,09:59,INV,,3
306653,P:1565,06/06/2025,13:39,INV,,4
9306653,P:1565,06/06/2025,20:39,CR,,2
306657,P:1572,02/06/2025,10:10,INV,,9
306658,P:1573,23/06/2025,20:03,INV,,5
306659,P:1573,09/06/2025,11:27,INV,,6
306660,P:1573,28/06/2025,12:23,INV,,8
306662,P:1577,10/06/2025,08:36,INV,,3
306664,P:1579,12/06/2025,14:04,INV,,4
306665,P:1579,18/06/2025,17:20,INV,,4
306666,P:1583,06/06/2025,08:49,INV,,6
306667,P:1583,16/06/2025,08:04,INV,,9
306668,P:1583,27/06/2025,10:41,INV,,6
306670,P:1585,26/06/2025,13:04,INV,,8
306676,P:1590,04/06/2025,10:02,INV,,2
306677,P:1593,25/06/2025,08:45,INV,,4
306679,P:1593,21/06/2025,11:54,INV,,8
306683,P:1599,02/06/2025,12:37,INV,,3
306684,P:1601,18/06/2025,09:35,INV,,10
306686,P:1604,09/06/2025,08:37,INV,,8
306688,P:1605,25/06/2025,13:32,INV,,5
306689,P:1613,07/06/2025,10:38,INV,,8
306691,P:1613,14/06/2025,13:30,INV,,7
306704,P:1631,26/06/2025,17:51,INV,,5
306710,P:1636,06/06/2025,10:56,INV,,12
306711,P:1636,15/06/2025,09:11,INV,,4
306712,P:1636,16/06/2025,10:44,INV,,7
9306712,P:1636,16/06/2025,17:44,CR,,2
306716,P:1639,01/06/2025,12:30,INV,,8
306718,P:1639,11/06/2025,11:54,INV,,4
306722,P:1648,23/06/2025,12:17,INV,,3
306723,P:1649,22/06/2025,12:03,INV,,7
306724,P:1649,21/06/2025,12:39,INV,,4
306728,P:1659,02/06/2025,11:16,INV,,4
306730,P:1663,11/06/2025,12:10,INV,,5
306731,P:1663,16/06/2025,15:03,INV,,4
306733,P:1664,01/06/2025,12:26,INV,,5
306734,P:1669,14/06/2025,11:19,INV,,5
306737,P:1671,28/06/2025,11:51,INV,,3
306738,P:1678,05/06/2025,11:59,INV,,5
306741,P:1683,21/06/2025,13:38,INV,,11
306742,P:1683,02/06/2025,11:33,INV,,6
306743,P:1688,02/06/2025,09:31,INV,,10
306745,P:1689,13/06/2025,13:30,INV,,7
306747,P:1696,17/06/2025,10:47,INV,,14
306748,P:1698,18/06/2025,14:27,INV,,5
306750,P:1701,06/06/2025,10:08,INV,,9
306752,P:1703,04/06/2025,11:27,INV,,3
306759,P:1720,20/06/2025,12:34,INV,,14
306760,P:1720,13/06/2025,10:30,INV,,10
306761,P:1720,21/06/2025,10:19,INV,,4
306763,P:1721,08/06/2025,09:32,INV,,8
306764,P:1730,07/06/2025,11:51,INV,,15
306765,P:1730,14/06/2025,12:31,INV,,8
306766,P:1733,08/06/2025,13:26,INV,,7
306768,P:1736,28/06/2025,13:14,INV,,6
306769,P:1736,13/06/2025,08:03,INV,,6
306772,P:1749,26/06/2025,12:27,INV,,6
306774,P:1750,20/06/2025,11:55,INV,,7
306776,P:1753,27/06/2025,09:41,INV,,5
306778,P:1755,23/06/2025,15:27,INV,,11
306780,P:1757,14/06/2025,09:29,INV,,9
306782,P:1758,15/06/2025,08:50,INV,,7
306785,P:1760,26/06/2025,14:48,INV,,4
306786,P:1764,10/06/2025,09:30,INV,,5
306790,P:1768,12/06/2025,15:36,INV,,7
306792,P:1770,21/06/2025,11:56,INV,,5
306793,P:1773,09/06/2025,12:41,INV,,12
306794,P:1776,21/06/2025,16:05,INV,,9
306796,P:1778,12/06/2025,08:02,INV,,9
306797,P:1778,12/06/2025,12:38,INV,,10
306799,P:1778,11/06/2025,13:13,INV,,5
306801,P:1781,09/06/2025,10:04,INV,,13
306802,P:1784,17/06/2025,10:07,INV,,6
306805,P:1789,11/06/2025,09:27,INV,,13
306808,P:1795,12/06/2025,13:50,INV,,3
306809,P:1795,17/06/2025,14:24,INV,,5
306810,P:1797,09/06/2025,12:23,INV,,8
306811,P:1798,28/06/2025,12:20,INV,,10
306812,P:1799,17/06/2025,13:34,INV,,5
306814,P:1800,28/06/2025,12:33,INV,,6
306815,P:1804,24/06/2025,11:28,INV,,4
306817,P:1805,18/06/2025,13:00,INV,,7
306818,P:1807,08/06/2025,11:54,INV,,4
306821,P:1809,14/06/2025,16:15,INV,,4
306822,P:1810,21/06/2025,15:04,INV,,4
306824,P:1813,20/06/2025,14:41,INV,,4
306826,P:1816,01/06/2025,10:41,INV,,3
306829,P:1820,26/06/2025,09:29,INV,,10
306832,P:1824,28/06/2025,11:06,INV,,13
306833,P:1825,20/06/2025,08:39,INV,,6
306834,P:1828,16/06/2025,15:38,INV,,6
306836,P:1829,21/06/2025,20:24,INV,,6
306837,P:1830,12/06/2025,10:49,INV,,3
306842,P:1837,22/06/2025,10:37,INV,,9
306843,P:1842,25/06/2025,12:20,INV,,15
306844,P:1844,25/06/2025,14:06,INV,,6
306845,P:1844,22/06/2025,11:51,INV,,12
306846,P:1846,22/06/2025,09:53,INV,,4
306847,P:1846,12/06/2025,12:47,INV,,11
306848,P:1848,01/06/2025,10:46,INV,,8
306852,P:1849,12/06/2025,11:24,INV,,9
306854,P:1851,25/06/2025,10:55,INV,,3
306856,P:1855,28/06/2025,10:00,INV,,3
306857,P:1856,16/06/2025,11:48,INV,,6
306858,P:1857,12/06/2025,09:05,INV,,4
306860,P:1857,16/06/2025,12:47,INV,,6
306861,P:1857,01/06/2025,12:53,INV,,12
306862,P:1859,26/06/2025,10:00,INV,,2
306868,P:1869,25/06/2025,14:39,INV,,11
306869,P:1869,06/06/2025,08:32,INV,,12
306870,P:1872,10/06/2025,10:21,INV,,13
306871,P:1874,25/06/2025,12:39,INV,,6
306872,P:1876,20/06/2025,17:38,INV,,5
306873,P:1876,10/06/2025,15:30,INV,,2
306874,P:1877,21/06/2025,13:23,INV,,5
306875,P:1879,05/06/2025,20:18,INV,,7
306876,P:1885,08/06/2025,11:02,INV,,9
306877,P:1885,19/06/2025,09:16,INV,,4
306878,P:1885,05/06/2025,11:43,INV,,12
306879,P:1888,05/06/2025,08:48,INV,,5
306881,P:1892,17/06/2025,09:30,INV,,4
306882,P:1894,01/06/2025,09:40,INV,,10
306884,P:1895,18/06/2025,11:28,INV,,6
306885,P:1895,05/06/2025,09:43,INV,,9
306889,P:1902,16/06/2025,17:16,INV,,5
306892,P:1906,23/06/2025,10:45,INV,,6
306898,P:1917,01/06/2025,14:43,INV,,9
306900,P:1926,06/06/2025,10:55,INV,,7
306901,P:1928,07/06/2025,11:14,INV,,8
306904,P:1931,28/06/2025,13:40,INV,,3
306906,P:1938,02/06/2025,16:05,INV,,6
306907,P:1942,21/06/2025,09:11,INV,,7
306912,P:1947,22/06/2025,14:58,INV,,2
306913,P:1950,17/06/2025,17:01,INV,,3
306914,P:1950,03/06/2025,12:57,INV,,12
306916,P:1954,15/06/2025,15:00,INV,,5
9306916,P:1954,15/06/2025,17:00,CR,,2
306917,P:1954,01/06/2025,13:16,INV,,8
306918,P:1956,06/06/2025,08:05,INV,,4
306922,P:1961,04/06/2025,11:48,INV,,5
306927,P:1963,10/06/2025,13:33,INV,,4
306929,P:1970,27/06/2025,09:46,INV,,12
306931,P:1973,21/06/2025,09:33,INV,,6
306932,P:1977,24/06/2025,10:21,INV,,3
306933,P:1979,27/06/2025,10:28,INV,,15
306934,P:1979,01/06/2025,10:29,INV,,14
306935,P:1982,07/06/2025,10:23,INV,,13
306936,P:1982,02/06/2025,14:15,INV,,8
306941,P:1990,26/06/2025,10:00,INV,,5
306943,P:1990,06/06/2025,13:34,INV,,5
306945,P:1991,20/06/2025,13:31,INV,,6
306946,P:1992,04/06/2025,13:49,INV,,12
306949,P:1999,05/06/2025,10:29,INV,,10
306950,P:2000,28/06/2025,12:23,INV,,4
306951,P:2000,20/06/2025,10:08,INV,,5
306952,P:2002,13/06/2025,08:27,INV,,2
306956,P:2013,14/06/2025,08:14,INV,,3
306960,P:2018,07/06/2025,19:30,INV,,7
306967,P:2036,15/06/2025,13:23,INV,,5
306968,P:2039,08/06/2025,09:44,INV,,10
306974,P:2050,04/06/2025,19:37,INV,,4
306977,P:2053,20/06/2025,08:12,INV,,2
306979,P:2054,15/06/2025,13:08,INV,,14
306980,P:2054,17/06/2025,16:24,INV,,6
306981,P:2055,12/06/2025,12:30,INV,,2
306982,P:2057,01/06/2025,11:27,INV,,3
306985,P:2062,26/06/2025,13:45,INV,,7
306990,P:2070,13/06/2025,15:31,INV,,6
306992,P:2073,03/06/2025,11:15,INV,,11
306995,P:2073,20/06/2025,14:57,INV,,4
306996,P:2076,19/06/2025,08:50,INV,,15
306998,P:2079,12/06/2025,12:59,INV,,9
307000,P:2083,26/06/2025,18:31,INV,,5
307001,P:2084,14/06/2025,10:58,INV,,6
307002,P:2085,13/06/2025,08:34,INV,,6
307003,P:2086,16/06/2025,12:39,INV,,4
307006,P:2088,01/06/2025,16:11,INV,,4
307007,P:2089,06/06/2025,12:19,INV,,5
307008,P:2089,11/06/2025,17:25,INV,,8
307010,P:2089,05/06/2025,11:09,INV,,3
307012,P:2091,23/06/2025,08:00,INV,,8
307013,P:2092,27/06/2025,11:08,INV,,4
307016,P:2099,11/06/2025,11:19,INV,,6
307017,P:2101,19/06/2025,15:02,INV,,5
307020,P:2107,21/06/2025,09:45,INV,,10
307021,P:2110,01/06/2025,13:58,INV,,5
307025,P:2119,08/06/2025,12:03,INV,,6
307026,P:2119,21/06/2025,11:51,INV,,5
307031,P:2131,25/06/2025,09:21,INV,,9
307034,P:2138,05/06/2025,13:32,INV,,5
307036,P:2147,20/06/2025,13:04,INV,,9
307037,P:2147,15/06/2025,12:40,INV,,6
307039,P:2147,10/06/2025,11:13,INV,,5
307040,P:2148,18/06/2025,21:36,INV,,8
307041,P:2149,26/06/2025,11:44,INV,,6
307042,P:2150,10/06/2025,10:03,INV,,8
307048,P:2158,07/06/2025,17:42,INV,,7
307050,P:2160,04/06/2025,12:43,INV,,8
307053,P:2160,18/06/2025,11:23,INV,,9
307054,P:2171,14/06/2025,14:26,INV,,10
307057,P:2177,18/06/2025,11:42,INV,,5
307058,P:2180,11/06/2025,08:05,INV,,10
307059,P:2183,12/06/2025,16:49,INV,,9
307060,P:2185,24/06/2025,16:31,INV,,5
307061,P:2187,02/06/2025,08:51,INV,,8
307066,P:2196,02/06/2025,12:18,INV,,10
307068,P:2199,26/06/2025,08:52,INV,,8
9307068,P:2199,26/06/2025,15:52,CR,,2
307071,P:2200,24/06/2025,13:44,INV,,12
307072,P:2200,24/06/2025,12:20,INV,,6
307073,P:2201,17/06/2025,09:50,INV,,4
307074,P:2202,18/06/2025,13:23,INV,,8
307075,P:2204,08/06/2025,13:03,INV,,7
307076,P:2205,28/06/2025,11:30,INV,,5
307077,P:2205,28/06/2025,15:16,INV,,8
307078,P:2205,22/06/2025,09:43,INV,,12
307080,P:2206,18/06/2025,13:00,INV,,9
307081,P:2207,02/06/2025,13:32,INV,,8
307082,P:2207,20/06/2025,16:35,INV,,6
307083,P:2208,21/06/2025,13:35,INV,,8
307085,P:2214,05/06/2025,13:40,INV,,8
307086,P:2215,15/06/2025,14:11,INV,,3
307087,P:2219,21/06/2025,15:04,INV,,6
307088,P:2220,18/06/2025,08:34,INV,,6
307090,P:2225,12/06/2025,17:28,INV,,6
307092,P:2225,16/06/2025,14:07,INV,,6
307094,P:2228,05/06/2025,14:05,INV,,11
307095,P:2229,08/06/2025,10:54,INV,,12
307096,P:2234,27/06/2025,09:05,INV,,5
307099,P:2237,27/06/2025,12:45,INV,,5
307100,P:2238,15/06/2025,14:53,INV,,7
307102,P:2240,21/06/2025,11:25,INV,,6
307105,P:2243,23/06/2025,14:32,INV,,5
307108,P:2247,11/06/2025,11:07,INV,,8
307109,P:2247,20/06/2025,14:18,INV,,7
307110,P:2250,09/06/2025,09:18,INV,,3
307112,P:2251,06/06/2025,13:08,INV,,7
307113,P:2251,21/06/2025,14:31,INV,,7
307114,P:2252,09/06/2025,19:45,INV,,8
307117,P:2258,09/06/2025,15:13,INV,,14
307118,P:2262,21/06/2025,08:23,INV,,11
307119,P:2262,09/06/2025,12:00,INV,,7
307120,P:2263,03/06/2025,09:56,INV,,5
307122,P:2268,23/06/2025,12:56,INV,,3
307124,P:2273,24/06/2025,15:40,INV,,4
307127,P:2276,25/06/2025,10:07,INV,,5
307128,P:2279,19/06/2025,11:12,INV,,6
307129,P:2279,19/06/2025,11:06,INV,,10
307130,P:2280,25/06/2025,14:07,INV,,4
307132,P:2283,20/06/2025,18:32,INV,,3
307133,P:2283,21/06/2025,10:55,INV,,7
307135,P:2285,28/06/2025,13:50,INV,,5
307137,P:2288,19/06/2025,11:42,INV,,2
307140,P:2292,04/06/2025,14:53,INV,,8
307142,P:2294,25/06/2025,10:55,INV,,5
307143,P:2294,07/06/2025,11:43,INV,,7
9307143,P:2294,07/06/2025,13:43,CR,,2
307144,P:2294,04/06/2025,12:57,INV,,8
307146,P:2296,14/06/2025,14:46,INV,,9
307147,P:2299,13/06/2025,12:57,INV,,5
307149,P:2304,08/06/2025,08:53,INV,,9
307151,P:2306,16/06/2025,16:47,INV,,5
307156,P:2316,06/06/2025,10:22,INV,,13
307157,P:2319,07/06/2025,10:06,INV,,7
307158,P:2319,04/06/2025,11:04,INV,,7
307159,P:2319,02/06/2025,10:14,INV,,15
307160,P:2322,04/06/2025,14:07,INV,,5
307164,P:2323,03/06/2025,12:36,INV,,6
307165,P:2329,07/06/2025,08:45,INV,,2
307166,P:2329,01/06/2025,12:49,INV,,8
307167,P:2331,17/06/2025,14:35,INV,,7
307174,P:2344,17/06/2025,10:26,INV,,8
307177,P:2347,28/06/2025,12:21,INV,,5
307179,P:2350,20/06/2025,10:03,INV,,7
307180,P:2355,09/06/2025,09:02,INV,,6
307181,P:2355,08/06/2025,09:18,INV,,8
307182,P:2355,14/06/2025,12:58,INV,,7
307183,P:2356,02/06/2025,09:57,INV,,3
307184,P:2356,12/06/2025,12:09,INV,,12
307185,P:2357,01/06/2025,15:58,INV,,8
307186,P:2357,03/06/2025,08:50,INV,,6
307187,P:2358,25/06/2025,16:45,INV,,7
307188,P:2358,09/06/2025,20:36,INV,,6
307191,P:2363,10/06/2025,08:28,INV,,6
307194,P:2368,23/06/2025,08:31,INV,,5
307199,P:2373,20/06/2025,14:26,INV,,4
307200,P:2375,11/06/2025,14:18,INV,,12
307201,P:2375,12/06/2025,12:27,INV,,4
307203,P:2378,17/06/2025,11:28,INV,,4
307206,P:2382,21/06/2025,08:05,INV,,4
307208,P:2385,21/06/2025,12:51,INV,,12
307209,P:2388,17/06/2025,14:38,INV,,9
307216,P:2399,12/06/2025,09:38,INV,,8
307217,P:2399,04/06/2025,11:21,INV,,9
307219,P:2399,23/06/2025,10:03,INV,,7
307223,P:2401,08/06/2025,10:04,INV,,7
307224,P:2401,23/06/2025,08:12,INV,,7
307225,P:2402,16/06/2025,13:09,INV,,6
307227,P:2402,12/06/2025,15:25,INV,,10
307228,P:2403,27/06/2025,08:40,INV,,4
307230,P:2406,05/06/2025,14:36,INV,,4
307233,P:2412,12/06/2025,15:21,INV,,6
307237,P:2414,04/06/2025,13:00,INV,,10
307241,P:2417,01/06/2025,13:38,INV,,4
307243,P:2418,07/06/2025,14:41,INV,,4
307246,P:2419,09/06/2025,11:15,INV,,10
307250,P:2421,10/06/2025,10:59,INV,,7
307251,P:2422,03/06/2025,12:41,INV,,5
307252,P:2426,06/06/2025,15:39,INV,,3
307253,P:2427,24/06/2025,12:06,INV,,2
307255,P:2430,19/06/2025,13:28,INV,,14
307256,P:2430,02/06/2025,13:18,INV,,2
307257,P:2431,20/06/2025,12:36,INV,,4
307260,P:2441,20/06/2025,11:17,INV,,7
307262,P:2443,13/06/2025,11:00,INV,,7
307265,P:2446,02/06/2025,12:03,INV,,10
307266,P:2446,22/06/2025,12:51,INV,,7
307268,P:2453,15/06/2025,08:38,INV,,6
307272,P:2460,20/06/2025,11:25,INV,,6
307273,P:2461,19/06/2025,13:08,INV,,15
307274,P:2462,02/06/2025,21:00,INV,,5
307276,P:2464,01/06/2025,15:18,INV,,9
307277,P:2467,23/06/2025,14:45,INV,,6
307278,P:2467,15/06/2025,08:34,INV,,11
307279,P:2467,11/06/2025,13:26,INV,,9
307282,P:2472,05/06/2025,08:04,INV,,4
307284,P:2475,03/06/2025,12:06,INV,,7
307287,P:2477,20/06/2025,10:46,INV,,5
9307287,P:2477,20/06/2025,13:46,CR,,2
307288,P:2480,25/06/2025,10:34,INV,,12
307289,P:2480,26/06/2025,10:21,INV,,15
307292,P:2484,19/06/2025,13:51,INV,,10
307294,P:2484,05/06/2025,15:14,INV,,11
307295,P:2485,24/06/2025,14:31,INV,,2
307296,P:2489,02/06/2025,17:47,INV,,9
307298,P:2489,17/06/2025,12:45,INV,,7
307300,P:2493,15/06/2025,16:53,INV,,4
307301,P:2494,12/06/2025,12:19,INV,,7
307302,P:2494,25/06/2025,17:10,INV,,5
307306,P:2498,21/06/2025,10:36,INV,,8
307308,P:2504,23/06/2025,11:27,INV,,3
307313,P:2514,26/06/2025,16:39,INV,,7
307314,P:2515,16/06/2025,11:11,INV,,13
307316,P:2516,22/06/2025,08:26,INV,,12
307317,P:2517,09/06/2025,08:58,INV,,8
307318,P:2517,17/06/2025,08:24,INV,,5
307320,P:2522,24/06/2025,12:05,INV,,9
307321,P:2522,06/06/2025,11:23,INV,,10
307322,P:2523,18/06/2025,10:02,INV,,6
307327,P:2532,23/06/2025,17:20,INV,,9
9307327,P:2532,23/06/2025,21:20,CR,,2
307328,P:2532,06/06/2025,12:03,INV,,11
307329,P:2535,09/06/2025,09:16,INV,,6
307330,P:2535,04/06/2025,11:40,INV,,5
307331,P:2535,12/06/2025,12:17,INV,,5
307333,P:2541,19/06/2025,08:29,INV,,10
307334,P:2541,02/06/2025,13:52,INV,,9
307335,P:2543,20/06/2025,14:51,INV,,7
307336,P:2544,05/06/2025,08:54,INV,,8
307338,P:2547,09/06/2025,11:00,INV,,11
307339,P:2559,23/06/2025,08:35,INV,,10
307343,P:2565,23/06/2025,13:12,INV,,8
307344,P:2579,23/06/2025,09:58,INV,,7
307345,P:2579,13/06/2025,17:06,INV,,4
307346,P:2586,05/06/2025,09:21,INV,,7
307347,P:2587,19/06/2025,19:44,INV,,13
307349,P:2589,03/06/2025,11:48,INV,,5
307350,P:2593,16/06/2025,08:46,INV,,6
307352,P:2594,06/06/2025,10:38,INV,,5
307354,P:2595,22/06/2025,15:58,INV,,7
307355,P:2596,23/06/2025,10:19,INV,,10
9307355,P:2596,23/06/2025,11:19,CR,,2
307356,P:2598,28/06/2025,08:41,INV,,10
307357,P:2599,07/06/2025,14:08,INV,,5
307359,P:2602,26/06/2025,12:09,INV,,3
307360,P:2603,28/06/2025,15:03,INV,,6
307365,P:2606,17/06/2025,09:41,INV,,6
307368,P:2612,23/06/2025,13:39,INV,,9
307369,P:2612,13/06/2025,14:33,INV,,8
307371,P:2622,13/06/2025,08:19,INV,,7
307373,P:2623,26/06/2025,08:02,INV,,9
307375,P:2625,19/06/2025,14:23,INV,,11
307376,P:2626,12/06/2025,11:08,INV,,5
307379,P:2628,22/06/2025,14:30,INV,,10
307380,P:2630,11/06/2025,09:30,INV,,8
307381,P:2634,19/06/2025,08:15,INV,,6
307383,P:2637,18/06/2025,11:59,INV,,7
307384,P:2638,21/06/2025,14:18,INV,,3
307386,P:2645,17/06/2025,15:47,INV,,15
307387,P:2646,05/06/2025,11:36,INV,,8
307388,P:2649,14/06/2025,09:58,INV,,10
307389,P:2651,12/06/2025,12:43,INV,,4
307390,P:2653,04/06/2025,08:26,INV,,11
307396,P:2664,15/06/2025,13:14,INV,,6
307397,P:2665,11/06/2025,09:11,INV,,4
307398,P:2666,26/06/2025,08:38,INV,,5
307399,P:2668,06/06/2025,08:02,INV,,9
307400,P:2668,28/06/2025,11:36,INV,,7
307403,P:2675,26/06/2025,14:38,INV,,10
307405,P:2682,25/06/2025,17:28,INV,,6
307406,P:2686,12/06/2025,08:02,INV,,2
307411,P:2694,23/06/2025,11:37,INV,,5
307414,P:2695,21/06/2025,13:31,INV,,10
307415,P:2695,04/06/2025,08:52,INV,,2
307416,P:2695,23/06/2025,17:10,INV,,5
307417,P:2697,12/06/2025,11:30,INV,,5
307418,P:2698,04/06/2025,20:08,INV,,4
307419,P:2702,14/06/2025,13:48,INV,,6
307421,P:2708,05/06/2025,08:02,INV,,8
307422,P:2711,21/06/2025,16:54,INV,,11
307423,P:2712,25/06/2025,13:48,INV,,4
307424,P:2716,16/06/2025,11:12,INV,,3
307426,P:2720,22/06/2025,16:47,INV,,5
307428,P:2724,24/06/2025,16:46,INV,,3
307430,P:2729,13/06/2025,11:29,INV,,3
307432,P:2729,26/06/2025,08:02,INV,,2
307433,P:2733,06/06/2025,10:54,INV,,7
307435,P:2733,03/06/2025,13:11,INV,,11
307437,P:2734,16/06/2025,13:49,INV,,7
307438,P:2734,16/06/2025,08:41,INV,,4
307440,P:2735,23/06/2025,14:01,INV,,5
9307440,P:2735,23/06/2025,15:01,CR,,2
307441,P:2738,06/06/2025,12:56,INV,,4
307442,P:2738,13/06/2025,15:47,INV,,2
307443,P:2739,19/06/2025,08:41,INV,,14
307448,P:2742,16/06/2025,12:04,INV,,4
307449,P:2742,11/06/2025,12:31,INV,,12
307451,P:2747,04/06/2025,16:03,INV,,13
307452,P:2747,10/06/2025,16:30,INV,,3
307454,P:2747,03/06/2025,11:42,INV,,3
307455,P:2747,04/06/2025,15:46,INV,,4
307456,P:2751,07/06/2025,11:18,INV,,10
307458,P:2758,23/06/2025,10:35,INV,,8
307459,P:2758,28/06/2025,17:28,INV,,12
307461,P:2759,20/06/2025,11:58,INV,,7
307462,P:2759,22/06/2025,12:00,INV,,7
307465,P:2766,19/06/2025,10:28,INV,,10
307468,P:2776,01/06/2025,10:57,INV,,5
307470,P:2779,19/06/2025,15:15,INV,,6
307471,P:2779,22/06/2025,10:56,INV,,6
307474,P:2784,25/06/2025,08:38,INV,,7
307475,P:2784,27/06/2025,08:05,INV,,5
307477,P:2787,28/06/2025,10:39,INV,,8
307478,P:2788,20/06/2025,13:48,INV,,3
307480,P:2789,14/06/2025,11:40,INV,,8
307481,P:2789,22/06/2025,11:05,INV,,4
307483,P:2793,02/06/2025,15:15,INV,,14
307485,P:2797,06/06/2025,16:16,INV,,11
307486,P:2797,28/06/2025,09:42,INV,,4
307487,P:2797,28/06/2025,09:42,INV,,5
307491,P:2805,03/06/2025,14:48,INV,,13
307492,P:2807,09/06/2025,08:53,INV,,8
9307492,P:2807,09/06/2025,15:53,CR,,2
307493,P:2815,22/06/2025,11:40,INV,,8
